{"type":"FeatureCollection","name":"baeren_gbif","crs":{"type":"name","properties":{"name":"urn:ogc:def:crs:OGC:1.3:CRS84"}},"features":[{"type":"Feature","properties":{"jahr":2026,"art":"HUMAN_OBSERVATION","datensatz":"iNaturalist research-grade observations"},"geometry":{"type":"Point","coordinates":[26.096,46.126]}},{"type":"Feature","properties":{"jahr":2026,"art":"HUMAN_OBSERVATION","datensatz":"iNaturalist research-grade observations"},"geometry":{"type":"Point","coordinates":[24.668,46.155]}},{"type":"Feature","properties":{"jahr":2026,"art":"HUMAN_OBSERVATION","datensatz":null},"geometry":{"type":"Point","coordinates":[24.53,45.76]}},{"type":"Feature","properties":{"jahr":2026,"art":"HUMAN_OBSERVATION","datensatz":null},"geometry":{"type":"Point","coordinates":[24.48,45.74]}},{"type":"Feature","properties":{"jahr":2026,"art":"HUMAN_OBSERVATION","datensatz":null},"geometry":{"type":"Point","coordinates":[24.59,45.77]}},{"type":"Feature","properties":{"jahr":2026,"art":"HUMAN_OBSERVATION","datensatz":"iNaturalist research-grade observations"},"geometry":{"type":"Point","coordinates":[26.558,45.941]}},{"type":"Feature","properties":{"jahr":2026,"art":"HUMAN_OBSERVATION","datensatz":"iNaturalist research-grade observations"},"geometry":{"type":"Point","coordinates":[25.569,45.542]}},{"type":"Feature","properties":{"jahr":2026,"art":"HUMAN_OBSERVATION","datensatz":"iNaturalist research-grade observations"},"geometry":{"type":"Point","coordinates":[25.454,45.696]}},{"type":"Feature","properties":{"jahr":2026,"art":"HUMAN_OBSERVATION","datensatz":"iNaturalist research-grade observations"},"geometry":{"type":"Point","coordinates":[25.292,45.458]}},{"type":"Feature","properties":{"jahr":2026,"art":"HUMAN_OBSERVATION","datensatz":"iNaturalist research-grade observations"},"geometry":{"type":"Point","coordinates":[24.113,45.752]}},{"type":"Feature","properties":{"jahr":2026,"art":"HUMAN_OBSERVATION","datensatz":null},"geometry":{"type":"Point","coordinates":[24.68,45.76]}},{"type":"Feature","properties":{"jahr":2026,"art":"HUMAN_OBSERVATION","datensatz":"iNaturalist research-grade observations"},"geometry":{"type":"Point","coordinates":[23.61,46.594]}},{"type":"Feature","properties":{"jahr":2026,"art":"HUMAN_OBSERVATION","datensatz":"iNaturalist research-grade observations"},"geometry":{"type":"Point","coordinates":[25.637,47.954]}},{"type":"Feature","properties":{"jahr":2026,"art":"HUMAN_OBSERVATION","datensatz":"iNaturalist research-grade observations"},"geometry":{"type":"Point","coordinates":[25.521,46.233]}},{"type":"Feature","properties":{"jahr":2026,"art":"HUMAN_OBSERVATION","datensatz":"iNaturalist research-grade observations"},"geometry":{"type":"Point","coordinates":[25.463,45.322]}},{"type":"Feature","properties":{"jahr":2026,"art":"HUMAN_OBSERVATION","datensatz":"iNaturalist research-grade observations"},"geometry":{"type":"Point","coordinates":[25.249,45.579]}},{"type":"Feature","properties":{"jahr":2026,"art":"HUMAN_OBSERVATION","datensatz":"iNaturalist research-grade observations"},"geometry":{"type":"Point","coordinates":[26.273,45.891]}},{"type":"Feature","properties":{"jahr":2026,"art":"HUMAN_OBSERVATION","datensatz":"iNaturalist research-grade observations"},"geometry":{"type":"Point","coordinates":[25.544,45.406]}},{"type":"Feature","properties":{"jahr":2026,"art":"HUMAN_OBSERVATION","datensatz":"iNaturalist research-grade observations"},"geometry":{"type":"Point","coordinates":[26.518,45.965]}},{"type":"Feature","properties":{"jahr":2026,"art":"HUMAN_OBSERVATION","datensatz":"iNaturalist research-grade observations"},"geometry":{"type":"Point","coordinates":[25.095,45.735]}},{"type":"Feature","properties":{"jahr":2026,"art":"HUMAN_OBSERVATION","datensatz":"iNaturalist research-grade observations"},"geometry":{"type":"Point","coordinates":[25.254,45.41]}},{"type":"Feature","properties":{"jahr":2026,"art":"HUMAN_OBSERVATION","datensatz":"iNaturalist research-grade observations"},"geometry":{"type":"Point","coordinates":[25.931,46.815]}},{"type":"Feature","properties":{"jahr":2026,"art":"HUMAN_OBSERVATION","datensatz":"iNaturalist research-grade observations"},"geometry":{"type":"Point","coordinates":[24.66,45.244]}},{"type":"Feature","properties":{"jahr":2026,"art":"HUMAN_OBSERVATION","datensatz":"iNaturalist research-grade observations"},"geometry":{"type":"Point","coordinates":[24.615,45.563]}},{"type":"Feature","properties":{"jahr":2026,"art":"HUMAN_OBSERVATION","datensatz":"iNaturalist research-grade observations"},"geometry":{"type":"Point","coordinates":[24.756,45.45]}},{"type":"Feature","properties":{"jahr":2026,"art":"HUMAN_OBSERVATION","datensatz":"iNaturalist research-grade observations"},"geometry":{"type":"Point","coordinates":[24.598,45.427]}},{"type":"Feature","properties":{"jahr":2026,"art":"HUMAN_OBSERVATION","datensatz":"iNaturalist research-grade observations"},"geometry":{"type":"Point","coordinates":[24.721,45.417]}},{"type":"Feature","properties":{"jahr":2026,"art":"HUMAN_OBSERVATION","datensatz":"iNaturalist research-grade observations"},"geometry":{"type":"Point","coordinates":[24.656,45.211]}},{"type":"Feature","properties":{"jahr":2026,"art":"HUMAN_OBSERVATION","datensatz":"iNaturalist research-grade observations"},"geometry":{"type":"Point","coordinates":[24.612,45.43]}},{"type":"Feature","properties":{"jahr":2026,"art":"HUMAN_OBSERVATION","datensatz":"iNaturalist research-grade observations"},"geometry":{"type":"Point","coordinates":[24.779,45.096]}},{"type":"Feature","properties":{"jahr":2026,"art":"HUMAN_OBSERVATION","datensatz":"iNaturalist research-grade observations"},"geometry":{"type":"Point","coordinates":[24.672,45.469]}},{"type":"Feature","properties":{"jahr":2026,"art":"HUMAN_OBSERVATION","datensatz":"iNaturalist research-grade observations"},"geometry":{"type":"Point","coordinates":[24.744,45.599]}},{"type":"Feature","properties":{"jahr":2026,"art":"HUMAN_OBSERVATION","datensatz":"iNaturalist research-grade observations"},"geometry":{"type":"Point","coordinates":[24.719,45.444]}},{"type":"Feature","properties":{"jahr":2026,"art":"HUMAN_OBSERVATION","datensatz":"iNaturalist research-grade observations"},"geometry":{"type":"Point","coordinates":[24.504,45.503]}},{"type":"Feature","properties":{"jahr":2026,"art":"HUMAN_OBSERVATION","datensatz":"iNaturalist research-grade observations"},"geometry":{"type":"Point","coordinates":[25.543,46.463]}},{"type":"Feature","properties":{"jahr":2026,"art":"HUMAN_OBSERVATION","datensatz":"iNaturalist research-grade observations"},"geometry":{"type":"Point","coordinates":[24.682,45.448]}},{"type":"Feature","properties":{"jahr":2026,"art":"HUMAN_OBSERVATION","datensatz":"iNaturalist research-grade observations"},"geometry":{"type":"Point","coordinates":[24.734,45.378]}},{"type":"Feature","properties":{"jahr":2026,"art":"HUMAN_OBSERVATION","datensatz":"iNaturalist research-grade observations"},"geometry":{"type":"Point","coordinates":[24.653,45.447]}},{"type":"Feature","properties":{"jahr":2026,"art":"HUMAN_OBSERVATION","datensatz":"iNaturalist research-grade observations"},"geometry":{"type":"Point","coordinates":[24.756,45.55]}},{"type":"Feature","properties":{"jahr":2026,"art":"HUMAN_OBSERVATION","datensatz":"iNaturalist research-grade observations"},"geometry":{"type":"Point","coordinates":[24.61,45.267]}},{"type":"Feature","properties":{"jahr":2026,"art":"HUMAN_OBSERVATION","datensatz":"iNaturalist research-grade observations"},"geometry":{"type":"Point","coordinates":[25.206,45.454]}},{"type":"Feature","properties":{"jahr":2026,"art":"HUMAN_OBSERVATION","datensatz":"iNaturalist research-grade observations"},"geometry":{"type":"Point","coordinates":[24.731,45.262]}},{"type":"Feature","properties":{"jahr":2026,"art":"HUMAN_OBSERVATION","datensatz":"iNaturalist research-grade observations"},"geometry":{"type":"Point","coordinates":[24.779,45.599]}},{"type":"Feature","properties":{"jahr":2026,"art":"HUMAN_OBSERVATION","datensatz":"iNaturalist research-grade observations"},"geometry":{"type":"Point","coordinates":[25.112,46.311]}},{"type":"Feature","properties":{"jahr":2026,"art":"HUMAN_OBSERVATION","datensatz":"iNaturalist research-grade observations"},"geometry":{"type":"Point","coordinates":[25.408,45.692]}},{"type":"Feature","properties":{"jahr":2026,"art":"HUMAN_OBSERVATION","datensatz":"iNaturalist research-grade observations"},"geometry":{"type":"Point","coordinates":[24.745,45.477]}},{"type":"Feature","properties":{"jahr":2026,"art":"HUMAN_OBSERVATION","datensatz":"iNaturalist research-grade observations"},"geometry":{"type":"Point","coordinates":[25.264,45.459]}},{"type":"Feature","properties":{"jahr":2026,"art":"HUMAN_OBSERVATION","datensatz":"iNaturalist research-grade observations"},"geometry":{"type":"Point","coordinates":[24.715,45.642]}},{"type":"Feature","properties":{"jahr":2026,"art":"HUMAN_OBSERVATION","datensatz":"iNaturalist research-grade observations"},"geometry":{"type":"Point","coordinates":[26.55,45.854]}},{"type":"Feature","properties":{"jahr":2026,"art":"HUMAN_OBSERVATION","datensatz":"iNaturalist research-grade observations"},"geometry":{"type":"Point","coordinates":[25.483,45.701]}},{"type":"Feature","properties":{"jahr":2026,"art":"HUMAN_OBSERVATION","datensatz":null},"geometry":{"type":"Point","coordinates":[24.59,45.47]}},{"type":"Feature","properties":{"jahr":2026,"art":"HUMAN_OBSERVATION","datensatz":null},"geometry":{"type":"Point","coordinates":[24.6,45.64]}},{"type":"Feature","properties":{"jahr":2026,"art":"HUMAN_OBSERVATION","datensatz":null},"geometry":{"type":"Point","coordinates":[24.58,45.48]}},{"type":"Feature","properties":{"jahr":2026,"art":"HUMAN_OBSERVATION","datensatz":null},"geometry":{"type":"Point","coordinates":[25.15,45.5]}},{"type":"Feature","properties":{"jahr":2026,"art":"HUMAN_OBSERVATION","datensatz":null},"geometry":{"type":"Point","coordinates":[24.63,45.39]}},{"type":"Feature","properties":{"jahr":2026,"art":"HUMAN_OBSERVATION","datensatz":null},"geometry":{"type":"Point","coordinates":[24.62,45.41]}},{"type":"Feature","properties":{"jahr":2026,"art":"HUMAN_OBSERVATION","datensatz":null},"geometry":{"type":"Point","coordinates":[24.62,45.36]}},{"type":"Feature","properties":{"jahr":2026,"art":"HUMAN_OBSERVATION","datensatz":null},"geometry":{"type":"Point","coordinates":[25.19,45.42]}},{"type":"Feature","properties":{"jahr":2026,"art":"HUMAN_OBSERVATION","datensatz":null},"geometry":{"type":"Point","coordinates":[24.59,45.65]}},{"type":"Feature","properties":{"jahr":2026,"art":"HUMAN_OBSERVATION","datensatz":null},"geometry":{"type":"Point","coordinates":[24.62,45.36]}},{"type":"Feature","properties":{"jahr":2026,"art":"HUMAN_OBSERVATION","datensatz":null},"geometry":{"type":"Point","coordinates":[25.2,45.41]}},{"type":"Feature","properties":{"jahr":2026,"art":"HUMAN_OBSERVATION","datensatz":"iNaturalist research-grade observations"},"geometry":{"type":"Point","coordinates":[24.597,46.191]}},{"type":"Feature","properties":{"jahr":2026,"art":"HUMAN_OBSERVATION","datensatz":"iNaturalist research-grade observations"},"geometry":{"type":"Point","coordinates":[25.259,45.54]}},{"type":"Feature","properties":{"jahr":2026,"art":"HUMAN_OBSERVATION","datensatz":"iNaturalist research-grade observations"},"geometry":{"type":"Point","coordinates":[23.974,47.645]}},{"type":"Feature","properties":{"jahr":2026,"art":"HUMAN_OBSERVATION","datensatz":"iNaturalist research-grade observations"},"geometry":{"type":"Point","coordinates":[25.364,45.544]}},{"type":"Feature","properties":{"jahr":2026,"art":"HUMAN_OBSERVATION","datensatz":"iNaturalist research-grade observations"},"geometry":{"type":"Point","coordinates":[25.173,45.745]}},{"type":"Feature","properties":{"jahr":2026,"art":"HUMAN_OBSERVATION","datensatz":null},"geometry":{"type":"Point","coordinates":[24.59,45.65]}},{"type":"Feature","properties":{"jahr":2026,"art":"HUMAN_OBSERVATION","datensatz":"iNaturalist research-grade observations"},"geometry":{"type":"Point","coordinates":[25.291,45.446]}},{"type":"Feature","properties":{"jahr":2026,"art":"HUMAN_OBSERVATION","datensatz":"iNaturalist research-grade observations"},"geometry":{"type":"Point","coordinates":[25.241,45.409]}},{"type":"Feature","properties":{"jahr":2026,"art":"HUMAN_OBSERVATION","datensatz":"iNaturalist research-grade observations"},"geometry":{"type":"Point","coordinates":[25.013,45.648]}},{"type":"Feature","properties":{"jahr":2026,"art":"HUMAN_OBSERVATION","datensatz":"iNaturalist research-grade observations"},"geometry":{"type":"Point","coordinates":[24.402,45.656]}},{"type":"Feature","properties":{"jahr":2026,"art":"HUMAN_OBSERVATION","datensatz":"iNaturalist research-grade observations"},"geometry":{"type":"Point","coordinates":[24.304,45.298]}},{"type":"Feature","properties":{"jahr":2026,"art":"HUMAN_OBSERVATION","datensatz":"iNaturalist research-grade observations"},"geometry":{"type":"Point","coordinates":[25.323,45.452]}},{"type":"Feature","properties":{"jahr":2026,"art":"HUMAN_OBSERVATION","datensatz":"iNaturalist research-grade observations"},"geometry":{"type":"Point","coordinates":[24.786,45.64]}},{"type":"Feature","properties":{"jahr":2026,"art":"HUMAN_OBSERVATION","datensatz":"iNaturalist research-grade observations"},"geometry":{"type":"Point","coordinates":[24.679,46.036]}},{"type":"Feature","properties":{"jahr":2026,"art":"HUMAN_OBSERVATION","datensatz":"iNaturalist research-grade observations"},"geometry":{"type":"Point","coordinates":[25.336,45.54]}},{"type":"Feature","properties":{"jahr":2026,"art":"HUMAN_OBSERVATION","datensatz":"iNaturalist research-grade observations"},"geometry":{"type":"Point","coordinates":[25.243,45.568]}},{"type":"Feature","properties":{"jahr":2026,"art":"HUMAN_OBSERVATION","datensatz":"iNaturalist research-grade observations"},"geometry":{"type":"Point","coordinates":[25.082,46.46]}},{"type":"Feature","properties":{"jahr":2026,"art":"HUMAN_OBSERVATION","datensatz":"iNaturalist research-grade observations"},"geometry":{"type":"Point","coordinates":[25.384,45.418]}},{"type":"Feature","properties":{"jahr":2026,"art":"HUMAN_OBSERVATION","datensatz":"iNaturalist research-grade observations"},"geometry":{"type":"Point","coordinates":[25.472,45.322]}},{"type":"Feature","properties":{"jahr":2026,"art":"HUMAN_OBSERVATION","datensatz":"iNaturalist research-grade observations"},"geometry":{"type":"Point","coordinates":[24.3,45.217]}},{"type":"Feature","properties":{"jahr":2026,"art":"HUMAN_OBSERVATION","datensatz":"iNaturalist research-grade observations"},"geometry":{"type":"Point","coordinates":[24.688,45.296]}},{"type":"Feature","properties":{"jahr":2026,"art":"HUMAN_OBSERVATION","datensatz":"iNaturalist research-grade observations"},"geometry":{"type":"Point","coordinates":[26.697,45.894]}},{"type":"Feature","properties":{"jahr":2026,"art":"HUMAN_OBSERVATION","datensatz":"iNaturalist research-grade observations"},"geometry":{"type":"Point","coordinates":[24.732,45.533]}},{"type":"Feature","properties":{"jahr":2026,"art":"HUMAN_OBSERVATION","datensatz":"iNaturalist research-grade observations"},"geometry":{"type":"Point","coordinates":[24.71,45.342]}},{"type":"Feature","properties":{"jahr":2026,"art":"HUMAN_OBSERVATION","datensatz":"iNaturalist research-grade observations"},"geometry":{"type":"Point","coordinates":[24.616,45.399]}},{"type":"Feature","properties":{"jahr":2026,"art":"HUMAN_OBSERVATION","datensatz":"iNaturalist research-grade observations"},"geometry":{"type":"Point","coordinates":[25.438,47.319]}},{"type":"Feature","properties":{"jahr":2026,"art":"HUMAN_OBSERVATION","datensatz":"iNaturalist research-grade observations"},"geometry":{"type":"Point","coordinates":[24.79,45.537]}},{"type":"Feature","properties":{"jahr":2026,"art":"HUMAN_OBSERVATION","datensatz":"iNaturalist research-grade observations"},"geometry":{"type":"Point","coordinates":[25.613,47.055]}},{"type":"Feature","properties":{"jahr":2026,"art":"HUMAN_OBSERVATION","datensatz":"iNaturalist research-grade observations"},"geometry":{"type":"Point","coordinates":[24.626,45.453]}},{"type":"Feature","properties":{"jahr":2026,"art":"HUMAN_OBSERVATION","datensatz":"iNaturalist research-grade observations"},"geometry":{"type":"Point","coordinates":[24.669,45.248]}},{"type":"Feature","properties":{"jahr":2026,"art":"HUMAN_OBSERVATION","datensatz":"iNaturalist research-grade observations"},"geometry":{"type":"Point","coordinates":[25.91,45.533]}},{"type":"Feature","properties":{"jahr":2026,"art":"HUMAN_OBSERVATION","datensatz":"iNaturalist research-grade observations"},"geometry":{"type":"Point","coordinates":[24.761,45.223]}},{"type":"Feature","properties":{"jahr":2026,"art":"HUMAN_OBSERVATION","datensatz":"iNaturalist research-grade observations"},"geometry":{"type":"Point","coordinates":[24.782,45.513]}},{"type":"Feature","properties":{"jahr":2026,"art":"HUMAN_OBSERVATION","datensatz":"iNaturalist research-grade observations"},"geometry":{"type":"Point","coordinates":[24.788,45.495]}},{"type":"Feature","properties":{"jahr":2026,"art":"HUMAN_OBSERVATION","datensatz":"iNaturalist research-grade observations"},"geometry":{"type":"Point","coordinates":[25.548,45.539]}},{"type":"Feature","properties":{"jahr":2026,"art":"HUMAN_OBSERVATION","datensatz":"iNaturalist research-grade observations"},"geometry":{"type":"Point","coordinates":[24.782,45.56]}},{"type":"Feature","properties":{"jahr":2026,"art":"HUMAN_OBSERVATION","datensatz":"iNaturalist research-grade observations"},"geometry":{"type":"Point","coordinates":[26.145,45.489]}},{"type":"Feature","properties":{"jahr":2026,"art":"HUMAN_OBSERVATION","datensatz":"iNaturalist research-grade observations"},"geometry":{"type":"Point","coordinates":[25.457,47.388]}},{"type":"Feature","properties":{"jahr":2026,"art":"HUMAN_OBSERVATION","datensatz":"iNaturalist research-grade observations"},"geometry":{"type":"Point","coordinates":[25.632,45.542]}},{"type":"Feature","properties":{"jahr":2026,"art":"HUMAN_OBSERVATION","datensatz":"iNaturalist research-grade observations"},"geometry":{"type":"Point","coordinates":[24.734,45.472]}},{"type":"Feature","properties":{"jahr":2026,"art":"HUMAN_OBSERVATION","datensatz":"iNaturalist research-grade observations"},"geometry":{"type":"Point","coordinates":[24.602,45.244]}},{"type":"Feature","properties":{"jahr":2026,"art":"HUMAN_OBSERVATION","datensatz":"iNaturalist research-grade observations"},"geometry":{"type":"Point","coordinates":[25.517,45.382]}},{"type":"Feature","properties":{"jahr":2026,"art":"HUMAN_OBSERVATION","datensatz":"iNaturalist research-grade observations"},"geometry":{"type":"Point","coordinates":[24.442,45.505]}},{"type":"Feature","properties":{"jahr":2026,"art":"HUMAN_OBSERVATION","datensatz":"iNaturalist research-grade observations"},"geometry":{"type":"Point","coordinates":[24.489,45.573]}},{"type":"Feature","properties":{"jahr":2026,"art":"HUMAN_OBSERVATION","datensatz":null},"geometry":{"type":"Point","coordinates":[24.62,45.43]}},{"type":"Feature","properties":{"jahr":2026,"art":"HUMAN_OBSERVATION","datensatz":null},"geometry":{"type":"Point","coordinates":[24.62,45.41]}},{"type":"Feature","properties":{"jahr":2026,"art":"HUMAN_OBSERVATION","datensatz":null},"geometry":{"type":"Point","coordinates":[24.61,45.43]}},{"type":"Feature","properties":{"jahr":2026,"art":"HUMAN_OBSERVATION","datensatz":null},"geometry":{"type":"Point","coordinates":[24.62,45.42]}},{"type":"Feature","properties":{"jahr":2026,"art":"HUMAN_OBSERVATION","datensatz":null},"geometry":{"type":"Point","coordinates":[24.62,45.44]}},{"type":"Feature","properties":{"jahr":2026,"art":"HUMAN_OBSERVATION","datensatz":"iNaturalist research-grade observations"},"geometry":{"type":"Point","coordinates":[24.736,45.474]}},{"type":"Feature","properties":{"jahr":2026,"art":"HUMAN_OBSERVATION","datensatz":"iNaturalist research-grade observations"},"geometry":{"type":"Point","coordinates":[24.665,45.343]}},{"type":"Feature","properties":{"jahr":2026,"art":"HUMAN_OBSERVATION","datensatz":"iNaturalist research-grade observations"},"geometry":{"type":"Point","coordinates":[26.433,45.843]}},{"type":"Feature","properties":{"jahr":2026,"art":"HUMAN_OBSERVATION","datensatz":"iNaturalist research-grade observations"},"geometry":{"type":"Point","coordinates":[26.413,45.896]}},{"type":"Feature","properties":{"jahr":2026,"art":"HUMAN_OBSERVATION","datensatz":null},"geometry":{"type":"Point","coordinates":[24.6,45.63]}},{"type":"Feature","properties":{"jahr":2026,"art":"HUMAN_OBSERVATION","datensatz":null},"geometry":{"type":"Point","coordinates":[24.59,45.66]}},{"type":"Feature","properties":{"jahr":2026,"art":"HUMAN_OBSERVATION","datensatz":null},"geometry":{"type":"Point","coordinates":[25.05,46.1]}},{"type":"Feature","properties":{"jahr":2026,"art":"HUMAN_OBSERVATION","datensatz":"iNaturalist research-grade observations"},"geometry":{"type":"Point","coordinates":[26.4,46.07]}},{"type":"Feature","properties":{"jahr":2026,"art":"HUMAN_OBSERVATION","datensatz":"iNaturalist research-grade observations"},"geometry":{"type":"Point","coordinates":[25.964,45.71]}},{"type":"Feature","properties":{"jahr":2026,"art":"HUMAN_OBSERVATION","datensatz":"iNaturalist research-grade observations"},"geometry":{"type":"Point","coordinates":[25.276,45.488]}},{"type":"Feature","properties":{"jahr":2026,"art":"HUMAN_OBSERVATION","datensatz":"iNaturalist research-grade observations"},"geometry":{"type":"Point","coordinates":[25.244,45.502]}},{"type":"Feature","properties":{"jahr":2026,"art":"HUMAN_OBSERVATION","datensatz":"iNaturalist research-grade observations"},"geometry":{"type":"Point","coordinates":[25.244,45.481]}},{"type":"Feature","properties":{"jahr":2026,"art":"HUMAN_OBSERVATION","datensatz":null},"geometry":{"type":"Point","coordinates":[26.35,45.97]}},{"type":"Feature","properties":{"jahr":2026,"art":"HUMAN_OBSERVATION","datensatz":null},"geometry":{"type":"Point","coordinates":[24.6,45.46]}},{"type":"Feature","properties":{"jahr":2026,"art":"HUMAN_OBSERVATION","datensatz":null},"geometry":{"type":"Point","coordinates":[24.7,45.6]}},{"type":"Feature","properties":{"jahr":2026,"art":"HUMAN_OBSERVATION","datensatz":null},"geometry":{"type":"Point","coordinates":[24.6,45.65]}},{"type":"Feature","properties":{"jahr":2026,"art":"HUMAN_OBSERVATION","datensatz":null},"geometry":{"type":"Point","coordinates":[24.63,45.39]}},{"type":"Feature","properties":{"jahr":2026,"art":"HUMAN_OBSERVATION","datensatz":null},"geometry":{"type":"Point","coordinates":[24.63,45.4]}},{"type":"Feature","properties":{"jahr":2026,"art":"HUMAN_OBSERVATION","datensatz":null},"geometry":{"type":"Point","coordinates":[24.6,45.64]}},{"type":"Feature","properties":{"jahr":2026,"art":"HUMAN_OBSERVATION","datensatz":null},"geometry":{"type":"Point","coordinates":[24.93,45.58]}},{"type":"Feature","properties":{"jahr":2026,"art":"HUMAN_OBSERVATION","datensatz":null},"geometry":{"type":"Point","coordinates":[26.34,45.97]}},{"type":"Feature","properties":{"jahr":2026,"art":"HUMAN_OBSERVATION","datensatz":null},"geometry":{"type":"Point","coordinates":[24.63,45.39]}},{"type":"Feature","properties":{"jahr":2026,"art":"HUMAN_OBSERVATION","datensatz":"iNaturalist research-grade observations"},"geometry":{"type":"Point","coordinates":[25.981,46.033]}},{"type":"Feature","properties":{"jahr":2026,"art":"HUMAN_OBSERVATION","datensatz":"iNaturalist research-grade observations"},"geometry":{"type":"Point","coordinates":[24.799,45.591]}},{"type":"Feature","properties":{"jahr":2026,"art":"HUMAN_OBSERVATION","datensatz":"iNaturalist research-grade observations"},"geometry":{"type":"Point","coordinates":[24.74,45.771]}},{"type":"Feature","properties":{"jahr":2026,"art":"HUMAN_OBSERVATION","datensatz":"iNaturalist research-grade observations"},"geometry":{"type":"Point","coordinates":[24.669,45.428]}},{"type":"Feature","properties":{"jahr":2026,"art":"HUMAN_OBSERVATION","datensatz":"iNaturalist research-grade observations"},"geometry":{"type":"Point","coordinates":[24.693,45.293]}},{"type":"Feature","properties":{"jahr":2026,"art":"HUMAN_OBSERVATION","datensatz":"iNaturalist research-grade observations"},"geometry":{"type":"Point","coordinates":[24.604,45.612]}},{"type":"Feature","properties":{"jahr":2026,"art":"HUMAN_OBSERVATION","datensatz":"iNaturalist research-grade observations"},"geometry":{"type":"Point","coordinates":[24.421,45.57]}},{"type":"Feature","properties":{"jahr":2026,"art":"HUMAN_OBSERVATION","datensatz":"iNaturalist research-grade observations"},"geometry":{"type":"Point","coordinates":[24.36,46.877]}},{"type":"Feature","properties":{"jahr":2026,"art":"HUMAN_OBSERVATION","datensatz":"iNaturalist research-grade observations"},"geometry":{"type":"Point","coordinates":[25.325,45.465]}},{"type":"Feature","properties":{"jahr":2026,"art":"HUMAN_OBSERVATION","datensatz":"iNaturalist research-grade observations"},"geometry":{"type":"Point","coordinates":[24.411,45.732]}},{"type":"Feature","properties":{"jahr":2026,"art":"HUMAN_OBSERVATION","datensatz":"iNaturalist research-grade observations"},"geometry":{"type":"Point","coordinates":[24.674,45.584]}},{"type":"Feature","properties":{"jahr":2026,"art":"HUMAN_OBSERVATION","datensatz":"iNaturalist research-grade observations"},"geometry":{"type":"Point","coordinates":[25.537,46.495]}},{"type":"Feature","properties":{"jahr":2026,"art":"HUMAN_OBSERVATION","datensatz":"iNaturalist research-grade observations"},"geometry":{"type":"Point","coordinates":[25.374,45.498]}},{"type":"Feature","properties":{"jahr":2026,"art":"HUMAN_OBSERVATION","datensatz":"iNaturalist research-grade observations"},"geometry":{"type":"Point","coordinates":[24.45,45.744]}},{"type":"Feature","properties":{"jahr":2026,"art":"HUMAN_OBSERVATION","datensatz":"iNaturalist research-grade observations"},"geometry":{"type":"Point","coordinates":[24.64,45.296]}},{"type":"Feature","properties":{"jahr":2026,"art":"HUMAN_OBSERVATION","datensatz":"iNaturalist research-grade observations"},"geometry":{"type":"Point","coordinates":[24.701,45.58]}},{"type":"Feature","properties":{"jahr":2025,"art":"HUMAN_OBSERVATION","datensatz":"iNaturalist research-grade observations"},"geometry":{"type":"Point","coordinates":[25.527,45.496]}},{"type":"Feature","properties":{"jahr":2025,"art":"HUMAN_OBSERVATION","datensatz":"iNaturalist research-grade observations"},"geometry":{"type":"Point","coordinates":[25.368,45.409]}},{"type":"Feature","properties":{"jahr":2025,"art":"HUMAN_OBSERVATION","datensatz":"iNaturalist research-grade observations"},"geometry":{"type":"Point","coordinates":[25.931,46.975]}},{"type":"Feature","properties":{"jahr":2025,"art":"HUMAN_OBSERVATION","datensatz":"iNaturalist research-grade observations"},"geometry":{"type":"Point","coordinates":[25.432,45.375]}},{"type":"Feature","properties":{"jahr":2025,"art":"HUMAN_OBSERVATION","datensatz":"iNaturalist research-grade observations"},"geometry":{"type":"Point","coordinates":[26.421,45.83]}},{"type":"Feature","properties":{"jahr":2025,"art":"HUMAN_OBSERVATION","datensatz":"iNaturalist research-grade observations"},"geometry":{"type":"Point","coordinates":[25.005,45.468]}},{"type":"Feature","properties":{"jahr":2025,"art":"HUMAN_OBSERVATION","datensatz":"iNaturalist research-grade observations"},"geometry":{"type":"Point","coordinates":[26.257,45.692]}},{"type":"Feature","properties":{"jahr":2025,"art":"HUMAN_OBSERVATION","datensatz":"iNaturalist research-grade observations"},"geometry":{"type":"Point","coordinates":[24.99,45.46]}},{"type":"Feature","properties":{"jahr":2025,"art":"HUMAN_OBSERVATION","datensatz":"iNaturalist research-grade observations"},"geometry":{"type":"Point","coordinates":[25.293,45.446]}},{"type":"Feature","properties":{"jahr":2025,"art":"HUMAN_OBSERVATION","datensatz":"iNaturalist research-grade observations"},"geometry":{"type":"Point","coordinates":[26.347,45.276]}},{"type":"Feature","properties":{"jahr":2025,"art":"HUMAN_OBSERVATION","datensatz":"iNaturalist research-grade observations"},"geometry":{"type":"Point","coordinates":[26.312,45.262]}},{"type":"Feature","properties":{"jahr":2025,"art":"HUMAN_OBSERVATION","datensatz":"iNaturalist research-grade observations"},"geometry":{"type":"Point","coordinates":[25.236,46.217]}},{"type":"Feature","properties":{"jahr":2025,"art":"HUMAN_OBSERVATION","datensatz":"iNaturalist research-grade observations"},"geometry":{"type":"Point","coordinates":[24.61,45.271]}},{"type":"Feature","properties":{"jahr":2025,"art":"HUMAN_OBSERVATION","datensatz":null},"geometry":{"type":"Point","coordinates":[25.19,45.59]}},{"type":"Feature","properties":{"jahr":2025,"art":"HUMAN_OBSERVATION","datensatz":null},"geometry":{"type":"Point","coordinates":[25.19,45.59]}},{"type":"Feature","properties":{"jahr":2025,"art":"HUMAN_OBSERVATION","datensatz":null},"geometry":{"type":"Point","coordinates":[25.19,45.52]}},{"type":"Feature","properties":{"jahr":2025,"art":"HUMAN_OBSERVATION","datensatz":null},"geometry":{"type":"Point","coordinates":[25.14,45.41]}},{"type":"Feature","properties":{"jahr":2025,"art":"HUMAN_OBSERVATION","datensatz":null},"geometry":{"type":"Point","coordinates":[25.07,46.07]}},{"type":"Feature","properties":{"jahr":2025,"art":"HUMAN_OBSERVATION","datensatz":"iNaturalist research-grade observations"},"geometry":{"type":"Point","coordinates":[25.505,45.494]}},{"type":"Feature","properties":{"jahr":2025,"art":"HUMAN_OBSERVATION","datensatz":"iNaturalist research-grade observations"},"geometry":{"type":"Point","coordinates":[25.39,45.062]}},{"type":"Feature","properties":{"jahr":2025,"art":"HUMAN_OBSERVATION","datensatz":null},"geometry":{"type":"Point","coordinates":[24.6,45.64]}},{"type":"Feature","properties":{"jahr":2025,"art":"HUMAN_OBSERVATION","datensatz":null},"geometry":{"type":"Point","coordinates":[24.59,45.48]}},{"type":"Feature","properties":{"jahr":2025,"art":"HUMAN_OBSERVATION","datensatz":null},"geometry":{"type":"Point","coordinates":[25.46,45.9]}},{"type":"Feature","properties":{"jahr":2025,"art":"HUMAN_OBSERVATION","datensatz":null},"geometry":{"type":"Point","coordinates":[25.46,45.9]}},{"type":"Feature","properties":{"jahr":2025,"art":"HUMAN_OBSERVATION","datensatz":null},"geometry":{"type":"Point","coordinates":[26.41,45.97]}},{"type":"Feature","properties":{"jahr":2025,"art":"HUMAN_OBSERVATION","datensatz":null},"geometry":{"type":"Point","coordinates":[26.39,45.96]}},{"type":"Feature","properties":{"jahr":2025,"art":"HUMAN_OBSERVATION","datensatz":null},"geometry":{"type":"Point","coordinates":[25.46,45.9]}},{"type":"Feature","properties":{"jahr":2025,"art":"HUMAN_OBSERVATION","datensatz":null},"geometry":{"type":"Point","coordinates":[25.46,45.9]}},{"type":"Feature","properties":{"jahr":2025,"art":"HUMAN_OBSERVATION","datensatz":"iNaturalist research-grade observations"},"geometry":{"type":"Point","coordinates":[25.309,45.768]}},{"type":"Feature","properties":{"jahr":2025,"art":"HUMAN_OBSERVATION","datensatz":"iNaturalist research-grade observations"},"geometry":{"type":"Point","coordinates":[25.589,46.634]}},{"type":"Feature","properties":{"jahr":2025,"art":"HUMAN_OBSERVATION","datensatz":"iNaturalist research-grade observations"},"geometry":{"type":"Point","coordinates":[25.08,45.405]}},{"type":"Feature","properties":{"jahr":2025,"art":"HUMAN_OBSERVATION","datensatz":"iNaturalist research-grade observations"},"geometry":{"type":"Point","coordinates":[25.091,45.479]}},{"type":"Feature","properties":{"jahr":2025,"art":"HUMAN_OBSERVATION","datensatz":"iNaturalist research-grade observations"},"geometry":{"type":"Point","coordinates":[25.6,46.543]}},{"type":"Feature","properties":{"jahr":2025,"art":"HUMAN_OBSERVATION","datensatz":"iNaturalist research-grade observations"},"geometry":{"type":"Point","coordinates":[25.362,45.465]}},{"type":"Feature","properties":{"jahr":2025,"art":"HUMAN_OBSERVATION","datensatz":"iNaturalist research-grade observations"},"geometry":{"type":"Point","coordinates":[24.684,45.027]}},{"type":"Feature","properties":{"jahr":2025,"art":"HUMAN_OBSERVATION","datensatz":"iNaturalist research-grade observations"},"geometry":{"type":"Point","coordinates":[25.448,45.321]}},{"type":"Feature","properties":{"jahr":2025,"art":"HUMAN_OBSERVATION","datensatz":"iNaturalist research-grade observations"},"geometry":{"type":"Point","coordinates":[25.613,46.585]}},{"type":"Feature","properties":{"jahr":2025,"art":"HUMAN_OBSERVATION","datensatz":"iNaturalist research-grade observations"},"geometry":{"type":"Point","coordinates":[25.23,45.416]}},{"type":"Feature","properties":{"jahr":2025,"art":"HUMAN_OBSERVATION","datensatz":"iNaturalist research-grade observations"},"geometry":{"type":"Point","coordinates":[25.245,45.548]}},{"type":"Feature","properties":{"jahr":2025,"art":"HUMAN_OBSERVATION","datensatz":null},"geometry":{"type":"Point","coordinates":[24.62,45.41]}},{"type":"Feature","properties":{"jahr":2025,"art":"HUMAN_OBSERVATION","datensatz":null},"geometry":{"type":"Point","coordinates":[25.46,45.9]}},{"type":"Feature","properties":{"jahr":2025,"art":"HUMAN_OBSERVATION","datensatz":"iNaturalist research-grade observations"},"geometry":{"type":"Point","coordinates":[23.371,45.311]}},{"type":"Feature","properties":{"jahr":2025,"art":"HUMAN_OBSERVATION","datensatz":null},"geometry":{"type":"Point","coordinates":[25.05,45.56]}},{"type":"Feature","properties":{"jahr":2025,"art":"HUMAN_OBSERVATION","datensatz":null},"geometry":{"type":"Point","coordinates":[26.42,45.97]}},{"type":"Feature","properties":{"jahr":2025,"art":"HUMAN_OBSERVATION","datensatz":null},"geometry":{"type":"Point","coordinates":[25.14,45.47]}},{"type":"Feature","properties":{"jahr":2025,"art":"HUMAN_OBSERVATION","datensatz":null},"geometry":{"type":"Point","coordinates":[25.14,45.5]}},{"type":"Feature","properties":{"jahr":2025,"art":"HUMAN_OBSERVATION","datensatz":null},"geometry":{"type":"Point","coordinates":[25.19,45.42]}},{"type":"Feature","properties":{"jahr":2025,"art":"HUMAN_OBSERVATION","datensatz":null},"geometry":{"type":"Point","coordinates":[25.06,45.56]}},{"type":"Feature","properties":{"jahr":2025,"art":"HUMAN_OBSERVATION","datensatz":null},"geometry":{"type":"Point","coordinates":[23.44,46.5]}},{"type":"Feature","properties":{"jahr":2025,"art":"HUMAN_OBSERVATION","datensatz":null},"geometry":{"type":"Point","coordinates":[26.36,45.96]}},{"type":"Feature","properties":{"jahr":2025,"art":"HUMAN_OBSERVATION","datensatz":null},"geometry":{"type":"Point","coordinates":[26.39,45.96]}},{"type":"Feature","properties":{"jahr":2025,"art":"HUMAN_OBSERVATION","datensatz":"iNaturalist research-grade observations"},"geometry":{"type":"Point","coordinates":[24.7,46.907]}},{"type":"Feature","properties":{"jahr":2025,"art":"HUMAN_OBSERVATION","datensatz":"iNaturalist research-grade observations"},"geometry":{"type":"Point","coordinates":[24.627,45.471]}},{"type":"Feature","properties":{"jahr":2025,"art":"HUMAN_OBSERVATION","datensatz":"iNaturalist research-grade observations"},"geometry":{"type":"Point","coordinates":[25.421,45.243]}},{"type":"Feature","properties":{"jahr":2025,"art":"HUMAN_OBSERVATION","datensatz":"iNaturalist research-grade observations"},"geometry":{"type":"Point","coordinates":[24.634,45.529]}},{"type":"Feature","properties":{"jahr":2025,"art":"HUMAN_OBSERVATION","datensatz":"iNaturalist research-grade observations"},"geometry":{"type":"Point","coordinates":[25.253,45.583]}},{"type":"Feature","properties":{"jahr":2025,"art":"HUMAN_OBSERVATION","datensatz":"iNaturalist research-grade observations"},"geometry":{"type":"Point","coordinates":[25.591,45.309]}},{"type":"Feature","properties":{"jahr":2025,"art":"HUMAN_OBSERVATION","datensatz":"iNaturalist research-grade observations"},"geometry":{"type":"Point","coordinates":[24.621,45.215]}},{"type":"Feature","properties":{"jahr":2025,"art":"HUMAN_OBSERVATION","datensatz":"iNaturalist research-grade observations"},"geometry":{"type":"Point","coordinates":[24.712,45.37]}},{"type":"Feature","properties":{"jahr":2025,"art":"HUMAN_OBSERVATION","datensatz":"iNaturalist research-grade observations"},"geometry":{"type":"Point","coordinates":[24.682,45.519]}},{"type":"Feature","properties":{"jahr":2025,"art":"HUMAN_OBSERVATION","datensatz":"iNaturalist research-grade observations"},"geometry":{"type":"Point","coordinates":[24.995,45.284]}},{"type":"Feature","properties":{"jahr":2025,"art":"HUMAN_OBSERVATION","datensatz":"iNaturalist research-grade observations"},"geometry":{"type":"Point","coordinates":[24.716,45.537]}},{"type":"Feature","properties":{"jahr":2025,"art":"HUMAN_OBSERVATION","datensatz":"iNaturalist research-grade observations"},"geometry":{"type":"Point","coordinates":[24.684,45.575]}},{"type":"Feature","properties":{"jahr":2025,"art":"HUMAN_OBSERVATION","datensatz":"iNaturalist research-grade observations"},"geometry":{"type":"Point","coordinates":[24.768,45.355]}},{"type":"Feature","properties":{"jahr":2025,"art":"HUMAN_OBSERVATION","datensatz":"iNaturalist research-grade observations"},"geometry":{"type":"Point","coordinates":[24.766,45.42]}},{"type":"Feature","properties":{"jahr":2025,"art":"HUMAN_OBSERVATION","datensatz":"iNaturalist research-grade observations"},"geometry":{"type":"Point","coordinates":[24.721,45.525]}},{"type":"Feature","properties":{"jahr":2025,"art":"HUMAN_OBSERVATION","datensatz":"iNaturalist research-grade observations"},"geometry":{"type":"Point","coordinates":[24.528,45.707]}},{"type":"Feature","properties":{"jahr":2025,"art":"HUMAN_OBSERVATION","datensatz":"iNaturalist research-grade observations"},"geometry":{"type":"Point","coordinates":[22.59,45.137]}},{"type":"Feature","properties":{"jahr":2025,"art":"HUMAN_OBSERVATION","datensatz":"iNaturalist research-grade observations"},"geometry":{"type":"Point","coordinates":[25.95,46.155]}},{"type":"Feature","properties":{"jahr":2025,"art":"HUMAN_OBSERVATION","datensatz":"iNaturalist research-grade observations"},"geometry":{"type":"Point","coordinates":[24.783,45.215]}},{"type":"Feature","properties":{"jahr":2025,"art":"HUMAN_OBSERVATION","datensatz":"iNaturalist research-grade observations"},"geometry":{"type":"Point","coordinates":[24.678,45.217]}},{"type":"Feature","properties":{"jahr":2025,"art":"HUMAN_OBSERVATION","datensatz":"iNaturalist research-grade observations"},"geometry":{"type":"Point","coordinates":[24.632,45.554]}},{"type":"Feature","properties":{"jahr":2025,"art":"HUMAN_OBSERVATION","datensatz":"iNaturalist research-grade observations"},"geometry":{"type":"Point","coordinates":[26.256,46.073]}},{"type":"Feature","properties":{"jahr":2025,"art":"HUMAN_OBSERVATION","datensatz":"iNaturalist research-grade observations"},"geometry":{"type":"Point","coordinates":[25.994,46.114]}},{"type":"Feature","properties":{"jahr":2025,"art":"HUMAN_OBSERVATION","datensatz":"iNaturalist research-grade observations"},"geometry":{"type":"Point","coordinates":[24.674,45.421]}},{"type":"Feature","properties":{"jahr":2025,"art":"HUMAN_OBSERVATION","datensatz":"iNaturalist research-grade observations"},"geometry":{"type":"Point","coordinates":[24.649,45.332]}},{"type":"Feature","properties":{"jahr":2025,"art":"HUMAN_OBSERVATION","datensatz":null},"geometry":{"type":"Point","coordinates":[24.58,46.7]}},{"type":"Feature","properties":{"jahr":2025,"art":"HUMAN_OBSERVATION","datensatz":null},"geometry":{"type":"Point","coordinates":[24.62,45.42]}},{"type":"Feature","properties":{"jahr":2025,"art":"HUMAN_OBSERVATION","datensatz":"iNaturalist research-grade observations"},"geometry":{"type":"Point","coordinates":[23.339,45.259]}},{"type":"Feature","properties":{"jahr":2025,"art":"HUMAN_OBSERVATION","datensatz":"iNaturalist research-grade observations"},"geometry":{"type":"Point","coordinates":[24.644,45.376]}},{"type":"Feature","properties":{"jahr":2025,"art":"HUMAN_OBSERVATION","datensatz":"iNaturalist research-grade observations"},"geometry":{"type":"Point","coordinates":[24.744,45.316]}},{"type":"Feature","properties":{"jahr":2025,"art":"HUMAN_OBSERVATION","datensatz":null},"geometry":{"type":"Point","coordinates":[24.58,46.7]}},{"type":"Feature","properties":{"jahr":2025,"art":"HUMAN_OBSERVATION","datensatz":"iNaturalist research-grade observations"},"geometry":{"type":"Point","coordinates":[24.487,45.726]}},{"type":"Feature","properties":{"jahr":2025,"art":"HUMAN_OBSERVATION","datensatz":"iNaturalist research-grade observations"},"geometry":{"type":"Point","coordinates":[25.548,45.482]}},{"type":"Feature","properties":{"jahr":2025,"art":"HUMAN_OBSERVATION","datensatz":null},"geometry":{"type":"Point","coordinates":[25.41,46.42]}},{"type":"Feature","properties":{"jahr":2025,"art":"HUMAN_OBSERVATION","datensatz":"iNaturalist research-grade observations"},"geometry":{"type":"Point","coordinates":[24.66,45.608]}},{"type":"Feature","properties":{"jahr":2025,"art":"HUMAN_OBSERVATION","datensatz":"iNaturalist research-grade observations"},"geometry":{"type":"Point","coordinates":[24.718,45.727]}},{"type":"Feature","properties":{"jahr":2025,"art":"HUMAN_OBSERVATION","datensatz":"iNaturalist research-grade observations"},"geometry":{"type":"Point","coordinates":[24.651,45.746]}},{"type":"Feature","properties":{"jahr":2025,"art":"HUMAN_OBSERVATION","datensatz":"iNaturalist research-grade observations"},"geometry":{"type":"Point","coordinates":[22.592,45.32]}},{"type":"Feature","properties":{"jahr":2025,"art":"HUMAN_OBSERVATION","datensatz":"iNaturalist research-grade observations"},"geometry":{"type":"Point","coordinates":[24.512,45.764]}},{"type":"Feature","properties":{"jahr":2025,"art":"HUMAN_OBSERVATION","datensatz":"iNaturalist research-grade observations"},"geometry":{"type":"Point","coordinates":[24.963,46.195]}},{"type":"Feature","properties":{"jahr":2025,"art":"HUMAN_OBSERVATION","datensatz":"iNaturalist research-grade observations"},"geometry":{"type":"Point","coordinates":[24.755,45.648]}},{"type":"Feature","properties":{"jahr":2025,"art":"HUMAN_OBSERVATION","datensatz":"iNaturalist research-grade observations"},"geometry":{"type":"Point","coordinates":[24.609,45.326]}},{"type":"Feature","properties":{"jahr":2025,"art":"HUMAN_OBSERVATION","datensatz":"iNaturalist research-grade observations"},"geometry":{"type":"Point","coordinates":[26.65,45.392]}},{"type":"Feature","properties":{"jahr":2025,"art":"HUMAN_OBSERVATION","datensatz":"iNaturalist research-grade observations"},"geometry":{"type":"Point","coordinates":[24.746,45.507]}},{"type":"Feature","properties":{"jahr":2025,"art":"HUMAN_OBSERVATION","datensatz":"iNaturalist research-grade observations"},"geometry":{"type":"Point","coordinates":[24.609,45.466]}},{"type":"Feature","properties":{"jahr":2025,"art":"HUMAN_OBSERVATION","datensatz":"iNaturalist research-grade observations"},"geometry":{"type":"Point","coordinates":[24.734,45.4]}},{"type":"Feature","properties":{"jahr":2025,"art":"HUMAN_OBSERVATION","datensatz":"iNaturalist research-grade observations"},"geometry":{"type":"Point","coordinates":[24.657,45.313]}},{"type":"Feature","properties":{"jahr":2025,"art":"HUMAN_OBSERVATION","datensatz":"iNaturalist research-grade observations"},"geometry":{"type":"Point","coordinates":[25.089,45.401]}},{"type":"Feature","properties":{"jahr":2025,"art":"HUMAN_OBSERVATION","datensatz":"iNaturalist research-grade observations"},"geometry":{"type":"Point","coordinates":[24.723,45.532]}},{"type":"Feature","properties":{"jahr":2025,"art":"HUMAN_OBSERVATION","datensatz":"iNaturalist research-grade observations"},"geometry":{"type":"Point","coordinates":[25.251,45.551]}},{"type":"Feature","properties":{"jahr":2025,"art":"HUMAN_OBSERVATION","datensatz":"iNaturalist research-grade observations"},"geometry":{"type":"Point","coordinates":[24.623,45.449]}},{"type":"Feature","properties":{"jahr":2025,"art":"HUMAN_OBSERVATION","datensatz":"iNaturalist research-grade observations"},"geometry":{"type":"Point","coordinates":[24.712,45.597]}},{"type":"Feature","properties":{"jahr":2025,"art":"HUMAN_OBSERVATION","datensatz":"iNaturalist research-grade observations"},"geometry":{"type":"Point","coordinates":[24.649,45.613]}},{"type":"Feature","properties":{"jahr":2025,"art":"HUMAN_OBSERVATION","datensatz":"iNaturalist research-grade observations"},"geometry":{"type":"Point","coordinates":[24.785,45.336]}},{"type":"Feature","properties":{"jahr":2025,"art":"HUMAN_OBSERVATION","datensatz":"iNaturalist research-grade observations"},"geometry":{"type":"Point","coordinates":[24.766,45.245]}},{"type":"Feature","properties":{"jahr":2025,"art":"HUMAN_OBSERVATION","datensatz":"iNaturalist research-grade observations"},"geometry":{"type":"Point","coordinates":[24.602,45.316]}},{"type":"Feature","properties":{"jahr":2025,"art":"HUMAN_OBSERVATION","datensatz":"iNaturalist research-grade observations"},"geometry":{"type":"Point","coordinates":[24.775,45.514]}},{"type":"Feature","properties":{"jahr":2025,"art":"HUMAN_OBSERVATION","datensatz":"iNaturalist research-grade observations"},"geometry":{"type":"Point","coordinates":[24.629,45.203]}},{"type":"Feature","properties":{"jahr":2025,"art":"HUMAN_OBSERVATION","datensatz":"iNaturalist research-grade observations"},"geometry":{"type":"Point","coordinates":[24.755,45.419]}},{"type":"Feature","properties":{"jahr":2025,"art":"HUMAN_OBSERVATION","datensatz":"iNaturalist research-grade observations"},"geometry":{"type":"Point","coordinates":[24.747,45.362]}},{"type":"Feature","properties":{"jahr":2025,"art":"HUMAN_OBSERVATION","datensatz":"iNaturalist research-grade observations"},"geometry":{"type":"Point","coordinates":[24.768,45.385]}},{"type":"Feature","properties":{"jahr":2025,"art":"HUMAN_OBSERVATION","datensatz":"iNaturalist research-grade observations"},"geometry":{"type":"Point","coordinates":[24.769,45.53]}},{"type":"Feature","properties":{"jahr":2025,"art":"HUMAN_OBSERVATION","datensatz":"iNaturalist research-grade observations"},"geometry":{"type":"Point","coordinates":[24.765,45.559]}},{"type":"Feature","properties":{"jahr":2025,"art":"HUMAN_OBSERVATION","datensatz":"iNaturalist research-grade observations"},"geometry":{"type":"Point","coordinates":[24.615,45.431]}},{"type":"Feature","properties":{"jahr":2025,"art":"HUMAN_OBSERVATION","datensatz":"iNaturalist research-grade observations"},"geometry":{"type":"Point","coordinates":[24.771,45.439]}},{"type":"Feature","properties":{"jahr":2025,"art":"HUMAN_OBSERVATION","datensatz":"iNaturalist research-grade observations"},"geometry":{"type":"Point","coordinates":[24.737,45.387]}},{"type":"Feature","properties":{"jahr":2025,"art":"HUMAN_OBSERVATION","datensatz":"iNaturalist research-grade observations"},"geometry":{"type":"Point","coordinates":[25.495,47.417]}},{"type":"Feature","properties":{"jahr":2025,"art":"HUMAN_OBSERVATION","datensatz":"iNaturalist research-grade observations"},"geometry":{"type":"Point","coordinates":[25.483,45.579]}},{"type":"Feature","properties":{"jahr":2025,"art":"HUMAN_OBSERVATION","datensatz":"iNaturalist research-grade observations"},"geometry":{"type":"Point","coordinates":[25.462,45.587]}},{"type":"Feature","properties":{"jahr":2025,"art":"HUMAN_OBSERVATION","datensatz":"iNaturalist research-grade observations"},"geometry":{"type":"Point","coordinates":[26.548,45.909]}},{"type":"Feature","properties":{"jahr":2025,"art":"HUMAN_OBSERVATION","datensatz":"iNaturalist research-grade observations"},"geometry":{"type":"Point","coordinates":[24.746,45.558]}},{"type":"Feature","properties":{"jahr":2025,"art":"HUMAN_OBSERVATION","datensatz":"iNaturalist research-grade observations"},"geometry":{"type":"Point","coordinates":[25.205,45.587]}},{"type":"Feature","properties":{"jahr":2025,"art":"HUMAN_OBSERVATION","datensatz":"iNaturalist research-grade observations"},"geometry":{"type":"Point","coordinates":[26.551,45.805]}},{"type":"Feature","properties":{"jahr":2025,"art":"HUMAN_OBSERVATION","datensatz":"iNaturalist research-grade observations"},"geometry":{"type":"Point","coordinates":[24.666,45.46]}},{"type":"Feature","properties":{"jahr":2025,"art":"HUMAN_OBSERVATION","datensatz":"iNaturalist research-grade observations"},"geometry":{"type":"Point","coordinates":[24.668,45.573]}},{"type":"Feature","properties":{"jahr":2025,"art":"HUMAN_OBSERVATION","datensatz":"iNaturalist research-grade observations"},"geometry":{"type":"Point","coordinates":[25.377,46.099]}},{"type":"Feature","properties":{"jahr":2025,"art":"HUMAN_OBSERVATION","datensatz":null},"geometry":{"type":"Point","coordinates":[24.64,45.36]}},{"type":"Feature","properties":{"jahr":2025,"art":"HUMAN_OBSERVATION","datensatz":null},"geometry":{"type":"Point","coordinates":[24.62,45.45]}},{"type":"Feature","properties":{"jahr":2025,"art":"HUMAN_OBSERVATION","datensatz":null},"geometry":{"type":"Point","coordinates":[26.38,45.95]}},{"type":"Feature","properties":{"jahr":2025,"art":"HUMAN_OBSERVATION","datensatz":null},"geometry":{"type":"Point","coordinates":[26.38,45.95]}},{"type":"Feature","properties":{"jahr":2025,"art":"HUMAN_OBSERVATION","datensatz":null},"geometry":{"type":"Point","coordinates":[25.54,45.54]}},{"type":"Feature","properties":{"jahr":2025,"art":"HUMAN_OBSERVATION","datensatz":null},"geometry":{"type":"Point","coordinates":[25.25,45.54]}},{"type":"Feature","properties":{"jahr":2025,"art":"HUMAN_OBSERVATION","datensatz":null},"geometry":{"type":"Point","coordinates":[26.44,45.97]}},{"type":"Feature","properties":{"jahr":2025,"art":"HUMAN_OBSERVATION","datensatz":null},"geometry":{"type":"Point","coordinates":[24.65,45.37]}},{"type":"Feature","properties":{"jahr":2025,"art":"HUMAN_OBSERVATION","datensatz":null},"geometry":{"type":"Point","coordinates":[25.45,45.46]}},{"type":"Feature","properties":{"jahr":2025,"art":"HUMAN_OBSERVATION","datensatz":null},"geometry":{"type":"Point","coordinates":[25.45,45.46]}},{"type":"Feature","properties":{"jahr":2025,"art":"HUMAN_OBSERVATION","datensatz":null},"geometry":{"type":"Point","coordinates":[24.61,45.63]}},{"type":"Feature","properties":{"jahr":2025,"art":"HUMAN_OBSERVATION","datensatz":null},"geometry":{"type":"Point","coordinates":[24.62,45.35]}},{"type":"Feature","properties":{"jahr":2025,"art":"HUMAN_OBSERVATION","datensatz":null},"geometry":{"type":"Point","coordinates":[24.61,45.62]}},{"type":"Feature","properties":{"jahr":2025,"art":"HUMAN_OBSERVATION","datensatz":null},"geometry":{"type":"Point","coordinates":[24.64,45.36]}},{"type":"Feature","properties":{"jahr":2025,"art":"HUMAN_OBSERVATION","datensatz":"iNaturalist research-grade observations"},"geometry":{"type":"Point","coordinates":[24.651,45.258]}},{"type":"Feature","properties":{"jahr":2025,"art":"HUMAN_OBSERVATION","datensatz":"iNaturalist research-grade observations"},"geometry":{"type":"Point","coordinates":[24.707,45.406]}},{"type":"Feature","properties":{"jahr":2025,"art":"HUMAN_OBSERVATION","datensatz":"iNaturalist research-grade observations"},"geometry":{"type":"Point","coordinates":[24.672,45.695]}},{"type":"Feature","properties":{"jahr":2025,"art":"HUMAN_OBSERVATION","datensatz":"iNaturalist research-grade observations"},"geometry":{"type":"Point","coordinates":[24.798,45.798]}},{"type":"Feature","properties":{"jahr":2025,"art":"HUMAN_OBSERVATION","datensatz":"iNaturalist research-grade observations"},"geometry":{"type":"Point","coordinates":[24.64,45.673]}},{"type":"Feature","properties":{"jahr":2025,"art":"HUMAN_OBSERVATION","datensatz":null},"geometry":{"type":"Point","coordinates":[24.62,45.45]}},{"type":"Feature","properties":{"jahr":2025,"art":"HUMAN_OBSERVATION","datensatz":"iNaturalist research-grade observations"},"geometry":{"type":"Point","coordinates":[24.401,45.785]}},{"type":"Feature","properties":{"jahr":2025,"art":"HUMAN_OBSERVATION","datensatz":"iNaturalist research-grade observations"},"geometry":{"type":"Point","coordinates":[24.478,45.567]}},{"type":"Feature","properties":{"jahr":2025,"art":"HUMAN_OBSERVATION","datensatz":null},"geometry":{"type":"Point","coordinates":[24.58,45.77]}},{"type":"Feature","properties":{"jahr":2025,"art":"HUMAN_OBSERVATION","datensatz":null},"geometry":{"type":"Point","coordinates":[24.6,45.64]}},{"type":"Feature","properties":{"jahr":2025,"art":"HUMAN_OBSERVATION","datensatz":null},"geometry":{"type":"Point","coordinates":[24.6,45.64]}},{"type":"Feature","properties":{"jahr":2025,"art":"HUMAN_OBSERVATION","datensatz":null},"geometry":{"type":"Point","coordinates":[25.25,45.54]}},{"type":"Feature","properties":{"jahr":2025,"art":"HUMAN_OBSERVATION","datensatz":null},"geometry":{"type":"Point","coordinates":[24.59,45.77]}},{"type":"Feature","properties":{"jahr":2025,"art":"HUMAN_OBSERVATION","datensatz":null},"geometry":{"type":"Point","coordinates":[26.39,45.96]}},{"type":"Feature","properties":{"jahr":2025,"art":"HUMAN_OBSERVATION","datensatz":null},"geometry":{"type":"Point","coordinates":[26.39,45.96]}},{"type":"Feature","properties":{"jahr":2025,"art":"HUMAN_OBSERVATION","datensatz":null},"geometry":{"type":"Point","coordinates":[24.62,45.36]}},{"type":"Feature","properties":{"jahr":2025,"art":"HUMAN_OBSERVATION","datensatz":null},"geometry":{"type":"Point","coordinates":[26.42,45.96]}},{"type":"Feature","properties":{"jahr":2025,"art":"HUMAN_OBSERVATION","datensatz":null},"geometry":{"type":"Point","coordinates":[24.6,45.65]}},{"type":"Feature","properties":{"jahr":2025,"art":"HUMAN_OBSERVATION","datensatz":null},"geometry":{"type":"Point","coordinates":[24.62,45.41]}},{"type":"Feature","properties":{"jahr":2025,"art":"HUMAN_OBSERVATION","datensatz":null},"geometry":{"type":"Point","coordinates":[24.61,45.64]}},{"type":"Feature","properties":{"jahr":2025,"art":"HUMAN_OBSERVATION","datensatz":null},"geometry":{"type":"Point","coordinates":[24.64,45.36]}},{"type":"Feature","properties":{"jahr":2025,"art":"HUMAN_OBSERVATION","datensatz":null},"geometry":{"type":"Point","coordinates":[24.59,45.66]}},{"type":"Feature","properties":{"jahr":2025,"art":"HUMAN_OBSERVATION","datensatz":"iNaturalist research-grade observations"},"geometry":{"type":"Point","coordinates":[25.051,46.59]}},{"type":"Feature","properties":{"jahr":2025,"art":"HUMAN_OBSERVATION","datensatz":"iNaturalist research-grade observations"},"geometry":{"type":"Point","coordinates":[25.257,46.606]}},{"type":"Feature","properties":{"jahr":2025,"art":"HUMAN_OBSERVATION","datensatz":"iNaturalist research-grade observations"},"geometry":{"type":"Point","coordinates":[24.656,45.443]}},{"type":"Feature","properties":{"jahr":2025,"art":"HUMAN_OBSERVATION","datensatz":"iNaturalist research-grade observations"},"geometry":{"type":"Point","coordinates":[24.627,45.505]}},{"type":"Feature","properties":{"jahr":2025,"art":"HUMAN_OBSERVATION","datensatz":"iNaturalist research-grade observations"},"geometry":{"type":"Point","coordinates":[24.624,45.447]}},{"type":"Feature","properties":{"jahr":2025,"art":"HUMAN_OBSERVATION","datensatz":"iNaturalist research-grade observations"},"geometry":{"type":"Point","coordinates":[25.327,45.526]}},{"type":"Feature","properties":{"jahr":2025,"art":"HUMAN_OBSERVATION","datensatz":"iNaturalist research-grade observations"},"geometry":{"type":"Point","coordinates":[24.622,45.582]}},{"type":"Feature","properties":{"jahr":2025,"art":"HUMAN_OBSERVATION","datensatz":"iNaturalist research-grade observations"},"geometry":{"type":"Point","coordinates":[24.652,45.279]}},{"type":"Feature","properties":{"jahr":2025,"art":"HUMAN_OBSERVATION","datensatz":"iNaturalist research-grade observations"},"geometry":{"type":"Point","coordinates":[25.914,46.381]}},{"type":"Feature","properties":{"jahr":2025,"art":"HUMAN_OBSERVATION","datensatz":"iNaturalist research-grade observations"},"geometry":{"type":"Point","coordinates":[24.272,45.828]}},{"type":"Feature","properties":{"jahr":2025,"art":"HUMAN_OBSERVATION","datensatz":"iNaturalist research-grade observations"},"geometry":{"type":"Point","coordinates":[24.779,45.519]}},{"type":"Feature","properties":{"jahr":2025,"art":"HUMAN_OBSERVATION","datensatz":"iNaturalist research-grade observations"},"geometry":{"type":"Point","coordinates":[24.501,45.729]}},{"type":"Feature","properties":{"jahr":2025,"art":"HUMAN_OBSERVATION","datensatz":"iNaturalist research-grade observations"},"geometry":{"type":"Point","coordinates":[24.624,45.385]}},{"type":"Feature","properties":{"jahr":2025,"art":"HUMAN_OBSERVATION","datensatz":"iNaturalist research-grade observations"},"geometry":{"type":"Point","coordinates":[24.468,45.654]}},{"type":"Feature","properties":{"jahr":2025,"art":"HUMAN_OBSERVATION","datensatz":"iNaturalist research-grade observations"},"geometry":{"type":"Point","coordinates":[25.577,45.536]}},{"type":"Feature","properties":{"jahr":2025,"art":"HUMAN_OBSERVATION","datensatz":"iNaturalist research-grade observations"},"geometry":{"type":"Point","coordinates":[24.643,45.266]}},{"type":"Feature","properties":{"jahr":2025,"art":"HUMAN_OBSERVATION","datensatz":"iNaturalist research-grade observations"},"geometry":{"type":"Point","coordinates":[24.61,45.351]}},{"type":"Feature","properties":{"jahr":2025,"art":"HUMAN_OBSERVATION","datensatz":"iNaturalist research-grade observations"},"geometry":{"type":"Point","coordinates":[25.562,45.482]}},{"type":"Feature","properties":{"jahr":2025,"art":"HUMAN_OBSERVATION","datensatz":"iNaturalist research-grade observations"},"geometry":{"type":"Point","coordinates":[24.682,45.366]}},{"type":"Feature","properties":{"jahr":2025,"art":"HUMAN_OBSERVATION","datensatz":"iNaturalist research-grade observations"},"geometry":{"type":"Point","coordinates":[25.133,45.46]}},{"type":"Feature","properties":{"jahr":2025,"art":"HUMAN_OBSERVATION","datensatz":"iNaturalist research-grade observations"},"geometry":{"type":"Point","coordinates":[24.625,45.242]}},{"type":"Feature","properties":{"jahr":2025,"art":"HUMAN_OBSERVATION","datensatz":"iNaturalist research-grade observations"},"geometry":{"type":"Point","coordinates":[24.714,45.694]}},{"type":"Feature","properties":{"jahr":2025,"art":"HUMAN_OBSERVATION","datensatz":"iNaturalist research-grade observations"},"geometry":{"type":"Point","coordinates":[25.292,45.464]}},{"type":"Feature","properties":{"jahr":2025,"art":"HUMAN_OBSERVATION","datensatz":null},"geometry":{"type":"Point","coordinates":[24.62,45.41]}},{"type":"Feature","properties":{"jahr":2025,"art":"HUMAN_OBSERVATION","datensatz":null},"geometry":{"type":"Point","coordinates":[24.6,45.45]}},{"type":"Feature","properties":{"jahr":2025,"art":"HUMAN_OBSERVATION","datensatz":null},"geometry":{"type":"Point","coordinates":[24.59,45.46]}},{"type":"Feature","properties":{"jahr":2025,"art":"HUMAN_OBSERVATION","datensatz":null},"geometry":{"type":"Point","coordinates":[24.6,45.64]}},{"type":"Feature","properties":{"jahr":2025,"art":"HUMAN_OBSERVATION","datensatz":null},"geometry":{"type":"Point","coordinates":[24.63,45.38]}},{"type":"Feature","properties":{"jahr":2025,"art":"HUMAN_OBSERVATION","datensatz":null},"geometry":{"type":"Point","coordinates":[24.62,45.44]}},{"type":"Feature","properties":{"jahr":2025,"art":"HUMAN_OBSERVATION","datensatz":null},"geometry":{"type":"Point","coordinates":[24.65,45.37]}},{"type":"Feature","properties":{"jahr":2025,"art":"HUMAN_OBSERVATION","datensatz":null},"geometry":{"type":"Point","coordinates":[24.6,45.65]}},{"type":"Feature","properties":{"jahr":2025,"art":"HUMAN_OBSERVATION","datensatz":null},"geometry":{"type":"Point","coordinates":[24.62,45.35]}},{"type":"Feature","properties":{"jahr":2025,"art":"HUMAN_OBSERVATION","datensatz":null},"geometry":{"type":"Point","coordinates":[25.51,45.49]}},{"type":"Feature","properties":{"jahr":2025,"art":"HUMAN_OBSERVATION","datensatz":null},"geometry":{"type":"Point","coordinates":[24.63,45.4]}},{"type":"Feature","properties":{"jahr":2025,"art":"HUMAN_OBSERVATION","datensatz":null},"geometry":{"type":"Point","coordinates":[24.6,45.44]}},{"type":"Feature","properties":{"jahr":2025,"art":"HUMAN_OBSERVATION","datensatz":"iNaturalist research-grade observations"},"geometry":{"type":"Point","coordinates":[25.09,45.441]}},{"type":"Feature","properties":{"jahr":2025,"art":"HUMAN_OBSERVATION","datensatz":"iNaturalist research-grade observations"},"geometry":{"type":"Point","coordinates":[25.049,45.405]}},{"type":"Feature","properties":{"jahr":2025,"art":"HUMAN_OBSERVATION","datensatz":"iNaturalist research-grade observations"},"geometry":{"type":"Point","coordinates":[25.099,45.497]}},{"type":"Feature","properties":{"jahr":2025,"art":"HUMAN_OBSERVATION","datensatz":"iNaturalist research-grade observations"},"geometry":{"type":"Point","coordinates":[25.12,45.445]}},{"type":"Feature","properties":{"jahr":2025,"art":"HUMAN_OBSERVATION","datensatz":"iNaturalist research-grade observations"},"geometry":{"type":"Point","coordinates":[25.169,45.432]}},{"type":"Feature","properties":{"jahr":2025,"art":"HUMAN_OBSERVATION","datensatz":"iNaturalist research-grade observations"},"geometry":{"type":"Point","coordinates":[25.069,45.53]}},{"type":"Feature","properties":{"jahr":2025,"art":"HUMAN_OBSERVATION","datensatz":"iNaturalist research-grade observations"},"geometry":{"type":"Point","coordinates":[25.043,45.491]}},{"type":"Feature","properties":{"jahr":2025,"art":"HUMAN_OBSERVATION","datensatz":"iNaturalist research-grade observations"},"geometry":{"type":"Point","coordinates":[26.311,45.873]}},{"type":"Feature","properties":{"jahr":2025,"art":"HUMAN_OBSERVATION","datensatz":null},"geometry":{"type":"Point","coordinates":[25.43,45.85]}},{"type":"Feature","properties":{"jahr":2025,"art":"HUMAN_OBSERVATION","datensatz":null},"geometry":{"type":"Point","coordinates":[24.68,45.71]}},{"type":"Feature","properties":{"jahr":2025,"art":"HUMAN_OBSERVATION","datensatz":null},"geometry":{"type":"Point","coordinates":[25.55,45.57]}},{"type":"Feature","properties":{"jahr":2025,"art":"HUMAN_OBSERVATION","datensatz":null},"geometry":{"type":"Point","coordinates":[24.68,45.71]}},{"type":"Feature","properties":{"jahr":2025,"art":"HUMAN_OBSERVATION","datensatz":null},"geometry":{"type":"Point","coordinates":[24.6,45.56]}},{"type":"Feature","properties":{"jahr":2025,"art":"HUMAN_OBSERVATION","datensatz":null},"geometry":{"type":"Point","coordinates":[24.68,45.71]}},{"type":"Feature","properties":{"jahr":2025,"art":"HUMAN_OBSERVATION","datensatz":null},"geometry":{"type":"Point","coordinates":[24.7,45.74]}},{"type":"Feature","properties":{"jahr":2025,"art":"HUMAN_OBSERVATION","datensatz":null},"geometry":{"type":"Point","coordinates":[24.63,45.58]}},{"type":"Feature","properties":{"jahr":2025,"art":"HUMAN_OBSERVATION","datensatz":null},"geometry":{"type":"Point","coordinates":[24.68,45.71]}},{"type":"Feature","properties":{"jahr":2025,"art":"HUMAN_OBSERVATION","datensatz":null},"geometry":{"type":"Point","coordinates":[24.62,45.36]}},{"type":"Feature","properties":{"jahr":2025,"art":"HUMAN_OBSERVATION","datensatz":null},"geometry":{"type":"Point","coordinates":[24.67,45.72]}},{"type":"Feature","properties":{"jahr":2025,"art":"HUMAN_OBSERVATION","datensatz":null},"geometry":{"type":"Point","coordinates":[24.67,45.72]}},{"type":"Feature","properties":{"jahr":2025,"art":"HUMAN_OBSERVATION","datensatz":null},"geometry":{"type":"Point","coordinates":[24.62,45.44]}},{"type":"Feature","properties":{"jahr":2025,"art":"HUMAN_OBSERVATION","datensatz":null},"geometry":{"type":"Point","coordinates":[24.67,45.72]}},{"type":"Feature","properties":{"jahr":2025,"art":"HUMAN_OBSERVATION","datensatz":null},"geometry":{"type":"Point","coordinates":[24.61,45.62]}},{"type":"Feature","properties":{"jahr":2025,"art":"HUMAN_OBSERVATION","datensatz":null},"geometry":{"type":"Point","coordinates":[24.67,45.72]}},{"type":"Feature","properties":{"jahr":2025,"art":"HUMAN_OBSERVATION","datensatz":null},"geometry":{"type":"Point","coordinates":[24.64,45.36]}},{"type":"Feature","properties":{"jahr":2025,"art":"HUMAN_OBSERVATION","datensatz":null},"geometry":{"type":"Point","coordinates":[24.67,45.72]}},{"type":"Feature","properties":{"jahr":2025,"art":"HUMAN_OBSERVATION","datensatz":null},"geometry":{"type":"Point","coordinates":[24.67,45.72]}},{"type":"Feature","properties":{"jahr":2025,"art":"HUMAN_OBSERVATION","datensatz":"iNaturalist research-grade observations"},"geometry":{"type":"Point","coordinates":[25.029,45.444]}},{"type":"Feature","properties":{"jahr":2025,"art":"HUMAN_OBSERVATION","datensatz":"iNaturalist research-grade observations"},"geometry":{"type":"Point","coordinates":[25.817,46.384]}},{"type":"Feature","properties":{"jahr":2025,"art":"HUMAN_OBSERVATION","datensatz":"iNaturalist research-grade observations"},"geometry":{"type":"Point","coordinates":[24.718,45.307]}},{"type":"Feature","properties":{"jahr":2025,"art":"HUMAN_OBSERVATION","datensatz":"iNaturalist research-grade observations"},"geometry":{"type":"Point","coordinates":[24.724,45.383]}},{"type":"Feature","properties":{"jahr":2025,"art":"HUMAN_OBSERVATION","datensatz":"iNaturalist research-grade observations"},"geometry":{"type":"Point","coordinates":[24.793,45.3]}},{"type":"Feature","properties":{"jahr":2025,"art":"HUMAN_OBSERVATION","datensatz":"iNaturalist research-grade observations"},"geometry":{"type":"Point","coordinates":[24.674,45.373]}},{"type":"Feature","properties":{"jahr":2025,"art":"HUMAN_OBSERVATION","datensatz":"iNaturalist research-grade observations"},"geometry":{"type":"Point","coordinates":[24.627,45.398]}},{"type":"Feature","properties":{"jahr":2025,"art":"HUMAN_OBSERVATION","datensatz":"iNaturalist research-grade observations"},"geometry":{"type":"Point","coordinates":[24.673,45.304]}},{"type":"Feature","properties":{"jahr":2025,"art":"HUMAN_OBSERVATION","datensatz":"iNaturalist research-grade observations"},"geometry":{"type":"Point","coordinates":[26.349,45.848]}},{"type":"Feature","properties":{"jahr":2025,"art":"HUMAN_OBSERVATION","datensatz":"iNaturalist research-grade observations"},"geometry":{"type":"Point","coordinates":[24.654,45.21]}},{"type":"Feature","properties":{"jahr":2025,"art":"HUMAN_OBSERVATION","datensatz":"iNaturalist research-grade observations"},"geometry":{"type":"Point","coordinates":[24.692,45.462]}},{"type":"Feature","properties":{"jahr":2025,"art":"HUMAN_OBSERVATION","datensatz":"iNaturalist research-grade observations"},"geometry":{"type":"Point","coordinates":[25.512,45.448]}},{"type":"Feature","properties":{"jahr":2025,"art":"HUMAN_OBSERVATION","datensatz":"iNaturalist research-grade observations"},"geometry":{"type":"Point","coordinates":[24.627,45.51]}},{"type":"Feature","properties":{"jahr":2025,"art":"HUMAN_OBSERVATION","datensatz":"iNaturalist research-grade observations"},"geometry":{"type":"Point","coordinates":[24.754,45.346]}},{"type":"Feature","properties":{"jahr":2025,"art":"HUMAN_OBSERVATION","datensatz":"iNaturalist research-grade observations"},"geometry":{"type":"Point","coordinates":[24.693,45.536]}},{"type":"Feature","properties":{"jahr":2025,"art":"HUMAN_OBSERVATION","datensatz":"iNaturalist research-grade observations"},"geometry":{"type":"Point","coordinates":[24.66,45.529]}},{"type":"Feature","properties":{"jahr":2025,"art":"HUMAN_OBSERVATION","datensatz":"iNaturalist research-grade observations"},"geometry":{"type":"Point","coordinates":[25.848,45.919]}},{"type":"Feature","properties":{"jahr":2025,"art":"HUMAN_OBSERVATION","datensatz":"iNaturalist research-grade observations"},"geometry":{"type":"Point","coordinates":[25.074,45.381]}},{"type":"Feature","properties":{"jahr":2025,"art":"HUMAN_OBSERVATION","datensatz":"iNaturalist research-grade observations"},"geometry":{"type":"Point","coordinates":[25.926,45.984]}},{"type":"Feature","properties":{"jahr":2025,"art":"HUMAN_OBSERVATION","datensatz":"iNaturalist research-grade observations"},"geometry":{"type":"Point","coordinates":[25.952,46.136]}},{"type":"Feature","properties":{"jahr":2025,"art":"HUMAN_OBSERVATION","datensatz":"iNaturalist research-grade observations"},"geometry":{"type":"Point","coordinates":[25.147,45.247]}},{"type":"Feature","properties":{"jahr":2025,"art":"HUMAN_OBSERVATION","datensatz":"iNaturalist research-grade observations"},"geometry":{"type":"Point","coordinates":[25.164,45.278]}},{"type":"Feature","properties":{"jahr":2025,"art":"HUMAN_OBSERVATION","datensatz":"iNaturalist research-grade observations"},"geometry":{"type":"Point","coordinates":[25.903,45.882]}},{"type":"Feature","properties":{"jahr":2025,"art":"HUMAN_OBSERVATION","datensatz":"iNaturalist research-grade observations"},"geometry":{"type":"Point","coordinates":[24.712,45.222]}},{"type":"Feature","properties":{"jahr":2025,"art":"HUMAN_OBSERVATION","datensatz":"iNaturalist research-grade observations"},"geometry":{"type":"Point","coordinates":[25.142,45.7]}},{"type":"Feature","properties":{"jahr":2025,"art":"HUMAN_OBSERVATION","datensatz":"iNaturalist research-grade observations"},"geometry":{"type":"Point","coordinates":[26.798,45.929]}},{"type":"Feature","properties":{"jahr":2025,"art":"HUMAN_OBSERVATION","datensatz":"iNaturalist research-grade observations"},"geometry":{"type":"Point","coordinates":[25.421,45.202]}},{"type":"Feature","properties":{"jahr":2025,"art":"HUMAN_OBSERVATION","datensatz":"iNaturalist research-grade observations"},"geometry":{"type":"Point","coordinates":[25.596,45.47]}},{"type":"Feature","properties":{"jahr":2025,"art":"HUMAN_OBSERVATION","datensatz":null},"geometry":{"type":"Point","coordinates":[24.63,45.4]}},{"type":"Feature","properties":{"jahr":2025,"art":"HUMAN_OBSERVATION","datensatz":null},"geometry":{"type":"Point","coordinates":[24.58,45.48]}},{"type":"Feature","properties":{"jahr":2025,"art":"HUMAN_OBSERVATION","datensatz":null},"geometry":{"type":"Point","coordinates":[24.63,45.4]}},{"type":"Feature","properties":{"jahr":2025,"art":"HUMAN_OBSERVATION","datensatz":null},"geometry":{"type":"Point","coordinates":[24.62,45.41]}},{"type":"Feature","properties":{"jahr":2025,"art":"HUMAN_OBSERVATION","datensatz":null},"geometry":{"type":"Point","coordinates":[25.63,45.6]}},{"type":"Feature","properties":{"jahr":2025,"art":"HUMAN_OBSERVATION","datensatz":null},"geometry":{"type":"Point","coordinates":[24.62,45.44]}},{"type":"Feature","properties":{"jahr":2025,"art":"HUMAN_OBSERVATION","datensatz":null},"geometry":{"type":"Point","coordinates":[24.62,45.44]}},{"type":"Feature","properties":{"jahr":2025,"art":"HUMAN_OBSERVATION","datensatz":null},"geometry":{"type":"Point","coordinates":[25.26,45.58]}},{"type":"Feature","properties":{"jahr":2025,"art":"HUMAN_OBSERVATION","datensatz":null},"geometry":{"type":"Point","coordinates":[24.64,45.4]}},{"type":"Feature","properties":{"jahr":2025,"art":"HUMAN_OBSERVATION","datensatz":null},"geometry":{"type":"Point","coordinates":[24.62,45.41]}},{"type":"Feature","properties":{"jahr":2025,"art":"HUMAN_OBSERVATION","datensatz":null},"geometry":{"type":"Point","coordinates":[25.21,46.4]}},{"type":"Feature","properties":{"jahr":2025,"art":"HUMAN_OBSERVATION","datensatz":null},"geometry":{"type":"Point","coordinates":[24.62,45.43]}},{"type":"Feature","properties":{"jahr":2025,"art":"HUMAN_OBSERVATION","datensatz":null},"geometry":{"type":"Point","coordinates":[24.64,45.4]}},{"type":"Feature","properties":{"jahr":2025,"art":"HUMAN_OBSERVATION","datensatz":null},"geometry":{"type":"Point","coordinates":[24.62,45.43]}},{"type":"Feature","properties":{"jahr":2025,"art":"HUMAN_OBSERVATION","datensatz":null},"geometry":{"type":"Point","coordinates":[24.6,45.46]}},{"type":"Feature","properties":{"jahr":2025,"art":"HUMAN_OBSERVATION","datensatz":null},"geometry":{"type":"Point","coordinates":[24.62,45.43]}},{"type":"Feature","properties":{"jahr":2025,"art":"HUMAN_OBSERVATION","datensatz":"iNaturalist research-grade observations"},"geometry":{"type":"Point","coordinates":[25.909,45.907]}},{"type":"Feature","properties":{"jahr":2025,"art":"HUMAN_OBSERVATION","datensatz":"iNaturalist research-grade observations"},"geometry":{"type":"Point","coordinates":[25.864,46.025]}},{"type":"Feature","properties":{"jahr":2025,"art":"HUMAN_OBSERVATION","datensatz":"iNaturalist research-grade observations"},"geometry":{"type":"Point","coordinates":[25.08,45.379]}},{"type":"Feature","properties":{"jahr":2025,"art":"HUMAN_OBSERVATION","datensatz":"iNaturalist research-grade observations"},"geometry":{"type":"Point","coordinates":[25.083,45.357]}},{"type":"Feature","properties":{"jahr":2025,"art":"HUMAN_OBSERVATION","datensatz":"iNaturalist research-grade observations"},"geometry":{"type":"Point","coordinates":[25.988,46.176]}},{"type":"Feature","properties":{"jahr":2025,"art":"HUMAN_OBSERVATION","datensatz":"iNaturalist research-grade observations"},"geometry":{"type":"Point","coordinates":[24.709,45.781]}},{"type":"Feature","properties":{"jahr":2025,"art":"HUMAN_OBSERVATION","datensatz":null},"geometry":{"type":"Point","coordinates":[24.64,45.36]}},{"type":"Feature","properties":{"jahr":2025,"art":"HUMAN_OBSERVATION","datensatz":null},"geometry":{"type":"Point","coordinates":[25.59,45.52]}},{"type":"Feature","properties":{"jahr":2025,"art":"HUMAN_OBSERVATION","datensatz":null},"geometry":{"type":"Point","coordinates":[25.59,45.52]}},{"type":"Feature","properties":{"jahr":2025,"art":"HUMAN_OBSERVATION","datensatz":null},"geometry":{"type":"Point","coordinates":[25.59,45.53]}},{"type":"Feature","properties":{"jahr":2025,"art":"HUMAN_OBSERVATION","datensatz":"iNaturalist research-grade observations"},"geometry":{"type":"Point","coordinates":[24.724,45.394]}},{"type":"Feature","properties":{"jahr":2025,"art":"HUMAN_OBSERVATION","datensatz":"iNaturalist research-grade observations"},"geometry":{"type":"Point","coordinates":[24.721,45.026]}},{"type":"Feature","properties":{"jahr":2025,"art":"HUMAN_OBSERVATION","datensatz":"iNaturalist research-grade observations"},"geometry":{"type":"Point","coordinates":[24.566,47.149]}},{"type":"Feature","properties":{"jahr":2025,"art":"HUMAN_OBSERVATION","datensatz":"iNaturalist research-grade observations"},"geometry":{"type":"Point","coordinates":[24.567,47.119]}},{"type":"Feature","properties":{"jahr":2025,"art":"HUMAN_OBSERVATION","datensatz":"iNaturalist research-grade observations"},"geometry":{"type":"Point","coordinates":[24.612,45.259]}},{"type":"Feature","properties":{"jahr":2025,"art":"HUMAN_OBSERVATION","datensatz":"iNaturalist research-grade observations"},"geometry":{"type":"Point","coordinates":[25.501,46.05]}},{"type":"Feature","properties":{"jahr":2025,"art":"HUMAN_OBSERVATION","datensatz":"iNaturalist research-grade observations"},"geometry":{"type":"Point","coordinates":[24.424,45.193]}},{"type":"Feature","properties":{"jahr":2025,"art":"HUMAN_OBSERVATION","datensatz":"iNaturalist research-grade observations"},"geometry":{"type":"Point","coordinates":[25.9,45.067]}},{"type":"Feature","properties":{"jahr":2025,"art":"HUMAN_OBSERVATION","datensatz":"iNaturalist research-grade observations"},"geometry":{"type":"Point","coordinates":[25.338,46.308]}},{"type":"Feature","properties":{"jahr":2025,"art":"HUMAN_OBSERVATION","datensatz":"iNaturalist research-grade observations"},"geometry":{"type":"Point","coordinates":[25.768,45.906]}},{"type":"Feature","properties":{"jahr":2025,"art":"HUMAN_OBSERVATION","datensatz":null},"geometry":{"type":"Point","coordinates":[25.42,46.43]}},{"type":"Feature","properties":{"jahr":2025,"art":"HUMAN_OBSERVATION","datensatz":null},"geometry":{"type":"Point","coordinates":[23.96,47.63]}},{"type":"Feature","properties":{"jahr":2025,"art":"HUMAN_OBSERVATION","datensatz":"iNaturalist research-grade observations"},"geometry":{"type":"Point","coordinates":[25.777,45.454]}},{"type":"Feature","properties":{"jahr":2025,"art":"HUMAN_OBSERVATION","datensatz":"iNaturalist research-grade observations"},"geometry":{"type":"Point","coordinates":[25.84,45.491]}},{"type":"Feature","properties":{"jahr":2025,"art":"HUMAN_OBSERVATION","datensatz":"iNaturalist research-grade observations"},"geometry":{"type":"Point","coordinates":[24.047,46.158]}},{"type":"Feature","properties":{"jahr":2025,"art":"HUMAN_OBSERVATION","datensatz":"iNaturalist research-grade observations"},"geometry":{"type":"Point","coordinates":[24.145,46.109]}},{"type":"Feature","properties":{"jahr":2025,"art":"HUMAN_OBSERVATION","datensatz":"iNaturalist research-grade observations"},"geometry":{"type":"Point","coordinates":[24.4,46.017]}},{"type":"Feature","properties":{"jahr":2025,"art":"HUMAN_OBSERVATION","datensatz":"iNaturalist research-grade observations"},"geometry":{"type":"Point","coordinates":[24.155,46.162]}},{"type":"Feature","properties":{"jahr":2025,"art":"HUMAN_OBSERVATION","datensatz":null},"geometry":{"type":"Point","coordinates":[23.87,47.64]}},{"type":"Feature","properties":{"jahr":2025,"art":"HUMAN_OBSERVATION","datensatz":null},"geometry":{"type":"Point","coordinates":[23.87,47.64]}},{"type":"Feature","properties":{"jahr":2025,"art":"HUMAN_OBSERVATION","datensatz":"iNaturalist research-grade observations"},"geometry":{"type":"Point","coordinates":[25.734,46.314]}},{"type":"Feature","properties":{"jahr":2025,"art":"HUMAN_OBSERVATION","datensatz":"iNaturalist research-grade observations"},"geometry":{"type":"Point","coordinates":[25.937,46.981]}},{"type":"Feature","properties":{"jahr":2025,"art":"HUMAN_OBSERVATION","datensatz":"iNaturalist research-grade observations"},"geometry":{"type":"Point","coordinates":[25.406,47.403]}},{"type":"Feature","properties":{"jahr":2025,"art":"HUMAN_OBSERVATION","datensatz":"iNaturalist research-grade observations"},"geometry":{"type":"Point","coordinates":[25.407,47.591]}},{"type":"Feature","properties":{"jahr":2024,"art":"HUMAN_OBSERVATION","datensatz":"iNaturalist research-grade observations"},"geometry":{"type":"Point","coordinates":[25.067,45.594]}},{"type":"Feature","properties":{"jahr":2024,"art":"HUMAN_OBSERVATION","datensatz":"iNaturalist research-grade observations"},"geometry":{"type":"Point","coordinates":[25.57,46.549]}},{"type":"Feature","properties":{"jahr":2024,"art":"HUMAN_OBSERVATION","datensatz":"iNaturalist research-grade observations"},"geometry":{"type":"Point","coordinates":[25.457,45.972]}},{"type":"Feature","properties":{"jahr":2024,"art":"HUMAN_OBSERVATION","datensatz":"iNaturalist research-grade observations"},"geometry":{"type":"Point","coordinates":[25.423,45.768]}},{"type":"Feature","properties":{"jahr":2024,"art":"HUMAN_OBSERVATION","datensatz":"iNaturalist research-grade observations"},"geometry":{"type":"Point","coordinates":[25.412,45.842]}},{"type":"Feature","properties":{"jahr":2024,"art":"HUMAN_OBSERVATION","datensatz":"iNaturalist research-grade observations"},"geometry":{"type":"Point","coordinates":[25.352,46.113]}},{"type":"Feature","properties":{"jahr":2024,"art":"HUMAN_OBSERVATION","datensatz":"iNaturalist research-grade observations"},"geometry":{"type":"Point","coordinates":[25.593,45.386]}},{"type":"Feature","properties":{"jahr":2024,"art":"HUMAN_OBSERVATION","datensatz":"iNaturalist research-grade observations"},"geometry":{"type":"Point","coordinates":[24.743,45.274]}},{"type":"Feature","properties":{"jahr":2024,"art":"HUMAN_OBSERVATION","datensatz":"iNaturalist research-grade observations"},"geometry":{"type":"Point","coordinates":[26.383,45.894]}},{"type":"Feature","properties":{"jahr":2024,"art":"HUMAN_OBSERVATION","datensatz":null},"geometry":{"type":"Point","coordinates":[24.53,45.53]}},{"type":"Feature","properties":{"jahr":2024,"art":"HUMAN_OBSERVATION","datensatz":null},"geometry":{"type":"Point","coordinates":[26.4,45.96]}},{"type":"Feature","properties":{"jahr":2024,"art":"HUMAN_OBSERVATION","datensatz":null},"geometry":{"type":"Point","coordinates":[26.4,45.96]}},{"type":"Feature","properties":{"jahr":2024,"art":"HUMAN_OBSERVATION","datensatz":null},"geometry":{"type":"Point","coordinates":[25.3,45.45]}},{"type":"Feature","properties":{"jahr":2024,"art":"HUMAN_OBSERVATION","datensatz":"iNaturalist research-grade observations"},"geometry":{"type":"Point","coordinates":[24.549,45.912]}},{"type":"Feature","properties":{"jahr":2024,"art":"HUMAN_OBSERVATION","datensatz":"iNaturalist research-grade observations"},"geometry":{"type":"Point","coordinates":[24.604,45.363]}},{"type":"Feature","properties":{"jahr":2024,"art":"HUMAN_OBSERVATION","datensatz":"iNaturalist research-grade observations"},"geometry":{"type":"Point","coordinates":[26.549,45.425]}},{"type":"Feature","properties":{"jahr":2024,"art":"HUMAN_OBSERVATION","datensatz":"iNaturalist research-grade observations"},"geometry":{"type":"Point","coordinates":[22.532,45.273]}},{"type":"Feature","properties":{"jahr":2024,"art":"HUMAN_OBSERVATION","datensatz":"iNaturalist research-grade observations"},"geometry":{"type":"Point","coordinates":[25.368,46.459]}},{"type":"Feature","properties":{"jahr":2024,"art":"HUMAN_OBSERVATION","datensatz":"iNaturalist research-grade observations"},"geometry":{"type":"Point","coordinates":[25.251,45.444]}},{"type":"Feature","properties":{"jahr":2024,"art":"HUMAN_OBSERVATION","datensatz":"iNaturalist research-grade observations"},"geometry":{"type":"Point","coordinates":[25.295,45.54]}},{"type":"Feature","properties":{"jahr":2024,"art":"HUMAN_OBSERVATION","datensatz":"iNaturalist research-grade observations"},"geometry":{"type":"Point","coordinates":[25.255,46.425]}},{"type":"Feature","properties":{"jahr":2024,"art":"HUMAN_OBSERVATION","datensatz":"iNaturalist research-grade observations"},"geometry":{"type":"Point","coordinates":[25.484,46.526]}},{"type":"Feature","properties":{"jahr":2024,"art":"HUMAN_OBSERVATION","datensatz":"iNaturalist research-grade observations"},"geometry":{"type":"Point","coordinates":[25.324,45.569]}},{"type":"Feature","properties":{"jahr":2024,"art":"HUMAN_OBSERVATION","datensatz":"iNaturalist research-grade observations"},"geometry":{"type":"Point","coordinates":[24.097,47.603]}},{"type":"Feature","properties":{"jahr":2024,"art":"HUMAN_OBSERVATION","datensatz":null},"geometry":{"type":"Point","coordinates":[24.63,45.36]}},{"type":"Feature","properties":{"jahr":2024,"art":"HUMAN_OBSERVATION","datensatz":null},"geometry":{"type":"Point","coordinates":[24.63,45.36]}},{"type":"Feature","properties":{"jahr":2024,"art":"HUMAN_OBSERVATION","datensatz":null},"geometry":{"type":"Point","coordinates":[24.63,45.36]}},{"type":"Feature","properties":{"jahr":2024,"art":"HUMAN_OBSERVATION","datensatz":null},"geometry":{"type":"Point","coordinates":[24.62,45.35]}},{"type":"Feature","properties":{"jahr":2024,"art":"HUMAN_OBSERVATION","datensatz":null},"geometry":{"type":"Point","coordinates":[24.63,45.4]}},{"type":"Feature","properties":{"jahr":2024,"art":"HUMAN_OBSERVATION","datensatz":null},"geometry":{"type":"Point","coordinates":[24.64,45.36]}},{"type":"Feature","properties":{"jahr":2024,"art":"HUMAN_OBSERVATION","datensatz":null},"geometry":{"type":"Point","coordinates":[24.63,45.36]}},{"type":"Feature","properties":{"jahr":2024,"art":"HUMAN_OBSERVATION","datensatz":null},"geometry":{"type":"Point","coordinates":[25.29,45.53]}},{"type":"Feature","properties":{"jahr":2024,"art":"HUMAN_OBSERVATION","datensatz":null},"geometry":{"type":"Point","coordinates":[24.63,45.38]}},{"type":"Feature","properties":{"jahr":2024,"art":"HUMAN_OBSERVATION","datensatz":null},"geometry":{"type":"Point","coordinates":[24.62,45.35]}},{"type":"Feature","properties":{"jahr":2024,"art":"HUMAN_OBSERVATION","datensatz":null},"geometry":{"type":"Point","coordinates":[24.64,45.36]}},{"type":"Feature","properties":{"jahr":2024,"art":"HUMAN_OBSERVATION","datensatz":null},"geometry":{"type":"Point","coordinates":[24.63,45.36]}},{"type":"Feature","properties":{"jahr":2024,"art":"HUMAN_OBSERVATION","datensatz":null},"geometry":{"type":"Point","coordinates":[24.63,45.36]}},{"type":"Feature","properties":{"jahr":2024,"art":"HUMAN_OBSERVATION","datensatz":null},"geometry":{"type":"Point","coordinates":[24.63,45.45]}},{"type":"Feature","properties":{"jahr":2024,"art":"HUMAN_OBSERVATION","datensatz":null},"geometry":{"type":"Point","coordinates":[24.62,45.35]}},{"type":"Feature","properties":{"jahr":2024,"art":"HUMAN_OBSERVATION","datensatz":null},"geometry":{"type":"Point","coordinates":[24.62,45.36]}},{"type":"Feature","properties":{"jahr":2024,"art":"HUMAN_OBSERVATION","datensatz":null},"geometry":{"type":"Point","coordinates":[24.63,45.36]}},{"type":"Feature","properties":{"jahr":2024,"art":"HUMAN_OBSERVATION","datensatz":null},"geometry":{"type":"Point","coordinates":[24.63,45.36]}},{"type":"Feature","properties":{"jahr":2024,"art":"HUMAN_OBSERVATION","datensatz":null},"geometry":{"type":"Point","coordinates":[24.63,45.45]}},{"type":"Feature","properties":{"jahr":2024,"art":"HUMAN_OBSERVATION","datensatz":null},"geometry":{"type":"Point","coordinates":[25.13,45.68]}},{"type":"Feature","properties":{"jahr":2024,"art":"HUMAN_OBSERVATION","datensatz":null},"geometry":{"type":"Point","coordinates":[24.64,45.36]}},{"type":"Feature","properties":{"jahr":2024,"art":"HUMAN_OBSERVATION","datensatz":null},"geometry":{"type":"Point","coordinates":[24.62,45.35]}},{"type":"Feature","properties":{"jahr":2024,"art":"HUMAN_OBSERVATION","datensatz":null},"geometry":{"type":"Point","coordinates":[25.13,45.68]}},{"type":"Feature","properties":{"jahr":2024,"art":"HUMAN_OBSERVATION","datensatz":null},"geometry":{"type":"Point","coordinates":[25.13,45.68]}},{"type":"Feature","properties":{"jahr":2024,"art":"HUMAN_OBSERVATION","datensatz":null},"geometry":{"type":"Point","coordinates":[24.63,45.37]}},{"type":"Feature","properties":{"jahr":2024,"art":"HUMAN_OBSERVATION","datensatz":null},"geometry":{"type":"Point","coordinates":[24.58,46.7]}},{"type":"Feature","properties":{"jahr":2024,"art":"HUMAN_OBSERVATION","datensatz":null},"geometry":{"type":"Point","coordinates":[25.44,45.88]}},{"type":"Feature","properties":{"jahr":2024,"art":"HUMAN_OBSERVATION","datensatz":"iNaturalist research-grade observations"},"geometry":{"type":"Point","coordinates":[24.658,45.283]}},{"type":"Feature","properties":{"jahr":2024,"art":"HUMAN_OBSERVATION","datensatz":null},"geometry":{"type":"Point","coordinates":[25.198,45.591]}},{"type":"Feature","properties":{"jahr":2024,"art":"HUMAN_OBSERVATION","datensatz":null},"geometry":{"type":"Point","coordinates":[24.617,45.362]}},{"type":"Feature","properties":{"jahr":2024,"art":"HUMAN_OBSERVATION","datensatz":null},"geometry":{"type":"Point","coordinates":[24.57,45.82]}},{"type":"Feature","properties":{"jahr":2024,"art":"HUMAN_OBSERVATION","datensatz":"iNaturalist research-grade observations"},"geometry":{"type":"Point","coordinates":[25.018,46.256]}},{"type":"Feature","properties":{"jahr":2024,"art":"HUMAN_OBSERVATION","datensatz":"iNaturalist research-grade observations"},"geometry":{"type":"Point","coordinates":[24.63,46.29]}},{"type":"Feature","properties":{"jahr":2024,"art":"HUMAN_OBSERVATION","datensatz":"iNaturalist research-grade observations"},"geometry":{"type":"Point","coordinates":[25.541,45.577]}},{"type":"Feature","properties":{"jahr":2024,"art":"HUMAN_OBSERVATION","datensatz":"iNaturalist research-grade observations"},"geometry":{"type":"Point","coordinates":[25.035,46.204]}},{"type":"Feature","properties":{"jahr":2024,"art":"HUMAN_OBSERVATION","datensatz":"iNaturalist research-grade observations"},"geometry":{"type":"Point","coordinates":[24.036,47.753]}},{"type":"Feature","properties":{"jahr":2024,"art":"HUMAN_OBSERVATION","datensatz":"iNaturalist research-grade observations"},"geometry":{"type":"Point","coordinates":[23.59,45.223]}},{"type":"Feature","properties":{"jahr":2024,"art":"HUMAN_OBSERVATION","datensatz":"iNaturalist research-grade observations"},"geometry":{"type":"Point","coordinates":[25.98,45.411]}},{"type":"Feature","properties":{"jahr":2024,"art":"HUMAN_OBSERVATION","datensatz":"iNaturalist research-grade observations"},"geometry":{"type":"Point","coordinates":[24.452,45.683]}},{"type":"Feature","properties":{"jahr":2024,"art":"HUMAN_OBSERVATION","datensatz":"iNaturalist research-grade observations"},"geometry":{"type":"Point","coordinates":[25.427,45.251]}},{"type":"Feature","properties":{"jahr":2024,"art":"HUMAN_OBSERVATION","datensatz":"iNaturalist research-grade observations"},"geometry":{"type":"Point","coordinates":[25.155,46.533]}},{"type":"Feature","properties":{"jahr":2024,"art":"HUMAN_OBSERVATION","datensatz":null},"geometry":{"type":"Point","coordinates":[25.24,45.58]}},{"type":"Feature","properties":{"jahr":2024,"art":"HUMAN_OBSERVATION","datensatz":null},"geometry":{"type":"Point","coordinates":[24.72,46.69]}},{"type":"Feature","properties":{"jahr":2024,"art":"HUMAN_OBSERVATION","datensatz":null},"geometry":{"type":"Point","coordinates":[24.64,45.37]}},{"type":"Feature","properties":{"jahr":2024,"art":"HUMAN_OBSERVATION","datensatz":null},"geometry":{"type":"Point","coordinates":[24.63,45.4]}},{"type":"Feature","properties":{"jahr":2024,"art":"HUMAN_OBSERVATION","datensatz":"iNaturalist research-grade observations"},"geometry":{"type":"Point","coordinates":[25.261,45.474]}},{"type":"Feature","properties":{"jahr":2024,"art":"HUMAN_OBSERVATION","datensatz":"iNaturalist research-grade observations"},"geometry":{"type":"Point","coordinates":[25.044,45.43]}},{"type":"Feature","properties":{"jahr":2024,"art":"HUMAN_OBSERVATION","datensatz":"iNaturalist research-grade observations"},"geometry":{"type":"Point","coordinates":[24.781,45.727]}},{"type":"Feature","properties":{"jahr":2024,"art":"HUMAN_OBSERVATION","datensatz":null},"geometry":{"type":"Point","coordinates":[25.54,45.54]}},{"type":"Feature","properties":{"jahr":2024,"art":"HUMAN_OBSERVATION","datensatz":null},"geometry":{"type":"Point","coordinates":[24.57,45.67]}},{"type":"Feature","properties":{"jahr":2024,"art":"HUMAN_OBSERVATION","datensatz":null},"geometry":{"type":"Point","coordinates":[25.54,45.54]}},{"type":"Feature","properties":{"jahr":2024,"art":"HUMAN_OBSERVATION","datensatz":"iNaturalist research-grade observations"},"geometry":{"type":"Point","coordinates":[24.674,45.33]}},{"type":"Feature","properties":{"jahr":2024,"art":"HUMAN_OBSERVATION","datensatz":"iNaturalist research-grade observations"},"geometry":{"type":"Point","coordinates":[24.747,45.588]}},{"type":"Feature","properties":{"jahr":2024,"art":"HUMAN_OBSERVATION","datensatz":"iNaturalist research-grade observations"},"geometry":{"type":"Point","coordinates":[25.291,46.495]}},{"type":"Feature","properties":{"jahr":2024,"art":"HUMAN_OBSERVATION","datensatz":"iNaturalist research-grade observations"},"geometry":{"type":"Point","coordinates":[23.637,45.406]}},{"type":"Feature","properties":{"jahr":2024,"art":"HUMAN_OBSERVATION","datensatz":"iNaturalist research-grade observations"},"geometry":{"type":"Point","coordinates":[24.611,45.214]}},{"type":"Feature","properties":{"jahr":2024,"art":"HUMAN_OBSERVATION","datensatz":"iNaturalist research-grade observations"},"geometry":{"type":"Point","coordinates":[24.738,45.258]}},{"type":"Feature","properties":{"jahr":2024,"art":"HUMAN_OBSERVATION","datensatz":null},"geometry":{"type":"Point","coordinates":[25.17,45.69]}},{"type":"Feature","properties":{"jahr":2024,"art":"HUMAN_OBSERVATION","datensatz":null},"geometry":{"type":"Point","coordinates":[25.19,45.68]}},{"type":"Feature","properties":{"jahr":2024,"art":"HUMAN_OBSERVATION","datensatz":null},"geometry":{"type":"Point","coordinates":[25.18,45.69]}},{"type":"Feature","properties":{"jahr":2024,"art":"HUMAN_OBSERVATION","datensatz":null},"geometry":{"type":"Point","coordinates":[25.16,45.66]}},{"type":"Feature","properties":{"jahr":2024,"art":"HUMAN_OBSERVATION","datensatz":null},"geometry":{"type":"Point","coordinates":[25.17,45.66]}},{"type":"Feature","properties":{"jahr":2024,"art":"HUMAN_OBSERVATION","datensatz":null},"geometry":{"type":"Point","coordinates":[25.16,45.65]}},{"type":"Feature","properties":{"jahr":2024,"art":"HUMAN_OBSERVATION","datensatz":null},"geometry":{"type":"Point","coordinates":[25.18,45.69]}},{"type":"Feature","properties":{"jahr":2024,"art":"HUMAN_OBSERVATION","datensatz":null},"geometry":{"type":"Point","coordinates":[25.17,45.69]}},{"type":"Feature","properties":{"jahr":2024,"art":"HUMAN_OBSERVATION","datensatz":null},"geometry":{"type":"Point","coordinates":[25.19,45.68]}},{"type":"Feature","properties":{"jahr":2024,"art":"HUMAN_OBSERVATION","datensatz":null},"geometry":{"type":"Point","coordinates":[25.19,45.68]}},{"type":"Feature","properties":{"jahr":2024,"art":"HUMAN_OBSERVATION","datensatz":null},"geometry":{"type":"Point","coordinates":[25.16,45.66]}},{"type":"Feature","properties":{"jahr":2024,"art":"HUMAN_OBSERVATION","datensatz":null},"geometry":{"type":"Point","coordinates":[25.18,45.69]}},{"type":"Feature","properties":{"jahr":2024,"art":"HUMAN_OBSERVATION","datensatz":null},"geometry":{"type":"Point","coordinates":[25.18,45.69]}},{"type":"Feature","properties":{"jahr":2024,"art":"HUMAN_OBSERVATION","datensatz":null},"geometry":{"type":"Point","coordinates":[25.19,45.68]}},{"type":"Feature","properties":{"jahr":2024,"art":"HUMAN_OBSERVATION","datensatz":null},"geometry":{"type":"Point","coordinates":[25.19,45.69]}},{"type":"Feature","properties":{"jahr":2024,"art":"HUMAN_OBSERVATION","datensatz":null},"geometry":{"type":"Point","coordinates":[25.18,45.69]}},{"type":"Feature","properties":{"jahr":2024,"art":"HUMAN_OBSERVATION","datensatz":null},"geometry":{"type":"Point","coordinates":[25.18,45.67]}},{"type":"Feature","properties":{"jahr":2024,"art":"HUMAN_OBSERVATION","datensatz":null},"geometry":{"type":"Point","coordinates":[25.18,45.68]}},{"type":"Feature","properties":{"jahr":2024,"art":"HUMAN_OBSERVATION","datensatz":"iNaturalist research-grade observations"},"geometry":{"type":"Point","coordinates":[24.76,45.228]}},{"type":"Feature","properties":{"jahr":2024,"art":"HUMAN_OBSERVATION","datensatz":"iNaturalist research-grade observations"},"geometry":{"type":"Point","coordinates":[24.102,45.34]}},{"type":"Feature","properties":{"jahr":2024,"art":"HUMAN_OBSERVATION","datensatz":"iNaturalist research-grade observations"},"geometry":{"type":"Point","coordinates":[24.711,45.314]}},{"type":"Feature","properties":{"jahr":2024,"art":"HUMAN_OBSERVATION","datensatz":"iNaturalist research-grade observations"},"geometry":{"type":"Point","coordinates":[24.642,45.212]}},{"type":"Feature","properties":{"jahr":2024,"art":"HUMAN_OBSERVATION","datensatz":"iNaturalist research-grade observations"},"geometry":{"type":"Point","coordinates":[24.92,46.163]}},{"type":"Feature","properties":{"jahr":2024,"art":"HUMAN_OBSERVATION","datensatz":null},"geometry":{"type":"Point","coordinates":[24.64,45.36]}},{"type":"Feature","properties":{"jahr":2024,"art":"HUMAN_OBSERVATION","datensatz":null},"geometry":{"type":"Point","coordinates":[24.62,45.36]}},{"type":"Feature","properties":{"jahr":2024,"art":"HUMAN_OBSERVATION","datensatz":null},"geometry":{"type":"Point","coordinates":[25.77,46.07]}},{"type":"Feature","properties":{"jahr":2024,"art":"HUMAN_OBSERVATION","datensatz":null},"geometry":{"type":"Point","coordinates":[25.92,46.11]}},{"type":"Feature","properties":{"jahr":2024,"art":"HUMAN_OBSERVATION","datensatz":null},"geometry":{"type":"Point","coordinates":[24.64,45.36]}},{"type":"Feature","properties":{"jahr":2024,"art":"HUMAN_OBSERVATION","datensatz":null},"geometry":{"type":"Point","coordinates":[25.28,45.52]}},{"type":"Feature","properties":{"jahr":2024,"art":"HUMAN_OBSERVATION","datensatz":null},"geometry":{"type":"Point","coordinates":[25.92,46.11]}},{"type":"Feature","properties":{"jahr":2024,"art":"HUMAN_OBSERVATION","datensatz":null},"geometry":{"type":"Point","coordinates":[24.65,45.36]}},{"type":"Feature","properties":{"jahr":2024,"art":"HUMAN_OBSERVATION","datensatz":null},"geometry":{"type":"Point","coordinates":[24.65,45.36]}},{"type":"Feature","properties":{"jahr":2024,"art":"HUMAN_OBSERVATION","datensatz":null},"geometry":{"type":"Point","coordinates":[24.65,45.37]}},{"type":"Feature","properties":{"jahr":2024,"art":"HUMAN_OBSERVATION","datensatz":null},"geometry":{"type":"Point","coordinates":[24.58,45.67]}},{"type":"Feature","properties":{"jahr":2024,"art":"HUMAN_OBSERVATION","datensatz":null},"geometry":{"type":"Point","coordinates":[25.19,45.59]}},{"type":"Feature","properties":{"jahr":2024,"art":"HUMAN_OBSERVATION","datensatz":null},"geometry":{"type":"Point","coordinates":[24.63,45.34]}},{"type":"Feature","properties":{"jahr":2024,"art":"HUMAN_OBSERVATION","datensatz":null},"geometry":{"type":"Point","coordinates":[25.92,46.11]}},{"type":"Feature","properties":{"jahr":2024,"art":"HUMAN_OBSERVATION","datensatz":null},"geometry":{"type":"Point","coordinates":[24.58,45.67]}},{"type":"Feature","properties":{"jahr":2024,"art":"HUMAN_OBSERVATION","datensatz":null},"geometry":{"type":"Point","coordinates":[24.64,45.36]}},{"type":"Feature","properties":{"jahr":2024,"art":"HUMAN_OBSERVATION","datensatz":null},"geometry":{"type":"Point","coordinates":[24.62,45.36]}},{"type":"Feature","properties":{"jahr":2024,"art":"HUMAN_OBSERVATION","datensatz":null},"geometry":{"type":"Point","coordinates":[24.61,45.36]}},{"type":"Feature","properties":{"jahr":2024,"art":"HUMAN_OBSERVATION","datensatz":null},"geometry":{"type":"Point","coordinates":[25.19,45.59]}},{"type":"Feature","properties":{"jahr":2024,"art":"HUMAN_OBSERVATION","datensatz":"iNaturalist research-grade observations"},"geometry":{"type":"Point","coordinates":[24.793,45.484]}},{"type":"Feature","properties":{"jahr":2024,"art":"HUMAN_OBSERVATION","datensatz":"iNaturalist research-grade observations"},"geometry":{"type":"Point","coordinates":[25.195,45.632]}},{"type":"Feature","properties":{"jahr":2024,"art":"HUMAN_OBSERVATION","datensatz":null},"geometry":{"type":"Point","coordinates":[24.647,45.367]}},{"type":"Feature","properties":{"jahr":2024,"art":"HUMAN_OBSERVATION","datensatz":"iNaturalist research-grade observations"},"geometry":{"type":"Point","coordinates":[22.537,44.885]}},{"type":"Feature","properties":{"jahr":2024,"art":"HUMAN_OBSERVATION","datensatz":"iNaturalist research-grade observations"},"geometry":{"type":"Point","coordinates":[23.927,47.038]}},{"type":"Feature","properties":{"jahr":2024,"art":"HUMAN_OBSERVATION","datensatz":"iNaturalist research-grade observations"},"geometry":{"type":"Point","coordinates":[26.554,45.842]}},{"type":"Feature","properties":{"jahr":2024,"art":"HUMAN_OBSERVATION","datensatz":null},"geometry":{"type":"Point","coordinates":[24.61,45.62]}},{"type":"Feature","properties":{"jahr":2024,"art":"HUMAN_OBSERVATION","datensatz":null},"geometry":{"type":"Point","coordinates":[24.65,45.37]}},{"type":"Feature","properties":{"jahr":2024,"art":"HUMAN_OBSERVATION","datensatz":"iNaturalist research-grade observations"},"geometry":{"type":"Point","coordinates":[24.726,45.766]}},{"type":"Feature","properties":{"jahr":2024,"art":"HUMAN_OBSERVATION","datensatz":null},"geometry":{"type":"Point","coordinates":[24.64,45.36]}},{"type":"Feature","properties":{"jahr":2024,"art":"HUMAN_OBSERVATION","datensatz":"iNaturalist research-grade observations"},"geometry":{"type":"Point","coordinates":[24.612,45.511]}},{"type":"Feature","properties":{"jahr":2024,"art":"HUMAN_OBSERVATION","datensatz":"iNaturalist research-grade observations"},"geometry":{"type":"Point","coordinates":[24.617,45.29]}},{"type":"Feature","properties":{"jahr":2024,"art":"HUMAN_OBSERVATION","datensatz":"iNaturalist research-grade observations"},"geometry":{"type":"Point","coordinates":[24.611,45.319]}},{"type":"Feature","properties":{"jahr":2024,"art":"HUMAN_OBSERVATION","datensatz":"iNaturalist research-grade observations"},"geometry":{"type":"Point","coordinates":[26.357,45.869]}},{"type":"Feature","properties":{"jahr":2024,"art":"HUMAN_OBSERVATION","datensatz":"iNaturalist research-grade observations"},"geometry":{"type":"Point","coordinates":[24.692,45.348]}},{"type":"Feature","properties":{"jahr":2024,"art":"HUMAN_OBSERVATION","datensatz":"iNaturalist research-grade observations"},"geometry":{"type":"Point","coordinates":[25.583,45.361]}},{"type":"Feature","properties":{"jahr":2024,"art":"HUMAN_OBSERVATION","datensatz":"iNaturalist research-grade observations"},"geometry":{"type":"Point","coordinates":[24.556,45.773]}},{"type":"Feature","properties":{"jahr":2024,"art":"HUMAN_OBSERVATION","datensatz":"iNaturalist research-grade observations"},"geometry":{"type":"Point","coordinates":[25.492,45.957]}},{"type":"Feature","properties":{"jahr":2024,"art":"HUMAN_OBSERVATION","datensatz":"iNaturalist research-grade observations"},"geometry":{"type":"Point","coordinates":[24.679,45.787]}},{"type":"Feature","properties":{"jahr":2024,"art":"HUMAN_OBSERVATION","datensatz":"iNaturalist research-grade observations"},"geometry":{"type":"Point","coordinates":[24.071,45.733]}},{"type":"Feature","properties":{"jahr":2024,"art":"HUMAN_OBSERVATION","datensatz":"iNaturalist research-grade observations"},"geometry":{"type":"Point","coordinates":[24.879,47.664]}},{"type":"Feature","properties":{"jahr":2024,"art":"HUMAN_OBSERVATION","datensatz":"iNaturalist research-grade observations"},"geometry":{"type":"Point","coordinates":[24.129,47.469]}},{"type":"Feature","properties":{"jahr":2024,"art":"HUMAN_OBSERVATION","datensatz":"iNaturalist research-grade observations"},"geometry":{"type":"Point","coordinates":[25.102,46.588]}},{"type":"Feature","properties":{"jahr":2024,"art":"HUMAN_OBSERVATION","datensatz":null},"geometry":{"type":"Point","coordinates":[24.64,45.41]}},{"type":"Feature","properties":{"jahr":2024,"art":"HUMAN_OBSERVATION","datensatz":null},"geometry":{"type":"Point","coordinates":[24.63,45.35]}},{"type":"Feature","properties":{"jahr":2024,"art":"HUMAN_OBSERVATION","datensatz":null},"geometry":{"type":"Point","coordinates":[24.62,45.35]}},{"type":"Feature","properties":{"jahr":2024,"art":"HUMAN_OBSERVATION","datensatz":null},"geometry":{"type":"Point","coordinates":[25.41,46.42]}},{"type":"Feature","properties":{"jahr":2024,"art":"HUMAN_OBSERVATION","datensatz":null},"geometry":{"type":"Point","coordinates":[24.62,45.36]}},{"type":"Feature","properties":{"jahr":2024,"art":"HUMAN_OBSERVATION","datensatz":null},"geometry":{"type":"Point","coordinates":[25.41,46.42]}},{"type":"Feature","properties":{"jahr":2024,"art":"HUMAN_OBSERVATION","datensatz":null},"geometry":{"type":"Point","coordinates":[25.14,45.65]}},{"type":"Feature","properties":{"jahr":2024,"art":"HUMAN_OBSERVATION","datensatz":null},"geometry":{"type":"Point","coordinates":[24.62,45.41]}},{"type":"Feature","properties":{"jahr":2024,"art":"HUMAN_OBSERVATION","datensatz":null},"geometry":{"type":"Point","coordinates":[24.64,45.37]}},{"type":"Feature","properties":{"jahr":2024,"art":"HUMAN_OBSERVATION","datensatz":null},"geometry":{"type":"Point","coordinates":[25.41,46.42]}},{"type":"Feature","properties":{"jahr":2024,"art":"HUMAN_OBSERVATION","datensatz":null},"geometry":{"type":"Point","coordinates":[24.93,45.58]}},{"type":"Feature","properties":{"jahr":2024,"art":"HUMAN_OBSERVATION","datensatz":"iNaturalist research-grade observations"},"geometry":{"type":"Point","coordinates":[24.182,45.688]}},{"type":"Feature","properties":{"jahr":2024,"art":"HUMAN_OBSERVATION","datensatz":"iNaturalist research-grade observations"},"geometry":{"type":"Point","coordinates":[25.393,46.124]}},{"type":"Feature","properties":{"jahr":2024,"art":"HUMAN_OBSERVATION","datensatz":"iNaturalist research-grade observations"},"geometry":{"type":"Point","coordinates":[25.387,46.153]}},{"type":"Feature","properties":{"jahr":2024,"art":"HUMAN_OBSERVATION","datensatz":"iNaturalist research-grade observations"},"geometry":{"type":"Point","coordinates":[25.35,46.165]}},{"type":"Feature","properties":{"jahr":2024,"art":"HUMAN_OBSERVATION","datensatz":"iNaturalist research-grade observations"},"geometry":{"type":"Point","coordinates":[24.604,45.316]}},{"type":"Feature","properties":{"jahr":2024,"art":"HUMAN_OBSERVATION","datensatz":"iNaturalist research-grade observations"},"geometry":{"type":"Point","coordinates":[23.829,45.731]}},{"type":"Feature","properties":{"jahr":2024,"art":"HUMAN_OBSERVATION","datensatz":"iNaturalist research-grade observations"},"geometry":{"type":"Point","coordinates":[24.148,45.679]}},{"type":"Feature","properties":{"jahr":2024,"art":"HUMAN_OBSERVATION","datensatz":null},"geometry":{"type":"Point","coordinates":[24.59,45.66]}},{"type":"Feature","properties":{"jahr":2024,"art":"HUMAN_OBSERVATION","datensatz":null},"geometry":{"type":"Point","coordinates":[24.62,45.59]}},{"type":"Feature","properties":{"jahr":2024,"art":"HUMAN_OBSERVATION","datensatz":null},"geometry":{"type":"Point","coordinates":[26.08,46.15]}},{"type":"Feature","properties":{"jahr":2024,"art":"HUMAN_OBSERVATION","datensatz":null},"geometry":{"type":"Point","coordinates":[24.64,45.4]}},{"type":"Feature","properties":{"jahr":2024,"art":"HUMAN_OBSERVATION","datensatz":null},"geometry":{"type":"Point","coordinates":[24.63,45.45]}},{"type":"Feature","properties":{"jahr":2024,"art":"HUMAN_OBSERVATION","datensatz":null},"geometry":{"type":"Point","coordinates":[26.08,46.15]}},{"type":"Feature","properties":{"jahr":2024,"art":"HUMAN_OBSERVATION","datensatz":null},"geometry":{"type":"Point","coordinates":[24.62,45.36]}},{"type":"Feature","properties":{"jahr":2024,"art":"HUMAN_OBSERVATION","datensatz":"iNaturalist research-grade observations"},"geometry":{"type":"Point","coordinates":[23.085,45.377]}},{"type":"Feature","properties":{"jahr":2024,"art":"HUMAN_OBSERVATION","datensatz":"iNaturalist research-grade observations"},"geometry":{"type":"Point","coordinates":[24.641,45.3]}},{"type":"Feature","properties":{"jahr":2024,"art":"HUMAN_OBSERVATION","datensatz":"iNaturalist research-grade observations"},"geometry":{"type":"Point","coordinates":[24.58,45.331]}},{"type":"Feature","properties":{"jahr":2024,"art":"HUMAN_OBSERVATION","datensatz":"iNaturalist research-grade observations"},"geometry":{"type":"Point","coordinates":[22.004,44.475]}},{"type":"Feature","properties":{"jahr":2024,"art":"HUMAN_OBSERVATION","datensatz":"iNaturalist research-grade observations"},"geometry":{"type":"Point","coordinates":[24.669,45.306]}},{"type":"Feature","properties":{"jahr":2024,"art":"HUMAN_OBSERVATION","datensatz":"iNaturalist research-grade observations"},"geometry":{"type":"Point","coordinates":[24.755,45.773]}},{"type":"Feature","properties":{"jahr":2024,"art":"HUMAN_OBSERVATION","datensatz":"iNaturalist research-grade observations"},"geometry":{"type":"Point","coordinates":[24.621,45.668]}},{"type":"Feature","properties":{"jahr":2024,"art":"HUMAN_OBSERVATION","datensatz":"iNaturalist research-grade observations"},"geometry":{"type":"Point","coordinates":[24.654,45.235]}},{"type":"Feature","properties":{"jahr":2024,"art":"HUMAN_OBSERVATION","datensatz":"iNaturalist research-grade observations"},"geometry":{"type":"Point","coordinates":[24.794,45.298]}},{"type":"Feature","properties":{"jahr":2024,"art":"HUMAN_OBSERVATION","datensatz":"iNaturalist research-grade observations"},"geometry":{"type":"Point","coordinates":[24.678,45.014]}},{"type":"Feature","properties":{"jahr":2024,"art":"HUMAN_OBSERVATION","datensatz":"iNaturalist research-grade observations"},"geometry":{"type":"Point","coordinates":[25.503,46.43]}},{"type":"Feature","properties":{"jahr":2024,"art":"HUMAN_OBSERVATION","datensatz":"iNaturalist research-grade observations"},"geometry":{"type":"Point","coordinates":[24.059,45.273]}},{"type":"Feature","properties":{"jahr":2024,"art":"HUMAN_OBSERVATION","datensatz":"iNaturalist research-grade observations"},"geometry":{"type":"Point","coordinates":[24.04,45.283]}},{"type":"Feature","properties":{"jahr":2024,"art":"HUMAN_OBSERVATION","datensatz":null},"geometry":{"type":"Point","coordinates":[24.62,45.35]}},{"type":"Feature","properties":{"jahr":2024,"art":"HUMAN_OBSERVATION","datensatz":null},"geometry":{"type":"Point","coordinates":[24.65,45.37]}},{"type":"Feature","properties":{"jahr":2024,"art":"HUMAN_OBSERVATION","datensatz":null},"geometry":{"type":"Point","coordinates":[24.64,45.36]}},{"type":"Feature","properties":{"jahr":2024,"art":"HUMAN_OBSERVATION","datensatz":null},"geometry":{"type":"Point","coordinates":[24.64,45.37]}},{"type":"Feature","properties":{"jahr":2024,"art":"HUMAN_OBSERVATION","datensatz":null},"geometry":{"type":"Point","coordinates":[24.61,45.36]}},{"type":"Feature","properties":{"jahr":2024,"art":"HUMAN_OBSERVATION","datensatz":null},"geometry":{"type":"Point","coordinates":[24.62,45.45]}},{"type":"Feature","properties":{"jahr":2024,"art":"HUMAN_OBSERVATION","datensatz":null},"geometry":{"type":"Point","coordinates":[24.6,45.45]}},{"type":"Feature","properties":{"jahr":2024,"art":"HUMAN_OBSERVATION","datensatz":null},"geometry":{"type":"Point","coordinates":[24.62,45.41]}},{"type":"Feature","properties":{"jahr":2024,"art":"HUMAN_OBSERVATION","datensatz":null},"geometry":{"type":"Point","coordinates":[25.9,46.11]}},{"type":"Feature","properties":{"jahr":2024,"art":"HUMAN_OBSERVATION","datensatz":null},"geometry":{"type":"Point","coordinates":[24.61,45.36]}},{"type":"Feature","properties":{"jahr":2024,"art":"HUMAN_OBSERVATION","datensatz":"iNaturalist research-grade observations"},"geometry":{"type":"Point","coordinates":[24.776,45.483]}},{"type":"Feature","properties":{"jahr":2024,"art":"HUMAN_OBSERVATION","datensatz":"iNaturalist research-grade observations"},"geometry":{"type":"Point","coordinates":[24.74,45.406]}},{"type":"Feature","properties":{"jahr":2024,"art":"HUMAN_OBSERVATION","datensatz":"iNaturalist research-grade observations"},"geometry":{"type":"Point","coordinates":[24.694,45.216]}},{"type":"Feature","properties":{"jahr":2024,"art":"HUMAN_OBSERVATION","datensatz":"iNaturalist research-grade observations"},"geometry":{"type":"Point","coordinates":[24.797,45.496]}},{"type":"Feature","properties":{"jahr":2024,"art":"HUMAN_OBSERVATION","datensatz":"iNaturalist research-grade observations"},"geometry":{"type":"Point","coordinates":[24.703,45.5]}},{"type":"Feature","properties":{"jahr":2024,"art":"HUMAN_OBSERVATION","datensatz":"iNaturalist research-grade observations"},"geometry":{"type":"Point","coordinates":[24.647,45.272]}},{"type":"Feature","properties":{"jahr":2024,"art":"HUMAN_OBSERVATION","datensatz":null},"geometry":{"type":"Point","coordinates":[24.64,45.36]}},{"type":"Feature","properties":{"jahr":2024,"art":"HUMAN_OBSERVATION","datensatz":null},"geometry":{"type":"Point","coordinates":[24.35,45.7]}},{"type":"Feature","properties":{"jahr":2024,"art":"HUMAN_OBSERVATION","datensatz":null},"geometry":{"type":"Point","coordinates":[25.9,46.11]}},{"type":"Feature","properties":{"jahr":2024,"art":"HUMAN_OBSERVATION","datensatz":null},"geometry":{"type":"Point","coordinates":[25.25,45.61]}},{"type":"Feature","properties":{"jahr":2024,"art":"HUMAN_OBSERVATION","datensatz":null},"geometry":{"type":"Point","coordinates":[24.45,45.73]}},{"type":"Feature","properties":{"jahr":2024,"art":"HUMAN_OBSERVATION","datensatz":null},"geometry":{"type":"Point","coordinates":[24.63,45.39]}},{"type":"Feature","properties":{"jahr":2024,"art":"HUMAN_OBSERVATION","datensatz":null},"geometry":{"type":"Point","coordinates":[24.6,45.46]}},{"type":"Feature","properties":{"jahr":2024,"art":"HUMAN_OBSERVATION","datensatz":"iNaturalist research-grade observations"},"geometry":{"type":"Point","coordinates":[24.698,45.228]}},{"type":"Feature","properties":{"jahr":2024,"art":"HUMAN_OBSERVATION","datensatz":"iNaturalist research-grade observations"},"geometry":{"type":"Point","coordinates":[26.517,45.99]}},{"type":"Feature","properties":{"jahr":2024,"art":"HUMAN_OBSERVATION","datensatz":"iNaturalist research-grade observations"},"geometry":{"type":"Point","coordinates":[26.425,46.051]}},{"type":"Feature","properties":{"jahr":2024,"art":"HUMAN_OBSERVATION","datensatz":"iNaturalist research-grade observations"},"geometry":{"type":"Point","coordinates":[26.494,45.512]}},{"type":"Feature","properties":{"jahr":2024,"art":"HUMAN_OBSERVATION","datensatz":"iNaturalist research-grade observations"},"geometry":{"type":"Point","coordinates":[24.23,45.273]}},{"type":"Feature","properties":{"jahr":2024,"art":"HUMAN_OBSERVATION","datensatz":null},"geometry":{"type":"Point","coordinates":[23.37,46.64]}},{"type":"Feature","properties":{"jahr":2024,"art":"HUMAN_OBSERVATION","datensatz":"iNaturalist research-grade observations"},"geometry":{"type":"Point","coordinates":[24.706,45.371]}},{"type":"Feature","properties":{"jahr":2024,"art":"HUMAN_OBSERVATION","datensatz":"iNaturalist research-grade observations"},"geometry":{"type":"Point","coordinates":[25.412,45.257]}},{"type":"Feature","properties":{"jahr":2023,"art":"HUMAN_OBSERVATION","datensatz":"iNaturalist research-grade observations"},"geometry":{"type":"Point","coordinates":[26.774,46.049]}},{"type":"Feature","properties":{"jahr":2023,"art":"HUMAN_OBSERVATION","datensatz":"iNaturalist research-grade observations"},"geometry":{"type":"Point","coordinates":[26.568,46.165]}},{"type":"Feature","properties":{"jahr":2023,"art":"HUMAN_OBSERVATION","datensatz":null},"geometry":{"type":"Point","coordinates":[25.74,45.74]}},{"type":"Feature","properties":{"jahr":2023,"art":"HUMAN_OBSERVATION","datensatz":"iNaturalist research-grade observations"},"geometry":{"type":"Point","coordinates":[24.951,45.954]}},{"type":"Feature","properties":{"jahr":2023,"art":"HUMAN_OBSERVATION","datensatz":"iNaturalist research-grade observations"},"geometry":{"type":"Point","coordinates":[22.829,45.27]}},{"type":"Feature","properties":{"jahr":2023,"art":"HUMAN_OBSERVATION","datensatz":"iNaturalist research-grade observations"},"geometry":{"type":"Point","coordinates":[25.332,46.05]}},{"type":"Feature","properties":{"jahr":2023,"art":"HUMAN_OBSERVATION","datensatz":"iNaturalist research-grade observations"},"geometry":{"type":"Point","coordinates":[25.589,46.166]}},{"type":"Feature","properties":{"jahr":2023,"art":"HUMAN_OBSERVATION","datensatz":null},"geometry":{"type":"Point","coordinates":[25.83,46.68]}},{"type":"Feature","properties":{"jahr":2023,"art":"HUMAN_OBSERVATION","datensatz":null},"geometry":{"type":"Point","coordinates":[25.61,45.58]}},{"type":"Feature","properties":{"jahr":2023,"art":"HUMAN_OBSERVATION","datensatz":"iNaturalist research-grade observations"},"geometry":{"type":"Point","coordinates":[25.133,45.578]}},{"type":"Feature","properties":{"jahr":2023,"art":"HUMAN_OBSERVATION","datensatz":"iNaturalist research-grade observations"},"geometry":{"type":"Point","coordinates":[24.692,45.231]}},{"type":"Feature","properties":{"jahr":2023,"art":"HUMAN_OBSERVATION","datensatz":null},"geometry":{"type":"Point","coordinates":[25.73,45.73]}},{"type":"Feature","properties":{"jahr":2023,"art":"HUMAN_OBSERVATION","datensatz":null},"geometry":{"type":"Point","coordinates":[25.79,46.74]}},{"type":"Feature","properties":{"jahr":2023,"art":"HUMAN_OBSERVATION","datensatz":"iNaturalist research-grade observations"},"geometry":{"type":"Point","coordinates":[23.446,46.693]}},{"type":"Feature","properties":{"jahr":2023,"art":"HUMAN_OBSERVATION","datensatz":"iNaturalist research-grade observations"},"geometry":{"type":"Point","coordinates":[24.572,45.749]}},{"type":"Feature","properties":{"jahr":2023,"art":"HUMAN_OBSERVATION","datensatz":"iNaturalist research-grade observations"},"geometry":{"type":"Point","coordinates":[25.35,45.495]}},{"type":"Feature","properties":{"jahr":2023,"art":"HUMAN_OBSERVATION","datensatz":"iNaturalist research-grade observations"},"geometry":{"type":"Point","coordinates":[24.552,45.702]}},{"type":"Feature","properties":{"jahr":2023,"art":"HUMAN_OBSERVATION","datensatz":null},"geometry":{"type":"Point","coordinates":[25.95,46.11]}},{"type":"Feature","properties":{"jahr":2023,"art":"HUMAN_OBSERVATION","datensatz":null},"geometry":{"type":"Point","coordinates":[24.5,45.32]}},{"type":"Feature","properties":{"jahr":2023,"art":"HUMAN_OBSERVATION","datensatz":null},"geometry":{"type":"Point","coordinates":[25.95,46.11]}},{"type":"Feature","properties":{"jahr":2023,"art":"HUMAN_OBSERVATION","datensatz":null},"geometry":{"type":"Point","coordinates":[25.13,45.68]}},{"type":"Feature","properties":{"jahr":2023,"art":"HUMAN_OBSERVATION","datensatz":null},"geometry":{"type":"Point","coordinates":[25.21,45.7]}},{"type":"Feature","properties":{"jahr":2023,"art":"HUMAN_OBSERVATION","datensatz":null},"geometry":{"type":"Point","coordinates":[23.4,46.49]}},{"type":"Feature","properties":{"jahr":2023,"art":"HUMAN_OBSERVATION","datensatz":null},"geometry":{"type":"Point","coordinates":[25.27,45.52]}},{"type":"Feature","properties":{"jahr":2023,"art":"HUMAN_OBSERVATION","datensatz":null},"geometry":{"type":"Point","coordinates":[25.42,46.42]}},{"type":"Feature","properties":{"jahr":2023,"art":"HUMAN_OBSERVATION","datensatz":null},"geometry":{"type":"Point","coordinates":[25.17,45.87]}},{"type":"Feature","properties":{"jahr":2023,"art":"HUMAN_OBSERVATION","datensatz":null},"geometry":{"type":"Point","coordinates":[25.28,45.52]}},{"type":"Feature","properties":{"jahr":2023,"art":"HUMAN_OBSERVATION","datensatz":null},"geometry":{"type":"Point","coordinates":[25.27,45.52]}},{"type":"Feature","properties":{"jahr":2023,"art":"HUMAN_OBSERVATION","datensatz":null},"geometry":{"type":"Point","coordinates":[25.46,45.9]}},{"type":"Feature","properties":{"jahr":2023,"art":"HUMAN_OBSERVATION","datensatz":"iNaturalist research-grade observations"},"geometry":{"type":"Point","coordinates":[25.933,46.052]}},{"type":"Feature","properties":{"jahr":2023,"art":"HUMAN_OBSERVATION","datensatz":"iNaturalist research-grade observations"},"geometry":{"type":"Point","coordinates":[25.44,46.865]}},{"type":"Feature","properties":{"jahr":2023,"art":"HUMAN_OBSERVATION","datensatz":"iNaturalist research-grade observations"},"geometry":{"type":"Point","coordinates":[25.813,46.055]}},{"type":"Feature","properties":{"jahr":2023,"art":"HUMAN_OBSERVATION","datensatz":"iNaturalist research-grade observations"},"geometry":{"type":"Point","coordinates":[25.475,46.985]}},{"type":"Feature","properties":{"jahr":2023,"art":"HUMAN_OBSERVATION","datensatz":"iNaturalist research-grade observations"},"geometry":{"type":"Point","coordinates":[24.627,45.762]}},{"type":"Feature","properties":{"jahr":2023,"art":"HUMAN_OBSERVATION","datensatz":"iNaturalist research-grade observations"},"geometry":{"type":"Point","coordinates":[25.439,45.783]}},{"type":"Feature","properties":{"jahr":2023,"art":"HUMAN_OBSERVATION","datensatz":"iNaturalist research-grade observations"},"geometry":{"type":"Point","coordinates":[25.504,46.996]}},{"type":"Feature","properties":{"jahr":2023,"art":"HUMAN_OBSERVATION","datensatz":"iNaturalist research-grade observations"},"geometry":{"type":"Point","coordinates":[25.729,45.644]}},{"type":"Feature","properties":{"jahr":2023,"art":"HUMAN_OBSERVATION","datensatz":"iNaturalist research-grade observations"},"geometry":{"type":"Point","coordinates":[24.402,45.728]}},{"type":"Feature","properties":{"jahr":2023,"art":"HUMAN_OBSERVATION","datensatz":"iNaturalist research-grade observations"},"geometry":{"type":"Point","coordinates":[24.602,46.007]}},{"type":"Feature","properties":{"jahr":2023,"art":"HUMAN_OBSERVATION","datensatz":"iNaturalist research-grade observations"},"geometry":{"type":"Point","coordinates":[24.729,45.407]}},{"type":"Feature","properties":{"jahr":2023,"art":"HUMAN_OBSERVATION","datensatz":null},"geometry":{"type":"Point","coordinates":[25.88,46.09]}},{"type":"Feature","properties":{"jahr":2023,"art":"HUMAN_OBSERVATION","datensatz":null},"geometry":{"type":"Point","coordinates":[25.89,46.09]}},{"type":"Feature","properties":{"jahr":2023,"art":"HUMAN_OBSERVATION","datensatz":null},"geometry":{"type":"Point","coordinates":[25.89,46.09]}},{"type":"Feature","properties":{"jahr":2023,"art":"HUMAN_OBSERVATION","datensatz":null},"geometry":{"type":"Point","coordinates":[25.9,46.09]}},{"type":"Feature","properties":{"jahr":2023,"art":"HUMAN_OBSERVATION","datensatz":null},"geometry":{"type":"Point","coordinates":[25.9,46.09]}},{"type":"Feature","properties":{"jahr":2023,"art":"HUMAN_OBSERVATION","datensatz":null},"geometry":{"type":"Point","coordinates":[25.89,46.09]}},{"type":"Feature","properties":{"jahr":2023,"art":"HUMAN_OBSERVATION","datensatz":null},"geometry":{"type":"Point","coordinates":[25.89,46.08]}},{"type":"Feature","properties":{"jahr":2023,"art":"HUMAN_OBSERVATION","datensatz":"iNaturalist research-grade observations"},"geometry":{"type":"Point","coordinates":[25.81,46.016]}},{"type":"Feature","properties":{"jahr":2023,"art":"HUMAN_OBSERVATION","datensatz":null},"geometry":{"type":"Point","coordinates":[25.89,46.11]}},{"type":"Feature","properties":{"jahr":2023,"art":"HUMAN_OBSERVATION","datensatz":null},"geometry":{"type":"Point","coordinates":[24.64,45.36]}},{"type":"Feature","properties":{"jahr":2023,"art":"HUMAN_OBSERVATION","datensatz":null},"geometry":{"type":"Point","coordinates":[25.38,45.93]}},{"type":"Feature","properties":{"jahr":2023,"art":"HUMAN_OBSERVATION","datensatz":null},"geometry":{"type":"Point","coordinates":[25.89,46.1]}},{"type":"Feature","properties":{"jahr":2023,"art":"HUMAN_OBSERVATION","datensatz":null},"geometry":{"type":"Point","coordinates":[25.13,45.68]}},{"type":"Feature","properties":{"jahr":2023,"art":"HUMAN_OBSERVATION","datensatz":null},"geometry":{"type":"Point","coordinates":[24.75,46.18]}},{"type":"Feature","properties":{"jahr":2023,"art":"HUMAN_OBSERVATION","datensatz":"iNaturalist research-grade observations"},"geometry":{"type":"Point","coordinates":[25.08,45.593]}},{"type":"Feature","properties":{"jahr":2023,"art":"HUMAN_OBSERVATION","datensatz":"iNaturalist research-grade observations"},"geometry":{"type":"Point","coordinates":[26.428,46.096]}},{"type":"Feature","properties":{"jahr":2023,"art":"HUMAN_OBSERVATION","datensatz":"iNaturalist research-grade observations"},"geometry":{"type":"Point","coordinates":[26.284,46.179]}},{"type":"Feature","properties":{"jahr":2023,"art":"HUMAN_OBSERVATION","datensatz":"iNaturalist research-grade observations"},"geometry":{"type":"Point","coordinates":[25.598,45.57]}},{"type":"Feature","properties":{"jahr":2023,"art":"HUMAN_OBSERVATION","datensatz":"iNaturalist research-grade observations"},"geometry":{"type":"Point","coordinates":[25.503,45.497]}},{"type":"Feature","properties":{"jahr":2023,"art":"HUMAN_OBSERVATION","datensatz":null},"geometry":{"type":"Point","coordinates":[24.62,45.42]}},{"type":"Feature","properties":{"jahr":2023,"art":"HUMAN_OBSERVATION","datensatz":null},"geometry":{"type":"Point","coordinates":[25.92,46.13]}},{"type":"Feature","properties":{"jahr":2023,"art":"HUMAN_OBSERVATION","datensatz":null},"geometry":{"type":"Point","coordinates":[25.92,46.13]}},{"type":"Feature","properties":{"jahr":2023,"art":"HUMAN_OBSERVATION","datensatz":null},"geometry":{"type":"Point","coordinates":[25.27,45.52]}},{"type":"Feature","properties":{"jahr":2023,"art":"HUMAN_OBSERVATION","datensatz":null},"geometry":{"type":"Point","coordinates":[24.63,45.35]}},{"type":"Feature","properties":{"jahr":2023,"art":"HUMAN_OBSERVATION","datensatz":null},"geometry":{"type":"Point","coordinates":[24.64,45.36]}},{"type":"Feature","properties":{"jahr":2023,"art":"HUMAN_OBSERVATION","datensatz":null},"geometry":{"type":"Point","coordinates":[24.63,45.36]}},{"type":"Feature","properties":{"jahr":2023,"art":"HUMAN_OBSERVATION","datensatz":null},"geometry":{"type":"Point","coordinates":[24.63,45.39]}},{"type":"Feature","properties":{"jahr":2023,"art":"HUMAN_OBSERVATION","datensatz":null},"geometry":{"type":"Point","coordinates":[24.62,45.35]}},{"type":"Feature","properties":{"jahr":2023,"art":"HUMAN_OBSERVATION","datensatz":null},"geometry":{"type":"Point","coordinates":[24.63,45.38]}},{"type":"Feature","properties":{"jahr":2023,"art":"HUMAN_OBSERVATION","datensatz":null},"geometry":{"type":"Point","coordinates":[24.62,45.41]}},{"type":"Feature","properties":{"jahr":2023,"art":"HUMAN_OBSERVATION","datensatz":null},"geometry":{"type":"Point","coordinates":[25.82,46.03]}},{"type":"Feature","properties":{"jahr":2023,"art":"HUMAN_OBSERVATION","datensatz":null},"geometry":{"type":"Point","coordinates":[24.62,45.36]}},{"type":"Feature","properties":{"jahr":2023,"art":"HUMAN_OBSERVATION","datensatz":null},"geometry":{"type":"Point","coordinates":[24.63,45.34]}},{"type":"Feature","properties":{"jahr":2023,"art":"HUMAN_OBSERVATION","datensatz":null},"geometry":{"type":"Point","coordinates":[24.62,45.36]}},{"type":"Feature","properties":{"jahr":2023,"art":"HUMAN_OBSERVATION","datensatz":null},"geometry":{"type":"Point","coordinates":[24.62,45.44]}},{"type":"Feature","properties":{"jahr":2023,"art":"HUMAN_OBSERVATION","datensatz":"iNaturalist research-grade observations"},"geometry":{"type":"Point","coordinates":[26.244,45.901]}},{"type":"Feature","properties":{"jahr":2023,"art":"HUMAN_OBSERVATION","datensatz":"iNaturalist research-grade observations"},"geometry":{"type":"Point","coordinates":[24.721,45.034]}},{"type":"Feature","properties":{"jahr":2023,"art":"HUMAN_OBSERVATION","datensatz":"iNaturalist research-grade observations"},"geometry":{"type":"Point","coordinates":[24.62,45.053]}},{"type":"Feature","properties":{"jahr":2023,"art":"HUMAN_OBSERVATION","datensatz":"iNaturalist research-grade observations"},"geometry":{"type":"Point","coordinates":[24.789,45.061]}},{"type":"Feature","properties":{"jahr":2023,"art":"HUMAN_OBSERVATION","datensatz":"iNaturalist research-grade observations"},"geometry":{"type":"Point","coordinates":[26.354,45.834]}},{"type":"Feature","properties":{"jahr":2023,"art":"HUMAN_OBSERVATION","datensatz":"iNaturalist research-grade observations"},"geometry":{"type":"Point","coordinates":[24.765,45.392]}},{"type":"Feature","properties":{"jahr":2023,"art":"HUMAN_OBSERVATION","datensatz":"iNaturalist research-grade observations"},"geometry":{"type":"Point","coordinates":[24.762,45.309]}},{"type":"Feature","properties":{"jahr":2023,"art":"HUMAN_OBSERVATION","datensatz":"iNaturalist research-grade observations"},"geometry":{"type":"Point","coordinates":[24.767,45.542]}},{"type":"Feature","properties":{"jahr":2023,"art":"HUMAN_OBSERVATION","datensatz":"iNaturalist research-grade observations"},"geometry":{"type":"Point","coordinates":[25.904,46.074]}},{"type":"Feature","properties":{"jahr":2023,"art":"HUMAN_OBSERVATION","datensatz":"iNaturalist research-grade observations"},"geometry":{"type":"Point","coordinates":[24.756,45.495]}},{"type":"Feature","properties":{"jahr":2023,"art":"HUMAN_OBSERVATION","datensatz":null},"geometry":{"type":"Point","coordinates":[25.93,46.11]}},{"type":"Feature","properties":{"jahr":2023,"art":"HUMAN_OBSERVATION","datensatz":null},"geometry":{"type":"Point","coordinates":[24.63,45.34]}},{"type":"Feature","properties":{"jahr":2023,"art":"HUMAN_OBSERVATION","datensatz":null},"geometry":{"type":"Point","coordinates":[25.27,45.52]}},{"type":"Feature","properties":{"jahr":2023,"art":"HUMAN_OBSERVATION","datensatz":null},"geometry":{"type":"Point","coordinates":[25.46,45.9]}},{"type":"Feature","properties":{"jahr":2023,"art":"HUMAN_OBSERVATION","datensatz":"iNaturalist research-grade observations"},"geometry":{"type":"Point","coordinates":[24.67,45.318]}},{"type":"Feature","properties":{"jahr":2023,"art":"HUMAN_OBSERVATION","datensatz":"iNaturalist research-grade observations"},"geometry":{"type":"Point","coordinates":[24.618,45.141]}},{"type":"Feature","properties":{"jahr":2023,"art":"HUMAN_OBSERVATION","datensatz":"iNaturalist research-grade observations"},"geometry":{"type":"Point","coordinates":[24.619,45.39]}},{"type":"Feature","properties":{"jahr":2023,"art":"HUMAN_OBSERVATION","datensatz":"iNaturalist research-grade observations"},"geometry":{"type":"Point","coordinates":[24.491,45.789]}},{"type":"Feature","properties":{"jahr":2023,"art":"HUMAN_OBSERVATION","datensatz":"iNaturalist research-grade observations"},"geometry":{"type":"Point","coordinates":[24.664,45.223]}},{"type":"Feature","properties":{"jahr":2023,"art":"HUMAN_OBSERVATION","datensatz":"iNaturalist research-grade observations"},"geometry":{"type":"Point","coordinates":[24.626,45.473]}},{"type":"Feature","properties":{"jahr":2023,"art":"HUMAN_OBSERVATION","datensatz":"iNaturalist research-grade observations"},"geometry":{"type":"Point","coordinates":[24.725,45.644]}},{"type":"Feature","properties":{"jahr":2023,"art":"HUMAN_OBSERVATION","datensatz":"iNaturalist research-grade observations"},"geometry":{"type":"Point","coordinates":[24.698,45.536]}},{"type":"Feature","properties":{"jahr":2023,"art":"HUMAN_OBSERVATION","datensatz":"iNaturalist research-grade observations"},"geometry":{"type":"Point","coordinates":[24.403,45.674]}},{"type":"Feature","properties":{"jahr":2023,"art":"HUMAN_OBSERVATION","datensatz":"iNaturalist research-grade observations"},"geometry":{"type":"Point","coordinates":[24.723,45.274]}},{"type":"Feature","properties":{"jahr":2023,"art":"HUMAN_OBSERVATION","datensatz":"iNaturalist research-grade observations"},"geometry":{"type":"Point","coordinates":[24.783,45.413]}},{"type":"Feature","properties":{"jahr":2023,"art":"HUMAN_OBSERVATION","datensatz":"iNaturalist research-grade observations"},"geometry":{"type":"Point","coordinates":[24.662,45.3]}},{"type":"Feature","properties":{"jahr":2023,"art":"HUMAN_OBSERVATION","datensatz":"iNaturalist research-grade observations"},"geometry":{"type":"Point","coordinates":[24.698,45.221]}},{"type":"Feature","properties":{"jahr":2023,"art":"HUMAN_OBSERVATION","datensatz":"iNaturalist research-grade observations"},"geometry":{"type":"Point","coordinates":[24.667,45.305]}},{"type":"Feature","properties":{"jahr":2023,"art":"HUMAN_OBSERVATION","datensatz":"iNaturalist research-grade observations"},"geometry":{"type":"Point","coordinates":[24.669,45.322]}},{"type":"Feature","properties":{"jahr":2023,"art":"HUMAN_OBSERVATION","datensatz":"iNaturalist research-grade observations"},"geometry":{"type":"Point","coordinates":[25,44.72]}},{"type":"Feature","properties":{"jahr":2023,"art":"HUMAN_OBSERVATION","datensatz":"iNaturalist research-grade observations"},"geometry":{"type":"Point","coordinates":[25.427,45.723]}},{"type":"Feature","properties":{"jahr":2023,"art":"HUMAN_OBSERVATION","datensatz":"iNaturalist research-grade observations"},"geometry":{"type":"Point","coordinates":[26.084,44.605]}},{"type":"Feature","properties":{"jahr":2023,"art":"HUMAN_OBSERVATION","datensatz":"iNaturalist research-grade observations"},"geometry":{"type":"Point","coordinates":[25.998,46.092]}},{"type":"Feature","properties":{"jahr":2023,"art":"HUMAN_OBSERVATION","datensatz":"iNaturalist research-grade observations"},"geometry":{"type":"Point","coordinates":[24.184,47.575]}},{"type":"Feature","properties":{"jahr":2023,"art":"HUMAN_OBSERVATION","datensatz":"iNaturalist research-grade observations"},"geometry":{"type":"Point","coordinates":[24.279,47.408]}},{"type":"Feature","properties":{"jahr":2023,"art":"HUMAN_OBSERVATION","datensatz":null},"geometry":{"type":"Point","coordinates":[24.63,45.38]}},{"type":"Feature","properties":{"jahr":2023,"art":"HUMAN_OBSERVATION","datensatz":null},"geometry":{"type":"Point","coordinates":[26.41,45.96]}},{"type":"Feature","properties":{"jahr":2023,"art":"HUMAN_OBSERVATION","datensatz":null},"geometry":{"type":"Point","coordinates":[24.64,45.37]}},{"type":"Feature","properties":{"jahr":2023,"art":"HUMAN_OBSERVATION","datensatz":null},"geometry":{"type":"Point","coordinates":[24.65,45.37]}},{"type":"Feature","properties":{"jahr":2023,"art":"HUMAN_OBSERVATION","datensatz":null},"geometry":{"type":"Point","coordinates":[24.61,45.36]}},{"type":"Feature","properties":{"jahr":2023,"art":"HUMAN_OBSERVATION","datensatz":null},"geometry":{"type":"Point","coordinates":[24.63,45.38]}},{"type":"Feature","properties":{"jahr":2023,"art":"HUMAN_OBSERVATION","datensatz":null},"geometry":{"type":"Point","coordinates":[24.62,45.39]}},{"type":"Feature","properties":{"jahr":2023,"art":"HUMAN_OBSERVATION","datensatz":null},"geometry":{"type":"Point","coordinates":[24.64,45.36]}},{"type":"Feature","properties":{"jahr":2023,"art":"HUMAN_OBSERVATION","datensatz":null},"geometry":{"type":"Point","coordinates":[24.63,45.37]}},{"type":"Feature","properties":{"jahr":2023,"art":"HUMAN_OBSERVATION","datensatz":null},"geometry":{"type":"Point","coordinates":[24.64,45.36]}},{"type":"Feature","properties":{"jahr":2023,"art":"HUMAN_OBSERVATION","datensatz":null},"geometry":{"type":"Point","coordinates":[24.63,45.37]}},{"type":"Feature","properties":{"jahr":2023,"art":"HUMAN_OBSERVATION","datensatz":null},"geometry":{"type":"Point","coordinates":[26.42,45.96]}},{"type":"Feature","properties":{"jahr":2023,"art":"HUMAN_OBSERVATION","datensatz":"iNaturalist research-grade observations"},"geometry":{"type":"Point","coordinates":[26.578,45.989]}},{"type":"Feature","properties":{"jahr":2023,"art":"HUMAN_OBSERVATION","datensatz":"iNaturalist research-grade observations"},"geometry":{"type":"Point","coordinates":[24.737,45.282]}},{"type":"Feature","properties":{"jahr":2023,"art":"HUMAN_OBSERVATION","datensatz":"iNaturalist research-grade observations"},"geometry":{"type":"Point","coordinates":[24.784,45.348]}},{"type":"Feature","properties":{"jahr":2023,"art":"HUMAN_OBSERVATION","datensatz":null},"geometry":{"type":"Point","coordinates":[24.64,45.37]}},{"type":"Feature","properties":{"jahr":2023,"art":"HUMAN_OBSERVATION","datensatz":null},"geometry":{"type":"Point","coordinates":[24.64,45.37]}},{"type":"Feature","properties":{"jahr":2023,"art":"HUMAN_OBSERVATION","datensatz":null},"geometry":{"type":"Point","coordinates":[24.64,45.36]}},{"type":"Feature","properties":{"jahr":2023,"art":"HUMAN_OBSERVATION","datensatz":null},"geometry":{"type":"Point","coordinates":[24.63,45.39]}},{"type":"Feature","properties":{"jahr":2023,"art":"HUMAN_OBSERVATION","datensatz":null},"geometry":{"type":"Point","coordinates":[24.64,45.4]}},{"type":"Feature","properties":{"jahr":2023,"art":"HUMAN_OBSERVATION","datensatz":null},"geometry":{"type":"Point","coordinates":[25.26,45.35]}},{"type":"Feature","properties":{"jahr":2023,"art":"HUMAN_OBSERVATION","datensatz":null},"geometry":{"type":"Point","coordinates":[24.64,45.37]}},{"type":"Feature","properties":{"jahr":2023,"art":"HUMAN_OBSERVATION","datensatz":null},"geometry":{"type":"Point","coordinates":[24.64,45.36]}},{"type":"Feature","properties":{"jahr":2023,"art":"HUMAN_OBSERVATION","datensatz":null},"geometry":{"type":"Point","coordinates":[25.58,45.6]}},{"type":"Feature","properties":{"jahr":2023,"art":"HUMAN_OBSERVATION","datensatz":null},"geometry":{"type":"Point","coordinates":[24.63,45.41]}},{"type":"Feature","properties":{"jahr":2023,"art":"HUMAN_OBSERVATION","datensatz":null},"geometry":{"type":"Point","coordinates":[24.711,45.581]}},{"type":"Feature","properties":{"jahr":2023,"art":"HUMAN_OBSERVATION","datensatz":"GBIF MammalNet"},"geometry":{"type":"Point","coordinates":[24.633,45.367]}},{"type":"Feature","properties":{"jahr":2023,"art":"HUMAN_OBSERVATION","datensatz":"GBIF MammalNet"},"geometry":{"type":"Point","coordinates":[24.638,45.364]}},{"type":"Feature","properties":{"jahr":2023,"art":"HUMAN_OBSERVATION","datensatz":"GBIF MammalNet"},"geometry":{"type":"Point","coordinates":[24.645,45.366]}},{"type":"Feature","properties":{"jahr":2023,"art":"HUMAN_OBSERVATION","datensatz":"GBIF MammalNet"},"geometry":{"type":"Point","coordinates":[24.636,45.355]}},{"type":"Feature","properties":{"jahr":2023,"art":"HUMAN_OBSERVATION","datensatz":"iNaturalist research-grade observations"},"geometry":{"type":"Point","coordinates":[24.691,45.428]}},{"type":"Feature","properties":{"jahr":2023,"art":"HUMAN_OBSERVATION","datensatz":"iNaturalist research-grade observations"},"geometry":{"type":"Point","coordinates":[24.524,45.582]}},{"type":"Feature","properties":{"jahr":2023,"art":"HUMAN_OBSERVATION","datensatz":"iNaturalist research-grade observations"},"geometry":{"type":"Point","coordinates":[24.514,45.419]}},{"type":"Feature","properties":{"jahr":2023,"art":"HUMAN_OBSERVATION","datensatz":"iNaturalist research-grade observations"},"geometry":{"type":"Point","coordinates":[24.409,45.49]}},{"type":"Feature","properties":{"jahr":2023,"art":"HUMAN_OBSERVATION","datensatz":"iNaturalist research-grade observations"},"geometry":{"type":"Point","coordinates":[24.677,45.59]}},{"type":"Feature","properties":{"jahr":2023,"art":"HUMAN_OBSERVATION","datensatz":"iNaturalist research-grade observations"},"geometry":{"type":"Point","coordinates":[24.686,45.461]}},{"type":"Feature","properties":{"jahr":2023,"art":"HUMAN_OBSERVATION","datensatz":null},"geometry":{"type":"Point","coordinates":[24.59,45.47]}},{"type":"Feature","properties":{"jahr":2023,"art":"HUMAN_OBSERVATION","datensatz":null},"geometry":{"type":"Point","coordinates":[23.41,45.29]}},{"type":"Feature","properties":{"jahr":2023,"art":"HUMAN_OBSERVATION","datensatz":null},"geometry":{"type":"Point","coordinates":[24.64,45.4]}},{"type":"Feature","properties":{"jahr":2023,"art":"HUMAN_OBSERVATION","datensatz":null},"geometry":{"type":"Point","coordinates":[24.62,45.45]}},{"type":"Feature","properties":{"jahr":2023,"art":"HUMAN_OBSERVATION","datensatz":"iNaturalist research-grade observations"},"geometry":{"type":"Point","coordinates":[24.596,45.588]}},{"type":"Feature","properties":{"jahr":2023,"art":"HUMAN_OBSERVATION","datensatz":"iNaturalist research-grade observations"},"geometry":{"type":"Point","coordinates":[24.727,45.252]}},{"type":"Feature","properties":{"jahr":2023,"art":"HUMAN_OBSERVATION","datensatz":"iNaturalist research-grade observations"},"geometry":{"type":"Point","coordinates":[24.424,45.649]}},{"type":"Feature","properties":{"jahr":2023,"art":"HUMAN_OBSERVATION","datensatz":"iNaturalist research-grade observations"},"geometry":{"type":"Point","coordinates":[25.598,46.416]}},{"type":"Feature","properties":{"jahr":2023,"art":"HUMAN_OBSERVATION","datensatz":"iNaturalist research-grade observations"},"geometry":{"type":"Point","coordinates":[26.087,46.109]}},{"type":"Feature","properties":{"jahr":2023,"art":"HUMAN_OBSERVATION","datensatz":"iNaturalist research-grade observations"},"geometry":{"type":"Point","coordinates":[25.411,46.482]}},{"type":"Feature","properties":{"jahr":2023,"art":"HUMAN_OBSERVATION","datensatz":"iNaturalist research-grade observations"},"geometry":{"type":"Point","coordinates":[25.494,46.533]}},{"type":"Feature","properties":{"jahr":2023,"art":"HUMAN_OBSERVATION","datensatz":"iNaturalist research-grade observations"},"geometry":{"type":"Point","coordinates":[25.813,45.517]}},{"type":"Feature","properties":{"jahr":2023,"art":"HUMAN_OBSERVATION","datensatz":"iNaturalist research-grade observations"},"geometry":{"type":"Point","coordinates":[25.513,46.501]}},{"type":"Feature","properties":{"jahr":2023,"art":"HUMAN_OBSERVATION","datensatz":"iNaturalist research-grade observations"},"geometry":{"type":"Point","coordinates":[25.857,46.25]}},{"type":"Feature","properties":{"jahr":2023,"art":"HUMAN_OBSERVATION","datensatz":"iNaturalist research-grade observations"},"geometry":{"type":"Point","coordinates":[24.795,45.494]}},{"type":"Feature","properties":{"jahr":2023,"art":"HUMAN_OBSERVATION","datensatz":"iNaturalist research-grade observations"},"geometry":{"type":"Point","coordinates":[25.43,46.523]}},{"type":"Feature","properties":{"jahr":2023,"art":"HUMAN_OBSERVATION","datensatz":"iNaturalist research-grade observations"},"geometry":{"type":"Point","coordinates":[24.709,45.339]}},{"type":"Feature","properties":{"jahr":2023,"art":"HUMAN_OBSERVATION","datensatz":"iNaturalist research-grade observations"},"geometry":{"type":"Point","coordinates":[24.635,45.348]}},{"type":"Feature","properties":{"jahr":2023,"art":"HUMAN_OBSERVATION","datensatz":"iNaturalist research-grade observations"},"geometry":{"type":"Point","coordinates":[25.807,46.309]}},{"type":"Feature","properties":{"jahr":2023,"art":"HUMAN_OBSERVATION","datensatz":"iNaturalist research-grade observations"},"geometry":{"type":"Point","coordinates":[25.45,46.6]}},{"type":"Feature","properties":{"jahr":2023,"art":"HUMAN_OBSERVATION","datensatz":"iNaturalist research-grade observations"},"geometry":{"type":"Point","coordinates":[25.985,46.357]}},{"type":"Feature","properties":{"jahr":2023,"art":"HUMAN_OBSERVATION","datensatz":"iNaturalist research-grade observations"},"geometry":{"type":"Point","coordinates":[25.491,46.432]}},{"type":"Feature","properties":{"jahr":2023,"art":"HUMAN_OBSERVATION","datensatz":"iNaturalist research-grade observations"},"geometry":{"type":"Point","coordinates":[25.437,45.555]}},{"type":"Feature","properties":{"jahr":2023,"art":"HUMAN_OBSERVATION","datensatz":null},"geometry":{"type":"Point","coordinates":[25.94,46.2]}},{"type":"Feature","properties":{"jahr":2023,"art":"HUMAN_OBSERVATION","datensatz":null},"geometry":{"type":"Point","coordinates":[24.65,45.37]}},{"type":"Feature","properties":{"jahr":2023,"art":"HUMAN_OBSERVATION","datensatz":"iNaturalist research-grade observations"},"geometry":{"type":"Point","coordinates":[26.463,45.913]}},{"type":"Feature","properties":{"jahr":2023,"art":"HUMAN_OBSERVATION","datensatz":"iNaturalist research-grade observations"},"geometry":{"type":"Point","coordinates":[24.767,45.331]}},{"type":"Feature","properties":{"jahr":2023,"art":"HUMAN_OBSERVATION","datensatz":null},"geometry":{"type":"Point","coordinates":[24.64,45.36]}},{"type":"Feature","properties":{"jahr":2023,"art":"HUMAN_OBSERVATION","datensatz":null},"geometry":{"type":"Point","coordinates":[25.5,45.51]}},{"type":"Feature","properties":{"jahr":2023,"art":"HUMAN_OBSERVATION","datensatz":null},"geometry":{"type":"Point","coordinates":[24.58,45.66]}},{"type":"Feature","properties":{"jahr":2023,"art":"HUMAN_OBSERVATION","datensatz":null},"geometry":{"type":"Point","coordinates":[25.33,45.9]}},{"type":"Feature","properties":{"jahr":2023,"art":"HUMAN_OBSERVATION","datensatz":null},"geometry":{"type":"Point","coordinates":[24.62,45.38]}},{"type":"Feature","properties":{"jahr":2023,"art":"HUMAN_OBSERVATION","datensatz":null},"geometry":{"type":"Point","coordinates":[24.61,45.44]}},{"type":"Feature","properties":{"jahr":2023,"art":"HUMAN_OBSERVATION","datensatz":"iNaturalist research-grade observations"},"geometry":{"type":"Point","coordinates":[25.262,45.409]}},{"type":"Feature","properties":{"jahr":2023,"art":"HUMAN_OBSERVATION","datensatz":"iNaturalist research-grade observations"},"geometry":{"type":"Point","coordinates":[25.374,45.689]}},{"type":"Feature","properties":{"jahr":2023,"art":"HUMAN_OBSERVATION","datensatz":"iNaturalist research-grade observations"},"geometry":{"type":"Point","coordinates":[24.768,45.375]}},{"type":"Feature","properties":{"jahr":2023,"art":"HUMAN_OBSERVATION","datensatz":"iNaturalist research-grade observations"},"geometry":{"type":"Point","coordinates":[24.617,45.232]}},{"type":"Feature","properties":{"jahr":2023,"art":"HUMAN_OBSERVATION","datensatz":"iNaturalist research-grade observations"},"geometry":{"type":"Point","coordinates":[25.106,45.543]}},{"type":"Feature","properties":{"jahr":2023,"art":"HUMAN_OBSERVATION","datensatz":"iNaturalist research-grade observations"},"geometry":{"type":"Point","coordinates":[24.927,45.445]}},{"type":"Feature","properties":{"jahr":2023,"art":"HUMAN_OBSERVATION","datensatz":null},"geometry":{"type":"Point","coordinates":[23.82,47.17]}},{"type":"Feature","properties":{"jahr":2023,"art":"HUMAN_OBSERVATION","datensatz":"iNaturalist research-grade observations"},"geometry":{"type":"Point","coordinates":[24.243,45.22]}},{"type":"Feature","properties":{"jahr":2023,"art":"HUMAN_OBSERVATION","datensatz":"iNaturalist research-grade observations"},"geometry":{"type":"Point","coordinates":[25.935,45.88]}},{"type":"Feature","properties":{"jahr":2023,"art":"HUMAN_OBSERVATION","datensatz":"iNaturalist research-grade observations"},"geometry":{"type":"Point","coordinates":[25.37,45.587]}},{"type":"Feature","properties":{"jahr":2023,"art":"HUMAN_OBSERVATION","datensatz":null},"geometry":{"type":"Point","coordinates":[25.94,45.43]}},{"type":"Feature","properties":{"jahr":2022,"art":"HUMAN_OBSERVATION","datensatz":"iNaturalist research-grade observations"},"geometry":{"type":"Point","coordinates":[26.408,46.136]}},{"type":"Feature","properties":{"jahr":2022,"art":"HUMAN_OBSERVATION","datensatz":"iNaturalist research-grade observations"},"geometry":{"type":"Point","coordinates":[26.444,45.947]}},{"type":"Feature","properties":{"jahr":2022,"art":"HUMAN_OBSERVATION","datensatz":"iNaturalist research-grade observations"},"geometry":{"type":"Point","coordinates":[26.537,45.827]}},{"type":"Feature","properties":{"jahr":2022,"art":"HUMAN_OBSERVATION","datensatz":"iNaturalist research-grade observations"},"geometry":{"type":"Point","coordinates":[26.562,45.853]}},{"type":"Feature","properties":{"jahr":2022,"art":"HUMAN_OBSERVATION","datensatz":null},"geometry":{"type":"Point","coordinates":[25.48,45.76]}},{"type":"Feature","properties":{"jahr":2022,"art":"HUMAN_OBSERVATION","datensatz":"iNaturalist research-grade observations"},"geometry":{"type":"Point","coordinates":[25.975,46.056]}},{"type":"Feature","properties":{"jahr":2022,"art":"HUMAN_OBSERVATION","datensatz":"iNaturalist research-grade observations"},"geometry":{"type":"Point","coordinates":[25.492,46.275]}},{"type":"Feature","properties":{"jahr":2022,"art":"HUMAN_OBSERVATION","datensatz":"iNaturalist research-grade observations"},"geometry":{"type":"Point","coordinates":[25.802,45.271]}},{"type":"Feature","properties":{"jahr":2022,"art":"HUMAN_OBSERVATION","datensatz":"iNaturalist research-grade observations"},"geometry":{"type":"Point","coordinates":[25.574,45.732]}},{"type":"Feature","properties":{"jahr":2022,"art":"HUMAN_OBSERVATION","datensatz":"iNaturalist research-grade observations"},"geometry":{"type":"Point","coordinates":[24.954,45.915]}},{"type":"Feature","properties":{"jahr":2022,"art":"HUMAN_OBSERVATION","datensatz":null},"geometry":{"type":"Point","coordinates":[25.13,45.68]}},{"type":"Feature","properties":{"jahr":2022,"art":"HUMAN_OBSERVATION","datensatz":null},"geometry":{"type":"Point","coordinates":[25.13,45.68]}},{"type":"Feature","properties":{"jahr":2022,"art":"HUMAN_OBSERVATION","datensatz":null},"geometry":{"type":"Point","coordinates":[25.13,45.68]}},{"type":"Feature","properties":{"jahr":2022,"art":"HUMAN_OBSERVATION","datensatz":"iNaturalist research-grade observations"},"geometry":{"type":"Point","coordinates":[25.549,45.312]}},{"type":"Feature","properties":{"jahr":2022,"art":"HUMAN_OBSERVATION","datensatz":null},"geometry":{"type":"Point","coordinates":[25.57,46.45]}},{"type":"Feature","properties":{"jahr":2022,"art":"HUMAN_OBSERVATION","datensatz":null},"geometry":{"type":"Point","coordinates":[25.57,45.54]}},{"type":"Feature","properties":{"jahr":2022,"art":"HUMAN_OBSERVATION","datensatz":"iNaturalist research-grade observations"},"geometry":{"type":"Point","coordinates":[25.904,46.033]}},{"type":"Feature","properties":{"jahr":2022,"art":"HUMAN_OBSERVATION","datensatz":null},"geometry":{"type":"Point","coordinates":[24.613,45.475]}},{"type":"Feature","properties":{"jahr":2022,"art":"HUMAN_OBSERVATION","datensatz":"iNaturalist research-grade observations"},"geometry":{"type":"Point","coordinates":[25.088,45.786]}},{"type":"Feature","properties":{"jahr":2022,"art":"HUMAN_OBSERVATION","datensatz":"iNaturalist research-grade observations"},"geometry":{"type":"Point","coordinates":[24.706,45.363]}},{"type":"Feature","properties":{"jahr":2022,"art":"HUMAN_OBSERVATION","datensatz":"iNaturalist research-grade observations"},"geometry":{"type":"Point","coordinates":[25.102,46.017]}},{"type":"Feature","properties":{"jahr":2022,"art":"HUMAN_OBSERVATION","datensatz":"iNaturalist research-grade observations"},"geometry":{"type":"Point","coordinates":[25.037,45.79]}},{"type":"Feature","properties":{"jahr":2022,"art":"HUMAN_OBSERVATION","datensatz":"iNaturalist research-grade observations"},"geometry":{"type":"Point","coordinates":[25.547,45.799]}},{"type":"Feature","properties":{"jahr":2022,"art":"HUMAN_OBSERVATION","datensatz":"iNaturalist research-grade observations"},"geometry":{"type":"Point","coordinates":[26.114,45.225]}},{"type":"Feature","properties":{"jahr":2022,"art":"HUMAN_OBSERVATION","datensatz":"iNaturalist research-grade observations"},"geometry":{"type":"Point","coordinates":[25.093,45.792]}},{"type":"Feature","properties":{"jahr":2022,"art":"HUMAN_OBSERVATION","datensatz":"iNaturalist research-grade observations"},"geometry":{"type":"Point","coordinates":[24.744,45.277]}},{"type":"Feature","properties":{"jahr":2022,"art":"HUMAN_OBSERVATION","datensatz":"iNaturalist research-grade observations"},"geometry":{"type":"Point","coordinates":[24.707,45.34]}},{"type":"Feature","properties":{"jahr":2022,"art":"HUMAN_OBSERVATION","datensatz":"iNaturalist research-grade observations"},"geometry":{"type":"Point","coordinates":[25.167,45.695]}},{"type":"Feature","properties":{"jahr":2022,"art":"HUMAN_OBSERVATION","datensatz":"iNaturalist research-grade observations"},"geometry":{"type":"Point","coordinates":[25.067,45.75]}},{"type":"Feature","properties":{"jahr":2022,"art":"HUMAN_OBSERVATION","datensatz":null},"geometry":{"type":"Point","coordinates":[24.63,45.36]}},{"type":"Feature","properties":{"jahr":2022,"art":"HUMAN_OBSERVATION","datensatz":"iNaturalist research-grade observations"},"geometry":{"type":"Point","coordinates":[25.495,45.874]}},{"type":"Feature","properties":{"jahr":2022,"art":"HUMAN_OBSERVATION","datensatz":"iNaturalist research-grade observations"},"geometry":{"type":"Point","coordinates":[24.747,45.639]}},{"type":"Feature","properties":{"jahr":2022,"art":"HUMAN_OBSERVATION","datensatz":null},"geometry":{"type":"Point","coordinates":[25.19,45.48]}},{"type":"Feature","properties":{"jahr":2022,"art":"HUMAN_OBSERVATION","datensatz":null},"geometry":{"type":"Point","coordinates":[25.08,45.56]}},{"type":"Feature","properties":{"jahr":2022,"art":"HUMAN_OBSERVATION","datensatz":null},"geometry":{"type":"Point","coordinates":[25.08,45.56]}},{"type":"Feature","properties":{"jahr":2022,"art":"HUMAN_OBSERVATION","datensatz":null},"geometry":{"type":"Point","coordinates":[25.41,46.47]}},{"type":"Feature","properties":{"jahr":2022,"art":"HUMAN_OBSERVATION","datensatz":null},"geometry":{"type":"Point","coordinates":[25.41,46.47]}},{"type":"Feature","properties":{"jahr":2022,"art":"HUMAN_OBSERVATION","datensatz":null},"geometry":{"type":"Point","coordinates":[25.41,46.46]}},{"type":"Feature","properties":{"jahr":2022,"art":"HUMAN_OBSERVATION","datensatz":null},"geometry":{"type":"Point","coordinates":[24.62,45.36]}},{"type":"Feature","properties":{"jahr":2022,"art":"HUMAN_OBSERVATION","datensatz":null},"geometry":{"type":"Point","coordinates":[24.62,45.36]}},{"type":"Feature","properties":{"jahr":2022,"art":"HUMAN_OBSERVATION","datensatz":null},"geometry":{"type":"Point","coordinates":[24.62,45.44]}},{"type":"Feature","properties":{"jahr":2022,"art":"HUMAN_OBSERVATION","datensatz":null},"geometry":{"type":"Point","coordinates":[24.62,45.36]}},{"type":"Feature","properties":{"jahr":2022,"art":"HUMAN_OBSERVATION","datensatz":"iNaturalist research-grade observations"},"geometry":{"type":"Point","coordinates":[25.963,46.128]}},{"type":"Feature","properties":{"jahr":2022,"art":"HUMAN_OBSERVATION","datensatz":"iNaturalist research-grade observations"},"geometry":{"type":"Point","coordinates":[24.63,45.391]}},{"type":"Feature","properties":{"jahr":2022,"art":"HUMAN_OBSERVATION","datensatz":"iNaturalist research-grade observations"},"geometry":{"type":"Point","coordinates":[24.722,45.782]}},{"type":"Feature","properties":{"jahr":2022,"art":"HUMAN_OBSERVATION","datensatz":null},"geometry":{"type":"Point","coordinates":[24.62,45.45]}},{"type":"Feature","properties":{"jahr":2022,"art":"HUMAN_OBSERVATION","datensatz":"iNaturalist research-grade observations"},"geometry":{"type":"Point","coordinates":[25.241,45.427]}},{"type":"Feature","properties":{"jahr":2022,"art":"HUMAN_OBSERVATION","datensatz":"iNaturalist research-grade observations"},"geometry":{"type":"Point","coordinates":[26.524,46.201]}},{"type":"Feature","properties":{"jahr":2022,"art":"HUMAN_OBSERVATION","datensatz":"iNaturalist research-grade observations"},"geometry":{"type":"Point","coordinates":[26.536,46.267]}},{"type":"Feature","properties":{"jahr":2022,"art":"HUMAN_OBSERVATION","datensatz":"iNaturalist research-grade observations"},"geometry":{"type":"Point","coordinates":[24.651,45.32]}},{"type":"Feature","properties":{"jahr":2022,"art":"HUMAN_OBSERVATION","datensatz":"iNaturalist research-grade observations"},"geometry":{"type":"Point","coordinates":[22.991,45.364]}},{"type":"Feature","properties":{"jahr":2022,"art":"HUMAN_OBSERVATION","datensatz":"iNaturalist research-grade observations"},"geometry":{"type":"Point","coordinates":[24.781,45.21]}},{"type":"Feature","properties":{"jahr":2022,"art":"HUMAN_OBSERVATION","datensatz":"iNaturalist research-grade observations"},"geometry":{"type":"Point","coordinates":[24.494,45.445]}},{"type":"Feature","properties":{"jahr":2022,"art":"HUMAN_OBSERVATION","datensatz":"iNaturalist research-grade observations"},"geometry":{"type":"Point","coordinates":[24.787,45.297]}},{"type":"Feature","properties":{"jahr":2022,"art":"HUMAN_OBSERVATION","datensatz":"iNaturalist research-grade observations"},"geometry":{"type":"Point","coordinates":[24.783,45.645]}},{"type":"Feature","properties":{"jahr":2022,"art":"HUMAN_OBSERVATION","datensatz":"iNaturalist research-grade observations"},"geometry":{"type":"Point","coordinates":[24.642,45.293]}},{"type":"Feature","properties":{"jahr":2022,"art":"HUMAN_OBSERVATION","datensatz":"iNaturalist research-grade observations"},"geometry":{"type":"Point","coordinates":[25.595,45.376]}},{"type":"Feature","properties":{"jahr":2022,"art":"HUMAN_OBSERVATION","datensatz":"iNaturalist research-grade observations"},"geometry":{"type":"Point","coordinates":[24.799,45.317]}},{"type":"Feature","properties":{"jahr":2022,"art":"HUMAN_OBSERVATION","datensatz":"iNaturalist research-grade observations"},"geometry":{"type":"Point","coordinates":[24.775,45.521]}},{"type":"Feature","properties":{"jahr":2022,"art":"HUMAN_OBSERVATION","datensatz":"iNaturalist research-grade observations"},"geometry":{"type":"Point","coordinates":[25.04,45.401]}},{"type":"Feature","properties":{"jahr":2022,"art":"HUMAN_OBSERVATION","datensatz":"iNaturalist research-grade observations"},"geometry":{"type":"Point","coordinates":[24.714,45.326]}},{"type":"Feature","properties":{"jahr":2022,"art":"HUMAN_OBSERVATION","datensatz":"iNaturalist research-grade observations"},"geometry":{"type":"Point","coordinates":[24.653,45.306]}},{"type":"Feature","properties":{"jahr":2022,"art":"HUMAN_OBSERVATION","datensatz":"iNaturalist research-grade observations"},"geometry":{"type":"Point","coordinates":[25.994,45.858]}},{"type":"Feature","properties":{"jahr":2022,"art":"HUMAN_OBSERVATION","datensatz":"iNaturalist research-grade observations"},"geometry":{"type":"Point","coordinates":[25.6,45.278]}},{"type":"Feature","properties":{"jahr":2022,"art":"HUMAN_OBSERVATION","datensatz":null},"geometry":{"type":"Point","coordinates":[24.63,45.35]}},{"type":"Feature","properties":{"jahr":2022,"art":"HUMAN_OBSERVATION","datensatz":null},"geometry":{"type":"Point","coordinates":[24.61,45.36]}},{"type":"Feature","properties":{"jahr":2022,"art":"HUMAN_OBSERVATION","datensatz":"iNaturalist research-grade observations"},"geometry":{"type":"Point","coordinates":[24.87,46.086]}},{"type":"Feature","properties":{"jahr":2022,"art":"HUMAN_OBSERVATION","datensatz":"iNaturalist research-grade observations"},"geometry":{"type":"Point","coordinates":[23.354,45.221]}},{"type":"Feature","properties":{"jahr":2022,"art":"HUMAN_OBSERVATION","datensatz":null},"geometry":{"type":"Point","coordinates":[25.13,45.68]}},{"type":"Feature","properties":{"jahr":2022,"art":"HUMAN_OBSERVATION","datensatz":"iNaturalist research-grade observations"},"geometry":{"type":"Point","coordinates":[24.634,45.357]}},{"type":"Feature","properties":{"jahr":2022,"art":"HUMAN_OBSERVATION","datensatz":null},"geometry":{"type":"Point","coordinates":[25.59,45.64]}},{"type":"Feature","properties":{"jahr":2022,"art":"HUMAN_OBSERVATION","datensatz":"iNaturalist research-grade observations"},"geometry":{"type":"Point","coordinates":[25.362,45.65]}},{"type":"Feature","properties":{"jahr":2022,"art":"HUMAN_OBSERVATION","datensatz":"iNaturalist research-grade observations"},"geometry":{"type":"Point","coordinates":[24.663,45.245]}},{"type":"Feature","properties":{"jahr":2022,"art":"HUMAN_OBSERVATION","datensatz":"iNaturalist research-grade observations"},"geometry":{"type":"Point","coordinates":[26.593,45.96]}},{"type":"Feature","properties":{"jahr":2022,"art":"HUMAN_OBSERVATION","datensatz":"iNaturalist research-grade observations"},"geometry":{"type":"Point","coordinates":[25.75,45.524]}},{"type":"Feature","properties":{"jahr":2022,"art":"HUMAN_OBSERVATION","datensatz":"iNaturalist research-grade observations"},"geometry":{"type":"Point","coordinates":[25.672,45.538]}},{"type":"Feature","properties":{"jahr":2022,"art":"HUMAN_OBSERVATION","datensatz":null},"geometry":{"type":"Point","coordinates":[25.16,45.66]}},{"type":"Feature","properties":{"jahr":2021,"art":"HUMAN_OBSERVATION","datensatz":null},"geometry":{"type":"Point","coordinates":[25.25,46.41]}},{"type":"Feature","properties":{"jahr":2021,"art":"HUMAN_OBSERVATION","datensatz":"iNaturalist research-grade observations"},"geometry":{"type":"Point","coordinates":[25.763,45.774]}},{"type":"Feature","properties":{"jahr":2021,"art":"HUMAN_OBSERVATION","datensatz":"iNaturalist research-grade observations"},"geometry":{"type":"Point","coordinates":[25.92,46.175]}},{"type":"Feature","properties":{"jahr":2021,"art":"HUMAN_OBSERVATION","datensatz":"iNaturalist research-grade observations"},"geometry":{"type":"Point","coordinates":[23.536,45.241]}},{"type":"Feature","properties":{"jahr":2021,"art":"HUMAN_OBSERVATION","datensatz":"iNaturalist research-grade observations"},"geometry":{"type":"Point","coordinates":[25.245,46.171]}},{"type":"Feature","properties":{"jahr":2021,"art":"HUMAN_OBSERVATION","datensatz":"iNaturalist research-grade observations"},"geometry":{"type":"Point","coordinates":[25.722,44.872]}},{"type":"Feature","properties":{"jahr":2021,"art":"HUMAN_OBSERVATION","datensatz":"iNaturalist research-grade observations"},"geometry":{"type":"Point","coordinates":[26.781,45.536]}},{"type":"Feature","properties":{"jahr":2021,"art":"HUMAN_OBSERVATION","datensatz":"iNaturalist research-grade observations"},"geometry":{"type":"Point","coordinates":[25.083,46.58]}},{"type":"Feature","properties":{"jahr":2021,"art":"HUMAN_OBSERVATION","datensatz":"iNaturalist research-grade observations"},"geometry":{"type":"Point","coordinates":[26.364,45.898]}},{"type":"Feature","properties":{"jahr":2021,"art":"HUMAN_OBSERVATION","datensatz":"iNaturalist research-grade observations"},"geometry":{"type":"Point","coordinates":[26.508,45.871]}},{"type":"Feature","properties":{"jahr":2021,"art":"HUMAN_OBSERVATION","datensatz":"iNaturalist research-grade observations"},"geometry":{"type":"Point","coordinates":[26.576,45.892]}},{"type":"Feature","properties":{"jahr":2021,"art":"HUMAN_OBSERVATION","datensatz":"iNaturalist research-grade observations"},"geometry":{"type":"Point","coordinates":[24.766,45.223]}},{"type":"Feature","properties":{"jahr":2021,"art":"HUMAN_OBSERVATION","datensatz":"iNaturalist research-grade observations"},"geometry":{"type":"Point","coordinates":[24.678,45.52]}},{"type":"Feature","properties":{"jahr":2021,"art":"HUMAN_OBSERVATION","datensatz":"iNaturalist research-grade observations"},"geometry":{"type":"Point","coordinates":[25.203,45.465]}},{"type":"Feature","properties":{"jahr":2021,"art":"HUMAN_OBSERVATION","datensatz":null},"geometry":{"type":"Point","coordinates":[25.02,46.56]}},{"type":"Feature","properties":{"jahr":2021,"art":"HUMAN_OBSERVATION","datensatz":null},"geometry":{"type":"Point","coordinates":[25.92,46.12]}},{"type":"Feature","properties":{"jahr":2021,"art":"HUMAN_OBSERVATION","datensatz":null},"geometry":{"type":"Point","coordinates":[25.05,46.56]}},{"type":"Feature","properties":{"jahr":2021,"art":"HUMAN_OBSERVATION","datensatz":null},"geometry":{"type":"Point","coordinates":[25.89,46.09]}},{"type":"Feature","properties":{"jahr":2021,"art":"HUMAN_OBSERVATION","datensatz":null},"geometry":{"type":"Point","coordinates":[24.99,46.54]}},{"type":"Feature","properties":{"jahr":2021,"art":"HUMAN_OBSERVATION","datensatz":null},"geometry":{"type":"Point","coordinates":[24.99,46.54]}},{"type":"Feature","properties":{"jahr":2021,"art":"HUMAN_OBSERVATION","datensatz":null},"geometry":{"type":"Point","coordinates":[26.4,45.96]}},{"type":"Feature","properties":{"jahr":2021,"art":"HUMAN_OBSERVATION","datensatz":null},"geometry":{"type":"Point","coordinates":[25.03,46.56]}},{"type":"Feature","properties":{"jahr":2021,"art":"HUMAN_OBSERVATION","datensatz":null},"geometry":{"type":"Point","coordinates":[25.02,46.56]}},{"type":"Feature","properties":{"jahr":2021,"art":"HUMAN_OBSERVATION","datensatz":"iNaturalist research-grade observations"},"geometry":{"type":"Point","coordinates":[25.827,46.058]}},{"type":"Feature","properties":{"jahr":2021,"art":"HUMAN_OBSERVATION","datensatz":null},"geometry":{"type":"Point","coordinates":[25.4,45.69]}},{"type":"Feature","properties":{"jahr":2021,"art":"HUMAN_OBSERVATION","datensatz":"iNaturalist research-grade observations"},"geometry":{"type":"Point","coordinates":[24.717,45.324]}},{"type":"Feature","properties":{"jahr":2021,"art":"HUMAN_OBSERVATION","datensatz":"iNaturalist research-grade observations"},"geometry":{"type":"Point","coordinates":[24.8,45.344]}},{"type":"Feature","properties":{"jahr":2021,"art":"HUMAN_OBSERVATION","datensatz":"iNaturalist research-grade observations"},"geometry":{"type":"Point","coordinates":[24.676,45.282]}},{"type":"Feature","properties":{"jahr":2021,"art":"HUMAN_OBSERVATION","datensatz":"iNaturalist research-grade observations"},"geometry":{"type":"Point","coordinates":[24.766,45.295]}},{"type":"Feature","properties":{"jahr":2021,"art":"HUMAN_OBSERVATION","datensatz":"iNaturalist research-grade observations"},"geometry":{"type":"Point","coordinates":[24.64,45.391]}},{"type":"Feature","properties":{"jahr":2021,"art":"HUMAN_OBSERVATION","datensatz":"iNaturalist research-grade observations"},"geometry":{"type":"Point","coordinates":[24.693,45.372]}},{"type":"Feature","properties":{"jahr":2021,"art":"HUMAN_OBSERVATION","datensatz":"iNaturalist research-grade observations"},"geometry":{"type":"Point","coordinates":[24.685,45.267]}},{"type":"Feature","properties":{"jahr":2021,"art":"HUMAN_OBSERVATION","datensatz":"iNaturalist research-grade observations"},"geometry":{"type":"Point","coordinates":[24.741,45.398]}},{"type":"Feature","properties":{"jahr":2021,"art":"HUMAN_OBSERVATION","datensatz":"iNaturalist research-grade observations"},"geometry":{"type":"Point","coordinates":[24.651,45.209]}},{"type":"Feature","properties":{"jahr":2021,"art":"HUMAN_OBSERVATION","datensatz":"iNaturalist research-grade observations"},"geometry":{"type":"Point","coordinates":[24.604,45.224]}},{"type":"Feature","properties":{"jahr":2021,"art":"HUMAN_OBSERVATION","datensatz":null},"geometry":{"type":"Point","coordinates":[24.62,45.45]}},{"type":"Feature","properties":{"jahr":2021,"art":"HUMAN_OBSERVATION","datensatz":null},"geometry":{"type":"Point","coordinates":[26.69,45.77]}},{"type":"Feature","properties":{"jahr":2021,"art":"HUMAN_OBSERVATION","datensatz":"iNaturalist research-grade observations"},"geometry":{"type":"Point","coordinates":[25.91,46.042]}},{"type":"Feature","properties":{"jahr":2021,"art":"HUMAN_OBSERVATION","datensatz":"iNaturalist research-grade observations"},"geometry":{"type":"Point","coordinates":[25.838,45.207]}},{"type":"Feature","properties":{"jahr":2021,"art":"HUMAN_OBSERVATION","datensatz":"iNaturalist research-grade observations"},"geometry":{"type":"Point","coordinates":[26.41,45.964]}},{"type":"Feature","properties":{"jahr":2021,"art":"HUMAN_OBSERVATION","datensatz":"iNaturalist research-grade observations"},"geometry":{"type":"Point","coordinates":[26.491,45.875]}},{"type":"Feature","properties":{"jahr":2021,"art":"HUMAN_OBSERVATION","datensatz":"iNaturalist research-grade observations"},"geometry":{"type":"Point","coordinates":[24.697,45.488]}},{"type":"Feature","properties":{"jahr":2021,"art":"HUMAN_OBSERVATION","datensatz":"iNaturalist research-grade observations"},"geometry":{"type":"Point","coordinates":[26.483,45.815]}},{"type":"Feature","properties":{"jahr":2021,"art":"HUMAN_OBSERVATION","datensatz":"iNaturalist research-grade observations"},"geometry":{"type":"Point","coordinates":[25.546,45.474]}},{"type":"Feature","properties":{"jahr":2021,"art":"HUMAN_OBSERVATION","datensatz":"iNaturalist research-grade observations"},"geometry":{"type":"Point","coordinates":[25.196,47.11]}},{"type":"Feature","properties":{"jahr":2021,"art":"HUMAN_OBSERVATION","datensatz":"iNaturalist research-grade observations"},"geometry":{"type":"Point","coordinates":[25.051,47.169]}},{"type":"Feature","properties":{"jahr":2021,"art":"HUMAN_OBSERVATION","datensatz":"iNaturalist research-grade observations"},"geometry":{"type":"Point","coordinates":[25.056,47.137]}},{"type":"Feature","properties":{"jahr":2021,"art":"HUMAN_OBSERVATION","datensatz":null},"geometry":{"type":"Point","coordinates":[25.26,46.96]}},{"type":"Feature","properties":{"jahr":2021,"art":"HUMAN_OBSERVATION","datensatz":null},"geometry":{"type":"Point","coordinates":[24.62,45.36]}},{"type":"Feature","properties":{"jahr":2021,"art":"HUMAN_OBSERVATION","datensatz":null},"geometry":{"type":"Point","coordinates":[24.64,45.36]}},{"type":"Feature","properties":{"jahr":2021,"art":"HUMAN_OBSERVATION","datensatz":null},"geometry":{"type":"Point","coordinates":[25.38,45.4]}},{"type":"Feature","properties":{"jahr":2021,"art":"HUMAN_OBSERVATION","datensatz":null},"geometry":{"type":"Point","coordinates":[25.46,45.9]}},{"type":"Feature","properties":{"jahr":2021,"art":"HUMAN_OBSERVATION","datensatz":"iNaturalist research-grade observations"},"geometry":{"type":"Point","coordinates":[25.243,46.008]}},{"type":"Feature","properties":{"jahr":2021,"art":"HUMAN_OBSERVATION","datensatz":"iNaturalist research-grade observations"},"geometry":{"type":"Point","coordinates":[25.274,46.149]}},{"type":"Feature","properties":{"jahr":2021,"art":"HUMAN_OBSERVATION","datensatz":"iNaturalist research-grade observations"},"geometry":{"type":"Point","coordinates":[25.231,46.142]}},{"type":"Feature","properties":{"jahr":2021,"art":"HUMAN_OBSERVATION","datensatz":"iNaturalist research-grade observations"},"geometry":{"type":"Point","coordinates":[25.387,46.08]}},{"type":"Feature","properties":{"jahr":2021,"art":"HUMAN_OBSERVATION","datensatz":null},"geometry":{"type":"Point","coordinates":[25.67,45.71]}},{"type":"Feature","properties":{"jahr":2021,"art":"HUMAN_OBSERVATION","datensatz":null},"geometry":{"type":"Point","coordinates":[24.6,45.45]}},{"type":"Feature","properties":{"jahr":2021,"art":"HUMAN_OBSERVATION","datensatz":"iNaturalist research-grade observations"},"geometry":{"type":"Point","coordinates":[26.568,45.98]}},{"type":"Feature","properties":{"jahr":2021,"art":"HUMAN_OBSERVATION","datensatz":"iNaturalist research-grade observations"},"geometry":{"type":"Point","coordinates":[24.747,45.366]}},{"type":"Feature","properties":{"jahr":2021,"art":"HUMAN_OBSERVATION","datensatz":"iNaturalist research-grade observations"},"geometry":{"type":"Point","coordinates":[24.796,45.287]}},{"type":"Feature","properties":{"jahr":2021,"art":"HUMAN_OBSERVATION","datensatz":"iNaturalist research-grade observations"},"geometry":{"type":"Point","coordinates":[24.639,45.256]}},{"type":"Feature","properties":{"jahr":2021,"art":"HUMAN_OBSERVATION","datensatz":"iNaturalist research-grade observations"},"geometry":{"type":"Point","coordinates":[24.588,45.434]}},{"type":"Feature","properties":{"jahr":2021,"art":"HUMAN_OBSERVATION","datensatz":"iNaturalist research-grade observations"},"geometry":{"type":"Point","coordinates":[24.758,45.537]}},{"type":"Feature","properties":{"jahr":2021,"art":"HUMAN_OBSERVATION","datensatz":"iNaturalist research-grade observations"},"geometry":{"type":"Point","coordinates":[24.716,45.311]}},{"type":"Feature","properties":{"jahr":2021,"art":"HUMAN_OBSERVATION","datensatz":"iNaturalist research-grade observations"},"geometry":{"type":"Point","coordinates":[24.776,45.469]}},{"type":"Feature","properties":{"jahr":2021,"art":"HUMAN_OBSERVATION","datensatz":"iNaturalist research-grade observations"},"geometry":{"type":"Point","coordinates":[24.743,45.58]}},{"type":"Feature","properties":{"jahr":2021,"art":"HUMAN_OBSERVATION","datensatz":"iNaturalist research-grade observations"},"geometry":{"type":"Point","coordinates":[25.187,45.463]}},{"type":"Feature","properties":{"jahr":2021,"art":"HUMAN_OBSERVATION","datensatz":"iNaturalist research-grade observations"},"geometry":{"type":"Point","coordinates":[24.786,45.585]}},{"type":"Feature","properties":{"jahr":2021,"art":"HUMAN_OBSERVATION","datensatz":"iNaturalist research-grade observations"},"geometry":{"type":"Point","coordinates":[25.803,46.352]}},{"type":"Feature","properties":{"jahr":2021,"art":"HUMAN_OBSERVATION","datensatz":"iNaturalist research-grade observations"},"geometry":{"type":"Point","coordinates":[25.856,46.131]}},{"type":"Feature","properties":{"jahr":2021,"art":"HUMAN_OBSERVATION","datensatz":"iNaturalist research-grade observations"},"geometry":{"type":"Point","coordinates":[26.58,45.984]}},{"type":"Feature","properties":{"jahr":2021,"art":"HUMAN_OBSERVATION","datensatz":null},"geometry":{"type":"Point","coordinates":[25.94,46.11]}},{"type":"Feature","properties":{"jahr":2021,"art":"HUMAN_OBSERVATION","datensatz":null},"geometry":{"type":"Point","coordinates":[25.94,46.11]}},{"type":"Feature","properties":{"jahr":2021,"art":"HUMAN_OBSERVATION","datensatz":null},"geometry":{"type":"Point","coordinates":[24.62,45.36]}},{"type":"Feature","properties":{"jahr":2021,"art":"HUMAN_OBSERVATION","datensatz":null},"geometry":{"type":"Point","coordinates":[25.92,46.12]}},{"type":"Feature","properties":{"jahr":2021,"art":"HUMAN_OBSERVATION","datensatz":"iNaturalist research-grade observations"},"geometry":{"type":"Point","coordinates":[25.57,45.172]}},{"type":"Feature","properties":{"jahr":2021,"art":"HUMAN_OBSERVATION","datensatz":null},"geometry":{"type":"Point","coordinates":[25.9,47.84]}},{"type":"Feature","properties":{"jahr":2021,"art":"HUMAN_OBSERVATION","datensatz":"iNaturalist research-grade observations"},"geometry":{"type":"Point","coordinates":[24.752,45.255]}},{"type":"Feature","properties":{"jahr":2021,"art":"HUMAN_OBSERVATION","datensatz":"iNaturalist research-grade observations"},"geometry":{"type":"Point","coordinates":[24.712,45.331]}},{"type":"Feature","properties":{"jahr":2021,"art":"HUMAN_OBSERVATION","datensatz":"iNaturalist research-grade observations"},"geometry":{"type":"Point","coordinates":[25.002,45.496]}},{"type":"Feature","properties":{"jahr":2021,"art":"HUMAN_OBSERVATION","datensatz":"iNaturalist research-grade observations"},"geometry":{"type":"Point","coordinates":[25.564,45.564]}},{"type":"Feature","properties":{"jahr":2021,"art":"HUMAN_OBSERVATION","datensatz":"iNaturalist research-grade observations"},"geometry":{"type":"Point","coordinates":[25.338,45.578]}},{"type":"Feature","properties":{"jahr":2021,"art":"HUMAN_OBSERVATION","datensatz":null},"geometry":{"type":"Point","coordinates":[24.63,45.4]}},{"type":"Feature","properties":{"jahr":2021,"art":"HUMAN_OBSERVATION","datensatz":null},"geometry":{"type":"Point","coordinates":[25.55,46.48]}},{"type":"Feature","properties":{"jahr":2021,"art":"HUMAN_OBSERVATION","datensatz":null},"geometry":{"type":"Point","coordinates":[22.87,46.63]}},{"type":"Feature","properties":{"jahr":2021,"art":"HUMAN_OBSERVATION","datensatz":null},"geometry":{"type":"Point","coordinates":[25.41,46.46]}},{"type":"Feature","properties":{"jahr":2020,"art":"HUMAN_OBSERVATION","datensatz":null},"geometry":{"type":"Point","coordinates":[25.49,46.42]}},{"type":"Feature","properties":{"jahr":2020,"art":"HUMAN_OBSERVATION","datensatz":null},"geometry":{"type":"Point","coordinates":[25.16,46.96]}},{"type":"Feature","properties":{"jahr":2020,"art":"HUMAN_OBSERVATION","datensatz":"iNaturalist research-grade observations"},"geometry":{"type":"Point","coordinates":[25.832,46.036]}},{"type":"Feature","properties":{"jahr":2020,"art":"HUMAN_OBSERVATION","datensatz":null},"geometry":{"type":"Point","coordinates":[22.99,45.39]}},{"type":"Feature","properties":{"jahr":2020,"art":"HUMAN_OBSERVATION","datensatz":null},"geometry":{"type":"Point","coordinates":[22.95,45.38]}},{"type":"Feature","properties":{"jahr":2020,"art":"HUMAN_OBSERVATION","datensatz":null},"geometry":{"type":"Point","coordinates":[25.58,45.61]}},{"type":"Feature","properties":{"jahr":2020,"art":"HUMAN_OBSERVATION","datensatz":null},"geometry":{"type":"Point","coordinates":[22.95,45.38]}},{"type":"Feature","properties":{"jahr":2020,"art":"HUMAN_OBSERVATION","datensatz":"iNaturalist research-grade observations"},"geometry":{"type":"Point","coordinates":[25.098,46.532]}},{"type":"Feature","properties":{"jahr":2020,"art":"HUMAN_OBSERVATION","datensatz":"iNaturalist research-grade observations"},"geometry":{"type":"Point","coordinates":[25.532,45.5]}},{"type":"Feature","properties":{"jahr":2020,"art":"HUMAN_OBSERVATION","datensatz":"iNaturalist research-grade observations"},"geometry":{"type":"Point","coordinates":[25.453,45.533]}},{"type":"Feature","properties":{"jahr":2020,"art":"HUMAN_OBSERVATION","datensatz":"iNaturalist research-grade observations"},"geometry":{"type":"Point","coordinates":[26.787,45.985]}},{"type":"Feature","properties":{"jahr":2020,"art":"HUMAN_OBSERVATION","datensatz":"iNaturalist research-grade observations"},"geometry":{"type":"Point","coordinates":[24.624,45.279]}},{"type":"Feature","properties":{"jahr":2020,"art":"HUMAN_OBSERVATION","datensatz":"iNaturalist research-grade observations"},"geometry":{"type":"Point","coordinates":[24.783,45.387]}},{"type":"Feature","properties":{"jahr":2020,"art":"HUMAN_OBSERVATION","datensatz":null},"geometry":{"type":"Point","coordinates":[24.98,46.54]}},{"type":"Feature","properties":{"jahr":2020,"art":"HUMAN_OBSERVATION","datensatz":null},"geometry":{"type":"Point","coordinates":[22.85,45.32]}},{"type":"Feature","properties":{"jahr":2020,"art":"HUMAN_OBSERVATION","datensatz":null},"geometry":{"type":"Point","coordinates":[25.03,46.57]}},{"type":"Feature","properties":{"jahr":2020,"art":"HUMAN_OBSERVATION","datensatz":null},"geometry":{"type":"Point","coordinates":[25.07,46.56]}},{"type":"Feature","properties":{"jahr":2020,"art":"HUMAN_OBSERVATION","datensatz":null},"geometry":{"type":"Point","coordinates":[22.8,45.3]}},{"type":"Feature","properties":{"jahr":2020,"art":"HUMAN_OBSERVATION","datensatz":null},"geometry":{"type":"Point","coordinates":[24.95,46.55]}},{"type":"Feature","properties":{"jahr":2020,"art":"HUMAN_OBSERVATION","datensatz":null},"geometry":{"type":"Point","coordinates":[26.13,45.52]}},{"type":"Feature","properties":{"jahr":2019,"art":"HUMAN_OBSERVATION","datensatz":null},"geometry":{"type":"Point","coordinates":[25.52,45.55]}},{"type":"Feature","properties":{"jahr":2019,"art":"HUMAN_OBSERVATION","datensatz":null},"geometry":{"type":"Point","coordinates":[24.75,46.19]}},{"type":"Feature","properties":{"jahr":2019,"art":"HUMAN_OBSERVATION","datensatz":null},"geometry":{"type":"Point","coordinates":[25.53,45.54]}},{"type":"Feature","properties":{"jahr":2019,"art":"HUMAN_OBSERVATION","datensatz":null},"geometry":{"type":"Point","coordinates":[26.4,45.59]}},{"type":"Feature","properties":{"jahr":2019,"art":"HUMAN_OBSERVATION","datensatz":null},"geometry":{"type":"Point","coordinates":[26.4,45.59]}},{"type":"Feature","properties":{"jahr":2019,"art":"HUMAN_OBSERVATION","datensatz":null},"geometry":{"type":"Point","coordinates":[22.86,45.26]}},{"type":"Feature","properties":{"jahr":2019,"art":"HUMAN_OBSERVATION","datensatz":null},"geometry":{"type":"Point","coordinates":[24.68,46.65]}},{"type":"Feature","properties":{"jahr":2019,"art":"HUMAN_OBSERVATION","datensatz":null},"geometry":{"type":"Point","coordinates":[22.74,45.31]}},{"type":"Feature","properties":{"jahr":2019,"art":"HUMAN_OBSERVATION","datensatz":null},"geometry":{"type":"Point","coordinates":[22.95,45.44]}},{"type":"Feature","properties":{"jahr":2019,"art":"HUMAN_OBSERVATION","datensatz":"iNaturalist research-grade observations"},"geometry":{"type":"Point","coordinates":[26.46,46.181]}},{"type":"Feature","properties":{"jahr":2019,"art":"HUMAN_OBSERVATION","datensatz":"iNaturalist research-grade observations"},"geometry":{"type":"Point","coordinates":[26.597,46.104]}},{"type":"Feature","properties":{"jahr":2019,"art":"HUMAN_OBSERVATION","datensatz":"iNaturalist research-grade observations"},"geometry":{"type":"Point","coordinates":[25.831,46.095]}},{"type":"Feature","properties":{"jahr":2019,"art":"HUMAN_OBSERVATION","datensatz":null},"geometry":{"type":"Point","coordinates":[23.25,45.6]}},{"type":"Feature","properties":{"jahr":2019,"art":"HUMAN_OBSERVATION","datensatz":null},"geometry":{"type":"Point","coordinates":[23.25,45.61]}},{"type":"Feature","properties":{"jahr":2019,"art":"HUMAN_OBSERVATION","datensatz":null},"geometry":{"type":"Point","coordinates":[22.79,45.39]}},{"type":"Feature","properties":{"jahr":2019,"art":"HUMAN_OBSERVATION","datensatz":null},"geometry":{"type":"Point","coordinates":[22.79,45.3]}},{"type":"Feature","properties":{"jahr":2019,"art":"HUMAN_OBSERVATION","datensatz":null},"geometry":{"type":"Point","coordinates":[22.89,45.47]}},{"type":"Feature","properties":{"jahr":2019,"art":"HUMAN_OBSERVATION","datensatz":null},"geometry":{"type":"Point","coordinates":[22.87,45.32]}},{"type":"Feature","properties":{"jahr":2019,"art":"HUMAN_OBSERVATION","datensatz":null},"geometry":{"type":"Point","coordinates":[23.2,45.59]}},{"type":"Feature","properties":{"jahr":2019,"art":"HUMAN_OBSERVATION","datensatz":null},"geometry":{"type":"Point","coordinates":[23.2,45.58]}},{"type":"Feature","properties":{"jahr":2019,"art":"HUMAN_OBSERVATION","datensatz":null},"geometry":{"type":"Point","coordinates":[22.94,45.3]}},{"type":"Feature","properties":{"jahr":2019,"art":"HUMAN_OBSERVATION","datensatz":null},"geometry":{"type":"Point","coordinates":[23.26,45.6]}},{"type":"Feature","properties":{"jahr":2019,"art":"HUMAN_OBSERVATION","datensatz":"iNaturalist research-grade observations"},"geometry":{"type":"Point","coordinates":[26.783,46.266]}},{"type":"Feature","properties":{"jahr":2019,"art":"HUMAN_OBSERVATION","datensatz":null},"geometry":{"type":"Point","coordinates":[22.86,45.4]}},{"type":"Feature","properties":{"jahr":2019,"art":"HUMAN_OBSERVATION","datensatz":null},"geometry":{"type":"Point","coordinates":[22.83,45.4]}},{"type":"Feature","properties":{"jahr":2019,"art":"HUMAN_OBSERVATION","datensatz":null},"geometry":{"type":"Point","coordinates":[23.36,46.51]}},{"type":"Feature","properties":{"jahr":2019,"art":"HUMAN_OBSERVATION","datensatz":null},"geometry":{"type":"Point","coordinates":[22.83,45.36]}},{"type":"Feature","properties":{"jahr":2019,"art":"HUMAN_OBSERVATION","datensatz":null},"geometry":{"type":"Point","coordinates":[22.84,45.36]}},{"type":"Feature","properties":{"jahr":2019,"art":"HUMAN_OBSERVATION","datensatz":null},"geometry":{"type":"Point","coordinates":[22.86,45.28]}},{"type":"Feature","properties":{"jahr":2019,"art":"HUMAN_OBSERVATION","datensatz":null},"geometry":{"type":"Point","coordinates":[24.73,47.71]}},{"type":"Feature","properties":{"jahr":2019,"art":"HUMAN_OBSERVATION","datensatz":null},"geometry":{"type":"Point","coordinates":[24.54,46.65]}},{"type":"Feature","properties":{"jahr":2019,"art":"HUMAN_OBSERVATION","datensatz":null},"geometry":{"type":"Point","coordinates":[22.95,45.28]}},{"type":"Feature","properties":{"jahr":2019,"art":"HUMAN_OBSERVATION","datensatz":null},"geometry":{"type":"Point","coordinates":[24.69,46.8]}},{"type":"Feature","properties":{"jahr":2019,"art":"HUMAN_OBSERVATION","datensatz":null},"geometry":{"type":"Point","coordinates":[25.87,46.16]}},{"type":"Feature","properties":{"jahr":2019,"art":"HUMAN_OBSERVATION","datensatz":"iNaturalist research-grade observations"},"geometry":{"type":"Point","coordinates":[25.559,45.456]}},{"type":"Feature","properties":{"jahr":2019,"art":"HUMAN_OBSERVATION","datensatz":"iNaturalist research-grade observations"},"geometry":{"type":"Point","coordinates":[26.405,45.916]}},{"type":"Feature","properties":{"jahr":2019,"art":"HUMAN_OBSERVATION","datensatz":null},"geometry":{"type":"Point","coordinates":[22.84,45.36]}},{"type":"Feature","properties":{"jahr":2019,"art":"HUMAN_OBSERVATION","datensatz":null},"geometry":{"type":"Point","coordinates":[22.73,45.3]}},{"type":"Feature","properties":{"jahr":2019,"art":"HUMAN_OBSERVATION","datensatz":null},"geometry":{"type":"Point","coordinates":[25.07,46.95]}},{"type":"Feature","properties":{"jahr":2019,"art":"HUMAN_OBSERVATION","datensatz":null},"geometry":{"type":"Point","coordinates":[22.72,45.26]}},{"type":"Feature","properties":{"jahr":2019,"art":"HUMAN_OBSERVATION","datensatz":null},"geometry":{"type":"Point","coordinates":[22.73,45.31]}},{"type":"Feature","properties":{"jahr":2019,"art":"HUMAN_OBSERVATION","datensatz":"iNaturalist research-grade observations"},"geometry":{"type":"Point","coordinates":[24.64,45.588]}},{"type":"Feature","properties":{"jahr":2019,"art":"HUMAN_OBSERVATION","datensatz":"iNaturalist research-grade observations"},"geometry":{"type":"Point","coordinates":[24.673,45.509]}},{"type":"Feature","properties":{"jahr":2019,"art":"HUMAN_OBSERVATION","datensatz":"iNaturalist research-grade observations"},"geometry":{"type":"Point","coordinates":[26.577,45.811]}},{"type":"Feature","properties":{"jahr":2019,"art":"HUMAN_OBSERVATION","datensatz":null},"geometry":{"type":"Point","coordinates":[25.83,46.03]}},{"type":"Feature","properties":{"jahr":2019,"art":"HUMAN_OBSERVATION","datensatz":null},"geometry":{"type":"Point","coordinates":[25.83,46.03]}},{"type":"Feature","properties":{"jahr":2019,"art":"HUMAN_OBSERVATION","datensatz":null},"geometry":{"type":"Point","coordinates":[25.89,46.12]}},{"type":"Feature","properties":{"jahr":2019,"art":"HUMAN_OBSERVATION","datensatz":null},"geometry":{"type":"Point","coordinates":[25,46.18]}},{"type":"Feature","properties":{"jahr":2019,"art":"HUMAN_OBSERVATION","datensatz":null},"geometry":{"type":"Point","coordinates":[25.89,46.12]}},{"type":"Feature","properties":{"jahr":2019,"art":"HUMAN_OBSERVATION","datensatz":null},"geometry":{"type":"Point","coordinates":[25.89,46.12]}},{"type":"Feature","properties":{"jahr":2019,"art":"HUMAN_OBSERVATION","datensatz":null},"geometry":{"type":"Point","coordinates":[25.89,46.12]}},{"type":"Feature","properties":{"jahr":2019,"art":"HUMAN_OBSERVATION","datensatz":"iNaturalist research-grade observations"},"geometry":{"type":"Point","coordinates":[25.893,46.013]}},{"type":"Feature","properties":{"jahr":2019,"art":"HUMAN_OBSERVATION","datensatz":"iNaturalist research-grade observations"},"geometry":{"type":"Point","coordinates":[25.815,46.197]}},{"type":"Feature","properties":{"jahr":2019,"art":"HUMAN_OBSERVATION","datensatz":"iNaturalist research-grade observations"},"geometry":{"type":"Point","coordinates":[25.741,46.602]}},{"type":"Feature","properties":{"jahr":2019,"art":"HUMAN_OBSERVATION","datensatz":"iNaturalist research-grade observations"},"geometry":{"type":"Point","coordinates":[24.445,45.441]}},{"type":"Feature","properties":{"jahr":2019,"art":"HUMAN_OBSERVATION","datensatz":"iNaturalist research-grade observations"},"geometry":{"type":"Point","coordinates":[24.928,45.712]}},{"type":"Feature","properties":{"jahr":2019,"art":"HUMAN_OBSERVATION","datensatz":null},"geometry":{"type":"Point","coordinates":[25.42,45.83]}},{"type":"Feature","properties":{"jahr":2019,"art":"HUMAN_OBSERVATION","datensatz":"iNaturalist research-grade observations"},"geometry":{"type":"Point","coordinates":[25.992,46.07]}},{"type":"Feature","properties":{"jahr":2019,"art":"HUMAN_OBSERVATION","datensatz":"iNaturalist research-grade observations"},"geometry":{"type":"Point","coordinates":[24.751,45.261]}},{"type":"Feature","properties":{"jahr":2019,"art":"HUMAN_OBSERVATION","datensatz":"iNaturalist research-grade observations"},"geometry":{"type":"Point","coordinates":[24.718,45.475]}},{"type":"Feature","properties":{"jahr":2019,"art":"HUMAN_OBSERVATION","datensatz":"iNaturalist research-grade observations"},"geometry":{"type":"Point","coordinates":[25.43,45.427]}},{"type":"Feature","properties":{"jahr":2019,"art":"HUMAN_OBSERVATION","datensatz":"iNaturalist research-grade observations"},"geometry":{"type":"Point","coordinates":[25.452,45.545]}},{"type":"Feature","properties":{"jahr":2019,"art":"HUMAN_OBSERVATION","datensatz":null},"geometry":{"type":"Point","coordinates":[25.59,45.63]}},{"type":"Feature","properties":{"jahr":2019,"art":"HUMAN_OBSERVATION","datensatz":"iNaturalist research-grade observations"},"geometry":{"type":"Point","coordinates":[25.099,45.707]}},{"type":"Feature","properties":{"jahr":2019,"art":"HUMAN_OBSERVATION","datensatz":"iNaturalist research-grade observations"},"geometry":{"type":"Point","coordinates":[25.933,46.104]}},{"type":"Feature","properties":{"jahr":2019,"art":"HUMAN_OBSERVATION","datensatz":"iNaturalist research-grade observations"},"geometry":{"type":"Point","coordinates":[25.931,46.172]}},{"type":"Feature","properties":{"jahr":2019,"art":"HUMAN_OBSERVATION","datensatz":null},"geometry":{"type":"Point","coordinates":[22.95,45.45]}},{"type":"Feature","properties":{"jahr":2018,"art":"HUMAN_OBSERVATION","datensatz":"iNaturalist research-grade observations"},"geometry":{"type":"Point","coordinates":[25.57,45.406]}},{"type":"Feature","properties":{"jahr":2018,"art":"HUMAN_OBSERVATION","datensatz":null},"geometry":{"type":"Point","coordinates":[24.94,46.56]}},{"type":"Feature","properties":{"jahr":2018,"art":"HUMAN_OBSERVATION","datensatz":null},"geometry":{"type":"Point","coordinates":[24.97,46.54]}},{"type":"Feature","properties":{"jahr":2018,"art":"HUMAN_OBSERVATION","datensatz":"iNaturalist research-grade observations"},"geometry":{"type":"Point","coordinates":[23.41,45.332]}},{"type":"Feature","properties":{"jahr":2018,"art":"HUMAN_OBSERVATION","datensatz":"iNaturalist research-grade observations"},"geometry":{"type":"Point","coordinates":[25.664,46.767]}},{"type":"Feature","properties":{"jahr":2018,"art":"HUMAN_OBSERVATION","datensatz":null},"geometry":{"type":"Point","coordinates":[25.89,46.13]}},{"type":"Feature","properties":{"jahr":2018,"art":"HUMAN_OBSERVATION","datensatz":null},"geometry":{"type":"Point","coordinates":[24.54,46.66]}},{"type":"Feature","properties":{"jahr":2018,"art":"HUMAN_OBSERVATION","datensatz":null},"geometry":{"type":"Point","coordinates":[24.68,47.62]}},{"type":"Feature","properties":{"jahr":2018,"art":"HUMAN_OBSERVATION","datensatz":null},"geometry":{"type":"Point","coordinates":[24.68,47.62]}},{"type":"Feature","properties":{"jahr":2018,"art":"HUMAN_OBSERVATION","datensatz":null},"geometry":{"type":"Point","coordinates":[25.56,45.54]}},{"type":"Feature","properties":{"jahr":2018,"art":"HUMAN_OBSERVATION","datensatz":"iNaturalist research-grade observations"},"geometry":{"type":"Point","coordinates":[26.689,45.69]}},{"type":"Feature","properties":{"jahr":2018,"art":"HUMAN_OBSERVATION","datensatz":"iNaturalist research-grade observations"},"geometry":{"type":"Point","coordinates":[23.838,45.642]}},{"type":"Feature","properties":{"jahr":2018,"art":"HUMAN_OBSERVATION","datensatz":"iNaturalist research-grade observations"},"geometry":{"type":"Point","coordinates":[26.502,45.968]}},{"type":"Feature","properties":{"jahr":2018,"art":"HUMAN_OBSERVATION","datensatz":null},"geometry":{"type":"Point","coordinates":[25.19,45.59]}},{"type":"Feature","properties":{"jahr":2018,"art":"HUMAN_OBSERVATION","datensatz":null},"geometry":{"type":"Point","coordinates":[25.29,45.45]}},{"type":"Feature","properties":{"jahr":2018,"art":"HUMAN_OBSERVATION","datensatz":"iNaturalist research-grade observations"},"geometry":{"type":"Point","coordinates":[25.555,45.467]}},{"type":"Feature","properties":{"jahr":2018,"art":"HUMAN_OBSERVATION","datensatz":"iNaturalist research-grade observations"},"geometry":{"type":"Point","coordinates":[25.46,45.598]}},{"type":"Feature","properties":{"jahr":2018,"art":"HUMAN_OBSERVATION","datensatz":"iNaturalist research-grade observations"},"geometry":{"type":"Point","coordinates":[25.726,46.39]}},{"type":"Feature","properties":{"jahr":2018,"art":"HUMAN_OBSERVATION","datensatz":"iNaturalist research-grade observations"},"geometry":{"type":"Point","coordinates":[25.816,46.078]}},{"type":"Feature","properties":{"jahr":2018,"art":"HUMAN_OBSERVATION","datensatz":"iNaturalist research-grade observations"},"geometry":{"type":"Point","coordinates":[25.99,46.447]}},{"type":"Feature","properties":{"jahr":2018,"art":"HUMAN_OBSERVATION","datensatz":null},"geometry":{"type":"Point","coordinates":[24.77,46.86]}},{"type":"Feature","properties":{"jahr":2018,"art":"HUMAN_OBSERVATION","datensatz":null},"geometry":{"type":"Point","coordinates":[24.81,46.42]}},{"type":"Feature","properties":{"jahr":2018,"art":"PRESERVED_SPECIMEN","datensatz":null},"geometry":{"type":"Point","coordinates":[24.368,46.6]}},{"type":"Feature","properties":{"jahr":2017,"art":"HUMAN_OBSERVATION","datensatz":null},"geometry":{"type":"Point","coordinates":[25.63,45.59]}},{"type":"Feature","properties":{"jahr":2017,"art":"HUMAN_OBSERVATION","datensatz":"iNaturalist research-grade observations"},"geometry":{"type":"Point","coordinates":[25.245,45.725]}},{"type":"Feature","properties":{"jahr":2017,"art":"HUMAN_OBSERVATION","datensatz":null},"geometry":{"type":"Point","coordinates":[24.84,46.2]}},{"type":"Feature","properties":{"jahr":2017,"art":"HUMAN_OBSERVATION","datensatz":null},"geometry":{"type":"Point","coordinates":[25.19,45.59]}},{"type":"Feature","properties":{"jahr":2017,"art":"HUMAN_OBSERVATION","datensatz":null},"geometry":{"type":"Point","coordinates":[25.19,45.59]}},{"type":"Feature","properties":{"jahr":2017,"art":"HUMAN_OBSERVATION","datensatz":null},"geometry":{"type":"Point","coordinates":[25.26,45.57]}},{"type":"Feature","properties":{"jahr":2017,"art":"HUMAN_OBSERVATION","datensatz":null},"geometry":{"type":"Point","coordinates":[24.82,46.21]}},{"type":"Feature","properties":{"jahr":2017,"art":"HUMAN_OBSERVATION","datensatz":null},"geometry":{"type":"Point","coordinates":[25.28,45.54]}},{"type":"Feature","properties":{"jahr":2017,"art":"HUMAN_OBSERVATION","datensatz":null},"geometry":{"type":"Point","coordinates":[24.82,46.26]}},{"type":"Feature","properties":{"jahr":2017,"art":"HUMAN_OBSERVATION","datensatz":"iNaturalist research-grade observations"},"geometry":{"type":"Point","coordinates":[25.324,45.419]}},{"type":"Feature","properties":{"jahr":2017,"art":"HUMAN_OBSERVATION","datensatz":"iNaturalist research-grade observations"},"geometry":{"type":"Point","coordinates":[25.309,45.535]}},{"type":"Feature","properties":{"jahr":2017,"art":"HUMAN_OBSERVATION","datensatz":"iNaturalist research-grade observations"},"geometry":{"type":"Point","coordinates":[25.25,45.535]}},{"type":"Feature","properties":{"jahr":2017,"art":"HUMAN_OBSERVATION","datensatz":"iNaturalist research-grade observations"},"geometry":{"type":"Point","coordinates":[25.962,45.416]}},{"type":"Feature","properties":{"jahr":2017,"art":"HUMAN_OBSERVATION","datensatz":"iNaturalist research-grade observations"},"geometry":{"type":"Point","coordinates":[24.63,45.601]}},{"type":"Feature","properties":{"jahr":2017,"art":"HUMAN_OBSERVATION","datensatz":null},"geometry":{"type":"Point","coordinates":[25.16,46.96]}},{"type":"Feature","properties":{"jahr":2017,"art":"HUMAN_OBSERVATION","datensatz":null},"geometry":{"type":"Point","coordinates":[25.61,45.59]}},{"type":"Feature","properties":{"jahr":2017,"art":"HUMAN_OBSERVATION","datensatz":null},"geometry":{"type":"Point","coordinates":[25.23,45.52]}},{"type":"Feature","properties":{"jahr":2017,"art":"HUMAN_OBSERVATION","datensatz":null},"geometry":{"type":"Point","coordinates":[25.61,45.59]}},{"type":"Feature","properties":{"jahr":2017,"art":"HUMAN_OBSERVATION","datensatz":null},"geometry":{"type":"Point","coordinates":[25.59,45.52]}},{"type":"Feature","properties":{"jahr":2017,"art":"HUMAN_OBSERVATION","datensatz":null},"geometry":{"type":"Point","coordinates":[23.39,46.49]}},{"type":"Feature","properties":{"jahr":2017,"art":"HUMAN_OBSERVATION","datensatz":null},"geometry":{"type":"Point","coordinates":[25.54,45.54]}},{"type":"Feature","properties":{"jahr":2017,"art":"HUMAN_OBSERVATION","datensatz":null},"geometry":{"type":"Point","coordinates":[25.53,45.54]}},{"type":"Feature","properties":{"jahr":2017,"art":"HUMAN_OBSERVATION","datensatz":null},"geometry":{"type":"Point","coordinates":[25.5,45.5]}},{"type":"Feature","properties":{"jahr":2017,"art":"HUMAN_OBSERVATION","datensatz":null},"geometry":{"type":"Point","coordinates":[25.5,45.5]}},{"type":"Feature","properties":{"jahr":2017,"art":"HUMAN_OBSERVATION","datensatz":null},"geometry":{"type":"Point","coordinates":[25.38,45.59]}},{"type":"Feature","properties":{"jahr":2017,"art":"HUMAN_OBSERVATION","datensatz":null},"geometry":{"type":"Point","coordinates":[25.26,45.55]}},{"type":"Feature","properties":{"jahr":2017,"art":"HUMAN_OBSERVATION","datensatz":"iNaturalist research-grade observations"},"geometry":{"type":"Point","coordinates":[24.675,45.755]}},{"type":"Feature","properties":{"jahr":2017,"art":"HUMAN_OBSERVATION","datensatz":null},"geometry":{"type":"Point","coordinates":[25.16,46.96]}},{"type":"Feature","properties":{"jahr":2017,"art":"HUMAN_OBSERVATION","datensatz":null},"geometry":{"type":"Point","coordinates":[24.72,46.48]}},{"type":"Feature","properties":{"jahr":2016,"art":"HUMAN_OBSERVATION","datensatz":null},"geometry":{"type":"Point","coordinates":[25.17,46.94]}},{"type":"Feature","properties":{"jahr":2016,"art":"HUMAN_OBSERVATION","datensatz":null},"geometry":{"type":"Point","coordinates":[25.13,46.95]}},{"type":"Feature","properties":{"jahr":2016,"art":"HUMAN_OBSERVATION","datensatz":null},"geometry":{"type":"Point","coordinates":[25.17,46.94]}},{"type":"Feature","properties":{"jahr":2016,"art":"HUMAN_OBSERVATION","datensatz":null},"geometry":{"type":"Point","coordinates":[25.13,45.68]}},{"type":"Feature","properties":{"jahr":2016,"art":"HUMAN_OBSERVATION","datensatz":null},"geometry":{"type":"Point","coordinates":[25.19,45.59]}},{"type":"Feature","properties":{"jahr":2016,"art":"HUMAN_OBSERVATION","datensatz":null},"geometry":{"type":"Point","coordinates":[25.26,46.95]}},{"type":"Feature","properties":{"jahr":2016,"art":"HUMAN_OBSERVATION","datensatz":null},"geometry":{"type":"Point","coordinates":[22.83,45.31]}},{"type":"Feature","properties":{"jahr":2016,"art":"HUMAN_OBSERVATION","datensatz":null},"geometry":{"type":"Point","coordinates":[25.13,45.68]}},{"type":"Feature","properties":{"jahr":2016,"art":"HUMAN_OBSERVATION","datensatz":null},"geometry":{"type":"Point","coordinates":[22.83,45.31]}},{"type":"Feature","properties":{"jahr":2016,"art":"HUMAN_OBSERVATION","datensatz":null},"geometry":{"type":"Point","coordinates":[22.83,45.31]}},{"type":"Feature","properties":{"jahr":2016,"art":"HUMAN_OBSERVATION","datensatz":null},"geometry":{"type":"Point","coordinates":[22.91,45.32]}},{"type":"Feature","properties":{"jahr":2016,"art":"HUMAN_OBSERVATION","datensatz":null},"geometry":{"type":"Point","coordinates":[22.83,45.31]}},{"type":"Feature","properties":{"jahr":2016,"art":"HUMAN_OBSERVATION","datensatz":null},"geometry":{"type":"Point","coordinates":[22.83,45.31]}},{"type":"Feature","properties":{"jahr":2016,"art":"HUMAN_OBSERVATION","datensatz":null},"geometry":{"type":"Point","coordinates":[22.83,45.31]}},{"type":"Feature","properties":{"jahr":2016,"art":"HUMAN_OBSERVATION","datensatz":null},"geometry":{"type":"Point","coordinates":[22.83,45.31]}},{"type":"Feature","properties":{"jahr":2016,"art":"HUMAN_OBSERVATION","datensatz":null},"geometry":{"type":"Point","coordinates":[22.91,45.34]}},{"type":"Feature","properties":{"jahr":2016,"art":"HUMAN_OBSERVATION","datensatz":null},"geometry":{"type":"Point","coordinates":[22.89,45.34]}},{"type":"Feature","properties":{"jahr":2016,"art":"HUMAN_OBSERVATION","datensatz":null},"geometry":{"type":"Point","coordinates":[22.83,45.31]}},{"type":"Feature","properties":{"jahr":2016,"art":"HUMAN_OBSERVATION","datensatz":null},"geometry":{"type":"Point","coordinates":[22.83,45.31]}},{"type":"Feature","properties":{"jahr":2016,"art":"HUMAN_OBSERVATION","datensatz":null},"geometry":{"type":"Point","coordinates":[22.89,45.34]}},{"type":"Feature","properties":{"jahr":2016,"art":"HUMAN_OBSERVATION","datensatz":null},"geometry":{"type":"Point","coordinates":[22.83,45.31]}},{"type":"Feature","properties":{"jahr":2016,"art":"HUMAN_OBSERVATION","datensatz":null},"geometry":{"type":"Point","coordinates":[25.38,45.59]}},{"type":"Feature","properties":{"jahr":2016,"art":"HUMAN_OBSERVATION","datensatz":"iNaturalist research-grade observations"},"geometry":{"type":"Point","coordinates":[25.69,46.448]}},{"type":"Feature","properties":{"jahr":2016,"art":"HUMAN_OBSERVATION","datensatz":"iNaturalist research-grade observations"},"geometry":{"type":"Point","coordinates":[25.843,46.124]}},{"type":"Feature","properties":{"jahr":2016,"art":"HUMAN_OBSERVATION","datensatz":null},"geometry":{"type":"Point","coordinates":[24.66,46.28]}},{"type":"Feature","properties":{"jahr":2016,"art":"HUMAN_OBSERVATION","datensatz":"iNaturalist research-grade observations"},"geometry":{"type":"Point","coordinates":[25.8,45.943]}},{"type":"Feature","properties":{"jahr":2016,"art":"HUMAN_OBSERVATION","datensatz":null},"geometry":{"type":"Point","coordinates":[25.16,46.96]}},{"type":"Feature","properties":{"jahr":2015,"art":"HUMAN_OBSERVATION","datensatz":null},"geometry":{"type":"Point","coordinates":[25.16,46.95]}},{"type":"Feature","properties":{"jahr":2015,"art":"HUMAN_OBSERVATION","datensatz":null},"geometry":{"type":"Point","coordinates":[25.39,46.42]}},{"type":"Feature","properties":{"jahr":2015,"art":"HUMAN_OBSERVATION","datensatz":null},"geometry":{"type":"Point","coordinates":[22.79,46.83]}},{"type":"Feature","properties":{"jahr":2015,"art":"HUMAN_OBSERVATION","datensatz":null},"geometry":{"type":"Point","coordinates":[22.79,46.83]}},{"type":"Feature","properties":{"jahr":2015,"art":"HUMAN_OBSERVATION","datensatz":null},"geometry":{"type":"Point","coordinates":[22.8,46.84]}},{"type":"Feature","properties":{"jahr":2015,"art":"HUMAN_OBSERVATION","datensatz":null},"geometry":{"type":"Point","coordinates":[22.8,46.84]}},{"type":"Feature","properties":{"jahr":2015,"art":"HUMAN_OBSERVATION","datensatz":null},"geometry":{"type":"Point","coordinates":[22.79,46.83]}},{"type":"Feature","properties":{"jahr":2015,"art":"HUMAN_OBSERVATION","datensatz":null},"geometry":{"type":"Point","coordinates":[22.79,46.83]}},{"type":"Feature","properties":{"jahr":2015,"art":"HUMAN_OBSERVATION","datensatz":null},"geometry":{"type":"Point","coordinates":[22.44,45.21]}},{"type":"Feature","properties":{"jahr":2015,"art":"HUMAN_OBSERVATION","datensatz":null},"geometry":{"type":"Point","coordinates":[22.79,46.83]}},{"type":"Feature","properties":{"jahr":2015,"art":"HUMAN_OBSERVATION","datensatz":null},"geometry":{"type":"Point","coordinates":[22.79,46.83]}},{"type":"Feature","properties":{"jahr":2015,"art":"HUMAN_OBSERVATION","datensatz":null},"geometry":{"type":"Point","coordinates":[22.79,46.83]}},{"type":"Feature","properties":{"jahr":2015,"art":"HUMAN_OBSERVATION","datensatz":null},"geometry":{"type":"Point","coordinates":[25.13,45.68]}},{"type":"Feature","properties":{"jahr":2015,"art":"HUMAN_OBSERVATION","datensatz":null},"geometry":{"type":"Point","coordinates":[22.79,46.83]}},{"type":"Feature","properties":{"jahr":2015,"art":"HUMAN_OBSERVATION","datensatz":null},"geometry":{"type":"Point","coordinates":[22.9,45.34]}},{"type":"Feature","properties":{"jahr":2015,"art":"HUMAN_OBSERVATION","datensatz":null},"geometry":{"type":"Point","coordinates":[22.88,45.35]}},{"type":"Feature","properties":{"jahr":2015,"art":"HUMAN_OBSERVATION","datensatz":"iNaturalist research-grade observations"},"geometry":{"type":"Point","coordinates":[25.509,46.485]}},{"type":"Feature","properties":{"jahr":2015,"art":"HUMAN_OBSERVATION","datensatz":"iNaturalist research-grade observations"},"geometry":{"type":"Point","coordinates":[25.594,46.747]}},{"type":"Feature","properties":{"jahr":2015,"art":"HUMAN_OBSERVATION","datensatz":null},"geometry":{"type":"Point","coordinates":[25.53,45.42]}},{"type":"Feature","properties":{"jahr":2015,"art":"HUMAN_OBSERVATION","datensatz":null},"geometry":{"type":"Point","coordinates":[25.19,45.59]}},{"type":"Feature","properties":{"jahr":2015,"art":"HUMAN_OBSERVATION","datensatz":null},"geometry":{"type":"Point","coordinates":[25.19,45.59]}},{"type":"Feature","properties":{"jahr":2015,"art":"HUMAN_OBSERVATION","datensatz":null},"geometry":{"type":"Point","coordinates":[25.19,45.59]}},{"type":"Feature","properties":{"jahr":2015,"art":"HUMAN_OBSERVATION","datensatz":null},"geometry":{"type":"Point","coordinates":[25.19,45.59]}},{"type":"Feature","properties":{"jahr":2015,"art":"HUMAN_OBSERVATION","datensatz":null},"geometry":{"type":"Point","coordinates":[25.19,45.59]}},{"type":"Feature","properties":{"jahr":2015,"art":"HUMAN_OBSERVATION","datensatz":null},"geometry":{"type":"Point","coordinates":[25.19,45.59]}},{"type":"Feature","properties":{"jahr":2015,"art":"HUMAN_OBSERVATION","datensatz":null},"geometry":{"type":"Point","coordinates":[25.19,45.59]}},{"type":"Feature","properties":{"jahr":2015,"art":"HUMAN_OBSERVATION","datensatz":null},"geometry":{"type":"Point","coordinates":[25.19,45.59]}},{"type":"Feature","properties":{"jahr":2015,"art":"HUMAN_OBSERVATION","datensatz":"iNaturalist research-grade observations"},"geometry":{"type":"Point","coordinates":[25.281,45.577]}},{"type":"Feature","properties":{"jahr":2015,"art":"HUMAN_OBSERVATION","datensatz":null},"geometry":{"type":"Point","coordinates":[25.22,45.59]}},{"type":"Feature","properties":{"jahr":2015,"art":"HUMAN_OBSERVATION","datensatz":null},"geometry":{"type":"Point","coordinates":[25.24,45.58]}},{"type":"Feature","properties":{"jahr":2015,"art":"HUMAN_OBSERVATION","datensatz":null},"geometry":{"type":"Point","coordinates":[25.21,45.59]}},{"type":"Feature","properties":{"jahr":2015,"art":"HUMAN_OBSERVATION","datensatz":"iNaturalist research-grade observations"},"geometry":{"type":"Point","coordinates":[25.33,45.524]}},{"type":"Feature","properties":{"jahr":2015,"art":"HUMAN_OBSERVATION","datensatz":null},"geometry":{"type":"Point","coordinates":[25.14,46.96]}},{"type":"Feature","properties":{"jahr":2014,"art":"HUMAN_OBSERVATION","datensatz":"iNaturalist research-grade observations"},"geometry":{"type":"Point","coordinates":[22.753,46.686]}},{"type":"Feature","properties":{"jahr":2014,"art":"HUMAN_OBSERVATION","datensatz":null},"geometry":{"type":"Point","coordinates":[25.43,45.46]}},{"type":"Feature","properties":{"jahr":2014,"art":"HUMAN_OBSERVATION","datensatz":null},"geometry":{"type":"Point","coordinates":[25.12,45.68]}},{"type":"Feature","properties":{"jahr":2014,"art":"HUMAN_OBSERVATION","datensatz":null},"geometry":{"type":"Point","coordinates":[25.19,45.59]}},{"type":"Feature","properties":{"jahr":2014,"art":"HUMAN_OBSERVATION","datensatz":null},"geometry":{"type":"Point","coordinates":[25.19,45.56]}},{"type":"Feature","properties":{"jahr":2014,"art":"HUMAN_OBSERVATION","datensatz":null},"geometry":{"type":"Point","coordinates":[22.89,45.33]}},{"type":"Feature","properties":{"jahr":2014,"art":"HUMAN_OBSERVATION","datensatz":null},"geometry":{"type":"Point","coordinates":[22.8,45.4]}},{"type":"Feature","properties":{"jahr":2014,"art":"HUMAN_OBSERVATION","datensatz":"iNaturalist research-grade observations"},"geometry":{"type":"Point","coordinates":[25.34,45.477]}},{"type":"Feature","properties":{"jahr":2014,"art":"HUMAN_OBSERVATION","datensatz":null},"geometry":{"type":"Point","coordinates":[25.56,45.482]}},{"type":"Feature","properties":{"jahr":2014,"art":"HUMAN_OBSERVATION","datensatz":"iNaturalist research-grade observations"},"geometry":{"type":"Point","coordinates":[25.287,45.633]}},{"type":"Feature","properties":{"jahr":2013,"art":"HUMAN_OBSERVATION","datensatz":"iNaturalist research-grade observations"},"geometry":{"type":"Point","coordinates":[25.587,46.447]}},{"type":"Feature","properties":{"jahr":2013,"art":"HUMAN_OBSERVATION","datensatz":null},"geometry":{"type":"Point","coordinates":[25.13,45.68]}},{"type":"Feature","properties":{"jahr":2012,"art":"HUMAN_OBSERVATION","datensatz":null},"geometry":{"type":"Point","coordinates":[25.45,44.93]}},{"type":"Feature","properties":{"jahr":2012,"art":"HUMAN_OBSERVATION","datensatz":null},"geometry":{"type":"Point","coordinates":[25.6,45.63]}},{"type":"Feature","properties":{"jahr":2012,"art":"HUMAN_OBSERVATION","datensatz":null},"geometry":{"type":"Point","coordinates":[25.6,45.63]}},{"type":"Feature","properties":{"jahr":2012,"art":"HUMAN_OBSERVATION","datensatz":null},"geometry":{"type":"Point","coordinates":[25.2,45.51]}},{"type":"Feature","properties":{"jahr":2012,"art":"HUMAN_OBSERVATION","datensatz":null},"geometry":{"type":"Point","coordinates":[24.5,46.11]}},{"type":"Feature","properties":{"jahr":2010,"art":"HUMAN_OBSERVATION","datensatz":"iNaturalist research-grade observations"},"geometry":{"type":"Point","coordinates":[25.219,45.589]}},{"type":"Feature","properties":{"jahr":2010,"art":"HUMAN_OBSERVATION","datensatz":null},"geometry":{"type":"Point","coordinates":[25.09,45.62]}},{"type":"Feature","properties":{"jahr":2009,"art":"HUMAN_OBSERVATION","datensatz":"iNaturalist research-grade observations"},"geometry":{"type":"Point","coordinates":[26.59,45.984]}},{"type":"Feature","properties":{"jahr":2009,"art":"HUMAN_OBSERVATION","datensatz":null},"geometry":{"type":"Point","coordinates":[25.16,45.69]}},{"type":"Feature","properties":{"jahr":2009,"art":"HUMAN_OBSERVATION","datensatz":null},"geometry":{"type":"Point","coordinates":[22.85,45.32]}},{"type":"Feature","properties":{"jahr":2009,"art":"HUMAN_OBSERVATION","datensatz":null},"geometry":{"type":"Point","coordinates":[25.18,45.72]}},{"type":"Feature","properties":{"jahr":2008,"art":"PRESERVED_SPECIMEN","datensatz":null},"geometry":{"type":"Point","coordinates":[24.675,45.982]}},{"type":"Feature","properties":{"jahr":2007,"art":"HUMAN_OBSERVATION","datensatz":"iNaturalist research-grade observations"},"geometry":{"type":"Point","coordinates":[25.786,46.713]}},{"type":"Feature","properties":{"jahr":2006,"art":"HUMAN_OBSERVATION","datensatz":null},"geometry":{"type":"Point","coordinates":[23.11,46.36]}},{"type":"Feature","properties":{"jahr":2006,"art":"HUMAN_OBSERVATION","datensatz":"iNaturalist research-grade observations"},"geometry":{"type":"Point","coordinates":[25.594,45.354]}},{"type":"Feature","properties":{"jahr":2005,"art":"HUMAN_OBSERVATION","datensatz":"iNaturalist research-grade observations"},"geometry":{"type":"Point","coordinates":[24.747,47.627]}},{"type":"Feature","properties":{"jahr":2004,"art":"HUMAN_OBSERVATION","datensatz":"iNaturalist research-grade observations"},"geometry":{"type":"Point","coordinates":[25.533,45.797]}},{"type":"Feature","properties":{"jahr":2003,"art":"HUMAN_OBSERVATION","datensatz":null},"geometry":{"type":"Point","coordinates":[25.58,45.62]}},{"type":"Feature","properties":{"jahr":2002,"art":"HUMAN_OBSERVATION","datensatz":null},"geometry":{"type":"Point","coordinates":[25.63,45.61]}},{"type":"Feature","properties":{"jahr":2002,"art":"HUMAN_OBSERVATION","datensatz":"iNaturalist research-grade observations"},"geometry":{"type":"Point","coordinates":[25.407,45.387]}},{"type":"Feature","properties":{"jahr":1999,"art":"HUMAN_OBSERVATION","datensatz":null},"geometry":{"type":"Point","coordinates":[25.55,45.49]}},{"type":"Feature","properties":{"jahr":1970,"art":"HUMAN_OBSERVATION","datensatz":"iNaturalist research-grade observations"},"geometry":{"type":"Point","coordinates":[24.733,45.788]}},{"type":"Feature","properties":{"jahr":null,"art":"MATERIAL_SAMPLE","datensatz":null},"geometry":{"type":"Point","coordinates":[25.094,45.825]}},{"type":"Feature","properties":{"jahr":null,"art":"MATERIAL_SAMPLE","datensatz":null},"geometry":{"type":"Point","coordinates":[25.094,45.825]}},{"type":"Feature","properties":{"jahr":null,"art":"MATERIAL_SAMPLE","datensatz":null},"geometry":{"type":"Point","coordinates":[25.094,45.825]}}]}