{
"type": "FeatureCollection",
"name": "SELECT",
"crs": { "type": "name", "properties": { "name": "urn:ogc:def:crs:OGC:1.3:CRS84" } },
"xy_coordinate_resolution": 0.0001,
"features": [
{"type":"Feature","properties":{"klasse":"feucht"},"geometry":{"type":"MultiPolygon","coordinates":[[[[19.7759,43.1207],[19.7734,43.1315],[19.7793,43.1462],[19.7759,43.1207]]],[[[19.9915,43.3185],[19.9923,43.3242],[20.0068,43.3214],[19.9915,43.3185]]],[[[19.9946,43.3338],[19.9922,43.3254],[19.9548,43.3565],[19.9421,43.3786],[19.9946,43.3338]]],[[[19.5495,43.5473],[19.5519,43.5383],[19.562,43.5352],[19.566,43.5318],[19.5677,43.5277],[19.5756,43.5253],[19.5842,43.5165],[19.5932,43.5153],[19.6045,43.5012],[19.6237,43.4967],[19.6397,43.4888],[19.6549,43.4696],[19.6472,43.4653],[19.6378,43.4368],[19.6281,43.4293],[19.6471,43.3918],[19.6314,43.3737],[19.6384,43.3653],[19.6423,43.3558],[19.6381,43.3497],[19.6714,43.3301],[19.6784,43.3182],[19.7033,43.3059],[19.7104,43.3001],[19.7116,43.2947],[19.6782,43.3169],[19.6706,43.3293],[19.6372,43.3488],[19.6298,43.3744],[19.646,43.3915],[19.6267,43.4295],[19.6352,43.4357],[19.6337,43.4462],[19.6406,43.4507],[19.646,43.4658],[19.6521,43.4703],[19.6379,43.4878],[19.6089,43.4952],[19.551,43.5382],[19.543,43.5531],[19.5417,43.5611],[19.5269,43.5662],[19.5204,43.5837],[19.5278,43.5671],[19.54,43.5645],[19.5435,43.5594],[19.5437,43.554],[19.5495,43.5473]]],[[[19.9284,43.4472],[19.9274,43.44],[19.9326,43.4357],[19.9316,43.4328],[19.9059,43.4643],[19.9284,43.4472]]],[[[19.5092,43.5874],[19.4999,43.5923],[19.5074,43.5943],[19.5092,43.5874]]],[[[19.3062,44.6875],[19.297,44.6859],[19.2789,44.6881],[19.2796,44.6738],[19.2584,44.66],[19.2556,44.638],[19.242,44.632],[19.2429,44.6161],[19.2235,44.6131],[19.228,44.5958],[19.1841,44.5721],[19.1826,44.5666],[19.1939,44.5638],[19.198,44.5538],[19.1797,44.5306],[19.1725,44.5239],[19.1621,44.5196],[19.1319,44.5254],[19.1215,44.5042],[19.1328,44.4967],[19.1507,44.4547],[19.1479,44.4148],[19.1032,44.3725],[19.1071,44.369],[19.1128,44.3705],[19.1179,44.3696],[19.1208,44.3679],[19.1221,44.3627],[19.1102,44.3559],[19.1154,44.3454],[19.135,44.342],[19.1377,44.3389],[19.1384,44.3365],[19.1331,44.3177],[19.1504,44.3112],[19.1683,44.2896],[19.1844,44.2864],[19.1999,44.2929],[19.2128,44.2912],[19.2386,44.2627],[19.279,44.2774],[19.3251,44.2722],[19.3483,44.2351],[19.3451,44.218],[19.356,44.2141],[19.3603,44.2076],[19.36,44.1838],[19.378,44.1821],[19.4058,44.1721],[19.4455,44.132],[19.4568,44.1439],[19.4661,44.1496],[19.475,44.1507],[19.4823,44.1464],[19.4819,44.137],[19.4707,44.1277],[19.4722,44.1193],[19.494,44.1164],[19.5102,44.0829],[19.5528,44.0737],[19.566,44.0625],[19.5732,44.0477],[19.5811,44.0494],[19.5812,44.0682],[19.5886,44.0728],[19.6005,44.0708],[19.6048,44.0513],[19.6176,44.0546],[19.6244,44.0521],[19.6242,44.0476],[19.6148,44.0364],[19.6228,44.0235],[19.6225,44.017],[19.62,44.0144],[19.5892,44.0027],[19.5652,43.9993],[19.5638,43.9973],[19.5685,43.9904],[19.5683,43.9852],[19.5258,43.9555],[19.4834,43.9552],[19.4548,43.959],[19.4331,43.9577],[19.4214,43.959],[19.4104,43.9638],[19.5279,43.9575],[19.5626,43.9991],[19.6209,44.0167],[19.6134,44.0331],[19.6139,44.0367],[19.6221,44.0463],[19.6222,44.0524],[19.6046,44.0501],[19.5891,44.0714],[19.5817,44.0474],[19.5722,44.0467],[19.5077,44.0834],[19.4931,44.1151],[19.4748,44.1162],[19.4698,44.1198],[19.4694,44.1292],[19.4808,44.1459],[19.47,44.1495],[19.4497,44.1312],[19.4341,44.1335],[19.4069,44.1696],[19.3577,44.1835],[19.3249,44.271],[19.2404,44.2607],[19.2104,44.2904],[19.1823,44.2813],[19.1756,44.2813],[19.1677,44.2837],[19.1644,44.2863],[19.1607,44.2983],[19.1545,44.3057],[19.1331,44.3166],[19.1317,44.3215],[19.1374,44.3386],[19.1171,44.3434],[19.1137,44.3469],[19.1099,44.3559],[19.1194,44.3685],[19.1056,44.3683],[19.102,44.3708],[19.1076,44.3965],[19.1464,44.4167],[19.1182,44.5026],[19.126,44.5209],[19.1305,44.5261],[19.138,44.5282],[19.1723,44.5263],[19.196,44.5548],[19.1811,44.5652],[19.1827,44.575],[19.2262,44.5962],[19.2216,44.6141],[19.2703,44.687],[19.3233,44.7173],[19.3062,44.6875]],[[19.272,44.6807],[19.2791,44.6777],[19.2782,44.6843],[19.272,44.6807]],[[19.1726,44.2827],[19.1809,44.2843],[19.1654,44.2861],[19.1726,44.2827]],[[19.2512,44.6376],[19.25,44.6361],[19.2513,44.6369],[19.2512,44.6376]],[[19.1727,44.5261],[19.1707,44.524],[19.1714,44.5244],[19.1727,44.5261]],[[19.2787,44.6751],[19.2789,44.676],[19.2784,44.6754],[19.2787,44.6751]],[[19.2258,44.5947],[19.2267,44.5957],[19.2243,44.5939],[19.2258,44.5947]]],[[[19.968,44.4071],[19.9598,44.4193],[19.9944,44.4144],[19.968,44.4071]]],[[[19.9448,44.712],[19.9302,44.7062],[19.9419,44.7126],[19.9448,44.712]]],[[[19.9186,44.709],[19.9115,44.7092],[19.9309,44.7136],[19.9186,44.709]]],[[[19.9131,44.7219],[19.9244,44.7239],[19.9392,44.7174],[19.8961,44.7172],[19.9131,44.7219]]],[[[19.6851,44.7771],[19.6964,44.8234],[19.758,44.9065],[19.7255,44.9084],[19.7035,44.9239],[19.6723,44.9228],[19.6487,44.9566],[19.61,44.9582],[19.5476,44.9832],[19.5298,44.9765],[19.506,44.98],[19.4851,44.9738],[19.4504,44.976],[19.4502,44.9515],[19.3726,44.9428],[19.4018,44.9295],[19.4014,44.92],[19.3899,44.9124],[19.3774,44.9111],[19.3242,44.9206],[19.3238,44.9113],[19.3532,44.9007],[19.377,44.8768],[19.3502,44.7882],[19.342,44.7727],[19.3289,44.7697],[19.3449,44.7427],[19.3266,44.7214],[19.3212,44.7466],[19.3436,44.7422],[19.3251,44.7695],[19.3475,44.789],[19.3517,44.8562],[19.3697,44.855],[19.3575,44.8656],[19.36,44.8695],[19.3703,44.8722],[19.3728,44.8766],[19.3566,44.8896],[19.3436,44.8888],[19.3079,44.9068],[19.2761,44.9038],[19.255,44.9121],[19.2171,44.8948],[19.1764,44.9205],[19.1182,44.8852],[19.0884,44.8776],[19.0786,44.8668],[19.0639,44.8597],[18.977,44.848],[18.8485,44.8538],[18.7611,44.9076],[18.7714,44.9194],[18.7546,44.9295],[18.7493,44.9386],[18.752,44.9437],[18.7612,44.9459],[18.7874,44.9353],[18.8036,44.9405],[18.7888,44.9543],[18.7835,44.9687],[18.7831,44.9742],[18.7946,44.9929],[18.7299,44.9919],[18.7261,44.9986],[18.7354,45.0172],[18.723,45.0229],[18.7144,45.0368],[18.694,45.0379],[18.6663,45.0609],[18.6777,45.0922],[18.6583,45.0553],[18.6058,45.0637],[18.6072,45.0717],[18.6345,45.0858],[18.6283,45.095],[18.62,45.0829],[18.6112,45.0791],[18.5692,45.0935],[18.5841,45.0768],[18.5831,45.0711],[18.5752,45.0654],[18.5376,45.0927],[18.5531,45.0739],[18.5358,45.0435],[18.4509,45.0655],[18.4503,45.0606],[18.4298,45.0472],[18.4228,45.0493],[18.414,45.0381],[18.3849,45.037],[18.3923,45.011],[18.3561,44.9995],[18.3651,44.9883],[18.3645,44.9838],[18.3254,44.9664],[18.2656,44.9691],[18.2579,44.9631],[18.2409,44.9601],[18.2269,44.961],[18.2151,44.954],[18.2174,44.9485],[18.2076,44.9346],[18.2022,44.9304],[18.1979,44.9191],[18.1943,44.9163],[18.1886,44.9176],[18.1773,44.9229],[18.1735,44.926],[18.1647,44.9211],[18.1435,44.9175],[18.124,44.9264],[18.1009,44.8769],[18.0703,44.8625],[18.081,44.8282],[18.0545,44.8056],[18.0632,44.7917],[18.0611,44.7724],[18.0509,44.7624],[18.0487,44.7639],[18.0528,44.8055],[18.0791,44.8292],[18.0693,44.8639],[18.123,44.9275],[18.1444,44.931],[18.1426,44.9188],[18.1726,44.9273],[18.1957,44.918],[18.2135,44.9532],[18.2222,44.9604],[18.3596,44.9888],[18.3555,45.0011],[18.3854,45.0223],[18.3804,45.0383],[18.4427,45.0692],[18.4657,45.0681],[18.4424,45.0837],[18.4337,45.1004],[18.3181,45.1002],[18.2813,45.1132],[18.255,45.1376],[18.2132,45.1236],[18.2224,45.0977],[18.2141,45.0877],[18.2033,45.0799],[18.1912,45.076],[18.1744,45.0758],[18.1418,45.0848],[18.1205,45.0792],[18.1068,45.0837],[18.0935,45.0977],[18.0694,45.1074],[18.0703,45.1399],[18.035,45.1242],[18.0097,45.1504],[17.9626,45.1113],[17.935,45.1076],[17.9398,45.0839],[17.9351,45.0779],[17.8744,45.0468],[17.8519,45.0427],[17.8347,45.0466],[17.8073,45.0611],[17.7853,45.0811],[17.7566,45.0846],[17.6905,45.1167],[17.6698,45.1324],[17.6482,45.1298],[17.6251,45.1131],[17.5979,45.105],[17.5541,45.1086],[17.5473,45.1293],[17.5422,45.1151],[17.5323,45.1083],[17.5082,45.1025],[17.4995,45.1074],[17.4959,45.1065],[17.5008,45.1052],[17.5048,45.1007],[17.4962,45.0987],[17.49,45.102],[17.4892,45.097],[17.481,45.0955],[17.4928,45.094],[17.4885,45.0876],[17.4752,45.0802],[17.4677,45.0824],[17.4696,45.0772],[17.4569,45.0613],[17.4479,45.0578],[17.4483,45.057],[17.4523,45.0582],[17.4561,45.0574],[17.4597,45.0442],[17.4549,45.0294],[17.4507,45.0292],[17.4466,45.0331],[17.4439,45.0315],[17.4545,45.0243],[17.4481,45.0204],[17.438,45.024],[17.4418,45.0212],[17.4407,45.0161],[17.431,45.0132],[17.4311,45.0109],[17.4363,45.0097],[17.4375,45.0065],[17.4311,45.0039],[17.421,45.0046],[17.4293,44.9942],[17.428,44.9871],[17.419,45.0043],[17.4226,45.0067],[17.4366,45.0069],[17.4304,45.0103],[17.4298,45.0134],[17.4371,45.0245],[17.4513,45.0228],[17.4453,45.0261],[17.4434,45.0298],[17.4436,45.035],[17.4585,45.0447],[17.4471,45.0583],[17.468,45.0838],[17.4883,45.0887],[17.4795,45.0954],[17.495,45.1079],[17.514,45.1064],[17.4793,45.1108],[17.4903,45.1365],[17.4732,45.1256],[17.4505,45.1263],[17.4475,45.1311],[17.4541,45.1507],[17.4453,45.1598],[17.4317,45.1426],[17.4147,45.1337],[17.348,45.1396],[17.3288,45.1521],[17.3272,45.157],[17.3302,45.1637],[17.3116,45.1646],[17.3089,45.176],[17.2853,45.1752],[17.2735,45.1886],[17.2567,45.1541],[17.2464,45.1452],[17.1776,45.1464],[17.0737,45.1885],[17.0648,45.1974],[17.0511,45.2001],[17.0421,45.2079],[17.038,45.2249],[17.0218,45.2129],[17.0099,45.2135],[17.0076,45.2198],[17.0211,45.2355],[17.0067,45.2377],[17.0058,45.2232],[16.9982,45.2205],[16.9892,45.222],[16.9814,45.2307],[16.9832,45.2432],[16.9708,45.2504],[16.9623,45.2438],[16.9762,45.2378],[16.9784,45.2309],[16.976,45.2272],[16.9371,45.2269],[16.9346,45.2444],[16.9532,45.2556],[16.9262,45.2753],[16.9122,45.2535],[16.8795,45.2324],[16.8748,45.2318],[16.8681,45.2371],[16.8626,45.2304],[16.8579,45.2285],[16.8405,45.2317],[16.8491,45.2247],[16.8449,45.1959],[16.8386,45.1891],[16.8267,45.185],[16.8041,45.1852],[16.7724,45.193],[16.732,45.207],[16.698,45.1958],[16.6684,45.201],[16.6272,45.2138],[16.5989,45.2307],[16.5779,45.223],[16.5504,45.2207],[16.5338,45.2267],[16.5142,45.2217],[16.4639,45.1416],[16.4366,45.1258],[16.4049,45.1182],[16.3938,45.1088],[16.3947,45.104],[16.4043,45.0989],[16.4057,45.0942],[16.3858,45.0477],[16.4212,45.0365],[16.4526,45.0412],[16.4603,45.0403],[16.4697,45.0358],[16.4755,45.0356],[16.4183,45.0359],[16.3885,45.0444],[16.3767,45.0515],[16.3543,45.002],[16.2498,44.9827],[16.1858,44.9796],[16.1878,44.9644],[16.1582,44.9263],[16.1477,44.9233],[16.168,44.9052],[16.1585,44.8885],[16.1506,44.8834],[16.1382,44.8794],[16.1318,44.878],[16.1202,44.8779],[16.1106,44.8717],[16.0983,44.8688],[16.0943,44.8653],[16.0907,44.8655],[16.085,44.8715],[16.0781,44.873],[16.0369,44.9006],[16.0026,44.9005],[15.9684,44.91],[15.8817,44.8556],[15.8571,44.854],[15.849,44.8276],[15.8472,44.8276],[15.8564,44.8549],[15.9663,44.911],[16.0328,44.9033],[16.0453,44.898],[16.0497,44.8927],[16.0855,44.8721],[16.092,44.8656],[16.0974,44.8692],[16.1107,44.8726],[16.1198,44.8785],[16.1521,44.885],[16.1671,44.9047],[16.1462,44.9232],[16.1854,44.98],[16.3538,45.0034],[16.3587,45.0366],[16.4033,45.0915],[16.3917,45.1048],[16.3937,45.113],[16.4095,45.1214],[16.4366,45.1275],[16.4623,45.1428],[16.5128,45.2224],[16.5352,45.2279],[16.5776,45.2245],[16.5975,45.2323],[16.6702,45.2022],[16.7331,45.2081],[16.8196,45.1855],[16.8427,45.1945],[16.8397,45.2327],[16.8681,45.2385],[16.8784,45.2332],[16.9177,45.2682],[16.8973,45.2626],[16.8847,45.2618],[16.8789,45.2797],[16.8676,45.2627],[16.8543,45.259],[16.8012,45.268],[16.7961,45.2711],[16.7965,45.2752],[16.8261,45.2973],[16.8101,45.307],[16.8097,45.2942],[16.7982,45.2921],[16.7952,45.2931],[16.7784,45.3105],[16.7896,45.3322],[16.7775,45.3303],[16.7645,45.3359],[16.7635,45.3409],[16.7746,45.3469],[16.7539,45.348],[16.7507,45.3535],[16.7564,45.3618],[16.7198,45.3613],[16.6949,45.3513],[16.6886,45.3517],[16.6688,45.3654],[16.664,45.3898],[16.6252,45.391],[16.6201,45.3999],[16.6206,45.4087],[16.6102,45.4016],[16.5999,45.4008],[16.5857,45.4205],[16.551,45.4028],[16.5295,45.3994],[16.4281,45.437],[16.4165,45.4482],[16.4159,45.4633],[16.4045,45.4597],[16.3938,45.4611],[16.3713,45.4793],[16.365,45.4922],[16.3512,45.4878],[16.363,45.4706],[16.3687,45.451],[16.3668,45.447],[16.3587,45.4445],[16.3493,45.446],[16.3349,45.4579],[16.3259,45.4726],[16.3126,45.4634],[16.2737,45.4616],[16.2794,45.4544],[16.2717,45.4454],[16.2415,45.4419],[16.2133,45.4542],[16.2033,45.4669],[16.2076,45.4714],[16.2115,45.4724],[16.2222,45.4688],[16.2205,45.4753],[16.2241,45.479],[16.2392,45.4769],[16.2328,45.4835],[16.2346,45.4941],[16.2395,45.501],[16.2281,45.5009],[16.2021,45.508],[16.2032,45.4976],[16.1843,45.4783],[16.1756,45.4781],[16.1672,45.4839],[16.152,45.4823],[16.1428,45.4856],[16.1408,45.4843],[16.149,45.4788],[16.1496,45.4728],[16.0945,45.4693],[16.0923,45.4655],[16.1087,45.4548],[16.1223,45.4354],[16.1204,45.433],[16.1042,45.4268],[16.0953,45.4281],[16.0791,45.4361],[16.039,45.4842],[15.9776,45.4693],[15.9455,45.4691],[15.9251,45.4746],[15.9161,45.4855],[15.924,45.5016],[15.9075,45.5258],[15.8713,45.5277],[15.8536,45.548],[15.8148,45.5243],[15.8043,45.5251],[15.795,45.5197],[15.7855,45.5206],[15.7966,45.513],[15.7952,45.5088],[15.7815,45.5036],[15.7513,45.5033],[15.7438,45.5078],[15.7366,45.5167],[15.7174,45.5039],[15.6901,45.5041],[15.6717,45.5125],[15.6783,45.5061],[15.6703,45.4977],[15.6776,45.4988],[15.681,45.4972],[15.6876,45.4875],[15.6905,45.4781],[15.6885,45.4768],[15.6669,45.4798],[15.6543,45.4767],[15.5976,45.481],[15.5771,45.494],[15.5738,45.5071],[15.5658,45.5054],[15.5572,45.5107],[15.5531,45.4961],[15.5474,45.4936],[15.5382,45.494],[15.5313,45.4998],[15.5242,45.512],[15.5283,45.5298],[15.5388,45.5332],[15.5242,45.5483],[15.5172,45.5625],[15.5177,45.5813],[15.5242,45.5933],[15.5347,45.6008],[15.5353,45.6061],[15.5171,45.6073],[15.505,45.6139],[15.5047,45.6171],[15.5122,45.6201],[15.5119,45.628],[15.5023,45.6181],[15.4695,45.6144],[15.4623,45.6238],[15.4755,45.6264],[15.4559,45.6294],[15.4451,45.6447],[15.3892,45.637],[15.3494,45.6463],[15.3423,45.6442],[15.3438,45.6419],[15.3501,45.6416],[15.353,45.6392],[15.3515,45.6365],[15.3471,45.6344],[15.3024,45.6299],[15.3061,45.6329],[15.3514,45.6378],[15.3424,45.6413],[15.3411,45.644],[15.3434,45.6465],[15.4151,45.6494],[15.4451,45.6457],[15.4767,45.6272],[15.4697,45.6155],[15.5023,45.6192],[15.5053,45.6271],[15.5114,45.629],[15.5145,45.628],[15.5141,45.6205],[15.5057,45.6149],[15.5265,45.6116],[15.5336,45.6087],[15.5379,45.6039],[15.5191,45.5801],[15.5407,45.5326],[15.5264,45.5092],[15.5432,45.4945],[15.5538,45.5112],[15.5605,45.5113],[15.5655,45.5066],[15.5742,45.5081],[15.5979,45.482],[15.6678,45.4814],[15.6882,45.4782],[15.6689,45.497],[15.6713,45.5136],[15.7363,45.518],[15.7837,45.5055],[15.7839,45.5213],[15.8529,45.5495],[15.9085,45.5267],[15.9254,45.5024],[15.9274,45.4749],[16.0392,45.4853],[16.0968,45.4289],[16.1208,45.4353],[16.0904,45.4654],[16.0937,45.4706],[16.1411,45.4864],[16.1677,45.4849],[16.1831,45.4792],[16.2022,45.5091],[16.2405,45.5027],[16.24,45.4756],[16.2245,45.4778],[16.2245,45.4686],[16.2049,45.4662],[16.2396,45.4434],[16.2699,45.446],[16.2705,45.4616],[16.3259,45.4741],[16.3632,45.4469],[16.3495,45.4867],[16.3546,45.4946],[16.3704,45.4913],[16.3724,45.4799],[16.3988,45.4608],[16.3835,45.4763],[16.381,45.5079],[16.3837,45.5095],[16.395,45.5049],[16.4004,45.5079],[16.4097,45.5077],[16.412,45.5053],[16.411,45.503],[16.3961,45.4959],[16.411,45.493],[16.414,45.5076],[16.4245,45.5195],[16.4022,45.5159],[16.3944,45.5228],[16.3808,45.5198],[16.3774,45.5217],[16.3787,45.5341],[16.392,45.5408],[16.3894,45.5486],[16.3918,45.5542],[16.409,45.5614],[16.3859,45.5653],[16.3479,45.5912],[16.345,45.5985],[16.3464,45.6004],[16.3603,45.6002],[16.3517,45.6133],[16.3529,45.6209],[16.3354,45.615],[16.3323,45.6176],[16.343,45.646],[16.3006,45.634],[16.2937,45.6377],[16.2848,45.6597],[16.2882,45.6715],[16.265,45.666],[16.2464,45.6676],[16.2081,45.7209],[16.2275,45.7483],[16.219,45.7445],[16.2021,45.7525],[16.1985,45.7479],[16.1808,45.7472],[16.1494,45.7651],[16.1237,45.7868],[16.1029,45.7871],[16.0598,45.7601],[16.0501,45.7579],[16.0368,45.7628],[16.0047,45.7833],[15.9877,45.7883],[15.9305,45.7723],[15.8675,45.7838],[15.85,45.7938],[15.8186,45.8287],[15.7154,45.8411],[15.6412,45.8808],[15.6301,45.8947],[15.6935,45.8613],[15.7146,45.8425],[15.8224,45.8283],[15.8681,45.7848],[15.9877,45.7893],[16.0062,45.784],[16.0511,45.7592],[16.1005,45.7877],[16.124,45.7881],[16.2288,45.7494],[16.2101,45.7224],[16.2512,45.6693],[16.2895,45.6723],[16.3012,45.6352],[16.3443,45.647],[16.3341,45.6168],[16.3538,45.6219],[16.3624,45.6007],[16.3498,45.5912],[16.4104,45.5618],[16.3788,45.5218],[16.394,45.5242],[16.403,45.517],[16.426,45.5201],[16.4123,45.492],[16.3943,45.4958],[16.4099,45.5064],[16.3927,45.5039],[16.3833,45.5083],[16.3823,45.5043],[16.3857,45.475],[16.4181,45.4638],[16.4269,45.4396],[16.5314,45.4005],[16.579,45.4217],[16.59,45.4214],[16.6648,45.3912],[16.6912,45.3525],[16.7193,45.3627],[16.7567,45.3636],[16.7919,45.3325],[16.7975,45.2935],[16.8079,45.308],[16.8156,45.3076],[16.8286,45.2982],[16.7994,45.2706],[16.8549,45.2607],[16.8724,45.2808],[16.887,45.2791],[16.8876,45.2626],[16.923,45.2767],[16.9346,45.2772],[16.9553,45.2565],[16.9389,45.2284],[16.9748,45.229],[16.9603,45.2427],[16.9698,45.2523],[16.9848,45.2449],[16.9931,45.2226],[17.0035,45.2382],[17.0231,45.2367],[17.0115,45.2147],[17.0384,45.2264],[17.1734,45.1493],[17.2465,45.1475],[17.2736,45.1901],[17.286,45.177],[17.3092,45.1778],[17.3308,45.166],[17.3533,45.1404],[17.4153,45.1362],[17.4391,45.1608],[17.4502,45.1607],[17.4564,45.1486],[17.4516,45.1277],[17.4873,45.1384],[17.494,45.1357],[17.4847,45.1106],[17.5481,45.1312],[17.5574,45.1092],[17.6002,45.1072],[17.6472,45.1314],[17.6681,45.1351],[17.7845,45.0842],[17.8292,45.0516],[17.8538,45.0455],[17.9346,45.0819],[17.931,45.1083],[18.0055,45.153],[18.0209,45.1497],[18.0366,45.1269],[18.071,45.142],[18.0871,45.1192],[18.0726,45.1074],[18.0946,45.0998],[18.1181,45.0817],[18.146,45.0871],[18.2016,45.0811],[18.2207,45.098],[18.211,45.1257],[18.2632,45.1407],[18.3208,45.103],[18.4234,45.1102],[18.5339,45.0448],[18.5373,45.0943],[18.575,45.0678],[18.568,45.0955],[18.631,45.0957],[18.6362,45.0845],[18.6075,45.0657],[18.6549,45.0573],[18.673,45.0962],[18.681,45.0921],[18.6889,45.0781],[18.6701,45.0607],[18.7173,45.0376],[18.7386,45.0179],[18.7312,44.9938],[18.7616,45.0012],[18.7974,44.9925],[18.8067,44.9403],[18.789,44.9331],[18.7535,44.9419],[18.7738,44.9209],[18.7648,44.9066],[18.8618,44.8536],[19.064,44.8625],[19.0862,44.8803],[19.1743,44.9232],[19.2169,44.8971],[19.2582,44.9144],[19.3068,44.9101],[19.35,44.8903],[19.3521,44.8983],[19.3227,44.9095],[19.3203,44.9201],[19.3307,44.923],[19.3881,44.9141],[19.3996,44.927],[19.3708,44.939],[19.3733,44.946],[19.4481,44.9537],[19.4482,44.9775],[19.5473,44.9854],[19.6489,44.9609],[19.6764,44.9255],[19.7052,44.9275],[19.7595,44.9091],[19.7587,44.8961],[19.702,44.8214],[19.7219,44.7545],[19.8009,44.7484],[19.8296,44.7382],[19.8887,44.7006],[19.9928,44.6942],[20.0018,44.689],[19.9966,44.6742],[19.9716,44.6606],[19.928,44.6536],[19.9287,44.6371],[19.9652,44.6323],[20.0324,44.6828],[20.1334,44.7157],[20.1581,44.7095],[20.1735,44.6736],[20.2187,44.715],[20.2377,44.7153],[20.2441,44.7056],[20.2294,44.6825],[20.2855,44.6656],[20.3082,44.7364],[20.3747,44.7899],[20.447,44.815],[20.4247,44.8253],[20.4141,44.848],[20.3588,44.8756],[20.2885,44.9535],[20.288,44.9853],[20.3473,45.0122],[20.3544,45.0451],[20.2341,45.1614],[20.1756,45.1796],[20.1181,45.1639],[20.0515,45.1643],[19.9774,45.1787],[19.8706,45.2618],[19.849,45.2305],[19.7865,45.2112],[19.7718,45.2118],[19.7764,45.2167],[19.7368,45.2222],[19.7205,45.2281],[19.7018,45.2216],[19.707,45.2091],[19.5792,45.209],[19.523,45.247],[19.5176,45.2329],[19.5072,45.2296],[19.3572,45.228],[19.2513,45.2408],[19.1468,45.2738],[19.1006,45.297],[19.086,45.3305],[19.0668,45.3318],[19.0541,45.3407],[19.0132,45.3452],[18.9711,45.3743],[18.9675,45.3866],[18.9745,45.3959],[19.0193,45.4128],[18.9843,45.4506],[18.9878,45.481],[19.002,45.4986],[19.0124,45.5018],[19.0324,45.5007],[19.0635,45.4883],[19.0984,45.5029],[19.0326,45.5323],[19.0203,45.5551],[18.9917,45.5374],[18.9487,45.5313],[18.8709,45.552],[18.7688,45.5415],[18.6668,45.5666],[18.6268,45.58],[18.5883,45.6016],[18.5825,45.6167],[18.5556,45.6198],[18.5509,45.6389],[18.5238,45.6347],[18.5153,45.6364],[18.5209,45.6568],[18.4883,45.6642],[18.4965,45.6859],[18.4264,45.6833],[18.3467,45.7137],[18.3465,45.7294],[18.3108,45.7278],[18.1932,45.7861],[18.1723,45.7747],[18.1206,45.7828],[18.1051,45.7678],[18.0821,45.7632],[18.0307,45.7735],[17.9957,45.7944],[17.9747,45.7876],[17.9249,45.7841],[17.9095,45.7896],[17.9053,45.7857],[17.8971,45.7822],[17.8782,45.7799],[17.8714,45.7675],[17.8604,45.7657],[17.8279,45.7884],[17.8279,45.807],[17.8196,45.8007],[17.8064,45.801],[17.6625,45.8367],[17.6499,45.8485],[17.6254,45.8985],[17.5676,45.9357],[17.5307,45.9331],[17.5154,45.938],[17.4757,45.9413],[17.4418,45.9495],[17.4101,45.9333],[17.339,45.9412],[17.3367,45.9534],[17.353,45.9685],[17.3168,45.9572],[17.3078,45.9616],[17.3143,45.9727],[17.2948,45.9732],[17.2871,45.9766],[17.2833,45.9839],[17.2981,45.9911],[17.2774,45.9967],[17.2639,46.0161],[17.2596,46.0302],[17.2636,46.04],[17.2526,46.0493],[17.253,46.0683],[17.2123,46.0884],[17.2027,46.103],[17.1223,46.1096],[17.1035,46.1195],[17.2209,46.1068],[17.2157,46.0891],[17.2543,46.0709],[17.2609,46.0621],[17.2787,45.9983],[17.3202,45.998],[17.2879,45.9787],[17.3142,45.9749],[17.3189,45.9706],[17.3144,45.9595],[17.3536,45.9715],[17.3544,45.9592],[17.3393,45.953],[17.3441,45.9419],[17.4425,45.9513],[17.5708,45.937],[17.627,45.9002],[17.6637,45.8381],[17.8285,45.8096],[17.8583,45.7758],[17.902,45.7924],[17.9952,45.7963],[18.0911,45.7655],[18.1186,45.7843],[18.1495,45.7898],[18.1048,45.8067],[18.1408,45.8025],[18.1699,45.7767],[18.1885,45.7882],[18.2296,45.7802],[18.412,45.7035],[18.4275,45.6848],[18.5,45.6868],[18.4922,45.6642],[18.5268,45.6558],[18.519,45.6369],[18.5542,45.6397],[18.6546,45.5718],[18.7669,45.5431],[18.8666,45.554],[18.9243,45.5458],[18.8865,45.5657],[18.8887,45.5787],[18.9108,45.5971],[18.8882,45.6071],[18.8776,45.6178],[18.8587,45.6677],[18.8646,45.6788],[18.8716,45.6848],[18.9006,45.6852],[18.9037,45.6822],[18.9051,45.6939],[18.9114,45.6987],[18.8908,45.7528],[18.8613,45.7612],[18.8544,45.7655],[18.8486,45.7736],[18.8886,45.7655],[18.8766,45.7823],[18.8368,45.7853],[18.8223,45.803],[18.8525,45.8578],[18.8263,45.868],[18.8183,45.902],[18.7008,45.9849],[18.6802,46.0176],[18.6866,46.0302],[18.7353,46.0492],[18.7654,46.0937],[18.8355,46.1411],[18.8435,46.172],[18.9034,46.1701],[18.9238,46.191],[18.9222,46.1972],[18.9052,46.1966],[18.896,46.202],[18.9205,46.1985],[18.9046,46.2187],[18.9049,46.2374],[18.8909,46.2403],[18.8821,46.2257],[18.8793,46.2232],[18.874,46.2225],[18.8869,46.2405],[18.9103,46.244],[18.9077,46.2684],[18.9183,46.3065],[18.8958,46.3334],[18.8819,46.4028],[18.9205,46.4652],[18.8558,46.6084],[18.8803,46.6388],[18.9566,46.6499],[19.0061,46.7041],[18.9209,46.8217],[18.9233,46.869],[18.9589,46.9125],[18.9386,46.9802],[18.9653,47.0284],[18.8965,47.073],[18.8692,47.1624],[18.8792,47.1984],[18.9079,47.2331],[18.9194,47.3238],[18.9709,47.3834],[19.0319,47.3974],[19.065,47.468],[19.0414,47.4982],[19.0384,47.5198],[19.0711,47.6008],[19.09,47.6233],[19.076,47.6482],[19.0948,47.7341],[19.0717,47.7614],[19.0834,47.7772],[18.9946,47.8055],[18.9581,47.7693],[18.9293,47.7614],[18.91,47.7685],[18.8874,47.8065],[18.7661,47.8161],[18.6894,47.7528],[18.6624,47.7471],[18.6356,47.7488],[18.5611,47.7648],[18.4937,47.7505],[18.4499,47.7628],[18.4156,47.7474],[18.3762,47.7374],[18.3966,47.7449],[18.3563,47.7363],[18.2946,47.728],[18.1884,47.7367],[18.0891,47.7545],[18.0019,47.7441],[17.9721,47.7552],[17.9453,47.7415],[17.8945,47.7349],[17.6808,47.7258],[17.6762,47.6854],[17.6656,47.7038],[17.6314,47.6901],[17.6766,47.7263],[17.7301,47.7352],[17.7723,47.7354],[17.7867,47.7385],[17.7728,47.7385],[17.708,47.7559],[17.6186,47.8109],[17.5748,47.8042],[17.5634,47.8082],[17.5502,47.8162],[17.543,47.8261],[17.5751,47.8065],[17.6166,47.8128],[17.5667,47.814],[17.5415,47.8329],[17.5379,47.8389],[17.5137,47.837],[17.5118,47.8427],[17.5034,47.8457],[17.4945,47.8557],[17.4936,47.8598],[17.5084,47.8613],[17.5159,47.838],[17.5201,47.8642],[17.5225,47.8421],[17.5393,47.843],[17.5449,47.8326],[17.5497,47.8309],[17.5259,47.8653],[17.502,47.8652],[17.4564,47.8832],[17.4248,47.9265],[17.3953,47.9327],[17.3562,47.9707],[17.3429,47.9621],[17.3544,47.9722],[17.3676,47.9658],[17.345,47.9825],[17.2633,47.9956],[17.2477,48.0033],[17.2396,48.0222],[17.2695,47.9962],[17.3194,48.0062],[17.3713,47.9945],[17.5235,47.8994],[17.6374,47.8014],[17.688,47.7903],[17.6684,47.7872],[17.7094,47.7591],[17.7029,47.7688],[17.7813,47.7415],[17.971,47.7591],[18.0009,47.7494],[18.0355,47.7583],[18.127,47.7528],[18.1092,47.76],[18.1449,47.7499],[18.1344,47.7807],[18.1067,47.7899],[18.0941,47.8069],[18.0684,47.8102],[18.0592,47.8159],[18.0299,47.8569],[18.0288,47.9019],[18.0082,47.9142],[18.0055,47.9256],[17.9817,47.9296],[17.967,47.9416],[17.949,47.9342],[17.9368,47.933],[17.9169,47.9447],[17.8985,47.9397],[17.8897,47.9399],[17.8849,47.9426],[17.8864,47.9507],[17.8901,47.9408],[17.9183,47.9453],[17.9379,47.9343],[17.9678,47.9428],[18.0027,47.9277],[18.0023,47.9348],[18.0124,47.9431],[18.0095,47.9522],[18.0181,47.9574],[17.9816,47.9856],[17.9661,48.0072],[17.9672,48.0374],[17.9104,48.097],[17.9075,48.1436],[17.8525,48.1668],[17.8267,48.1906],[17.8311,48.1957],[17.9069,48.147],[17.9229,48.1231],[17.9116,48.0971],[17.9499,48.0674],[17.9809,48.0182],[17.9888,47.9805],[18.0196,47.9577],[18.1259,47.9739],[18.0195,47.957],[18.0111,47.9513],[18.0142,47.944],[18.0029,47.9316],[18.03,47.9047],[18.0315,47.8574],[18.0638,47.814],[18.0939,47.8082],[18.135,47.7818],[18.1298,47.7928],[18.1294,47.8032],[18.1365,47.8228],[18.1534,47.749],[18.2874,47.7338],[18.4483,47.7673],[18.6653,47.7649],[18.7238,47.7906],[18.7407,47.8178],[18.7234,47.8269],[18.8955,47.8098],[18.9255,47.7673],[18.9457,47.7704],[18.9759,47.8084],[19.0107,47.8215],[19.0705,47.8151],[19.1205,47.7828],[19.1358,47.7443],[19.1196,47.6482],[19.0451,47.5079],[19.07,47.4689],[19.0547,47.4428],[19.0582,47.4473],[19.0693,47.4425],[19.033,47.3935],[18.9571,47.3638],[18.9545,47.3356],[18.8773,47.1627],[18.8997,47.0772],[18.9724,47.0278],[18.9527,46.9837],[18.9653,46.9111],[18.9309,46.8696],[18.9273,46.8237],[18.9555,46.8021],[18.9347,46.8389],[18.9531,46.8207],[19.0119,46.7052],[18.9587,46.6446],[18.8625,46.6125],[18.9265,46.4774],[18.8872,46.396],[18.9261,46.3105],[18.9104,46.2204],[18.93,46.1915],[18.9109,46.1683],[18.8443,46.1663],[18.8399,46.1384],[18.7379,46.0453],[18.6893,46.0249],[18.6854,46.0177],[18.6857,46.0093],[18.687,46.0176],[18.6954,46.0268],[18.69,46.0027],[18.8242,45.9051],[18.8359,45.8697],[18.859,45.8545],[18.8761,45.857],[18.8987,45.857],[18.8733,45.8585],[18.9024,45.8695],[18.8757,45.8843],[18.8692,45.8943],[18.8754,45.9019],[18.904,45.9123],[18.9029,45.9177],[18.8911,45.9202],[18.8896,45.9225],[18.9056,45.9371],[18.8581,45.9414],[18.8552,45.9476],[18.8448,45.9526],[18.8412,45.9578],[18.8423,45.9603],[18.8625,45.9684],[18.8861,45.9528],[18.873,45.964],[18.8717,45.9683],[18.9006,46.0071],[18.9142,46.0156],[18.9035,46.0377],[18.919,46.0302],[18.9158,46.0141],[18.8738,45.9664],[18.9042,45.9712],[18.9163,45.9672],[18.9179,45.9623],[18.9162,45.9587],[18.894,45.9518],[18.8862,45.9516],[18.8631,45.9663],[18.843,45.9566],[18.9077,45.9383],[18.8909,45.9225],[18.9042,45.9181],[18.9048,45.911],[18.871,45.8934],[18.9025,45.8727],[18.9032,45.8574],[18.9203,45.855],[18.9306,45.8091],[18.9455,45.8048],[18.9675,45.7818],[18.9261,45.81],[18.9288,45.8099],[18.9261,45.8152],[18.9237,45.8119],[18.9269,45.8002],[18.9222,45.7848],[18.9295,45.7806],[18.9489,45.7806],[18.9548,45.7775],[18.979,45.7467],[18.9941,45.711],[18.9526,45.7776],[18.8989,45.771],[18.9261,45.7807],[18.9209,45.7841],[18.9192,45.7893],[18.9206,45.8165],[18.8903,45.825],[18.8594,45.8512],[18.8505,45.8091],[18.8902,45.7769],[18.9112,45.7071],[18.9213,45.6956],[18.9635,45.6808],[18.9681,45.6776],[18.97,45.6723],[18.9393,45.6204],[18.9359,45.6196],[18.9266,45.6173],[18.9125,45.6204],[18.9085,45.6177],[18.9172,45.597],[18.9018,45.5598],[18.9546,45.5372],[19.0204,45.5588],[19.0963,45.523],[19.1034,45.5025],[19.1118,45.5058],[19.1771,45.5047],[19.2148,45.5189],[19.2166,45.5425],[19.1816,45.5644],[19.187,45.5953],[19.1762,45.5999],[19.1695,45.6113],[19.1526,45.6141],[19.1396,45.6229],[19.1077,45.6859],[19.1111,45.7126],[19.1174,45.7221],[19.1148,45.7405],[19.1183,45.7402],[19.119,45.7233],[19.1099,45.6858],[19.1412,45.623],[19.1712,45.6115],[19.1878,45.5966],[19.1831,45.5647],[19.218,45.5426],[19.2194,45.5222],[19.215,45.5177],[19.2007,45.5101],[19.1806,45.5043],[19.1788,45.5002],[19.1111,45.5044],[19.0803,45.4817],[19.0,45.492],[18.9916,45.4462],[19.0267,45.4272],[19.0322,45.4099],[19.0229,45.4008],[18.9711,45.3859],[19.0308,45.3448],[19.0929,45.338],[19.1152,45.2952],[19.2567,45.2722],[19.2634,45.2628],[19.2599,45.2455],[19.3186,45.2366],[19.5327,45.2559],[19.551,45.2516],[19.5904,45.2151],[19.6033,45.2161],[19.6377,45.2318],[19.6551,45.2352],[19.664,45.2325],[19.6723,45.2267],[19.7106,45.2353],[19.8084,45.2226],[19.8293,45.227],[19.8002,45.2291],[19.8458,45.2342],[19.8665,45.2673],[19.7527,45.297],[19.6312,45.3596],[19.6119,45.3493],[19.5863,45.343],[19.5827,45.3431],[19.6289,45.3599],[19.6032,45.3741],[19.579,45.3916],[19.5274,45.4914],[19.4987,45.5041],[19.4362,45.5384],[19.4316,45.5387],[19.4032,45.5576],[19.5255,45.4939],[19.6754,45.5529],[19.5286,45.4931],[19.6017,45.3763],[19.7496,45.2995],[19.8247,45.2819],[19.9154,45.2519],[19.9407,45.2155],[19.972,45.1864],[20.0566,45.1706],[20.1776,45.1877],[20.2274,45.1759],[20.2702,45.1511],[20.2765,45.1372],[20.2747,45.1688],[20.2792,45.1757],[20.3062,45.1834],[20.312,45.2228],[20.235,45.2913],[20.2497,45.3268],[20.2675,45.335],[20.2364,45.3564],[20.2125,45.3643],[20.204,45.3771],[20.2014,45.3878],[20.2242,45.4192],[20.2203,45.4403],[20.1819,45.4604],[20.1016,45.521],[20.0961,45.5502],[20.11,45.5716],[20.1315,45.5847],[20.1306,45.5914],[20.072,45.5877],[20.0552,45.6069],[20.0875,45.6176],[20.0976,45.6352],[20.1151,45.6545],[20.0878,45.6795],[20.0924,45.7132],[20.1666,45.7364],[20.1462,45.76],[20.1427,45.8183],[20.131,45.8275],[20.0891,45.8443],[20.0839,45.8497],[20.0849,45.8629],[20.1325,45.894],[20.1114,45.9059],[20.091,45.9346],[20.0893,45.9654],[20.0964,45.982],[20.0678,45.9866],[20.0301,46.0132],[20.0346,46.0208],[20.0655,46.0203],[20.0875,46.0503],[20.0841,46.0597],[20.0418,46.0797],[20.0367,46.0866],[20.0797,46.1129],[20.0601,46.1324],[20.0659,46.1497],[20.1538,46.2538],[20.1698,46.2569],[20.1994,46.2531],[20.249,46.2951],[20.2196,46.3219],[20.2198,46.3466],[20.1977,46.3512],[20.1932,46.3555],[20.193,46.3608],[20.2089,46.3782],[20.2044,46.3996],[20.1938,46.3996],[20.1886,46.4023],[20.1854,46.4065],[20.1843,46.4171],[20.2056,46.4647],[20.1761,46.4985],[20.1845,46.5092],[20.1636,46.5195],[20.1581,46.5254],[20.1674,46.5423],[20.1435,46.5554],[20.1386,46.5787],[20.1394,46.5857],[20.1436,46.5899],[20.1604,46.5899],[20.1615,46.6032],[20.183,46.6305],[20.1896,46.6605],[20.2206,46.67],[20.2008,46.6808],[20.1953,46.6867],[20.1903,46.7152],[20.1638,46.7123],[20.149,46.7161],[20.0891,46.7627],[20.0836,46.7845],[20.0658,46.7898],[20.0435,46.8215],[20.0395,46.8426],[20.0407,46.8531],[20.0471,46.868],[20.0587,46.8822],[20.0706,46.886],[20.0889,46.876],[20.1237,46.9066],[20.1581,46.9173],[20.1468,46.9391],[20.1292,46.9429],[20.1108,46.9357],[20.1051,46.9388],[20.1026,46.9491],[20.1044,46.9539],[20.1134,46.958],[20.128,46.9587],[20.1324,46.9617],[20.1255,46.9721],[20.1274,46.9784],[20.1699,46.9997],[20.2123,47.0051],[20.2405,47.0246],[20.2912,47.0253],[20.282,47.0445],[20.2099,47.0322],[20.2013,47.0331],[20.1964,47.037],[20.179,47.0702],[20.1899,47.1158],[20.1675,47.1182],[20.1632,47.1217],[20.1809,47.1649],[20.189,47.1696],[20.2044,47.1727],[20.2172,47.1733],[20.2462,47.1704],[20.2558,47.1829],[20.2903,47.1895],[20.2947,47.2245],[20.3549,47.267],[20.3768,47.2648],[20.3869,47.2601],[20.3946,47.2527],[20.4088,47.2611],[20.4309,47.2556],[20.4607,47.2696],[20.4769,47.3126],[20.4723,47.3174],[20.4526,47.3221],[20.4474,47.3261],[20.4351,47.3709],[20.4405,47.3876],[20.3801,47.3937],[20.3762,47.3974],[20.3738,47.405],[20.3765,47.4248],[20.4271,47.4263],[20.4467,47.4386],[20.4465,47.4476],[20.4496,47.453],[20.4685,47.465],[20.5061,47.471],[20.5192,47.5012],[20.6573,47.551],[20.6563,47.5707],[20.6661,47.5539],[20.6812,47.6043],[20.7046,47.6218],[20.6625,47.6321],[20.6384,47.6154],[20.6529,47.6039],[20.6379,47.5993],[20.6397,47.5896],[20.631,47.5836],[20.6355,47.6168],[20.649,47.6337],[20.7175,47.6429],[20.6912,47.5994],[20.694,47.5914],[20.7072,47.5821],[20.7078,47.588],[20.698,47.5912],[20.6948,47.5975],[20.6999,47.6036],[20.7153,47.6073],[20.7152,47.614],[20.7195,47.6203],[20.7144,47.6277],[20.7145,47.6344],[20.7313,47.6434],[20.7602,47.6435],[20.7626,47.6669],[20.773,47.6755],[20.7982,47.6834],[20.8246,47.67],[20.8552,47.6767],[20.8766,47.6733],[20.8864,47.6816],[20.9195,47.695],[20.9325,47.6978],[20.9636,47.7325],[20.9787,47.7429],[20.9786,47.7508],[20.9684,47.765],[20.9691,47.7693],[20.9872,47.7723],[21.0021,47.7868],[21.0403,47.7823],[21.042,47.7975],[21.0187,47.8093],[21.0186,47.821],[21.0259,47.8264],[21.0549,47.829],[21.0639,47.8368],[21.0527,47.844],[21.0496,47.8498],[21.0575,47.9007],[21.0896,47.9246],[21.1111,47.9335],[21.1398,48.0094],[21.1566,48.0231],[21.1863,48.0304],[21.2224,48.0248],[21.2281,48.0289],[21.2216,48.0346],[21.223,48.04],[21.2385,48.0514],[21.2513,48.055],[21.3314,48.0222],[21.3491,48.0341],[21.4136,48.0345],[21.4062,48.0436],[21.4067,48.0495],[21.4118,48.0538],[21.4326,48.0442],[21.4306,48.0884],[21.449,48.0906],[21.4259,48.1039],[21.4159,48.1138],[21.4028,48.1349],[21.4022,48.1485],[21.3761,48.1482],[21.3624,48.1703],[21.3923,48.2055],[21.415,48.2058],[21.4109,48.2157],[21.4212,48.2247],[21.4129,48.2293],[21.4415,48.2484],[21.4854,48.2425],[21.4983,48.2662],[21.5103,48.278],[21.5334,48.2937],[21.541,48.2944],[21.5494,48.293],[21.5727,48.3204],[21.597,48.3375],[21.6004,48.3378],[21.5484,48.2743],[21.5363,48.2932],[21.4858,48.2414],[21.4414,48.2469],[21.4216,48.2194],[21.4125,48.2155],[21.4509,48.2032],[21.4281,48.1739],[21.394,48.2044],[21.3636,48.1704],[21.4041,48.1488],[21.4142,48.1237],[21.435,48.1508],[21.4586,48.1706],[21.4721,48.1674],[21.4724,48.1772],[21.4784,48.1813],[21.6012,48.1924],[21.634,48.1829],[21.649,48.1681],[21.6645,48.1667],[21.7386,48.2014],[21.7673,48.2093],[21.7809,48.2033],[21.8004,48.2234],[21.847,48.2412],[21.8996,48.2471],[21.9193,48.2395],[21.927,48.2514],[21.9394,48.2548],[21.9463,48.2623],[21.959,48.266],[21.9818,48.2911],[21.9924,48.2965],[22.0449,48.3089],[22.0657,48.2983],[22.065,48.3142],[22.118,48.3696],[22.0948,48.377],[22.0942,48.3868],[22.1356,48.3813],[22.1296,48.3913],[22.155,48.41],[22.2101,48.426],[22.2667,48.4093],[22.2563,48.3915],[22.2416,48.3869],[22.2536,48.3805],[22.2695,48.3588],[22.2438,48.3516],[22.2652,48.3444],[22.2676,48.3395],[22.2643,48.3345],[22.2525,48.3291],[22.2514,48.3172],[22.2411,48.3091],[22.2551,48.3033],[22.2609,48.2843],[22.2332,48.2613],[22.2462,48.2584],[22.2618,48.2636],[22.2688,48.263],[22.2927,48.2443],[22.292,48.2407],[22.2802,48.2367],[22.2833,48.2235],[22.2747,48.2176],[22.2887,48.207],[22.2889,48.2028],[22.2745,48.1952],[22.2715,48.1964],[22.2878,48.2045],[22.272,48.2161],[22.2785,48.2375],[22.2918,48.2434],[22.2663,48.2627],[22.243,48.2569],[22.2344,48.2583],[22.2316,48.2621],[22.2588,48.284],[22.239,48.307],[22.2497,48.3289],[22.2649,48.3409],[22.2408,48.3524],[22.2674,48.3591],[22.2389,48.3865],[22.2642,48.4083],[22.2048,48.4242],[22.1316,48.3902],[22.1371,48.3796],[22.0873,48.3091],[22.0689,48.3154],[22.0662,48.2971],[21.9884,48.2936],[21.9609,48.2655],[21.9412,48.2542],[21.9287,48.2511],[21.9204,48.2381],[21.8461,48.24],[21.7828,48.2022],[21.665,48.1652],[21.6498,48.1662],[21.5977,48.1914],[21.4773,48.1794],[21.4746,48.1668],[21.4575,48.1682],[21.4149,48.1224],[21.453,48.089],[21.4324,48.0873],[21.4376,48.0473],[21.4311,48.0416],[21.4255,48.0406],[21.4114,48.0523],[21.4145,48.0332],[21.3278,48.0214],[21.2515,48.0538],[21.2236,48.0238],[21.1589,48.0228],[21.1132,47.9326],[21.087,47.9118],[21.0593,47.8998],[21.0694,47.8295],[21.0203,47.8191],[21.0442,47.798],[21.0423,47.7802],[20.9699,47.768],[20.9807,47.7535],[20.9815,47.7428],[20.9367,47.6978],[20.8784,47.6708],[20.8226,47.6685],[20.797,47.682],[20.7785,47.6753],[20.7608,47.6417],[20.7326,47.642],[20.7165,47.634],[20.7218,47.6204],[20.7176,47.6146],[20.7249,47.6216],[20.7233,47.6316],[20.735,47.6262],[20.721,47.6058],[20.6972,47.5985],[20.6989,47.5925],[20.7094,47.5882],[20.7058,47.5763],[20.6746,47.5665],[20.6669,47.5521],[20.5836,47.5151],[20.598,47.4968],[20.5236,47.5004],[20.5067,47.4697],[20.4369,47.4293],[20.4212,47.4228],[20.4011,47.4199],[20.3776,47.4239],[20.3804,47.3948],[20.4421,47.3882],[20.4486,47.3277],[20.4751,47.3177],[20.4788,47.3134],[20.467,47.2735],[20.4629,47.269],[20.4266,47.2534],[20.3952,47.2515],[20.3548,47.2654],[20.2966,47.2246],[20.2946,47.192],[20.2898,47.1881],[20.2446,47.1689],[20.1834,47.1655],[20.1651,47.1217],[20.1853,47.1203],[20.192,47.1152],[20.1948,47.0414],[20.2816,47.0457],[20.293,47.0253],[20.1322,46.9797],[20.1335,46.9609],[20.1056,46.942],[20.1099,46.9368],[20.1276,46.9439],[20.1499,46.9393],[20.1599,46.9179],[20.0906,46.8752],[20.0609,46.8813],[20.0411,46.8476],[20.046,46.8209],[20.0834,46.7876],[20.0931,46.7608],[20.1513,46.7161],[20.1919,46.7158],[20.2223,46.6707],[20.2212,46.6664],[20.1901,46.659],[20.1853,46.6312],[20.1629,46.5894],[20.1402,46.5808],[20.169,46.5431],[20.1606,46.5242],[20.1856,46.5109],[20.2077,46.4638],[20.1861,46.4192],[20.2062,46.3993],[20.2108,46.3777],[20.194,46.3565],[20.2208,46.3479],[20.2508,46.2958],[20.244,46.2844],[20.2261,46.275],[20.2028,46.2538],[20.1956,46.2512],[20.3467,46.2399],[20.5489,46.178],[20.6108,46.1463],[20.636,46.1272],[20.6555,46.1503],[20.7141,46.1635],[20.7721,46.1454],[20.8313,46.0918],[20.86,46.0906],[20.8698,46.0833],[20.8879,46.0852],[20.9111,46.0731],[20.9149,46.0915],[20.9515,46.1262],[20.9594,46.1286],[20.9711,46.1258],[20.968,46.1369],[20.9992,46.1301],[21.0006,46.1291],[20.9717,46.135],[20.9713,46.1247],[20.9541,46.1258],[20.9117,46.072],[20.8334,46.0892],[20.7734,46.1429],[20.7127,46.161],[20.6336,46.126],[20.5457,46.1775],[20.3343,46.24],[20.1573,46.2531],[20.0633,46.1401],[20.0822,46.1174],[20.081,46.1107],[20.0396,46.0867],[20.0897,46.0584],[20.0908,46.053],[20.0817,46.0309],[20.0588,46.0153],[20.0329,46.0163],[20.07,45.9876],[20.099,45.9818],[20.0938,45.9362],[20.1347,45.8937],[20.0859,45.8521],[20.1427,45.8217],[20.1696,45.7358],[20.0933,45.7111],[20.0902,45.6786],[20.1222,45.6602],[20.0898,45.6169],[20.0574,45.6063],[20.1558,45.5876],[20.098,45.5426],[20.2223,45.4417],[20.2262,45.4185],[20.205,45.3795],[20.27,45.335],[20.2511,45.326],[20.2378,45.2903],[20.3149,45.2231],[20.3105,45.1834],[20.278,45.1698],[20.2792,45.1346],[20.3538,45.0637],[20.3692,45.0239],[20.3575,45.0053],[20.3212,44.9948],[20.3015,44.9891],[20.2943,44.9582],[20.3725,44.8727],[20.4597,44.8356],[20.4925,44.8313],[20.5284,44.8342],[20.4937,44.8339],[20.5845,44.8626],[20.5448,44.8425],[20.5951,44.8572],[20.6266,44.855],[20.6433,44.8363],[20.6469,44.8399],[20.6614,44.8425],[20.6448,44.8346],[20.6494,44.8172],[20.6364,44.8034],[20.6304,44.7819],[20.6355,44.7605],[20.7011,44.7079],[20.7071,44.7232],[20.6349,44.7709],[20.6552,44.8335],[20.6769,44.8312],[20.7192,44.7898],[20.716,44.7577],[20.6868,44.7383],[20.7091,44.7223],[20.704,44.7053],[20.7543,44.6747],[20.8737,44.6658],[20.9751,44.7301],[21.0919,44.7265],[21.3119,44.8282],[21.2915,44.8675],[21.2584,44.8842],[21.2433,44.9059],[21.2446,44.9124],[21.2897,44.9635],[21.2914,44.9716],[21.2933,44.9651],[21.2452,44.9043],[21.2913,44.8697],[21.3274,44.8309],[21.3864,44.8234],[21.396,44.7837],[21.5504,44.7802],[21.6025,44.755],[21.6169,44.72],[21.7193,44.6553],[21.7944,44.6657],[21.9966,44.6369],[22.0334,44.5878],[22.0377,44.5492],[22.1259,44.4814],[22.1789,44.4845],[22.2611,44.5947],[22.2609,44.6286],[22.2934,44.6373],[22.2775,44.6508],[22.397,44.6898],[22.4123,44.7398],[22.3984,44.7447],[22.3913,44.75],[22.3921,44.7519],[22.4142,44.7426],[22.4285,44.7149],[22.4715,44.7205],[22.471,44.7354],[22.475,44.7366],[22.5877,44.6332],[22.7044,44.6122],[22.7712,44.5439],[22.6969,44.5114],[22.5925,44.5474],[22.5479,44.4781],[22.4629,44.4738],[22.5575,44.3822],[22.5618,44.3691],[22.5527,44.3373],[22.5996,44.301],[22.68,44.2845],[22.6842,44.2123],[22.7696,44.2005],[22.7882,44.1722],[22.8649,44.1436],[22.9329,44.1047],[23.0222,44.0976],[23.0522,44.0713],[23.0145,44.0118],[22.9251,43.9963],[22.9019,43.9683],[22.8847,43.9611],[22.8905,43.9571],[22.8456,43.8853],[22.8488,43.8662],[22.8686,43.842],[22.8937,43.832],[22.9496,43.8255],[23.0057,43.8092],[23.0854,43.8044],[23.131,43.8121],[23.0777,43.8067],[23.0595,43.8152],[23.1658,43.8289],[23.1769,43.84],[23.1453,43.8493],[23.1833,43.856],[23.163,43.8458],[23.195,43.8365],[23.1355,43.8131],[23.2891,43.8565],[23.4165,43.8574],[23.5103,43.8382],[23.5501,43.8152],[23.5887,43.805],[23.616,43.7946],[23.7143,43.8106],[23.7812,43.8008],[23.8123,43.7791],[23.8188,43.7867],[23.8109,43.7884],[23.8061,43.7917],[23.8052,43.7975],[23.8136,43.8131],[23.8304,43.8224],[23.8466,43.8504],[23.8734,43.8745],[23.8608,43.9126],[23.8911,43.9161],[23.8773,43.9243],[23.8751,43.9295],[23.8786,43.9798],[23.8924,43.9875],[23.8802,43.9974],[23.8758,44.0404],[23.8806,44.0472],[23.9001,44.048],[23.8883,44.049],[23.8804,44.0596],[23.8933,44.0704],[23.8792,44.0702],[23.8749,44.0758],[23.8785,44.0861],[23.8749,44.0914],[23.875,44.1132],[23.8799,44.1178],[23.8774,44.1263],[23.8692,44.1215],[23.862,44.1232],[23.8528,44.1372],[23.8569,44.1484],[23.8456,44.1464],[23.8353,44.1506],[23.8243,44.1733],[23.8258,44.1791],[23.8306,44.1826],[23.8504,44.1885],[23.8366,44.1967],[23.8335,44.2023],[23.8393,44.2066],[23.8489,44.2075],[23.84,44.2189],[23.8488,44.2363],[23.8163,44.2379],[23.7893,44.254],[23.7098,44.3215],[23.7065,44.3272],[23.7134,44.3369],[23.7126,44.3507],[23.7163,44.3553],[23.7082,44.3629],[23.7014,44.3791],[23.7027,44.3948],[23.6804,44.4053],[23.68,44.4151],[23.6742,44.4139],[23.6669,44.4165],[23.6626,44.4266],[23.6642,44.4272],[23.6972,44.4039],[23.7078,44.3873],[23.7118,44.3622],[23.7224,44.3682],[23.7347,44.3681],[23.7446,44.3769],[23.7719,44.3825],[23.7672,44.3963],[23.786,44.4181],[23.7753,44.4176],[23.7694,44.4206],[23.7689,44.4297],[23.7613,44.4276],[23.7563,44.4299],[23.7552,44.4498],[23.7572,44.4552],[23.7643,44.4523],[23.7602,44.456],[23.7477,44.4588],[23.7446,44.4702],[23.765,44.4553],[23.7612,44.4302],[23.7697,44.4312],[23.7724,44.4201],[23.7866,44.4199],[23.7859,44.4011],[23.7718,44.3809],[23.7459,44.3759],[23.7352,44.367],[23.7153,44.3626],[23.7179,44.3555],[23.716,44.3417],[23.7091,44.325],[23.8166,44.2397],[23.8511,44.2369],[23.8513,44.2071],[23.8356,44.2021],[23.8522,44.1876],[23.8263,44.1735],[23.8617,44.1487],[23.865,44.1235],[23.8729,44.1289],[23.8806,44.1252],[23.8812,44.1151],[23.8761,44.1108],[23.8792,44.1038],[23.876,44.092],[23.8791,44.0863],[23.8772,44.0737],[23.8954,44.0715],[23.8822,44.0599],[23.8878,44.051],[23.8997,44.0501],[23.9016,44.0463],[23.8787,44.0415],[23.8959,43.9888],[23.879,43.9276],[23.894,43.9157],[23.8645,43.9096],[23.8773,43.8731],[23.8305,43.8196],[23.8155,43.8122],[23.8064,43.7946],[23.8203,43.7866],[23.8182,43.7752],[23.9839,43.7484],[24.1086,43.7135],[24.1571,43.6921],[24.1316,43.7835],[24.1759,43.6861],[24.3014,43.704],[24.3274,43.7052],[24.3517,43.7021],[24.4912,43.7676],[24.513,43.7716],[24.5437,43.7709],[24.6333,43.7448],[24.648,43.7376],[24.6585,43.7282],[24.7037,43.7121],[24.7907,43.71],[24.79,43.7293],[24.7973,43.7426],[24.7815,43.7424],[24.7694,43.7512],[24.7751,43.7602],[24.7545,43.7742],[24.7532,43.7879],[24.7379,43.7838],[24.7298,43.7848],[24.7023,43.8122],[24.7548,43.7887],[24.802,43.7404],[24.7918,43.7273],[24.8032,43.7198],[24.8004,43.7132],[24.8683,43.71],[24.9717,43.7307],[25.0236,43.7276],[25.0969,43.6886],[25.1833,43.7022],[25.2574,43.6876],[25.3955,43.6231],[25.7781,43.7137],[25.8087,43.7529],[25.8362,43.7688],[25.8616,43.773],[25.8641,43.7836],[25.9188,43.836],[25.9908,43.8868],[25.9301,43.8679],[25.9261,43.8702],[25.9242,43.8784],[25.9848,43.8915],[26.0008,43.9121],[26.0143,43.9175],[26.0248,43.9189],[26.004,43.9121],[25.9927,43.8877],[26.0071,43.9032],[26.0165,43.9099],[26.0273,43.9135],[26.0332,43.9187],[26.0641,43.9235],[26.1151,43.9807],[26.3405,44.0398],[26.5994,44.0555],[26.6983,44.0811],[26.7646,44.0836],[26.9147,44.1403],[27.0083,44.1416],[27.0691,44.1523],[27.2368,44.1189],[27.3153,44.1451],[27.2947,44.1966],[27.3176,44.1653],[27.3288,44.1892],[27.3785,44.1797],[27.4002,44.2001],[27.4127,44.2019],[27.4377,44.1997],[27.4663,44.2137],[27.5094,44.2262],[27.5453,44.2271],[27.5828,44.2496],[27.6593,44.2739],[27.6661,44.2979],[27.6847,44.3123],[27.7405,44.3295],[27.7791,44.3242],[27.8237,44.3403],[27.8513,44.3928],[27.9232,44.4237],[27.931,44.4811],[27.8892,44.4904],[27.8832,44.4952],[27.8822,44.5061],[27.8857,44.5149],[27.9134,44.5356],[27.9016,44.5652],[27.9277,44.5808],[27.9032,44.6092],[27.9241,44.6331],[27.8958,44.6518],[27.8868,44.6824],[27.8553,44.7015],[27.874,44.7679],[27.8292,44.7771],[27.8171,44.7963],[27.8357,44.8725],[27.8866,44.9068],[27.9013,44.9859],[27.8783,45.0116],[27.9041,45.0882],[27.9557,45.1455],[27.9264,45.1656],[27.9395,45.1692],[27.9449,45.2229],[27.9865,45.2782],[28.0207,45.3581],[28.0244,45.4013],[27.9842,45.39],[27.9178,45.4062],[27.89,45.4186],[27.8682,45.397],[27.8583,45.3959],[27.8449,45.3994],[27.8212,45.3957],[27.7856,45.4065],[27.7821,45.422],[27.7379,45.4122],[27.742,45.4357],[27.7501,45.4472],[27.7379,45.4402],[27.7097,45.4448],[27.7074,45.4488],[27.7168,45.4588],[27.6871,45.4598],[27.6805,45.4655],[27.6914,45.4813],[27.6739,45.4745],[27.6588,45.4722],[27.664,45.4963],[27.6499,45.496],[27.646,45.4988],[27.6651,45.5233],[27.6455,45.5339],[27.6416,45.5446],[27.6118,45.553],[27.5962,45.5409],[27.5673,45.5468],[27.5319,45.523],[27.5234,45.5239],[27.5018,45.5661],[27.5107,45.5774],[27.5352,45.5826],[27.5177,45.5902],[27.515,45.604],[27.4961,45.6069],[27.5138,45.619],[27.4638,45.6386],[27.4501,45.6504],[27.4439,45.6751],[27.4234,45.668],[27.3998,45.6838],[27.3539,45.7321],[27.341,45.7812],[27.4023,45.6836],[27.4418,45.6795],[27.4602,45.6574],[27.4532,45.6501],[27.5129,45.6226],[27.5156,45.6182],[27.5143,45.6156],[27.4978,45.607],[27.5149,45.6051],[27.5369,45.5817],[27.5046,45.5675],[27.5238,45.5257],[27.5652,45.5492],[27.6097,45.555],[27.6415,45.546],[27.6658,45.5269],[27.6663,45.5201],[27.657,45.5044],[27.648,45.4985],[27.6665,45.4963],[27.6604,45.473],[27.6909,45.4826],[27.6953,45.4743],[27.6821,45.4655],[27.7175,45.4599],[27.7115,45.4457],[27.7502,45.4494],[27.7508,45.4457],[27.744,45.4348],[27.7445,45.4261],[27.7396,45.4197],[27.7433,45.4144],[27.782,45.423],[27.8599,45.3967],[27.884,45.4206],[27.9852,45.391],[28.1023,45.4469],[28.1369,45.4387],[28.1754,45.4196],[28.19,45.4171],[28.1895,45.4584],[28.1998,45.4677],[28.2241,45.4677],[28.2835,45.445],[28.298,45.3861],[28.3521,45.322],[28.7163,45.2256],[28.744,45.2353],[28.7833,45.2394],[28.7921,45.244],[28.7869,45.2576],[28.7581,45.265],[28.7485,45.2881],[28.7953,45.2964],[28.804,45.3118],[28.7778,45.3251],[28.7962,45.3439],[28.8225,45.3355],[28.8347,45.3252],[28.8463,45.3193],[28.8766,45.3166],[28.9426,45.2819],[28.9463,45.3143],[28.9674,45.3392],[28.9695,45.3331],[28.9861,45.3327],[29.0412,45.3601],[29.0325,45.3644],[29.0516,45.3688],[29.0451,45.3617],[29.0572,45.3611],[29.0796,45.3724],[29.0729,45.377],[29.0806,45.3734],[29.1054,45.376],[29.1609,45.3938],[29.2386,45.4424],[29.2848,45.4277],[29.3249,45.4498],[29.4401,45.4471],[29.558,45.4149],[29.664,45.3396],[29.6894,45.2703],[29.6738,45.2199],[29.6925,45.2058],[29.6303,45.2074],[29.6451,45.1674],[29.6943,45.1628],[29.6764,45.1527],[29.613,45.1589],[29.6085,45.1505],[29.6722,45.1428],[29.6413,45.0309],[29.5147,44.9972],[29.4686,44.977],[29.498,44.9984],[29.4602,44.9725],[29.6419,45.0283],[29.4935,44.973],[29.6399,45.015],[29.5237,44.9544],[29.5738,44.9696],[29.5499,44.9354],[29.5855,44.9614],[29.5582,44.9374],[29.5889,44.9329],[29.5845,44.8989],[29.6214,44.8826],[29.5933,44.8313],[29.5427,44.8249],[29.5921,44.8913],[29.5753,44.896],[29.5394,44.9296],[29.5198,44.9413],[29.5781,44.8915],[29.539,44.8386],[29.4662,44.8179],[29.1955,44.7946],[29.218,44.8267],[29.1426,44.7783],[29.0907,44.7541],[29.0205,44.7365],[29.0185,44.7309],[29.0611,44.738],[29.0459,44.7259],[28.9835,44.7267],[29.0008,44.7053],[29.0098,44.7213],[29.0289,44.7242],[28.9853,44.6719],[28.9673,44.6771],[28.9641,44.6648],[28.9425,44.6633],[28.9298,44.6754],[28.9373,44.6846],[28.9248,44.6843],[28.7704,44.5862],[28.7779,44.6034],[28.7626,44.5887],[28.7292,44.6219],[28.7628,44.5968],[28.7966,44.6221],[28.7613,44.6114],[28.7609,44.619],[28.8103,44.6326],[28.7913,44.6342],[28.7852,44.6404],[28.773,44.6761],[28.7619,44.6697],[28.7489,44.6742],[28.7416,44.6908],[28.7245,44.6847],[28.7166,44.689],[28.6981,44.7539],[28.7257,44.7131],[28.7754,44.7056],[28.7814,44.7086],[28.7852,44.7182],[28.7842,44.7059],[28.7728,44.6941],[28.8093,44.6887],[28.7773,44.6638],[28.8173,44.6373],[28.8299,44.6506],[28.9159,44.6883],[28.8978,44.7025],[28.851,44.7022],[28.8638,44.7005],[28.8126,44.6629],[28.8354,44.6997],[28.865,44.7074],[28.8845,44.707],[28.9632,44.6927],[28.9857,44.6796],[28.9992,44.6927],[28.9805,44.7152],[28.9753,44.7419],[29.1251,44.785],[29.1472,44.82],[29.097,44.8721],[29.0978,44.8385],[29.0684,44.8244],[29.0424,44.8542],[29.0384,44.9373],[29.0953,44.9561],[29.094,44.9864],[28.9771,45.0031],[28.9535,44.9858],[28.927,44.9808],[28.9188,44.9848],[29.0028,45.0216],[29.0963,44.9887],[29.1317,45.0004],[29.1463,44.9779],[29.1745,44.9884],[29.1849,44.9885],[29.2565,44.9731],[29.2703,45.0143],[29.3098,44.9685],[29.311,44.9889],[29.2855,44.9996],[29.2586,45.0362],[29.1413,45.0458],[29.1208,45.0727],[29.0702,45.1014],[29.0284,45.1054],[29.0116,45.1226],[28.9929,45.1266],[28.9578,45.1431],[28.9101,45.1522],[28.8692,45.1965],[28.7956,45.1802],[28.7841,45.1944],[28.7891,45.2089],[28.7701,45.2144],[28.7524,45.2153],[28.7401,45.2258],[28.7004,45.2218],[28.6376,45.2392],[28.5607,45.2462],[28.3444,45.3186],[28.2809,45.3941],[28.283,45.4311],[28.2564,45.4546],[28.2136,45.4572],[28.187,45.41],[28.0807,45.4341],[28.032,45.3951],[28.0295,45.3489],[27.9962,45.288],[28.0495,45.2575],[28.1165,45.2586],[28.1315,45.2328],[28.0924,45.1905],[28.198,45.1387],[28.1962,45.1341],[28.1713,45.1228],[28.171,45.1193],[28.1802,45.1061],[28.1761,45.101],[28.1715,45.0995],[28.1572,45.0992],[28.1391,45.103],[28.1366,45.1007],[28.1536,45.0364],[28.1305,45.0134],[28.1529,44.9715],[28.126,44.9234],[28.1429,44.8901],[28.1336,44.8789],[28.1061,44.8666],[28.0674,44.7827],[28.0371,44.7594],[28.0263,44.7632],[28.0141,44.7566],[27.9959,44.7581],[27.9499,44.7789],[27.905,44.7721],[27.8728,44.7285],[27.8929,44.7041],[27.9677,44.6805],[28.0263,44.6445],[28.0387,44.6103],[28.0156,44.5743],[28.0923,44.4912],[28.1141,44.4391],[28.1132,44.43],[28.0878,44.4053],[28.0443,44.3809],[28.0241,44.3478],[28.0583,44.3192],[28.0416,44.3205],[28.0574,44.2986],[28.0834,44.2772],[28.2668,44.2507],[28.34,44.2502],[28.3541,44.2446],[28.3831,44.2198],[28.3917,44.2177],[28.5053,44.2671],[28.5692,44.2804],[28.5782,44.268],[28.6219,44.3267],[28.5845,44.266],[28.51,44.2672],[28.4395,44.2313],[28.4023,44.2184],[28.3859,44.2167],[28.3982,44.1819],[28.4356,44.1468],[28.4575,44.1074],[28.6228,44.0997],[28.4566,44.1062],[28.3444,44.2474],[28.2308,44.2485],[28.108,44.27],[28.0988,44.2595],[28.088,44.2719],[28.0851,44.2606],[28.085,44.275],[28.0525,44.3013],[28.0231,44.3447],[28.0152,44.3411],[28.0282,44.3739],[28.0621,44.4077],[28.107,44.4389],[28.0085,44.5705],[28.0315,44.6208],[28.0106,44.6508],[27.9711,44.6754],[27.9943,44.6537],[27.9624,44.6783],[27.9313,44.6767],[27.8763,44.7078],[27.8671,44.7315],[27.8655,44.6985],[27.8926,44.6841],[27.9022,44.6504],[27.9299,44.6357],[27.9085,44.6092],[27.9318,44.5792],[27.906,44.5653],[27.9208,44.5365],[27.8984,44.5006],[27.9415,44.4803],[27.9318,44.4227],[27.8705,44.3967],[27.8385,44.3457],[27.8021,44.3215],[27.6813,44.3035],[27.6615,44.2706],[27.617,44.2401],[27.5837,44.2327],[27.5864,44.2074],[27.5704,44.1918],[27.6318,44.2079],[27.7271,44.2],[27.7739,44.2334],[27.8489,44.2596],[27.933,44.2518],[28.0147,44.3401],[28.0167,44.3234],[27.9966,44.2916],[27.9382,44.2479],[27.7943,44.2351],[27.7731,44.2181],[27.7316,44.1963],[27.6842,44.1885],[27.6497,44.1896],[27.6606,44.1658],[27.6148,44.1837],[27.6262,44.1328],[27.6569,44.14],[27.6321,44.1167],[27.6091,44.1122],[27.6053,44.1148],[27.6241,44.1226],[27.6102,44.1817],[27.6257,44.189],[27.646,44.1898],[27.6025,44.1966],[27.4795,44.1371],[27.4797,44.1246],[27.4615,44.1071],[27.4759,44.1097],[27.4863,44.0967],[27.4541,44.0869],[27.448,44.0974],[27.4644,44.1113],[27.3842,44.1059],[27.3334,44.1169],[27.2922,44.1093],[27.2717,44.1246],[27.2189,44.1128],[27.1636,44.1194],[27.1316,44.1358],[27.0662,44.1303],[27.0314,44.1404],[26.9916,44.1295],[26.928,44.1293],[26.9018,44.1177],[26.8646,44.1161],[26.689,44.0558],[26.5794,44.044],[26.5347,44.0494],[26.3154,44.024],[26.2922,44.0047],[26.1157,43.9579],[26.0535,43.8979],[25.9507,43.8541],[25.9033,43.7869],[25.7883,43.7106],[25.6783,43.6689],[25.621,43.6671],[25.5621,43.6375],[25.5146,43.6409],[25.4782,43.6127],[25.3557,43.621],[25.2898,43.6515],[25.1955,43.6345],[25.154,43.6393],[25.1225,43.6552],[25.1077,43.6793],[24.9779,43.7151],[24.9497,43.7099],[24.9245,43.7129],[24.8576,43.7012],[24.8187,43.7103],[24.7325,43.6812],[24.614,43.7405],[24.5119,43.7587],[24.3422,43.6917],[24.1684,43.6794],[24.0865,43.6988],[24.0673,43.709],[24.0255,43.7173],[23.956,43.7426],[23.8509,43.751],[23.8303,43.7389],[23.8199,43.7355],[23.8043,43.7348],[23.7805,43.7419],[23.8496,43.7545],[23.7273,43.7826],[23.6834,43.7987],[23.6252,43.7873],[23.5635,43.7983],[23.4175,43.8486],[23.2612,43.8416],[23.0361,43.7849],[23.0231,43.7915],[23.0045,43.7914],[22.9585,43.8043],[22.8503,43.8455],[22.8305,43.8705],[22.8407,43.922],[22.8884,43.9942],[23.0101,44.0251],[23.0338,44.0763],[22.9177,44.0993],[22.6742,44.2114],[22.6666,44.2209],[22.6798,44.2542],[22.6752,44.2763],[22.5684,44.2984],[22.5929,44.3016],[22.5569,44.3221],[22.5571,44.3032],[22.4944,44.3673],[22.491,44.413],[22.4535,44.4525],[22.4576,44.4846],[22.5405,44.4867],[22.5643,44.5497],[22.6233,44.5582],[22.705,44.521],[22.7557,44.5385],[22.7175,44.5892],[22.6057,44.613],[22.4682,44.7076],[22.4286,44.7061],[22.2798,44.626],[22.1727,44.4273],[22.1728,44.4691],[22.1245,44.4676],[22.053,44.5083],[22.0678,44.5233],[22.0318,44.5435],[21.9869,44.6308],[21.6231,44.6547],[21.5816,44.7577],[21.4354,44.7634],[21.4336,44.7431],[21.4214,44.7378],[21.4076,44.7384],[21.3971,44.7484],[21.3801,44.8052],[21.3399,44.8185],[21.3113,44.7946],[21.183,44.7614],[21.202,44.7421],[21.2005,44.7288],[21.1759,44.7573],[21.1561,44.7353],[21.1706,44.7242],[21.1569,44.7122],[21.1409,44.7031],[21.1245,44.6997],[21.0999,44.6983],[21.088,44.7012],[21.0807,44.7071],[21.1407,44.7042],[21.1551,44.7347],[21.0354,44.7115],[21.0745,44.6448],[21.0728,44.64],[21.0625,44.6353],[21.0622,44.6238],[21.0775,44.6215],[21.0911,44.6145],[21.0905,44.588],[21.1039,44.5888],[21.1176,44.5856],[21.1277,44.5868],[21.1375,44.5818],[21.1486,44.5108],[21.1359,44.5003],[21.1637,44.5001],[21.1507,44.4874],[21.1705,44.4784],[21.1777,44.4722],[21.1762,44.4676],[21.1703,44.4642],[21.1632,44.4653],[21.1559,44.4715],[21.149,44.4693],[21.1586,44.4645],[21.1604,44.4575],[21.1564,44.4545],[21.1486,44.4542],[21.1452,44.4513],[21.163,44.447],[21.1765,44.4328],[21.1767,44.4281],[21.1707,44.4268],[21.1576,44.4342],[21.1514,44.4327],[21.1347,44.3854],[21.098,44.3614],[21.1169,44.3571],[21.1251,44.35],[21.1353,44.3174],[21.1345,44.313],[21.1233,44.3032],[21.1248,44.2929],[21.1176,44.2819],[21.1297,44.2834],[21.1726,44.2507],[21.1709,44.2426],[21.1476,44.2345],[21.1576,44.2213],[21.1573,44.2003],[21.132,44.2007],[21.1355,44.1947],[21.1531,44.1944],[21.1566,44.1903],[21.136,44.1444],[21.1447,44.1406],[21.1674,44.1459],[21.1782,44.1429],[21.2006,44.0682],[21.2294,44.0696],[21.2452,44.0517],[21.2643,44.0521],[21.2788,44.0426],[21.2899,44.0459],[21.3061,44.0451],[21.3045,44.0131],[21.3158,44.0233],[21.3254,44.0235],[21.3348,44.0114],[21.3128,44.0109],[21.3193,44.0099],[21.3381,43.9986],[21.3373,43.9866],[21.3327,43.9767],[21.3611,43.9701],[21.346,43.9488],[21.3683,43.949],[21.3724,43.9403],[21.3662,43.9353],[21.3414,43.9306],[21.3545,43.8972],[21.3464,43.8884],[21.3463,43.8815],[21.337,43.868],[21.3464,43.8574],[21.3445,43.8434],[21.3531,43.8403],[21.3585,43.8358],[21.3457,43.827],[21.3525,43.8168],[21.3352,43.7991],[21.3632,43.7973],[21.3725,43.7929],[21.3715,43.7872],[21.3659,43.7825],[21.3741,43.7734],[21.3727,43.7276],[21.3838,43.7172],[21.4022,43.7127],[21.4098,43.6952],[21.4106,43.6767],[21.4036,43.6988],[21.3865,43.6794],[21.4041,43.7065],[21.3813,43.7165],[21.3703,43.7295],[21.3641,43.7829],[21.3709,43.7927],[21.334,43.7983],[21.3442,43.828],[21.3565,43.8364],[21.3429,43.8428],[21.335,43.8688],[21.3456,43.8895],[21.3528,43.8962],[21.3394,43.9298],[21.3688,43.9463],[21.3463,43.9455],[21.3302,43.9799],[21.3353,43.9965],[21.3031,44.0113],[21.2901,44.0394],[21.2446,44.0507],[21.2296,44.0682],[21.2047,44.0639],[21.1952,44.0704],[21.1762,44.1426],[21.142,44.1396],[21.134,44.144],[21.1551,44.1907],[21.1429,44.1868],[21.1301,44.2002],[21.1364,44.205],[21.1561,44.2018],[21.1462,44.2348],[21.1713,44.2467],[21.1162,44.2812],[21.1233,44.3064],[21.1336,44.3184],[21.0965,44.3617],[21.1496,44.4332],[21.1595,44.435],[21.1756,44.4294],[21.1435,44.4515],[21.1488,44.4712],[21.1752,44.473],[21.1497,44.4842],[21.1476,44.4923],[21.1549,44.4981],[21.1345,44.4978],[21.137,44.5798],[21.1307,44.5845],[21.0938,44.5858],[21.0868,44.5887],[21.0885,44.6153],[21.0609,44.6234],[21.0613,44.636],[21.073,44.6444],[21.0428,44.6711],[21.0465,44.6851],[21.0359,44.6936],[21.0336,44.7114],[21.0365,44.7136],[21.0078,44.7161],[20.9902,44.7113],[20.9211,44.6667],[20.8907,44.6605],[20.8361,44.654],[20.7353,44.6625],[20.6265,44.7574],[20.6287,44.8015],[20.6124,44.8183],[20.6184,44.8278],[20.5982,44.8269],[20.568,44.8442],[20.5404,44.8244],[20.5262,44.82],[20.5151,44.8191],[20.5386,44.825],[20.5436,44.8302],[20.4503,44.8302],[20.4486,44.8095],[20.441,44.8008],[20.375,44.7852],[20.3125,44.7323],[20.3071,44.6867],[20.2808,44.6606],[20.2657,44.6584],[20.2484,44.6618],[20.2263,44.6792],[20.2315,44.7129],[20.1723,44.6703],[20.1355,44.7111],[20.1025,44.6959],[20.0775,44.6916],[20.0416,44.676],[20.0247,44.6718],[19.9847,44.6384],[19.9538,44.6281],[19.923,44.6368],[19.9187,44.6525],[19.996,44.6898],[19.9369,44.6836],[19.9161,44.6877],[19.8665,44.7038],[19.7981,44.7438],[19.7305,44.7446],[19.6851,44.7771]],[[18.9425,45.6411],[18.9333,45.6284],[18.9154,45.6213],[18.9359,45.6196],[18.9425,45.6411]],[[29.6748,45.2787],[29.6636,45.2598],[29.6655,45.2589],[29.6748,45.2787]],[[29.6526,45.3347],[29.6045,45.3748],[29.564,45.3988],[29.54,45.4075],[29.4098,45.2138],[29.4378,45.2532],[29.4382,45.2405],[29.4542,45.2267],[29.4416,45.2483],[29.4456,45.2647],[29.4932,45.2322],[29.4691,45.2759],[29.5058,45.2494],[29.4922,45.273],[29.5104,45.2593],[29.5199,45.2805],[29.5572,45.2374],[29.541,45.2595],[29.5749,45.2335],[29.5886,45.2283],[29.5432,45.2688],[29.5834,45.2412],[29.6068,45.2371],[29.5617,45.2603],[29.553,45.279],[29.632,45.2329],[29.6467,45.2615],[29.607,45.2824],[29.5485,45.3865],[29.5705,45.3526],[29.6093,45.3676],[29.5941,45.3517],[29.6614,45.3169],[29.6526,45.3347]],[[29.3565,45.4309],[29.3332,45.446],[29.319,45.4431],[29.3054,45.4264],[29.3595,45.4238],[29.3565,45.4309]],[[29.2834,45.4248],[29.2413,45.4318],[29.1738,45.3939],[29.1077,45.3733],[29.0841,45.3729],[29.0601,45.3598],[29.0411,45.3585],[28.989,45.332],[28.9698,45.3307],[28.9419,45.2777],[28.7844,45.3286],[28.8062,45.3135],[28.8069,45.3027],[28.7924,45.2901],[28.7544,45.2842],[28.793,45.2581],[28.7949,45.2412],[28.7409,45.2277],[28.7926,45.2135],[28.7992,45.1824],[28.8421,45.2043],[28.8649,45.2019],[28.8942,45.1876],[28.9497,45.1945],[28.9693,45.194],[29.016,45.1722],[29.0783,45.1767],[29.1311,45.1734],[29.1918,45.1842],[29.2316,45.1787],[29.3109,45.1784],[29.2804,45.2051],[29.2747,45.1804],[29.2419,45.1821],[29.2336,45.216],[29.2528,45.2276],[29.3457,45.1786],[29.3284,45.1766],[29.3623,45.1762],[29.3915,45.2006],[29.3516,45.1816],[29.2502,45.2307],[29.2321,45.2213],[29.2254,45.1812],[29.1642,45.2132],[29.1565,45.1928],[29.1812,45.1887],[29.1235,45.1755],[29.093,45.1949],[28.9985,45.2089],[29.0168,45.217],[29.0001,45.2303],[28.998,45.2146],[28.9685,45.1976],[28.9001,45.1917],[28.9075,45.2094],[28.94,45.2107],[28.9423,45.223],[28.8836,45.2027],[28.9847,45.2399],[28.9483,45.2462],[28.9743,45.2513],[28.9647,45.2701],[29.2795,45.2776],[29.3068,45.3365],[29.3055,45.4003],[29.333,45.4148],[29.2834,45.4248]],[[29.4743,45.1737],[29.4875,45.2055],[29.4693,45.2266],[29.3921,45.2013],[29.4475,45.2065],[29.4401,45.1744],[29.4743,45.1737]],[[29.6548,45.1578],[29.6643,45.1584],[29.6381,45.1623],[29.6229,45.1605],[29.6548,45.1578]],[[29.3446,45.1739],[29.381,45.173],[29.3619,45.1547],[29.3535,45.0925],[29.3622,45.0784],[29.3725,45.0429],[29.3568,45.048],[29.371,45.0282],[29.3775,45.0461],[29.4186,45.026],[29.408,45.0583],[29.4415,45.0394],[29.3858,45.0951],[29.3748,45.1423],[29.3845,45.1729],[29.4405,45.1722],[29.3446,45.1739]],[[29.3072,45.1757],[29.2833,45.1728],[29.3212,45.1609],[29.3112,45.174],[29.3402,45.1745],[29.3072,45.1757]],[[29.2423,45.1773],[29.2315,45.176],[29.2502,45.1718],[29.2879,45.176],[29.2423,45.1773]],[[29.1679,45.1797],[29.1458,45.1744],[29.1676,45.1657],[29.1958,45.1822],[29.1679,45.1797]],[[29.0774,45.1755],[29.0099,45.171],[28.9614,45.1929],[28.8918,45.1866],[28.9153,45.153],[28.9338,45.1544],[29.0551,45.1188],[29.1215,45.0759],[29.1394,45.0733],[29.1591,45.0897],[29.1292,45.0906],[29.1259,45.0981],[29.1303,45.1049],[29.1439,45.1103],[29.1698,45.112],[29.2077,45.0948],[29.2225,45.076],[29.2227,45.0629],[29.2493,45.0685],[29.2487,45.079],[29.1823,45.1094],[29.1953,45.1229],[29.1334,45.1246],[29.0955,45.1729],[29.1278,45.1516],[29.1298,45.1718],[29.0774,45.1755]],[[29.1885,45.0474],[29.241,45.0388],[29.2794,45.0397],[29.2115,45.0448],[29.2135,45.0656],[29.1885,45.0474]],[[29.305,45.0212],[29.3044,45.0179],[29.2904,45.0065],[29.2885,45.0013],[29.3141,44.9918],[29.313,44.972],[29.3259,44.971],[29.3393,44.9827],[29.3174,44.9721],[29.3162,44.9918],[29.2928,45.0037],[29.341,45.02],[29.3437,45.0321],[29.3368,45.0204],[29.2736,45.0238],[29.305,45.0212]],[[29.3497,44.9682],[29.3539,44.9581],[29.3624,44.9629],[29.3671,44.9719],[29.3541,44.9603],[29.3497,44.9682]],[[29.4293,44.9805],[29.4194,44.9774],[29.4204,44.9725],[29.4293,44.9805]],[[29.5313,44.9398],[29.574,44.9029],[29.5811,44.9017],[29.5325,44.9412],[29.5001,44.9518],[29.5313,44.9398]],[[29.4826,44.9591],[29.4773,44.9595],[29.4872,44.9526],[29.4826,44.9591]],[[29.4551,44.9706],[29.4394,44.973],[29.4182,44.963],[29.4551,44.9706]],[[29.3477,44.9589],[29.3174,44.9683],[29.3343,44.9539],[29.3644,44.951],[29.3477,44.9589]],[[20.6493,44.7686],[20.6616,44.7714],[20.6543,44.7733],[20.6493,44.7686]],[[20.7098,44.7621],[20.7074,44.7597],[20.7121,44.7564],[20.7098,44.7621]],[[20.9159,44.6734],[20.8928,44.6692],[20.9203,44.6732],[20.9473,44.6935],[20.9159,44.6734]],[[20.9301,44.6889],[20.9386,44.6954],[20.9155,44.689],[20.9016,44.6746],[20.9301,44.6889]],[[21.3043,44.0432],[21.2864,44.0436],[21.2937,44.0383],[21.3043,44.0432]],[[21.2981,44.8044],[21.2824,44.8],[21.2795,44.7967],[21.2981,44.8044]],[[22.8813,43.9627],[22.9027,43.975],[22.9036,43.9789],[22.879,43.9643],[22.8745,43.9403],[22.8813,43.9627]],[[27.9307,45.0292],[27.9345,45.0108],[27.9335,44.97],[27.9228,44.9609],[27.9298,44.9459],[27.926,44.9317],[27.9289,44.9279],[27.9391,44.9273],[27.9419,44.9236],[27.9213,44.8893],[27.9632,44.836],[27.9348,44.8136],[27.9065,44.8065],[27.9094,44.7841],[27.9031,44.7753],[27.9529,44.7815],[28.0038,44.7585],[28.0275,44.7645],[28.0351,44.7607],[28.0998,44.8633],[28.1406,44.8921],[28.1232,44.9205],[28.1504,44.9743],[28.1263,45.0148],[28.1518,45.0357],[28.1337,45.0991],[28.1389,45.1042],[28.1741,45.1013],[28.169,45.1231],[28.1961,45.1372],[28.09,45.1892],[28.1285,45.2336],[28.1146,45.2581],[28.0646,45.2514],[28.0251,45.2634],[27.9949,45.2852],[27.9664,45.2389],[27.9985,45.1834],[27.9985,45.1633],[27.9904,45.1579],[27.9616,45.1512],[27.9678,45.1375],[27.9655,45.1258],[27.9307,45.0292]],[[27.4613,44.1322],[27.5029,44.1639],[27.5712,44.1969],[27.568,44.2219],[27.5876,44.2375],[27.3802,44.1776],[27.3287,44.1874],[27.3169,44.1442],[27.4613,44.1322]],[[27.6189,44.2456],[27.62,44.2549],[27.6033,44.252],[27.6189,44.2456]],[[27.9075,44.8117],[27.96,44.8375],[27.9174,44.8896],[27.9398,44.9245],[27.9267,44.9265],[27.9237,44.9322],[27.9265,44.9488],[27.9199,44.9621],[27.9307,44.972],[27.9305,45.0144],[27.9117,45.066],[27.8843,45.0092],[27.8871,45.0042],[27.9059,44.9948],[27.9038,44.9683],[27.9149,44.9686],[27.9233,44.9485],[27.9065,44.9671],[27.9072,44.9381],[27.9248,44.9209],[27.8946,44.8984],[27.9118,44.9247],[27.9045,44.9298],[27.8889,44.8978],[27.8957,44.8843],[27.8953,44.875],[27.8599,44.8583],[27.8556,44.8494],[27.9157,44.8225],[27.8851,44.7928],[27.8431,44.8096],[27.8381,44.8357],[27.8226,44.7966],[27.8834,44.7687],[27.9075,44.8117]],[[19.1128,47.646],[19.1255,47.7661],[19.0659,47.8106],[18.9924,47.8114],[19.0883,47.7768],[19.0748,47.7638],[19.098,47.7333],[19.0789,47.6483],[19.0938,47.6249],[19.0726,47.5905],[19.1128,47.646]],[[25.1871,43.6374],[25.2427,43.6541],[25.2142,43.6466],[25.1854,43.6791],[25.2589,43.6721],[25.1723,43.6951],[25.1179,43.6805],[25.1871,43.6374]],[[25.2821,43.6551],[25.26,43.6714],[25.2499,43.6639],[25.2821,43.6551]],[[17.4983,47.9085],[17.3686,47.987],[17.3249,47.9976],[17.3357,47.9934],[17.3813,47.9569],[17.4003,47.949],[17.405,47.9471],[17.4329,47.9217],[17.4556,47.885],[17.4983,47.8682],[17.5237,47.8677],[17.5061,47.8705],[17.4962,47.8825],[17.4775,47.8827],[17.4586,47.8867],[17.4327,47.9254],[17.4439,47.9383],[17.4238,47.9376],[17.4028,47.9542],[17.4456,47.9387],[17.4428,47.9201],[17.4538,47.9244],[17.4821,47.8994],[17.4791,47.889],[17.5018,47.892],[17.5185,47.8891],[17.5193,47.8854],[17.5112,47.8744],[17.525,47.8685],[17.5432,47.8535],[17.5504,47.8324],[17.567,47.8256],[17.5657,47.8203],[17.6009,47.8253],[17.4983,47.9085]],[[17.3774,47.957],[17.4143,47.9324],[17.4003,47.949],[17.3774,47.957]],[[18.9315,45.6323],[18.9612,45.6718],[18.9123,45.6979],[18.9037,45.6811],[18.8678,45.6806],[18.8961,45.6135],[18.9315,45.6323]],[[29.1835,45.0495],[29.2183,45.0692],[29.212,45.0856],[29.1933,45.1004],[29.175,45.1067],[29.132,45.1032],[29.1623,45.091],[29.1398,45.0698],[29.2091,45.0789],[29.1747,45.0791],[29.1685,45.1047],[29.2128,45.0791],[29.1827,45.0528],[29.1623,45.0629],[29.152,45.0651],[29.1835,45.0495]],[[29.4305,45.4397],[29.4252,45.4408],[29.3843,45.4373],[29.3622,45.4328],[29.3603,45.4311],[29.4305,45.4397]],[[22.5303,44.3404],[22.5756,44.3175],[22.5468,44.3421],[22.5537,44.3766],[22.5064,44.4041],[22.5303,44.3404]],[[27.9668,45.2205],[27.9639,45.2358],[27.9591,45.2296],[27.9572,45.2219],[27.965,45.2084],[27.9462,45.177],[27.9531,45.1561],[27.9912,45.1611],[27.9934,45.1849],[27.9668,45.2205]],[[27.4624,44.1177],[27.4755,44.1281],[27.3693,44.1238],[27.4624,44.1177]],[[27.3061,44.1365],[27.2935,44.1313],[27.3197,44.1234],[27.3333,44.1341],[27.3061,44.1365]],[[29.4628,45.411],[29.419,45.4048],[29.4479,45.3953],[29.4986,45.3997],[29.4526,45.4084],[29.4636,45.4095],[29.4852,45.4048],[29.4985,45.4054],[29.4628,45.411]],[[18.9251,45.8214],[18.9181,45.8535],[18.8598,45.8533],[18.9251,45.8214]],[[27.8596,44.8607],[27.8929,44.8773],[27.888,44.8942],[27.842,44.8714],[27.837,44.8367],[27.8596,44.8607]],[[21.4013,44.7689],[21.4007,44.7491],[21.4212,44.7395],[21.4309,44.7645],[21.479,44.7677],[21.4013,44.7689]],[[24.7396,43.6889],[24.7943,43.7084],[24.7366,43.7041],[24.6734,43.7164],[24.7396,43.6889]],[[23.7291,43.7846],[23.8209,43.7658],[23.7319,43.8009],[23.7076,43.7937],[23.7291,43.7846]],[[27.9123,45.0929],[27.9066,45.0686],[27.9586,45.1253],[27.9599,45.1465],[27.9123,45.0929]],[[20.618,44.8297],[20.6308,44.8033],[20.6419,44.8186],[20.6386,44.8315],[20.5941,44.8401],[20.618,44.8297]],[[19.2233,45.2639],[19.2037,45.2644],[19.258,45.2452],[19.2453,45.2706],[19.2233,45.2639]],[[26.0665,43.9229],[26.0003,43.8907],[26.0074,43.891],[26.0665,43.9229]],[[25.5075,43.642],[25.4509,43.6244],[25.4719,43.6156],[25.5075,43.642]],[[27.6858,44.1903],[27.6978,44.1949],[27.6207,44.1992],[27.6858,44.1903]],[[25.684,43.6731],[25.7154,43.6851],[25.6417,43.6728],[25.684,43.6731]],[[18.6292,47.7559],[18.626,47.7542],[18.6856,47.7524],[18.7052,47.7732],[18.6292,47.7559]],[[26.1674,43.9847],[26.1386,43.9783],[26.0847,43.9432],[26.1462,43.9753],[26.1873,43.9815],[26.1674,43.9847]],[[17.5174,47.888],[17.4786,47.8878],[17.4805,47.8988],[17.4531,47.9125],[17.4616,47.8875],[17.4983,47.8832],[17.5073,47.8711],[17.5174,47.888]],[[27.3263,44.119],[27.3019,44.1282],[27.2886,44.1279],[27.3263,44.119]],[[21.6195,44.7065],[21.6185,44.6803],[21.644,44.6864],[21.6195,44.7065]],[[20.6033,44.8537],[20.5844,44.8491],[20.6385,44.8361],[20.6033,44.8537]],[[24.1143,43.7022],[24.1408,43.6968],[24.0819,43.7128],[24.1143,43.7022]],[[18.8278,45.7964],[18.8561,45.7878],[18.844,45.819],[18.8278,45.7964]],[[23.808,43.7748],[23.7596,43.7988],[23.7703,43.7864],[23.808,43.7748]],[[19.5268,45.2509],[19.4948,45.2385],[19.5277,45.2488],[19.5578,45.233],[19.5268,45.2509]],[[26.6958,44.0622],[26.7195,44.0697],[26.6669,44.0623],[26.6958,44.0622]],[[29.3789,44.9632],[29.3844,44.9799],[29.3823,44.9844],[29.373,44.9775],[29.3638,44.9608],[29.3546,44.9565],[29.37,44.9557],[29.3789,44.9632]],[[27.8657,44.2466],[27.8789,44.25],[27.8509,44.2575],[27.8337,44.2477],[27.8657,44.2466]],[[26.2322,44.0009],[26.2377,44.0038],[26.1843,43.9901],[26.2322,44.0009]],[[18.9156,45.9599],[18.9155,45.9659],[18.8809,45.9603],[18.9156,45.9599]],[[29.3469,44.96],[29.3481,44.9824],[29.3213,44.9682],[29.3469,44.96]],[[27.9448,45.2053],[27.9475,45.1984],[27.9524,45.2298],[27.9448,45.2053]],[[19.6427,45.2316],[19.6324,45.2242],[19.6703,45.2259],[19.6427,45.2316]],[[25.9054,43.7952],[25.9142,43.8118],[25.8844,43.7812],[25.9054,43.7952]],[[19.0311,45.5],[19.011,45.4981],[19.0395,45.4878],[19.0558,45.4902],[19.0311,45.5]],[[27.0676,44.1459],[27.0528,44.1421],[27.0718,44.1369],[27.0886,44.135],[27.0676,44.1459]],[[20.4464,44.8332],[20.4236,44.8406],[20.4305,44.8254],[20.4464,44.8332]],[[22.9005,43.9775],[22.9069,43.9893],[22.8793,43.9663],[22.9005,43.9775]],[[19.9089,44.6946],[19.9037,44.6945],[19.936,44.6856],[19.9612,44.6901],[19.9089,44.6946]],[[25.014,43.716],[24.9792,43.7236],[24.9858,43.7194],[25.014,43.716]],[[25.1573,43.6502],[25.1443,43.6494],[25.1762,43.6376],[25.1573,43.6502]],[[27.8898,44.5086],[27.9017,44.5206],[27.8841,44.503],[27.8876,44.4931],[27.8972,44.4897],[27.8898,44.5086]],[[19.7363,45.2235],[19.7855,45.2184],[19.7755,45.224],[19.7363,45.2235]],[[24.0209,43.7222],[24.0656,43.711],[24.052,43.7173],[24.0209,43.7222]],[[18.9744,46.7512],[18.9823,46.7441],[18.9825,46.7614],[18.9744,46.7512]],[[26.8885,44.1212],[26.9187,44.1287],[26.9074,44.1284],[26.8885,44.1212]],[[28.0753,44.414],[28.0711,44.4032],[28.0974,44.4218],[28.0753,44.414]],[[23.5165,43.8264],[23.532,43.8207],[23.5009,43.838],[23.5165,43.8264]],[[20.7259,44.6747],[20.7363,44.6646],[20.7612,44.6613],[20.7259,44.6747]],[[29.3023,45.018],[29.3024,45.0193],[29.2787,45.0181],[29.3023,45.018]],[[25.8589,43.7669],[25.8266,43.7558],[25.8391,43.7584],[25.8589,43.7669]],[[24.5425,43.7617],[24.5572,43.7587],[24.5233,43.7671],[24.5425,43.7617]],[[19.086,45.3324],[19.0943,45.3289],[19.0759,45.3386],[19.086,45.3324]],[[26.5842,44.0456],[26.5965,44.0505],[26.552,44.0488],[26.5842,44.0456]],[[26.2923,44.0172],[26.2845,44.008],[26.3077,44.0228],[26.2923,44.0172]],[[27.9958,44.3019],[27.972,44.2768],[27.9779,44.2786],[27.9958,44.3019]],[[20.7692,44.6646],[20.7327,44.6816],[20.7518,44.6692],[20.7692,44.6646]],[[23.0348,43.7957],[23.039,43.7962],[22.9869,43.8046],[23.0348,43.7957]],[[23.0037,44.0137],[23.0114,44.0183],[22.9745,44.0087],[23.0037,44.0137]],[[20.2469,45.1588],[20.2735,45.139],[20.2619,45.1491],[20.2469,45.1588]],[[19.0441,45.5452],[19.0295,45.5516],[19.032,45.5455],[19.0441,45.5452]],[[22.8563,43.9258],[22.856,43.9317],[22.8457,43.9209],[22.8563,43.9258]],[[27.8258,44.2443],[27.8113,44.2391],[27.8469,44.2438],[27.8258,44.2443]],[[23.2953,43.8563],[23.2843,43.8535],[23.3171,43.8537],[23.2953,43.8563]],[[19.0432,47.5153],[19.0546,47.5369],[19.047,47.5307],[19.0432,47.5153]],[[26.7137,44.0776],[26.7007,44.0736],[26.7209,44.0729],[26.7137,44.0776]],[[25.8668,43.7741],[25.8809,43.7884],[25.8698,43.7846],[25.8668,43.7741]],[[29.277,45.0379],[29.2613,45.0363],[29.2701,45.0254],[29.277,45.0379]],[[23.5893,43.7979],[23.6015,43.7963],[23.5748,43.8047],[23.5893,43.7979]],[[17.86,45.7679],[17.8704,45.7689],[17.8694,45.7749],[17.86,45.7679]],[[27.7823,44.2297],[27.7599,44.2155],[27.7682,44.2168],[27.7823,44.2297]],[[28.2037,45.4654],[28.197,45.4578],[28.2203,45.4648],[28.2037,45.4654]],[[24.3203,43.7],[24.3434,43.7004],[24.331,43.7032],[24.3203,43.7]],[[23.0416,43.7872],[23.049,43.7922],[23.026,43.7921],[23.0416,43.7872]],[[27.1634,44.1328],[27.1565,44.1327],[27.1777,44.1237],[27.1634,44.1328]],[[28.0516,44.3962],[28.0508,44.3939],[28.0687,44.4105],[28.0516,44.3962]],[[19.0206,45.4084],[19.0171,45.4027],[19.0271,45.4101],[19.0218,45.4226],[19.0206,45.4084]],[[24.654,43.7298],[24.6344,43.7409],[24.6357,43.7384],[24.654,43.7298]],[[20.0399,44.6763],[20.0551,44.6856],[20.0299,44.6756],[20.0399,44.6763]],[[17.3122,47.9944],[17.34,47.9874],[17.3325,47.9935],[17.3122,47.9944]],[[21.0917,47.9246],[21.0694,47.9072],[21.0759,47.9082],[21.0917,47.9246]],[[23.0419,43.8022],[23.0504,43.7987],[23.0725,43.801],[23.0419,43.8022]],[[22.7694,44.1971],[22.757,44.1994],[22.7598,44.1955],[22.7694,44.1971]],[[17.5659,47.8192],[17.56,47.8262],[17.5623,47.8206],[17.5692,47.8155],[17.5861,47.8206],[17.5659,47.8192]],[[28.0747,44.8019],[28.0794,44.823],[28.0756,44.8174],[28.0747,44.8019]],[[20.3624,45.0148],[20.3621,45.0196],[20.3481,45.0055],[20.3624,45.0148]],[[17.8959,45.7833],[17.9077,45.7898],[17.9016,45.7908],[17.8959,45.7833]],[[18.3921,47.7496],[18.3816,47.7456],[18.4125,47.7488],[18.4213,47.7528],[18.3921,47.7496]],[[25.2266,43.6453],[25.2499,43.6495],[25.2423,43.6499],[25.2266,43.6453]],[[26.1185,43.979],[26.1138,43.9753],[26.1226,43.9763],[26.1185,43.979]],[[22.9494,43.8228],[22.9727,43.8135],[22.9683,43.8162],[22.9494,43.8228]],[[25.535,43.6524],[25.5218,43.6509],[25.5318,43.6486],[25.535,43.6524]],[[19.5426,45.2507],[19.5344,45.2506],[19.5532,45.244],[19.5426,45.2507]],[[24.5051,43.7653],[24.5197,43.768],[24.4983,43.7681],[24.5051,43.7653]],[[25.8324,43.7514],[25.8423,43.7551],[25.8259,43.7506],[25.8324,43.7514]],[[27.499,44.1561],[27.516,44.1648],[27.5087,44.1624],[27.499,44.1561]],[[23.0127,43.7916],[23.0222,43.7931],[22.9993,43.7962],[23.0127,43.7916]],[[28.0874,44.4074],[28.0926,44.4149],[28.0735,44.4009],[28.0874,44.4074]],[[25.1256,43.6587],[25.1181,43.6696],[25.1165,43.6661],[25.1256,43.6587]],[[24.8022,43.7184],[24.7928,43.7233],[24.7923,43.7202],[24.8022,43.7184]],[[19.7122,45.2302],[19.6917,45.2253],[19.6969,45.2241],[19.7122,45.2302]],[[23.553,43.8108],[23.5482,43.8109],[23.5658,43.805],[23.553,43.8108]],[[25.1858,43.6955],[25.1814,43.695],[25.1921,43.6904],[25.1858,43.6955]],[[25.021,43.7081],[25.0134,43.7075],[25.0184,43.7041],[25.021,43.7081]],[[18.8499,45.8271],[18.8518,45.8331],[18.8452,45.8279],[18.8499,45.8271]],[[28.135,44.8814],[28.1396,44.8873],[28.122,44.8766],[28.135,44.8814]],[[24.9471,43.714],[24.9399,43.7126],[24.9616,43.7137],[24.9471,43.714]],[[25.2726,43.6727],[25.2567,43.6831],[25.2581,43.6806],[25.2726,43.6727]],[[22.6873,44.613],[22.683,44.6124],[22.6885,44.6077],[22.6873,44.613]],[[20.1904,45.1763],[20.2041,45.1731],[20.1971,45.1779],[20.1904,45.1763]],[[17.7618,47.7436],[17.7723,47.7408],[17.7618,47.7473],[17.7618,47.7436]],[[19.7443,44.7451],[19.7504,44.7467],[19.7288,44.7486],[19.7443,44.7451]],[[27.9204,44.6909],[27.9085,44.697],[27.9178,44.689],[27.9204,44.6909]],[[17.4524,45.0298],[17.4556,45.0317],[17.4537,45.0367],[17.4524,45.0298]],[[19.8199,44.7392],[19.836,44.7287],[19.8282,44.7366],[19.8199,44.7392]],[[18.9204,45.7935],[18.921,45.7879],[18.9249,45.797],[18.9204,45.7935]],[[24.9735,43.7192],[24.9584,43.7163],[24.9632,43.7156],[24.9735,43.7192]],[[22.9589,43.8073],[22.9757,43.8043],[22.9596,43.809],[22.9589,43.8073]],[[19.5965,45.2133],[19.5753,45.2165],[19.5788,45.2133],[19.5965,45.2133]],[[26.9861,44.1375],[27.0,44.1393],[26.9946,44.14],[26.9861,44.1375]],[[28.0258,45.345],[28.0256,45.3462],[28.0164,45.3331],[28.0258,45.345]],[[26.2261,43.997],[26.249,44.003],[26.2413,44.0027],[26.2261,43.997]],[[18.904,45.6165],[18.9037,45.617],[18.8991,45.6095],[18.904,45.6165]],[[20.2655,44.6603],[20.2783,44.6618],[20.2675,44.662],[20.2655,44.6603]],[[28.111,44.4305],[28.1112,44.4342],[28.0954,44.418],[28.111,44.4305]],[[23.9074,43.7493],[23.9121,43.7491],[23.8943,43.7531],[23.9074,43.7493]],[[18.7432,47.8198],[18.7423,47.8182],[18.7631,47.8207],[18.7432,47.8198]],[[18.8895,45.5698],[18.8921,45.5645],[18.894,45.565],[18.8895,45.5698]],[[18.9682,45.6733],[18.9655,45.678],[18.953,45.6825],[18.9682,45.6733]],[[22.8641,44.1426],[22.8532,44.1472],[22.8616,44.1404],[22.8641,44.1426]],[[25.0165,43.7249],[25.0187,43.7173],[25.02,43.7187],[25.0165,43.7249]],[[20.7923,44.6606],[20.772,44.6657],[20.7787,44.6624],[20.7923,44.6606]],[[26.0472,43.9055],[26.043,43.9029],[26.0501,43.9038],[26.0472,43.9055]],[[18.3533,47.7388],[18.3749,47.7428],[18.3711,47.7426],[18.3533,47.7388]],[[27.7782,44.2283],[27.7886,44.2355],[27.7827,44.234],[27.7782,44.2283]],[[22.8398,43.868],[22.8366,43.8738],[22.8354,43.8697],[22.8398,43.868]],[[27.0609,44.1336],[27.0785,44.1319],[27.0782,44.1326],[27.0609,44.1336]],[[19.359,44.8657],[19.3664,44.8604],[19.3637,44.8639],[19.359,44.8657]],[[19.3693,44.858],[19.3654,44.8598],[19.3694,44.8572],[19.3693,44.858]],[[27.6233,44.1171],[27.6308,44.118],[27.6308,44.1198],[27.6233,44.1171]],[[27.8962,44.8172],[27.9033,44.8264],[27.8819,44.8332],[27.8962,44.8172]],[[28.8977,44.6779],[28.8481,44.6509],[28.7839,44.5986],[28.8977,44.6779]],[[28.7493,44.675],[28.7688,44.6747],[28.7642,44.6874],[28.7493,44.675]],[[29.2328,44.8783],[29.2295,44.8928],[29.1718,44.8822],[29.1679,44.8522],[29.2328,44.8783]],[[29.1959,44.9075],[29.1945,44.9388],[29.14,44.9387],[29.1422,44.9104],[29.1182,44.9276],[29.1084,44.9024],[29.1959,44.9075]],[[29.1186,44.8761],[29.1031,44.8767],[29.1332,44.8477],[29.1186,44.8761]],[[29.1601,44.8733],[29.1621,44.8928],[29.1503,44.8963],[29.1328,44.8808],[29.1601,44.8733]],[[29.0857,44.7683],[29.0574,44.7567],[29.0926,44.7587],[29.1187,44.7778],[29.0857,44.7683]],[[29.3359,44.8935],[29.3773,44.9129],[29.3126,44.885],[29.2774,44.8634],[29.3359,44.8935]],[[29.528,44.8838],[29.5024,44.8639],[29.4558,44.8466],[29.5156,44.8658],[29.5389,44.88],[29.528,44.8838]],[[29.4913,44.864],[29.5078,44.8736],[29.5142,44.8809],[29.4885,44.8654],[29.4296,44.848],[29.4913,44.864]],[[28.9408,44.6658],[28.9558,44.6655],[28.9463,44.6783],[28.9408,44.6658]],[[29.4207,44.9578],[29.4162,44.9511],[29.4252,44.9457],[29.4377,44.9579],[29.4207,44.9578]],[[29.142,44.7933],[29.1355,44.7876],[29.1678,44.7959],[29.142,44.7933]],[[29.0704,44.893],[29.054,44.8938],[29.054,44.8894],[29.0704,44.893]],[[29.1659,44.9837],[29.1824,44.9781],[29.1819,44.9855],[29.1659,44.9837]],[[29.3371,44.8194],[29.3579,44.8239],[29.2916,44.8176],[29.3371,44.8194]],[[29.0904,44.8892],[29.0789,44.8919],[29.0799,44.8867],[29.0904,44.8892]],[[29.4148,44.8326],[29.4413,44.8389],[29.387,44.8295],[29.4148,44.8326]],[[29.3098,44.9501],[29.3125,44.9668],[29.3096,44.9676],[29.3098,44.9501]],[[29.231,44.9132],[29.2614,44.9415],[29.2588,44.9434],[29.231,44.9132]],[[29.5301,44.9139],[29.4931,44.8741],[29.5088,44.88],[29.5301,44.9139]],[[29.1478,44.8727],[29.1408,44.8619],[29.1474,44.8611],[29.1478,44.8727]],[[29.1055,44.8925],[29.1011,44.8868],[29.1131,44.8813],[29.1055,44.8925]],[[28.9581,44.6889],[28.9533,44.6838],[28.9602,44.6788],[28.9581,44.6889]],[[29.1556,44.8632],[29.1513,44.8564],[29.1612,44.8548],[29.1556,44.8632]],[[29.0471,44.7508],[29.0223,44.7438],[29.0234,44.7425],[29.0471,44.7508]],[[29.2078,44.9765],[29.2204,44.9739],[29.2178,44.9793],[29.2078,44.9765]],[[29.0609,44.858],[29.0698,44.8497],[29.0721,44.8518],[29.0609,44.858]],[[29.4893,44.9412],[29.4924,44.9463],[29.4725,44.9284],[29.4893,44.9412]],[[29.0692,44.9311],[29.0664,44.9326],[29.0604,44.9251],[29.0692,44.9311]],[[29.0468,44.8893],[29.0513,44.8844],[29.0467,44.9017],[29.0468,44.8893]],[[29.4074,44.8171],[29.4092,44.8173],[29.3842,44.8175],[29.4074,44.8171]],[[29.3035,44.9303],[29.3051,44.9286],[29.3094,44.9342],[29.3035,44.9303]],[[28.9784,44.7361],[28.9788,44.7302],[28.9847,44.7309],[28.9784,44.7361]],[[29.5565,45.0649],[29.5074,45.0357],[29.6317,45.0663],[29.626,45.0858],[29.5565,45.0649]],[[29.4857,45.1108],[29.4567,45.0649],[29.5392,45.0891],[29.5144,45.1188],[29.4857,45.1108]],[[29.1918,45.1694],[29.1562,45.1494],[29.2026,45.1267],[29.1918,45.1694]],[[29.2635,45.1252],[29.2403,45.1228],[29.2833,45.0916],[29.2932,45.1192],[29.2635,45.1252]],[[29.4691,45.0663],[29.4638,45.0332],[29.505,45.0592],[29.4691,45.0663]],[[29.392,45.1403],[29.3959,45.1289],[29.4246,45.1541],[29.392,45.1403]],[[29.4341,45.0662],[29.452,45.0813],[29.4239,45.0996],[29.4341,45.0662]],[[29.2558,45.0996],[29.2407,45.0878],[29.2708,45.0785],[29.2558,45.0996]],[[29.3082,45.0877],[29.3191,45.0757],[29.3373,45.0904],[29.3082,45.0877]],[[29.5097,45.0587],[29.4962,45.0459],[29.5322,45.0667],[29.5097,45.0587]],[[29.3289,45.1366],[29.3352,45.1176],[29.3471,45.1327],[29.3289,45.1366]],[[29.2205,45.1365],[29.2367,45.1408],[29.2211,45.1507],[29.2205,45.1365]],[[29.4253,45.1067],[29.4325,45.0971],[29.4454,45.1136],[29.4253,45.1067]],[[29.2357,45.1158],[29.2202,45.1074],[29.2277,45.1007],[29.2357,45.1158]],[[29.2984,45.1608],[29.2854,45.1513],[29.2999,45.1453],[29.2984,45.1608]],[[29.2406,45.1071],[29.2293,45.0911],[29.24,45.0915],[29.2406,45.1071]],[[29.2808,45.0772],[29.2752,45.0712],[29.2898,45.0719],[29.2808,45.0772]],[[29.3243,45.0327],[29.2981,45.0308],[29.3076,45.0261],[29.3243,45.0327]],[[29.4931,45.1311],[29.4764,45.1158],[29.4823,45.1154],[29.4931,45.1311]],[[29.4002,45.0124],[29.3998,45.0008],[29.4125,45.0124],[29.4297,44.9819],[29.4322,44.9992],[29.4141,45.0131],[29.4002,45.0124]],[[29.2943,45.122],[29.3046,45.1147],[29.3122,45.1211],[29.2943,45.122]],[[29.5327,45.1063],[29.5408,45.1059],[29.536,45.1231],[29.5327,45.1063]],[[29.2477,45.1575],[29.2724,45.1547],[29.2701,45.1594],[29.2477,45.1575]],[[29.3217,45.1111],[29.3177,45.1144],[29.3072,45.0915],[29.3217,45.1111]],[[29.2227,45.1724],[29.2311,45.1565],[29.2394,45.1635],[29.2227,45.1724]],[[29.1503,45.1442],[29.1419,45.1416],[29.1474,45.1319],[29.1503,45.1442]],[[29.4774,45.138],[29.4705,45.1368],[29.4876,45.1323],[29.4774,45.138]],[[29.6027,45.0355],[29.6311,45.0355],[29.6188,45.0413],[29.6027,45.0355]],[[29.3069,45.1038],[29.3099,45.1133],[29.2962,45.0931],[29.3069,45.1038]],[[29.405,45.0956],[29.3972,45.0944],[29.4145,45.0793],[29.405,45.0956]],[[29.4428,45.1626],[29.4444,45.1578],[29.4538,45.1598],[29.4428,45.1626]],[[29.1395,45.1508],[29.1493,45.1518],[29.1505,45.1597],[29.1395,45.1508]],[[29.2579,45.0695],[29.2661,45.0628],[29.2704,45.0736],[29.2579,45.0695]],[[29.4789,45.152],[29.4709,45.1528],[29.4713,45.1425],[29.4789,45.152]],[[29.3438,45.0595],[29.3509,45.043],[29.3538,45.0424],[29.3438,45.0595]],[[29.3258,45.0627],[29.3278,45.0526],[29.3293,45.0646],[29.3258,45.0627]],[[29.4065,45.1632],[29.3916,45.1514],[29.3953,45.1501],[29.4065,45.1632]],[[29.3545,45.0244],[29.3642,45.0141],[29.359,45.0295],[29.3545,45.0244]],[[29.4009,45.1647],[29.3826,45.1484],[29.3856,45.1477],[29.4009,45.1647]],[[29.5636,45.1014],[29.5725,45.1085],[29.5654,45.1101],[29.5636,45.1014]],[[29.4614,45.1419],[29.4601,45.1202],[29.4628,45.1226],[29.4614,45.1419]],[[29.353,45.0643],[29.3563,45.0605],[29.3602,45.0791],[29.353,45.0643]],[[29.644,45.109],[29.6583,45.1149],[29.6567,45.1197],[29.644,45.109]],[[29.3311,45.0498],[29.3414,45.0476],[29.3411,45.049],[29.3311,45.0498]],[[29.537,45.069],[29.5499,45.0727],[29.5455,45.0755],[29.537,45.069]],[[29.1643,45.1286],[29.1696,45.1301],[29.1648,45.1364],[29.1643,45.1286]],[[29.4473,45.1287],[29.4517,45.135],[29.4462,45.1362],[29.4473,45.1287]],[[29.2442,45.0529],[29.2543,45.0551],[29.2488,45.0596],[29.2442,45.0529]],[[29.4731,45.1051],[29.4822,45.113],[29.4792,45.1141],[29.4731,45.1051]],[[29.2762,45.0855],[29.2745,45.079],[29.2774,45.0784],[29.2762,45.0855]],[[29.3137,45.0596],[29.3206,45.0587],[29.3202,45.0627],[29.3137,45.0596]],[[29.352,45.0747],[29.353,45.0707],[29.3531,45.0808],[29.352,45.0747]],[[29.258,45.0608],[29.255,45.057],[29.2661,45.0614],[29.258,45.0608]],[[29.3349,45.1422],[29.3419,45.1423],[29.3409,45.1468],[29.3349,45.1422]],[[29.3984,45.195],[29.3979,45.1958],[29.385,45.1776],[29.3984,45.195]],[[29.2467,45.2016],[29.2424,45.2045],[29.2432,45.1897],[29.2467,45.2016]],[[29.3093,45.1925],[29.3056,45.1909],[29.313,45.1829],[29.3093,45.1925]],[[29.2604,45.2022],[29.2668,45.2048],[29.257,45.211],[29.2604,45.2022]],[[29.5168,45.2515],[29.534,45.2269],[29.5523,45.2133],[29.5168,45.2515]],[[29.4563,45.2333],[29.4664,45.238],[29.4524,45.2471],[29.4563,45.2333]],[[29.5974,45.3279],[29.6033,45.3109],[29.6071,45.3124],[29.5974,45.3279]],[[29.5181,45.2322],[29.5322,45.2101],[29.5363,45.2137],[29.5181,45.2322]],[[29.584,45.218],[29.6105,45.2018],[29.5973,45.2117],[29.584,45.218]],[[29.4724,45.2345],[29.47,45.234],[29.4836,45.2286],[29.4724,45.2345]],[[29.6268,45.2311],[29.6266,45.2225],[29.628,45.2228],[29.6268,45.2311]],[[29.3594,45.4119],[29.3414,45.4127],[29.3298,45.34],[29.3489,45.3409],[29.3594,45.4119]],[[29.4299,45.3237],[29.3885,45.3316],[29.4555,45.3101],[29.4761,45.3361],[29.4299,45.3237]],[[29.3292,45.3188],[29.3186,45.2855],[29.3503,45.2998],[29.3709,45.3253],[29.3292,45.3188]],[[29.1178,45.1968],[29.146,45.2093],[29.136,45.2284],[29.1011,45.2245],[29.1178,45.1968]],[[29.3656,45.2767],[29.4011,45.2956],[29.3664,45.3114],[29.3656,45.2767]],[[29.3337,45.2536],[29.3012,45.2413],[29.3093,45.2197],[29.3337,45.2536]],[[29.3566,45.2725],[29.354,45.2628],[29.4021,45.2699],[29.3566,45.2725]],[[29.3449,45.2311],[29.3524,45.2238],[29.3765,45.2393],[29.3449,45.2311]],[[28.9916,45.2478],[29.0129,45.2451],[28.9953,45.2675],[28.9916,45.2478]],[[29.0988,45.2422],[29.1387,45.2376],[29.1418,45.2498],[29.0988,45.2422]],[[29.205,45.2246],[29.2228,45.2238],[29.2203,45.2354],[29.205,45.2246]],[[29.3855,45.3421],[29.4032,45.3456],[29.3721,45.3706],[29.3855,45.3421]],[[29.2818,45.2389],[29.28,45.2301],[29.3006,45.2251],[29.2818,45.2389]],[[29.0438,45.2318],[29.0361,45.2274],[29.0453,45.2167],[29.0438,45.2318]],[[29.3773,45.2562],[29.3672,45.2485],[29.3765,45.2446],[29.3949,45.2525],[29.3773,45.2562]],[[29.415,45.265],[29.426,45.2669],[29.4093,45.281],[29.415,45.265]],[[28.991,45.2248],[28.9968,45.2327],[28.9753,45.2322],[28.991,45.2248]],[[29.3265,45.2311],[29.321,45.2211],[29.3326,45.2248],[29.3265,45.2311]],[[29.3671,45.3548],[29.3735,45.354],[29.3715,45.3655],[29.3671,45.3548]],[[29.3902,45.3884],[29.374,45.3877],[29.3791,45.3846],[29.3902,45.3884]],[[29.4188,45.3057],[29.4182,45.3045],[29.4507,45.301],[29.4188,45.3057]],[[28.9716,45.2098],[28.9837,45.2094],[28.9823,45.2199],[28.9716,45.2098]],[[29.3779,45.3194],[29.3873,45.3157],[29.3859,45.3264],[29.3779,45.3194]],[[29.4437,45.3477],[29.4305,45.3473],[29.4327,45.3434],[29.4437,45.3477]],[[29.1876,45.2355],[29.1885,45.2413],[29.1848,45.2427],[29.1876,45.2355]],[[29.3331,45.271],[29.3376,45.2588],[29.3412,45.2615],[29.3331,45.271]],[[29.3415,45.2445],[29.3494,45.2505],[29.3453,45.2536],[29.3415,45.2445]],[[28.9555,45.2217],[28.9537,45.2272],[28.9487,45.2251],[28.9555,45.2217]],[[29.204,45.2094],[29.1952,45.2096],[29.1985,45.2038],[29.204,45.2094]],[[29.0177,45.2352],[28.9989,45.234],[29.001,45.231],[29.0177,45.2352]],[[29.3037,45.2649],[29.2961,45.2582],[29.2983,45.2566],[29.3037,45.2649]],[[29.4191,45.3466],[29.4268,45.3502],[29.4177,45.3526],[29.4191,45.3466]],[[29.0892,45.2242],[29.0978,45.2195],[29.0973,45.2212],[29.0892,45.2242]],[[28.9945,45.2163],[28.9959,45.2182],[28.9921,45.2238],[28.9945,45.2163]],[[29.4121,45.2563],[29.4076,45.2485],[29.4122,45.2494],[29.4121,45.2563]],[[29.3373,45.2251],[29.3306,45.2191],[29.3361,45.2188],[29.3373,45.2251]],[[29.3823,45.2383],[29.3826,45.2341],[29.3882,45.2324],[29.3823,45.2383]],[[29.0429,45.262],[29.0548,45.2612],[29.0545,45.2625],[29.0429,45.262]],[[29.3799,45.2317],[29.3741,45.2281],[29.3759,45.2265],[29.3799,45.2317]],[[29.3215,45.3092],[29.3214,45.3156],[29.318,45.3131],[29.3215,45.3092]],[[29.4503,45.4228],[29.4505,45.4254],[29.4358,45.4283],[29.4503,45.4228]]],[[[18.0578,44.759],[18.0825,44.7607],[18.093,44.7588],[18.1028,44.7383],[18.0909,44.7143],[18.07,44.7051],[18.0666,44.6866],[18.0713,44.6816],[18.0721,44.6769],[18.0705,44.6705],[18.0659,44.6673],[18.0804,44.6595],[18.0802,44.647],[18.0934,44.6449],[18.104,44.6151],[18.1012,44.6097],[18.0887,44.605],[18.1072,44.57],[18.1052,44.5481],[18.0891,44.5334],[18.1033,44.5321],[18.1125,44.5292],[18.1352,44.5096],[18.14,44.5112],[18.1462,44.5189],[18.1496,44.5202],[18.1592,44.5205],[18.1748,44.5184],[18.1816,44.5139],[18.167,44.4928],[18.1594,44.4877],[18.1424,44.4871],[18.1381,44.4827],[18.1696,44.4733],[18.1724,44.4709],[18.174,44.461],[18.1701,44.4558],[18.1562,44.4464],[18.1548,44.4411],[18.1294,44.4338],[18.1322,44.4223],[18.127,44.4171],[18.0978,44.4192],[18.0869,44.4353],[18.0825,44.4292],[18.0755,44.4263],[17.9975,44.4171],[17.9978,44.4125],[18.0072,44.4086],[18.011,44.4014],[18.0092,44.3976],[17.9906,44.3978],[17.9867,44.3884],[18.0053,44.3708],[18.0065,44.3634],[18.0026,44.3584],[17.988,44.3521],[18.005,44.3629],[17.9856,44.3881],[17.9909,44.3996],[18.0094,44.4003],[17.9965,44.413],[17.9964,44.4167],[17.9988,44.4187],[18.0869,44.4362],[18.1257,44.418],[18.1282,44.4341],[18.1728,44.461],[18.1693,44.4716],[18.1409,44.4762],[18.137,44.4842],[18.1791,44.5136],[18.1344,44.509],[18.1116,44.5281],[18.0911,44.531],[18.0882,44.5341],[18.104,44.5499],[18.0875,44.6025],[18.0892,44.6066],[18.1,44.61],[18.1024,44.6158],[18.0642,44.6678],[18.0681,44.7044],[18.1007,44.7386],[18.0915,44.7583],[18.0562,44.7584],[18.0509,44.7624],[18.0578,44.759]]],[[[15.86,44.8294],[15.8659,44.8285],[15.8746,44.8185],[15.8747,44.8116],[15.8805,44.8088],[15.881,44.8047],[15.8902,44.8068],[15.9184,44.7972],[15.9288,44.7883],[15.9292,44.7793],[15.9475,44.7754],[15.9529,44.7685],[15.9548,44.7621],[15.945,44.747],[15.9225,44.7422],[15.933,44.73],[15.9326,44.7174],[15.9556,44.7111],[15.977,44.6717],[16.0328,44.6536],[16.0823,44.5916],[16.0829,44.5888],[16.0748,44.5802],[16.0843,44.5702],[16.0817,44.5645],[16.0975,44.5672],[16.1029,44.5601],[16.1041,44.5562],[16.1034,44.5553],[16.0812,44.5636],[16.0311,44.6531],[15.9744,44.6715],[15.9322,44.7166],[15.9214,44.7423],[15.9516,44.7686],[15.9276,44.7791],[15.917,44.7965],[15.8807,44.8035],[15.8736,44.8094],[15.8652,44.8278],[15.849,44.8276],[15.86,44.8294]]],[[[15.3023,45.6232],[15.3069,45.6195],[15.3081,45.6133],[15.2776,45.6045],[15.3,45.5841],[15.3021,45.5363],[15.3143,45.5326],[15.3156,45.5232],[15.3267,45.5204],[15.3323,45.5112],[15.371,45.4984],[15.3734,45.4943],[15.3864,45.4895],[15.3874,45.4867],[15.3471,45.456],[15.3292,45.4519],[15.2988,45.4576],[15.2726,45.4654],[15.2256,45.4257],[15.2117,45.4247],[15.2026,45.4259],[15.1931,45.4358],[15.1909,45.4288],[15.1815,45.4222],[15.1665,45.4214],[15.1527,45.4261],[15.1464,45.4308],[15.1386,45.4435],[15.1221,45.447],[15.1025,45.4627],[15.0934,45.4633],[15.0855,45.4664],[15.0833,45.4703],[15.0832,45.4775],[15.0851,45.4824],[15.0776,45.4822],[15.0699,45.4875],[15.0588,45.488],[15.054,45.4938],[15.0429,45.4875],[15.0263,45.4852],[14.9882,45.4956],[14.9769,45.5006],[14.9672,45.5098],[14.9637,45.5099],[14.9315,45.5288],[14.9128,45.5186],[14.9321,45.5297],[14.9689,45.5102],[14.9881,45.4965],[15.0557,45.4945],[15.0859,45.4837],[15.1666,45.4223],[15.1927,45.4368],[15.2246,45.4267],[15.2719,45.4661],[15.3453,45.4566],[15.3852,45.4881],[15.332,45.5102],[15.3145,45.5225],[15.3139,45.5316],[15.3021,45.535],[15.2763,45.6052],[15.3068,45.6134],[15.3011,45.6232],[15.3007,45.6286],[15.3024,45.6299],[15.3023,45.6232]]],[[[15.6209,45.8962],[15.6066,45.8925],[15.5869,45.8935],[15.5917,45.8981],[15.6272,45.8962],[15.6301,45.8947],[15.6209,45.8962]]],[[[19.6157,45.5896],[19.6874,45.5519],[19.6985,45.5548],[19.712,45.5499],[19.7411,45.5494],[19.7656,45.5471],[19.782,45.5447],[19.7889,45.5412],[19.8055,45.5452],[19.8471,45.5438],[19.8464,45.5515],[19.8608,45.5657],[19.8625,45.5651],[19.8495,45.5459],[19.8571,45.5535],[19.8687,45.5489],[19.8674,45.5522],[19.8679,45.5691],[19.8734,45.5741],[19.8823,45.5764],[19.9016,45.5663],[19.912,45.5493],[19.911,45.5579],[19.9203,45.5588],[19.9305,45.5751],[19.9357,45.5791],[19.9408,45.5813],[19.9441,45.5805],[19.9461,45.5778],[19.9444,45.5598],[19.9586,45.5566],[19.9434,45.5596],[19.9399,45.5802],[19.913,45.5486],[19.8833,45.5678],[19.8828,45.5752],[19.8698,45.5481],[19.8552,45.5482],[19.8627,45.5454],[19.8685,45.5375],[19.8807,45.5461],[19.8897,45.5461],[19.9005,45.5439],[19.9164,45.5351],[19.9205,45.5352],[19.9194,45.5412],[19.9284,45.5458],[19.9783,45.5486],[20.0343,45.5394],[19.911,45.5333],[19.8903,45.545],[19.8669,45.5355],[19.859,45.5455],[19.8308,45.5404],[19.7878,45.5397],[19.7644,45.5463],[19.6883,45.5506],[19.6776,45.5538],[19.6754,45.5529],[19.6157,45.5896]]],[[[19.8407,45.572],[19.8409,45.5618],[19.8351,45.5558],[19.8272,45.5555],[19.8406,45.5732],[19.8608,45.5657],[19.8407,45.572]]],[[[22.3008,48.1887],[22.3304,48.1739],[22.3163,48.1418],[22.3316,48.1352],[22.3378,48.1297],[22.3378,48.1158],[22.3507,48.1165],[22.3564,48.1155],[22.3923,48.0905],[22.4119,48.0684],[22.4476,48.0732],[22.4588,48.0701],[22.4707,48.0575],[22.4756,48.0605],[22.4765,48.0699],[22.4804,48.0718],[22.5175,48.0609],[22.5233,48.0677],[22.571,48.0782],[22.5623,48.087],[22.5621,48.0938],[22.5857,48.1019],[22.5923,48.101],[22.6058,48.091],[22.6112,48.0933],[22.6147,48.1],[22.6219,48.1046],[22.6708,48.0927],[22.7065,48.1108],[22.7349,48.12],[22.7559,48.1206],[22.7733,48.1097],[22.7684,48.1186],[22.7727,48.1226],[22.8059,48.1212],[22.8076,48.1173],[22.8021,48.1104],[22.8049,48.1065],[22.8149,48.1182],[22.825,48.1178],[22.8467,48.0971],[22.8214,48.1178],[22.8043,48.1056],[22.7741,48.1211],[22.7743,48.1086],[22.7344,48.1189],[22.6778,48.0919],[22.6925,48.0729],[22.7385,48.0756],[22.7652,48.0578],[22.7916,47.9803],[22.807,47.9861],[22.8206,47.9813],[22.8358,47.9898],[22.825,47.9824],[22.8334,47.9805],[22.8545,47.9666],[22.8556,47.9614],[22.9181,47.9478],[22.8599,47.9587],[22.8157,47.9816],[22.8143,47.979],[22.8247,47.9667],[22.8278,47.9546],[22.7847,47.9824],[22.7642,48.0554],[22.7373,48.0745],[22.6927,48.0715],[22.6754,48.0913],[22.6046,48.0899],[22.5864,48.1005],[22.5629,48.0927],[22.575,48.0809],[22.5673,48.0743],[22.5175,48.0596],[22.4795,48.071],[22.4768,48.059],[22.4693,48.0565],[22.4108,48.0671],[22.3401,48.1135],[22.3492,48.1024],[22.3526,48.0941],[22.3431,48.0855],[22.3511,48.0841],[22.3525,48.0765],[22.3609,48.0725],[22.3692,48.0653],[22.3724,48.0562],[22.3827,48.0576],[22.3873,48.0563],[22.388,48.0432],[22.4003,48.0383],[22.4105,48.0218],[22.4253,48.0198],[22.4501,47.9968],[22.4534,47.9848],[22.6588,47.881],[22.6787,47.8641],[22.6812,47.8507],[22.7033,47.8537],[22.7038,47.8503],[22.6945,47.8395],[22.7173,47.8252],[22.7187,47.8161],[22.7851,47.8119],[22.9477,47.7779],[22.9608,47.7825],[22.9715,47.783],[22.9769,47.7815],[22.9897,47.7876],[23.0003,47.7873],[23.0172,47.7704],[23.0285,47.7785],[23.0485,47.7776],[23.0616,47.7695],[23.0669,47.7786],[23.0706,47.7789],[23.1107,47.7612],[23.1092,47.734],[23.1179,47.741],[23.1262,47.7441],[23.1355,47.7449],[23.1401,47.7399],[23.1297,47.7295],[23.1351,47.7293],[23.1426,47.7361],[23.1523,47.7377],[23.1571,47.7355],[23.158,47.7321],[23.1554,47.7244],[23.1633,47.7361],[23.2098,47.7384],[23.2181,47.7373],[23.2233,47.7348],[23.2252,47.724],[23.2366,47.7341],[23.2925,47.7279],[23.3236,47.7093],[23.3403,47.7159],[23.3878,47.6874],[23.3734,47.673],[23.3845,47.6726],[23.3977,47.6665],[23.4195,47.6471],[23.418,47.6424],[23.4511,47.6366],[23.4531,47.6278],[23.4641,47.6241],[23.4671,47.6195],[23.4802,47.6265],[23.5396,47.6138],[23.5403,47.6092],[23.5524,47.6096],[23.5766,47.5976],[23.5713,47.5849],[23.5756,47.5883],[23.5861,47.5874],[23.5818,47.5518],[23.5644,47.5206],[23.5478,47.5152],[23.5589,47.5052],[23.5427,47.515],[23.5803,47.5523],[23.5673,47.5904],[23.5755,47.5966],[23.4663,47.6185],[23.4523,47.626],[23.4502,47.6353],[23.4176,47.6416],[23.404,47.6557],[23.4016,47.6481],[23.3914,47.6362],[23.3795,47.6333],[23.3946,47.5992],[23.3912,47.5961],[23.3853,47.5955],[23.3725,47.6014],[23.3752,47.5873],[23.3548,47.5778],[23.3401,47.5778],[23.3484,47.5672],[23.3391,47.5635],[23.3242,47.5649],[23.3346,47.5573],[23.3353,47.5499],[23.3293,47.5464],[23.3198,47.5477],[23.315,47.5429],[23.3217,47.5324],[23.3114,47.5158],[23.3165,47.5073],[23.3141,47.5038],[23.3071,47.5003],[23.3194,47.4962],[23.322,47.4678],[23.317,47.4616],[23.3035,47.4565],[23.3284,47.4325],[23.3268,47.429],[23.3183,47.4253],[23.3129,47.4143],[23.2992,47.4029],[23.3136,47.3885],[23.3108,47.3844],[23.2918,47.3751],[23.3019,47.3643],[23.2956,47.3347],[23.2924,47.3326],[23.2789,47.3317],[23.2907,47.3219],[23.2704,47.2995],[23.2795,47.2979],[23.2868,47.2905],[23.2856,47.2847],[23.2695,47.2787],[23.2849,47.2652],[23.2854,47.2451],[23.2986,47.2426],[23.3154,47.2472],[23.3275,47.2449],[23.3323,47.2659],[23.3359,47.268],[23.3393,47.2672],[23.3362,47.2736],[23.3399,47.28],[23.3675,47.292],[23.3903,47.2966],[23.4209,47.2978],[23.414,47.3155],[23.4162,47.3222],[23.4336,47.3254],[23.4428,47.3219],[23.4575,47.3341],[23.4843,47.3367],[23.4854,47.3451],[23.4904,47.3489],[23.5341,47.3598],[23.6028,47.3424],[23.606,47.3181],[23.5851,47.2825],[23.6102,47.2801],[23.6149,47.2761],[23.6153,47.2838],[23.6178,47.2859],[23.6397,47.2847],[23.6456,47.2809],[23.6485,47.2636],[23.6809,47.2823],[23.7062,47.2776],[23.7568,47.2404],[23.7673,47.2026],[23.7976,47.2056],[23.8465,47.1829],[23.8499,47.1791],[23.8503,47.1627],[23.8569,47.1652],[23.8587,47.1593],[23.8508,47.1575],[23.8644,47.1489],[23.8731,47.1494],[23.8853,47.1443],[23.8922,47.1453],[23.899,47.1411],[23.9101,47.1427],[23.9154,47.1511],[23.9456,47.1615],[24.013,47.1784],[24.0182,47.1777],[24.024,47.1709],[24.0329,47.1698],[24.0403,47.1715],[24.0457,47.1766],[24.0675,47.1852],[24.1069,47.1846],[24.1254,47.1705],[24.134,47.1767],[24.14,47.1749],[24.1525,47.1787],[24.1675,47.1774],[24.1682,47.1846],[24.1707,47.1867],[24.1947,47.1916],[24.1952,47.1867],[24.1713,47.1858],[24.167,47.1761],[24.1225,47.1694],[24.1064,47.1841],[24.031,47.1688],[24.0208,47.1712],[24.0142,47.178],[23.9151,47.1495],[23.9211,47.1426],[23.9201,47.1358],[23.9105,47.1284],[23.9197,47.126],[23.9237,47.0932],[23.9188,47.0888],[23.9312,47.0867],[23.932,47.0853],[23.9263,47.0793],[23.9341,47.0812],[23.9352,47.0719],[23.924,47.0644],[23.92,47.0659],[23.915,47.0587],[23.9203,47.0506],[23.915,47.0421],[23.8992,47.029],[23.8897,47.0266],[23.8866,47.0129],[23.8635,46.9945],[23.8426,46.9897],[23.8363,46.9957],[23.8339,46.992],[23.8246,46.9903],[23.8257,46.986],[23.8209,46.9847],[23.8219,46.9798],[23.8173,46.9772],[23.8198,46.973],[23.8091,46.9675],[23.8062,46.9545],[23.8028,46.9524],[23.8112,46.9506],[23.8164,46.9222],[23.8029,46.9149],[23.7872,46.9159],[23.7845,46.9118],[23.7904,46.9121],[23.8008,46.8865],[23.8009,46.882],[23.7958,46.8807],[23.7831,46.9126],[23.7868,46.9169],[23.8146,46.9222],[23.8014,46.9539],[23.811,46.9718],[23.818,46.9734],[23.8159,46.9777],[23.8237,46.9914],[23.836,46.9967],[23.8634,46.9966],[23.9185,47.0659],[23.9332,47.0725],[23.9181,47.0859],[23.909,47.1279],[23.9192,47.1433],[23.9001,47.14],[23.8647,47.1477],[23.8498,47.1571],[23.8451,47.1825],[23.7668,47.2014],[23.757,47.2387],[23.7056,47.2767],[23.6504,47.2622],[23.6411,47.2682],[23.6393,47.284],[23.6157,47.2752],[23.5849,47.2816],[23.5849,47.2982],[23.6042,47.3179],[23.6,47.3415],[23.5342,47.3588],[23.4894,47.3475],[23.4847,47.3358],[23.4428,47.3205],[23.4178,47.321],[23.4231,47.299],[23.4182,47.2933],[23.3412,47.2795],[23.3417,47.2676],[23.3276,47.2435],[23.3155,47.2462],[23.2987,47.2416],[23.285,47.2437],[23.2746,47.2541],[23.2683,47.2798],[23.2854,47.2897],[23.2681,47.2985],[23.2853,47.3606],[23.2993,47.3642],[23.2885,47.3739],[23.31,47.3858],[23.2978,47.402],[23.3179,47.4272],[23.3271,47.4317],[23.3019,47.4563],[23.3209,47.4693],[23.3053,47.4993],[23.3115,47.5429],[23.3197,47.5493],[23.3335,47.5498],[23.3217,47.5638],[23.338,47.5784],[23.374,47.5898],[23.3701,47.6022],[23.3931,47.5989],[23.3703,47.617],[23.3771,47.633],[23.401,47.6535],[23.371,47.6723],[23.3804,47.6889],[23.3655,47.6849],[23.2898,47.7274],[23.2259,47.7227],[23.2071,47.7372],[23.1531,47.7224],[23.1267,47.7289],[23.1343,47.7438],[23.1091,47.7327],[23.1098,47.7597],[23.0698,47.7784],[23.0672,47.7711],[23.0598,47.768],[23.018,47.7685],[22.9674,47.7822],[22.9536,47.7691],[22.9729,47.7552],[22.969,47.7498],[22.9831,47.7393],[22.986,47.7296],[22.9984,47.7238],[22.9917,47.7046],[22.9824,47.6946],[22.9319,47.6848],[22.9006,47.6846],[22.8959,47.6797],[22.902,47.6759],[22.8978,47.6685],[22.8949,47.6799],[22.9019,47.6861],[22.9911,47.7058],[22.997,47.7228],[22.986,47.7281],[22.9717,47.744],[22.9677,47.7505],[22.9717,47.7545],[22.9593,47.759],[22.9521,47.7698],[22.9514,47.7761],[22.7181,47.815],[22.6922,47.8394],[22.7022,47.8521],[22.6804,47.8497],[22.6571,47.8804],[22.5422,47.9221],[22.453,47.9835],[22.3868,48.0425],[22.3857,48.0558],[22.3704,48.0561],[22.342,48.0848],[22.3141,48.1422],[22.3293,48.1734],[22.2745,48.1952],[22.3008,48.1887]],[[23.5853,47.587],[23.5745,47.5871],[23.5752,47.5838],[23.5853,47.587]]],[[[20.983,46.1387],[20.982,46.1417],[20.9871,46.1456],[21.0015,46.1389],[20.9994,46.1499],[21.0041,46.1536],[21.0932,46.1539],[21.1704,46.133],[21.1779,46.1411],[21.2169,46.1527],[21.2419,46.1558],[21.17,46.1315],[21.0035,46.1518],[21.0048,46.1392],[20.9963,46.1381],[20.9869,46.1443],[20.9841,46.1413],[20.9992,46.1301],[20.983,46.1387]]],[[[21.2473,46.1565],[21.2506,46.1542],[21.2517,46.1444],[21.2874,46.1599],[21.3268,46.161],[21.3215,46.1747],[21.3283,46.1788],[21.3397,46.177],[21.3423,46.1753],[21.3426,46.165],[21.3578,46.1613],[21.3585,46.1491],[21.3798,46.146],[21.405,46.1252],[21.4322,46.1261],[21.4259,46.1334],[21.4288,46.1384],[21.4704,46.1431],[21.4872,46.1314],[21.4878,46.1381],[21.4915,46.1411],[21.4952,46.1414],[21.5289,46.1245],[21.5255,46.1137],[21.5618,46.1196],[21.6386,46.1025],[21.6483,46.096],[21.6413,46.0827],[21.6487,46.083],[21.6512,46.0905],[21.6563,46.0936],[21.6617,46.0939],[21.6657,46.0916],[21.6665,46.0894],[21.6638,46.0809],[21.6695,46.0761],[21.6759,46.0769],[21.6761,46.0851],[21.6959,46.0988],[21.7016,46.1013],[21.7312,46.1058],[21.7573,46.1035],[21.7842,46.0951],[21.7841,46.0846],[21.7911,46.0881],[21.8171,46.0892],[21.8297,46.0769],[21.8632,46.1031],[21.8914,46.0984],[21.8953,46.0851],[21.9017,46.091],[21.9275,46.1014],[22.0155,46.0919],[22.041,46.0683],[22.038,46.0532],[22.0565,46.0488],[22.0628,46.0337],[22.081,46.0315],[22.0836,46.0187],[22.0981,46.0197],[22.1097,46.0082],[22.1077,46.0074],[22.082,46.0181],[22.0758,46.0311],[22.0616,46.0196],[22.0554,46.0468],[22.0357,46.0519],[22.0156,46.0906],[21.896,46.0843],[21.8656,46.1022],[21.8292,46.0758],[21.816,46.0885],[21.7822,46.0833],[21.732,46.1043],[21.7005,46.0996],[21.6776,46.0849],[21.6781,46.0773],[21.671,46.0748],[21.663,46.0792],[21.6613,46.0932],[21.6479,46.081],[21.6416,46.0814],[21.6395,46.0862],[21.6467,46.0947],[21.6403,46.101],[21.5688,46.1081],[21.5759,46.0859],[21.562,46.1177],[21.5295,46.1042],[21.5055,46.1034],[21.5276,46.122],[21.4943,46.1402],[21.4894,46.1279],[21.4044,46.1242],[21.3572,46.1478],[21.3294,46.1774],[21.3235,46.1752],[21.3301,46.1633],[21.3255,46.1592],[21.2522,46.1427],[21.2419,46.1558],[21.2473,46.1565]],[[21.5228,46.1062],[21.5394,46.1112],[21.5315,46.1136],[21.5228,46.1062]]],[[[22.1195,46.015],[22.1284,46.0142],[22.1323,46.0048],[22.1245,45.9923],[22.1455,46.0044],[22.2115,46.0069],[22.2771,46.0035],[22.2871,45.9966],[22.3,45.995],[22.3089,45.989],[22.3199,46.0001],[22.327,45.9999],[22.3358,45.9948],[22.3456,45.9986],[22.3837,45.9957],[22.3856,45.9999],[22.3958,46.0053],[22.3999,46.0119],[22.4315,46.0123],[22.4356,46.0084],[22.4347,45.9998],[22.4236,45.9844],[22.4276,45.9762],[22.4614,45.9696],[22.4939,45.9421],[22.532,45.937],[22.538,45.9195],[22.5479,45.9337],[22.5801,45.9418],[22.587,45.9354],[22.5854,45.9203],[22.6038,45.9383],[22.6141,45.9404],[22.6211,45.9363],[22.6221,45.9257],[22.6315,45.9192],[22.6375,45.9193],[22.6302,45.9173],[22.6227,45.9219],[22.6136,45.9393],[22.5842,45.9191],[22.5791,45.9402],[22.5374,45.9183],[22.4261,45.9757],[22.4223,45.9853],[22.4336,46.0018],[22.4297,46.0117],[22.3845,45.9945],[22.3078,45.9878],[22.2815,45.9954],[22.2839,45.985],[22.2116,46.005],[22.1247,45.9905],[22.121,45.9953],[22.1304,46.0066],[22.1243,46.0137],[22.1097,46.0082],[22.1195,46.015]]],[[[22.6383,45.9288],[22.6484,45.934],[22.7537,45.9268],[22.7641,45.9216],[22.7784,45.9068],[22.8421,45.9272],[22.8623,45.9277],[22.916,45.9078],[22.9318,45.8878],[22.966,45.8876],[22.9958,45.8738],[23.0022,45.8635],[23.0238,45.8678],[23.0438,45.8536],[23.0799,45.8537],[23.1113,45.8388],[23.1185,45.8549],[23.1854,45.8915],[23.1973,45.8929],[23.2206,45.8865],[23.2204,45.9059],[23.239,45.9232],[23.3506,45.9543],[23.3643,45.9528],[23.37,45.9562],[23.3793,45.9579],[23.3827,45.9575],[23.3853,45.954],[23.3836,45.9499],[23.3684,45.9454],[23.3717,45.9412],[23.3838,45.9468],[23.3971,45.9465],[23.4062,45.9735],[23.4377,46.0001],[23.4673,45.9934],[23.5052,46.0238],[23.5077,46.0246],[23.5179,46.0215],[23.5177,46.0292],[23.5212,46.0333],[23.5484,46.0447],[23.5894,46.0403],[23.6022,46.0645],[23.6108,46.0721],[23.6253,46.0783],[23.6123,46.0886],[23.6162,46.1112],[23.6255,46.1156],[23.6406,46.1077],[23.6346,46.1224],[23.6386,46.1296],[23.6514,46.1359],[23.6616,46.1339],[23.674,46.126],[23.6818,46.1443],[23.7007,46.1491],[23.6933,46.1567],[23.7045,46.19],[23.7123,46.194],[23.7082,46.1965],[23.7093,46.2014],[23.7179,46.2056],[23.7217,46.2205],[23.7327,46.2323],[23.7242,46.2331],[23.725,46.2416],[23.7059,46.2437],[23.6982,46.2747],[23.7582,46.3055],[23.7102,46.3441],[23.7143,46.3578],[23.7313,46.3686],[23.7361,46.3658],[23.7388,46.3597],[23.7406,46.3658],[23.7456,46.3683],[23.7809,46.3673],[23.7851,46.3693],[23.7845,46.3739],[23.789,46.3771],[23.8041,46.3726],[23.7935,46.3838],[23.7994,46.3898],[23.976,46.4298],[23.9737,46.437],[23.983,46.4411],[23.9776,46.4484],[23.9784,46.4563],[23.9861,46.4592],[23.9815,46.4587],[23.9744,46.4647],[23.9674,46.4624],[23.963,46.463],[23.9256,46.4994],[23.924,46.5119],[23.9881,46.4601],[23.984,46.4396],[23.975,46.4365],[23.9927,46.4267],[24.0202,46.448],[24.0178,46.4554],[24.0229,46.4596],[24.0301,46.4608],[24.0413,46.457],[24.052,46.4433],[24.0685,46.4786],[24.0895,46.4812],[24.0978,46.4807],[24.1129,46.4749],[24.117,46.4568],[24.11,46.4342],[24.1397,46.4456],[24.1403,46.4481],[24.1306,46.4515],[24.1273,46.4555],[24.1216,46.4556],[24.1183,46.4608],[24.1241,46.463],[24.1456,46.4603],[24.1395,46.4657],[24.139,46.4747],[24.1519,46.4837],[24.1576,46.485],[24.2114,46.4759],[24.2079,46.4685],[24.219,46.4703],[24.2262,46.4605],[24.2314,46.4638],[24.2362,46.4644],[24.246,46.4567],[24.2494,46.4463],[24.2761,46.4572],[24.2809,46.4555],[24.2814,46.4481],[24.2902,46.4581],[24.3211,46.4626],[24.3238,46.4615],[24.3236,46.4569],[24.3133,46.4549],[24.3195,46.4536],[24.3294,46.4465],[24.325,46.4499],[24.3259,46.4552],[24.333,46.4626],[24.3492,46.4705],[24.3698,46.4796],[24.405,46.4886],[24.4126,46.489],[24.4246,46.4812],[24.4372,46.4859],[24.4696,46.523],[24.484,46.5096],[24.5062,46.5346],[24.5678,46.5619],[24.5682,46.5797],[24.5927,46.593],[24.5861,46.5936],[24.5859,46.5987],[24.6061,46.6372],[24.6211,46.6557],[24.6307,46.6616],[24.6368,46.6606],[24.6431,46.6654],[24.6344,46.6776],[24.6439,46.6939],[24.6658,46.7153],[24.7078,46.7364],[24.7051,46.7623],[24.7128,46.7773],[24.7104,46.7366],[24.6456,46.694],[24.6452,46.666],[24.638,46.6597],[24.6226,46.6553],[24.6146,46.6464],[24.5953,46.5926],[24.5684,46.5607],[24.5084,46.5346],[24.5028,46.5193],[24.4386,46.4835],[24.4226,46.4805],[24.4095,46.4884],[24.3688,46.4783],[24.3297,46.4455],[24.3128,46.4538],[24.3137,46.4563],[24.3222,46.4572],[24.3212,46.4616],[24.2823,46.4474],[24.279,46.448],[24.2801,46.4551],[24.2754,46.4564],[24.2631,46.4434],[24.2479,46.4463],[24.2362,46.4638],[24.2264,46.4597],[24.2185,46.4609],[24.2068,46.4684],[24.21,46.4753],[24.1551,46.4722],[24.158,46.4844],[24.146,46.4591],[24.1195,46.4603],[24.1406,46.4491],[24.1418,46.445],[24.1094,46.4328],[24.112,46.4733],[24.091,46.479],[24.0518,46.442],[24.0257,46.459],[24.0223,46.4483],[23.9948,46.4254],[23.8,46.3886],[23.8066,46.3724],[23.7769,46.3644],[23.7393,46.3589],[23.7299,46.3674],[23.7123,46.3458],[23.7452,46.335],[23.7485,46.3159],[23.7567,46.3138],[23.7604,46.2984],[23.7004,46.2728],[23.734,46.2328],[23.6954,46.1558],[23.7025,46.1577],[23.7142,46.1559],[23.7143,46.167],[23.7526,46.1822],[23.7632,46.1769],[23.7642,46.1836],[23.7717,46.1869],[23.8406,46.1683],[23.7707,46.1859],[23.7641,46.1758],[23.7163,46.1665],[23.7148,46.1548],[23.7017,46.1566],[23.7028,46.1491],[23.6945,46.1414],[23.6836,46.1428],[23.6887,46.1297],[23.6691,46.1238],[23.6507,46.1339],[23.6408,46.106],[23.6187,46.1115],[23.6274,46.0782],[23.5899,46.0371],[23.548,46.0431],[23.5229,46.0329],[23.5199,46.0212],[23.4678,45.9923],[23.439,45.9994],[23.398,45.945],[23.3745,45.94],[23.3667,45.9424],[23.3686,45.9477],[23.383,45.951],[23.3793,45.9572],[23.2512,45.9117],[23.2399,45.9228],[23.2211,45.8856],[23.1867,45.8907],[23.1121,45.8377],[23.0021,45.8588],[22.9682,45.8856],[22.9273,45.8844],[22.8618,45.9264],[22.7778,45.9056],[22.6745,45.9319],[22.6453,45.9321],[22.6395,45.9198],[22.6375,45.9193],[22.6383,45.9288]],[[24.4712,46.5048],[24.4717,46.5068],[24.4559,46.5018],[24.4712,46.5048]]],[[[23.6556,44.4208],[23.6462,44.4208],[23.6108,44.4447],[23.6105,44.454],[23.6273,44.4579],[23.5989,44.474],[23.5884,44.4974],[23.5537,44.4992],[23.5299,44.5157],[23.5229,44.5241],[23.5121,44.5124],[23.4931,44.5178],[23.4882,44.5329],[23.4569,44.5445],[23.4429,44.5598],[23.4076,44.5586],[23.321,44.5814],[23.2265,44.621],[23.2049,44.6343],[23.1855,44.6589],[23.1796,44.6577],[23.1705,44.6645],[23.1869,44.6593],[23.2256,44.6236],[23.3168,44.5854],[23.4091,44.559],[23.4249,44.5622],[23.4444,44.5603],[23.451,44.5568],[23.4422,44.6096],[23.4541,44.626],[23.4504,44.6222],[23.4433,44.6223],[23.4341,44.6303],[23.4358,44.6539],[23.3773,44.7017],[23.3765,44.7343],[23.3344,44.7622],[23.333,44.7744],[23.343,44.7872],[23.3166,44.81],[23.2864,44.8519],[23.2718,44.8597],[23.2874,44.8521],[23.3416,44.7931],[23.3443,44.786],[23.3436,44.7822],[23.3343,44.7719],[23.3882,44.7273],[23.3887,44.6944],[23.4389,44.6523],[23.4353,44.631],[23.4558,44.6263],[23.4555,44.6018],[23.4577,44.6122],[23.4992,44.6319],[23.4957,44.6375],[23.5001,44.6472],[23.5049,44.6507],[23.5002,44.6582],[23.5099,44.6616],[23.5003,44.6708],[23.5073,44.6756],[23.4977,44.6793],[23.5067,44.689],[23.4956,44.6904],[23.4912,44.7059],[23.498,44.7192],[23.5108,44.7282],[23.5051,44.735],[23.5099,44.7686],[23.5158,44.7799],[23.5232,44.7864],[23.5121,44.7282],[23.4934,44.7048],[23.5077,44.6893],[23.5112,44.6613],[23.5004,44.6312],[23.4743,44.616],[23.4829,44.6106],[23.451,44.597],[23.4558,44.5481],[23.4812,44.5404],[23.5085,44.5143],[23.5238,44.5267],[23.5968,44.4944],[23.6297,44.459],[23.6134,44.4473],[23.6487,44.4218],[23.6626,44.4266],[23.6556,44.4208]]],[[[23.7326,44.5135],[23.7319,44.5326],[23.7399,44.5403],[23.7289,44.5432],[23.7234,44.5579],[23.7185,44.5561],[23.7159,44.5579],[23.721,44.5672],[23.7152,44.5684],[23.6959,44.5966],[23.6973,44.5989],[23.7024,44.6005],[23.6977,44.602],[23.6947,44.6115],[23.6869,44.616],[23.6872,44.6288],[23.6781,44.626],[23.6657,44.6328],[23.6521,44.6544],[23.6531,44.6567],[23.6595,44.6593],[23.6504,44.6706],[23.654,44.6758],[23.6607,44.6609],[23.6598,44.6575],[23.6539,44.6548],[23.6679,44.6329],[23.689,44.629],[23.7412,44.5414],[23.7446,44.4702],[23.7326,44.5135]]],[[[27.6241,44.1098],[27.6323,44.0992],[27.6509,44.0967],[27.632,44.0964],[27.6091,44.1122],[27.6241,44.1098]]],[[[19.8087,44.8101],[19.8543,44.815],[19.844,44.8136],[19.8087,44.8101]]],[[[19.5087,44.9322],[19.4594,44.952],[19.4723,44.9591],[19.5087,44.9322]]],[[[19.5262,44.9564],[19.53,44.9594],[19.5353,44.9602],[19.5262,44.9564]]],[[[19.7575,45.209],[19.7443,45.2151],[19.7687,45.2149],[19.7575,45.209]]],[[[19.733,45.2091],[19.7243,45.2133],[19.7303,45.2191],[19.733,45.2091]]],[[[19.7142,45.2179],[19.7138,45.214],[19.7106,45.2118],[19.7142,45.2179]]],[[[19.9534,45.2162],[19.9519,45.2218],[19.9668,45.2107],[19.9534,45.2162]]],[[[19.9462,45.2175],[19.9511,45.2092],[19.93,45.2367],[19.9462,45.2175]]],[[[19.672,45.2287],[19.6623,45.235],[19.6446,45.2374],[19.689,45.233],[19.672,45.2287]]],[[[19.5233,45.2394],[19.5331,45.2387],[19.5252,45.2298],[19.5233,45.2394]]],[[[19.6091,45.2304],[19.6092,45.2288],[19.5884,45.2412],[19.6091,45.2304]]],[[[19.5684,45.247],[19.5799,45.2417],[19.57,45.2398],[19.5684,45.247]]],[[[19.6911,45.2547],[19.696,45.2555],[19.6977,45.2486],[19.6911,45.2547]]],[[[19.9139,45.2543],[19.9249,45.2613],[19.9279,45.2536],[19.9139,45.2543]]],[[[19.7501,45.2556],[19.7456,45.2572],[19.758,45.2571],[19.7501,45.2556]]],[[[19.6195,45.2539],[19.6386,45.2656],[19.6705,45.2746],[19.6195,45.2539]]],[[[19.788,45.2594],[19.785,45.2603],[19.7978,45.2704],[19.788,45.2594]]],[[[19.6983,45.2808],[19.6828,45.282],[19.6954,45.2835],[19.7028,45.2799],[19.6997,45.2616],[19.6983,45.2808]]],[[[19.551,45.2721],[19.5509,45.2726],[19.5733,45.2713],[19.551,45.2721]]],[[[19.9042,45.2951],[19.9162,45.3005],[19.9128,45.2964],[19.9042,45.2951]]],[[[19.5966,45.3007],[19.5965,45.3024],[19.6012,45.3019],[19.6111,45.2955],[19.5966,45.3007]]],[[[19.6064,45.3067],[19.6118,45.3009],[19.608,45.3005],[19.6064,45.3067]]],[[[19.8791,45.306],[19.8894,45.3068],[19.8997,45.3042],[19.8791,45.306]]],[[[19.8565,45.3152],[19.87,45.3077],[19.861,45.3049],[19.8565,45.3152]]],[[[19.5821,45.3422],[19.5112,45.3129],[19.4685,45.3136],[19.3704,45.3355],[19.3519,45.3465],[19.3368,45.3675],[19.3103,45.3808],[19.2647,45.3745],[19.3103,45.3827],[19.3412,45.3663],[19.3704,45.3373],[19.5027,45.3142],[19.5821,45.3422]]],[[[20.0715,45.3819],[20.0019,45.4154],[19.952,45.4656],[19.92,45.4676],[19.8885,45.4552],[19.8528,45.4567],[19.9207,45.4692],[19.9531,45.4665],[20.0022,45.4177],[20.0715,45.3819]]],[[[19.7723,45.5567],[19.7742,45.5618],[19.766,45.5576],[19.7623,45.5597],[19.7756,45.5628],[19.7723,45.5567]]],[[[19.8886,45.7603],[19.8938,45.76],[19.905,45.7486],[19.9147,45.7522],[19.9219,45.7509],[19.9255,45.7474],[19.927,45.7522],[19.94,45.7517],[19.9453,45.7434],[19.9431,45.7363],[19.9532,45.7351],[19.96,45.7264],[19.9693,45.7258],[19.9701,45.7219],[19.9786,45.7256],[19.9844,45.7233],[19.9945,45.7062],[20.001,45.7085],[20.0023,45.7065],[20.012,45.7076],[20.0191,45.7045],[20.0336,45.7113],[20.0534,45.7057],[20.0434,45.6993],[19.9946,45.705],[19.9381,45.7375],[19.9399,45.7503],[19.9257,45.7458],[19.8969,45.7491],[19.8933,45.7587],[19.8802,45.7551],[19.8733,45.7626],[19.8886,45.7603]]],[[[19.819,45.8471],[19.7907,45.8762],[19.823,45.8487],[19.8208,45.8297],[19.819,45.8471]]],[[[19.6105,45.8797],[19.6035,45.8858],[19.6074,45.9072],[19.6105,45.8797]]],[[[19.5987,45.9184],[19.5994,45.9144],[19.5977,45.9118],[19.5987,45.9184]]],[[[19.6888,45.9968],[19.6886,45.9936],[19.6838,46.0033],[19.6888,45.9968]]],[[[19.9954,46.0788],[19.9977,46.0754],[19.9896,46.0701],[19.9954,46.0788]]],[[[19.6891,46.0739],[19.6895,46.0798],[19.7004,46.0767],[19.6891,46.0739]]],[[[19.993,46.0847],[19.9863,46.0872],[20.0036,46.0832],[19.993,46.0847]]],[[[19.9035,46.1222],[19.9003,46.123],[19.8922,46.131],[19.9035,46.1222]]],[[[19.5651,46.1331],[19.5625,46.1393],[19.5783,46.1418],[19.5651,46.1331]]],[[[19.8956,46.1358],[19.8974,46.1413],[19.9021,46.1371],[19.8956,46.1358]]],[[[19.8558,46.1411],[19.8539,46.1488],[19.8671,46.1503],[19.8558,46.1411]]],[[[19.9771,46.1494],[19.9872,46.1642],[19.986,46.1593],[19.9771,46.1494]]],[[[19.9181,46.1561],[19.9061,46.1666],[19.9142,46.165],[19.9181,46.1561]]],[[[19.9001,46.165],[19.9027,46.1606],[19.8949,46.1697],[19.9001,46.165]]],[[[19.7497,46.1567],[19.7268,46.176],[19.7316,46.1757],[19.7497,46.1567]]],[[[19.9693,46.1695],[19.9757,46.168],[19.967,46.1686],[19.9693,46.1695]]],[[[19.935,46.1777],[19.9263,46.189],[19.9362,46.187],[19.935,46.1777]]],[[[19.6904,46.177],[19.667,46.1831],[19.6578,46.1944],[19.6904,46.177]]],[[[19.8275,46.1976],[19.8312,46.1992],[19.8353,46.1916],[19.8275,46.1976]]],[[[19.9669,46.192],[19.9712,46.1874],[19.953,46.2039],[19.9669,46.192]]],[[[19.9102,46.1962],[19.9106,46.2027],[19.9144,46.2004],[19.9102,46.1962]]],[[[19.8165,46.1964],[19.8125,46.2051],[19.8217,46.1993],[19.8165,46.1964]]],[[[19.6254,46.2091],[19.6054,46.2255],[19.6119,46.2256],[19.6254,46.2091]]],[[[19.956,46.2247],[19.9575,46.2136],[19.9516,46.2105],[19.956,46.2247]]],[[[19.5846,46.2316],[19.5804,46.2382],[19.594,46.2304],[19.5846,46.2316]]],[[[19.9464,46.32],[19.9354,46.3291],[19.938,46.3291],[19.9464,46.32]]],[[[20.0033,46.335],[19.9865,46.3466],[19.9885,46.3478],[20.0033,46.335]]],[[[19.8755,46.3661],[19.8713,46.3757],[19.8848,46.3664],[19.8755,46.3661]]],[[[19.6385,46.3828],[19.63,46.383],[19.6355,46.3926],[19.6385,46.3828]]],[[[19.9785,46.4051],[19.9852,46.3956],[19.9821,46.3971],[19.9774,46.4068],[19.9785,46.4051]]],[[[19.9581,46.3996],[19.9368,46.4118],[19.9438,46.4115],[19.9581,46.3996]]],[[[19.8177,46.4383],[19.8142,46.4403],[19.817,46.445],[19.8177,46.4383]]],[[[19.9808,46.4583],[19.9945,46.4484],[19.9717,46.4631],[19.9808,46.4583]]],[[[19.7456,46.46],[19.7424,46.4687],[19.7488,46.4679],[19.7456,46.46]]],[[[19.5835,46.4699],[19.5917,46.47],[19.5831,46.4682],[19.5714,46.4768],[19.5835,46.4699]]],[[[19.689,46.4689],[19.6734,46.4828],[19.6919,46.4701],[19.6948,46.4643],[19.689,46.4689]]],[[[19.9646,46.4832],[19.9694,46.4774],[19.9658,46.4758],[19.9646,46.4832]]],[[[19.5758,46.478],[19.5587,46.4864],[19.564,46.488],[19.5758,46.478]]],[[[19.7943,46.4794],[19.7861,46.4839],[19.7879,46.4872],[19.7943,46.4794]]],[[[19.8099,46.4851],[19.8048,46.4898],[19.8148,46.4965],[19.8099,46.4851]]],[[[19.6506,46.5242],[19.6473,46.5339],[19.6528,46.5327],[19.6506,46.5242]]],[[[19.7934,46.5652],[19.7982,46.562],[19.7961,46.5602],[19.7934,46.5652]]],[[[19.7518,46.5671],[19.7441,46.5663],[19.7367,46.5718],[19.7518,46.5671]]],[[[19.6625,46.5683],[19.6615,46.5767],[19.6727,46.5726],[19.6625,46.5683]]],[[[19.7171,46.5666],[19.7043,46.5779],[19.7202,46.5711],[19.7171,46.5666]]],[[[19.6856,46.5822],[19.6896,46.5755],[19.6697,46.5831],[19.6856,46.5822]]],[[[19.8969,46.5742],[19.8857,46.5863],[19.9108,46.5973],[19.8858,46.6071],[19.9131,46.598],[19.8969,46.5742]]],[[[19.7243,46.5937],[19.7172,46.5987],[19.7182,46.6023],[19.7243,46.5937]]],[[[19.6913,46.6014],[19.692,46.606],[19.7036,46.6021],[19.6913,46.6014]]],[[[19.4936,46.6472],[19.4958,46.6592],[19.5026,46.655],[19.4936,46.6472]]],[[[19.9774,46.6484],[19.9765,46.6633],[19.9847,46.664],[19.9774,46.6484]]],[[[19.7219,46.6623],[19.7341,46.6514],[19.729,46.6487],[19.7219,46.6623]]],[[[19.6091,46.6713],[19.6195,46.6607],[19.6126,46.6612],[19.6091,46.6713]]],[[[19.9981,46.687],[20.0042,46.6771],[19.9997,46.678],[19.9981,46.687]]],[[[19.9296,46.6835],[19.9241,46.6788],[19.9184,46.6787],[19.9296,46.6835]]],[[[19.987,46.6877],[19.9856,46.6917],[20.0109,46.6961],[19.987,46.6877]]],[[[19.6263,46.7131],[19.6305,46.7106],[19.6245,46.7078],[19.6263,46.7131]]],[[[19.6434,46.7177],[19.6379,46.7231],[19.6436,46.7258],[19.6434,46.7177]]],[[[19.5072,46.7346],[19.5121,46.7347],[19.5162,46.7239],[19.5072,46.7346]]],[[[19.9605,46.7385],[19.9597,46.746],[19.9853,46.7378],[19.9605,46.7385]]],[[[19.604,46.7389],[19.5918,46.7487],[19.6007,46.7475],[19.604,46.7389]]],[[[19.9248,46.7437],[19.9307,46.7426],[19.9219,46.7393],[19.9248,46.7437]]],[[[19.4925,46.8037],[19.5137,46.7646],[19.4994,46.761],[19.4925,46.8037]]],[[[19.5,46.8314],[19.5085,46.8073],[19.4471,46.8569],[19.5,46.8314]]],[[[19.9959,46.8246],[19.9812,46.8347],[19.9961,46.8417],[19.9959,46.8246]]],[[[19.9928,46.8464],[19.9932,46.8501],[19.9989,46.8475],[19.9928,46.8464]]],[[[19.7099,47.1582],[19.7157,47.1532],[19.6932,47.1648],[19.7099,47.1582]]],[[[19.9599,47.2808],[19.9542,47.2883],[19.9586,47.2856],[19.9599,47.2808]]],[[[19.8327,47.3572],[19.8189,47.3617],[19.8134,47.3806],[19.802,47.3867],[19.8012,47.3962],[19.8327,47.3572]]],[[[19.8392,47.3849],[19.8307,47.387],[19.8378,47.3883],[19.8483,47.3804],[19.8392,47.3849]]],[[[19.7955,47.4132],[19.8057,47.4198],[19.8182,47.4117],[19.7955,47.4132]]],[[[19.5688,47.4463],[19.5967,47.4263],[19.5938,47.4267],[19.5688,47.4463]]],[[[19.5953,47.4456],[19.5899,47.4487],[19.5955,47.4501],[19.5953,47.4456]]],[[[19.7969,47.463],[19.8032,47.4584],[19.801,47.4555],[19.7969,47.463]]],[[[19.8093,47.4575],[19.7957,47.4673],[19.806,47.473],[19.8093,47.4575]]],[[[20.0021,47.5413],[19.9862,47.5262],[19.9858,47.5213],[19.971,47.5073],[19.9692,47.4984],[20.0036,47.4791],[19.9928,47.459],[20.002,47.4779],[19.9673,47.4988],[19.9684,47.5068],[20.0054,47.5546],[20.0244,47.5616],[20.0021,47.5413]]],[[[19.5246,47.5655],[19.5167,47.5648],[19.5276,47.5672],[19.5392,47.5619],[19.5246,47.5655]]],[[[19.6954,47.6451],[19.6971,47.6353],[19.6958,47.6343],[19.679,47.665],[19.6954,47.6451]]],[[[19.7487,47.6972],[19.7546,47.7128],[19.7651,47.7127],[19.7487,47.6972]]],[[[19.7555,47.7773],[19.7599,47.7694],[19.7571,47.7683],[19.7555,47.7773]]],[[[19.6728,47.7759],[19.6823,47.7716],[19.6799,47.7709],[19.6728,47.7759]]],[[[19.5431,47.8122],[19.5523,47.801],[19.5463,47.8024],[19.5352,47.8205],[19.5357,47.8277],[19.5431,47.8122]]],[[[19.5219,47.8312],[19.5088,47.8512],[19.5147,47.8509],[19.5219,47.8312]]],[[[19.5818,47.8393],[19.5804,47.8356],[19.5697,47.8558],[19.5818,47.8393]]],[[[19.5473,47.925],[19.5514,47.9204],[19.5408,47.9305],[19.5381,47.9407],[19.5473,47.925]]],[[[19.9315,48.0418],[19.9308,48.0449],[19.9437,48.0446],[19.9315,48.0418]]],[[[19.5095,48.1176],[19.512,48.1265],[19.5145,48.1247],[19.5095,48.1176]]],[[[19.5925,48.2278],[19.5974,48.23],[19.5923,48.2273],[19.5925,48.2278]]],[[[19.6083,48.2391],[19.6023,48.2316],[19.6001,48.2312],[19.6074,48.2462],[19.6246,48.2472],[19.6083,48.2391]]],[[[19.6259,48.2472],[19.6248,48.2472],[19.625,48.2473],[19.6259,48.2472]]],[[[20.1668,43.0117],[20.1566,43.006],[20.1671,43.0317],[20.1335,43.0584],[20.1568,43.0461],[20.1695,43.0333],[20.1668,43.0117]]],[[[20.1446,43.0885],[20.1077,43.0838],[20.1194,43.1089],[20.1308,43.1149],[20.1446,43.0885]]],[[[20.26,44.4488],[20.2463,44.4322],[20.2334,44.4297],[20.2655,44.4807],[20.26,44.4488]]],[[[20.0088,44.714],[19.9991,44.7241],[20.0058,44.7221],[20.0088,44.714]]],[[[20.1918,44.7225],[20.1989,44.7138],[20.1913,44.7194],[20.1918,44.7225]]],[[[20.0982,44.7239],[20.0807,44.7193],[20.1008,44.7254],[20.1101,44.7221],[20.1201,44.7148],[20.0982,44.7239]]],[[[20.0343,44.6963],[20.027,44.6971],[20.0331,44.7343],[19.98,44.7267],[20.0366,44.7391],[20.0343,44.6963]]],[[[20.2889,45.1452],[20.3039,45.1383],[20.2965,45.1348],[20.2889,45.1452]]],[[[20.0253,45.1823],[20.0286,45.1908],[20.0366,45.1901],[20.0253,45.1823]]],[[[20.1531,45.1875],[20.1481,45.1908],[20.1673,45.1882],[20.1531,45.1875]]],[[[20.0604,45.2249],[20.0513,45.2257],[20.067,45.2292],[20.0604,45.2249]]],[[[20.3309,45.2523],[20.313,45.2346],[20.2892,45.2586],[20.3309,45.2523]]],[[[20.1204,45.2763],[20.1309,45.2527],[20.1272,45.2561],[20.1204,45.2763]]],[[[20.2487,45.301],[20.2408,45.2937],[20.2567,45.3121],[20.2487,45.301]]],[[[20.2817,45.3078],[20.2751,45.3122],[20.2849,45.3147],[20.2817,45.3078]]],[[[20.2708,45.316],[20.2564,45.3201],[20.2665,45.3204],[20.2708,45.316]]],[[[20.2847,45.3259],[20.2889,45.324],[20.2878,45.3182],[20.2847,45.3259]]],[[[20.1443,45.3435],[20.1397,45.33],[20.1428,45.3442],[20.1525,45.3488],[20.1443,45.3435]]],[[[20.2522,45.3326],[20.2318,45.3356],[20.2409,45.35],[20.2522,45.3326]]],[[[20.2523,45.3551],[20.2441,45.3557],[20.2473,45.3723],[20.2523,45.3551]]],[[[20.239,45.3694],[20.2348,45.3731],[20.2414,45.3698],[20.242,45.3611],[20.239,45.3694]]],[[[20.1694,45.3873],[20.1916,45.3916],[20.1789,45.3843],[20.1694,45.3873]]],[[[20.2801,45.3992],[20.2907,45.3993],[20.298,45.3923],[20.2801,45.3992]]],[[[20.2291,45.3803],[20.2146,45.3957],[20.2356,45.4073],[20.2291,45.3803]]],[[[20.2666,45.3993],[20.2606,45.3986],[20.2612,45.4003],[20.2666,45.3993]]],[[[20.0963,45.4118],[20.096,45.4174],[20.1101,45.4188],[20.0963,45.4118]]],[[[20.1993,45.4226],[20.1903,45.4268],[20.2136,45.4345],[20.1993,45.4226]]],[[[20.2719,45.4327],[20.2784,45.4325],[20.2758,45.4265],[20.2719,45.4327]]],[[[20.2025,45.4437],[20.1866,45.4391],[20.201,45.4484],[20.2025,45.4437]]],[[[20.2565,45.4559],[20.2598,45.4598],[20.2767,45.46],[20.2565,45.4559]]],[[[20.1517,45.452],[20.1435,45.4728],[20.1513,45.467],[20.1517,45.452]]],[[[20.312,45.4801],[20.3079,45.4711],[20.2913,45.4609],[20.312,45.4801]]],[[[20.2359,45.4633],[20.2497,45.4863],[20.2555,45.4743],[20.2359,45.4633]]],[[[20.2519,45.4936],[20.2658,45.4769],[20.2595,45.4913],[20.2747,45.4822],[20.2562,45.4639],[20.2641,45.4782],[20.2483,45.4899],[20.1991,45.4915],[20.1744,45.5054],[20.2519,45.4936]]],[[[20.2904,45.4887],[20.2956,45.483],[20.281,45.4826],[20.2904,45.4887]]],[[[20.2685,45.5232],[20.2702,45.5285],[20.2832,45.5189],[20.2685,45.5232]]],[[[20.0494,45.5531],[20.0644,45.5462],[20.0677,45.5409],[20.0566,45.4761],[20.0889,45.494],[20.085,45.5206],[20.0876,45.5237],[20.0974,45.5232],[20.0902,45.4922],[20.074,45.4823],[20.0544,45.4752],[20.0662,45.5405],[20.0481,45.5538],[20.0996,45.5686],[20.0494,45.5531]]],[[[20.2003,45.5383],[20.2051,45.5268],[20.186,45.5284],[20.2003,45.5383]]],[[[20.2599,45.5394],[20.2693,45.5293],[20.2635,45.5305],[20.2599,45.5394]]],[[[20.2665,45.5363],[20.2616,45.5456],[20.2779,45.5329],[20.2665,45.5363]]],[[[20.2485,45.5575],[20.249,45.559],[20.2547,45.5504],[20.2485,45.5575]]],[[[20.2921,45.5729],[20.264,45.5693],[20.2594,45.5843],[20.2921,45.5729]]],[[[20.2881,45.577],[20.2732,45.5925],[20.3006,45.5911],[20.3079,45.5761],[20.2881,45.577]]],[[[20.2479,45.59],[20.2634,45.5957],[20.2666,45.5901],[20.26,45.5895],[20.2479,45.59]]],[[[20.2696,45.6137],[20.2789,45.6002],[20.2678,45.6014],[20.2696,45.6137]]],[[[20.1746,45.6115],[20.1902,45.6047],[20.1817,45.6057],[20.1746,45.6115]]],[[[20.2191,45.608],[20.2136,45.6137],[20.2172,45.615],[20.2172,45.6201],[20.2153,45.6229],[20.2156,45.6231],[20.2197,45.6179],[20.2191,45.608]]],[[[20.2084,45.6359],[20.1808,45.6313],[20.1948,45.6372],[20.2117,45.6357],[20.244,45.6016],[20.2084,45.6359]]],[[[20.2974,45.6194],[20.3024,45.6266],[20.3058,45.6143],[20.2974,45.6194]]],[[[20.1727,45.6212],[20.1768,45.6262],[20.176,45.6162],[20.1727,45.6212]]],[[[20.0684,45.6305],[20.0545,45.6256],[20.0456,45.6259],[20.0356,45.6299],[20.0283,45.6402],[20.0487,45.6266],[20.0767,45.643],[20.0824,45.6428],[20.0919,45.636],[20.0684,45.6305]]],[[[20.1759,45.6801],[20.1966,45.678],[20.191,45.6761],[20.1759,45.6801]]],[[[20.2876,45.6848],[20.2862,45.6984],[20.291,45.6973],[20.2876,45.6848]]],[[[20.2627,45.7078],[20.2489,45.7057],[20.2521,45.7072],[20.2627,45.7078]]],[[[20.2852,45.7296],[20.2711,45.713],[20.2744,45.7185],[20.2852,45.7296]]],[[[20.2578,45.7383],[20.2566,45.7386],[20.2592,45.7431],[20.2794,45.7378],[20.2578,45.7383]]],[[[20.2504,45.7504],[20.2503,45.7493],[20.2324,45.7571],[20.2504,45.7504]]],[[[20.2683,45.7532],[20.2609,45.7527],[20.2719,45.7559],[20.2683,45.7532]]],[[[20.2878,45.7553],[20.2912,45.7507],[20.2799,45.7575],[20.2788,45.7641],[20.2878,45.7553]]],[[[20.268,45.7574],[20.2506,45.754],[20.2315,45.7641],[20.268,45.7574]]],[[[20.2557,45.7614],[20.2767,45.7609],[20.2691,45.7589],[20.2557,45.7614]]],[[[20.2385,45.7696],[20.2342,45.774],[20.2363,45.7744],[20.2385,45.7696]]],[[[20.2047,45.7707],[20.2132,45.7774],[20.2129,45.7703],[20.2047,45.7707]]],[[[20.0848,45.7793],[20.076,45.7768],[20.0633,45.7814],[20.1031,45.7873],[20.0848,45.7793]]],[[[20.0682,45.7727],[20.0654,45.7698],[20.0424,45.7783],[20.0633,45.7814],[20.0682,45.7727]]],[[[20.2473,45.7833],[20.2348,45.7916],[20.2451,45.787],[20.2508,45.7881],[20.2475,45.7925],[20.2644,45.7849],[20.2473,45.7833]]],[[[20.2682,45.7953],[20.2871,45.7979],[20.2789,45.7844],[20.2682,45.7953]]],[[[19.9918,45.8008],[20.009,45.7851],[20.0005,45.7891],[19.9918,45.8008]]],[[[20.2169,45.796],[20.2018,45.7927],[20.2154,45.8037],[20.2192,45.7973],[20.2169,45.796]]],[[[20.2332,45.8026],[20.2351,45.8072],[20.2457,45.7898],[20.2332,45.8026]]],[[[20.2274,45.8101],[20.2248,45.8082],[20.2182,45.8125],[20.2274,45.8101]]],[[[20.1426,45.8329],[20.1308,45.8584],[20.1383,45.8492],[20.1426,45.8329]]],[[[20.1737,45.8433],[20.1598,45.85],[20.1581,45.858],[20.1737,45.8433]]],[[[20.2915,45.8617],[20.2927,45.8641],[20.3014,45.8556],[20.2915,45.8617]]],[[[20.3062,45.8574],[20.3189,45.8699],[20.3227,45.8601],[20.3062,45.8574]]],[[[20.1337,45.8488],[20.1059,45.8647],[20.1367,45.8725],[20.1281,45.8584],[20.1337,45.8488]]],[[[20.2785,45.8679],[20.2812,45.8611],[20.2731,45.8605],[20.2699,45.8609],[20.2684,45.8615],[20.2785,45.8679]]],[[[20.309,45.8732],[20.3068,45.8659],[20.3001,45.8614],[20.309,45.8732]]],[[[20.2143,45.8811],[20.2195,45.8696],[20.2161,45.864],[20.2143,45.8811]]],[[[20.2445,45.8794],[20.2443,45.8842],[20.2549,45.8818],[20.2445,45.8794]]],[[[20.1527,45.911],[20.1595,45.9098],[20.164,45.9012],[20.1527,45.911]]],[[[20.2438,45.92],[20.2531,45.9198],[20.2466,45.9183],[20.2438,45.92]]],[[[20.2153,45.9136],[20.2314,45.9272],[20.2429,45.9249],[20.2153,45.9136]]],[[[20.1669,45.9401],[20.197,45.9274],[20.1446,45.9295],[20.1669,45.9401]]],[[[20.248,45.9338],[20.2688,45.938],[20.2688,45.9365],[20.248,45.9338]]],[[[20.2775,45.9314],[20.2704,45.933],[20.272,45.9391],[20.2775,45.9314]]],[[[20.194,45.9501],[20.1786,45.9515],[20.2058,45.9653],[20.194,45.9501]]],[[[20.3377,45.986],[20.3236,45.9867],[20.3313,45.9808],[20.3165,45.9668],[20.3102,45.9655],[20.318,45.9634],[20.3166,45.9588],[20.3086,45.9571],[20.3156,45.9568],[20.3209,45.9479],[20.3195,45.939],[20.3031,45.9397],[20.3006,45.9345],[20.2866,45.9245],[20.2668,45.9189],[20.2999,45.9445],[20.3179,45.9397],[20.3068,45.9573],[20.3163,45.9612],[20.3085,45.9653],[20.3229,45.9875],[20.3361,45.9875],[20.3373,46.0001],[20.361,46.0148],[20.3682,46.011],[20.3717,46.0151],[20.3728,46.0115],[20.3756,46.0144],[20.3789,46.0143],[20.3831,46.0123],[20.3377,45.986]]],[[[20.1058,45.9533],[20.1297,45.959],[20.1052,45.9654],[20.1265,45.9652],[20.1317,45.9595],[20.1288,45.9532],[20.1058,45.9533]]],[[[20.0568,45.9626],[20.0544,45.9616],[20.0551,45.9792],[20.0654,45.9765],[20.0711,45.9701],[20.0568,45.9626]]],[[[20.0104,45.9765],[20.0145,45.9704],[20.0062,45.9692],[20.0104,45.9765]]],[[[20.2312,45.9799],[20.2148,45.9798],[20.2233,45.9814],[20.2312,45.9799]]],[[[20.0107,45.9889],[20.0139,45.9854],[20.0066,45.9772],[20.0107,45.9889]]],[[[20.0711,45.9891],[20.0647,45.9931],[20.1046,45.9912],[20.0711,45.9891]]],[[[20.0828,46.0897],[20.0781,46.0997],[20.0847,46.0902],[20.0828,46.0897]]],[[[20.1818,46.097],[20.1845,46.0913],[20.1801,46.0921],[20.1818,46.097]]],[[[20.1717,46.1048],[20.1671,46.1057],[20.1891,46.1053],[20.1717,46.1048]]],[[[20.0282,46.1056],[20.025,46.1091],[20.0273,46.1104],[20.0282,46.1056]]],[[[20.2626,46.1208],[20.2614,46.1228],[20.2783,46.1238],[20.2626,46.1208]]],[[[20.2954,46.1201],[20.2933,46.1062],[20.2921,46.12],[20.2749,46.112],[20.2685,46.1111],[20.2626,46.1208],[20.2954,46.1201]]],[[[20.0679,46.2165],[20.0711,46.229],[20.0741,46.2284],[20.0679,46.2165]]],[[[20.0496,46.2584],[20.0478,46.2614],[20.0796,46.2518],[20.0496,46.2584]]],[[[20.0451,46.2929],[20.0346,46.3106],[20.043,46.3109],[20.0451,46.2929]]],[[[20.0775,46.3377],[20.0889,46.3208],[20.0668,46.3104],[20.0775,46.3377]]],[[[20.1078,46.345],[20.1126,46.3392],[20.105,46.3417],[20.1078,46.345]]],[[[20.1123,46.3451],[20.1034,46.3533],[20.1055,46.3547],[20.1123,46.3451]]],[[[20.0882,46.3879],[20.0885,46.3943],[20.0916,46.3941],[20.1089,46.3791],[20.0882,46.3879]]],[[[20.0171,46.3903],[20.0113,46.3975],[20.0155,46.3983],[20.0171,46.3903]]],[[[20.05,46.4547],[20.0453,46.4591],[20.0508,46.4621],[20.0603,46.4563],[20.05,46.4547]]],[[[20.0555,46.5315],[20.0595,46.5285],[20.0371,46.5244],[20.0555,46.5315]]],[[[20.0806,46.5318],[20.0709,46.5301],[20.0834,46.5339],[20.0806,46.5318]]],[[[20.024,46.5451],[20.0316,46.5363],[20.0171,46.5318],[20.024,46.5451]]],[[[20.0269,46.5428],[20.0294,46.5509],[20.0428,46.5525],[20.0269,46.5428]]],[[[20.1055,46.5555],[20.1002,46.5608],[20.1243,46.5591],[20.1055,46.5555]]],[[[20.1908,46.6234],[20.1821,46.6232],[20.1891,46.6268],[20.1908,46.6234]]],[[[20.1228,46.6673],[20.1202,46.6598],[20.1136,46.6764],[20.1228,46.6673]]],[[[20.0432,46.734],[20.0429,46.7374],[20.0517,46.7385],[20.0432,46.734]]],[[[20.1704,46.7382],[20.1691,46.7399],[20.1798,46.7467],[20.1857,46.7319],[20.1704,46.7382]]],[[[20.0082,46.7973],[20.0081,46.7991],[20.0277,46.7934],[20.0082,46.7973]]],[[[20.0068,46.8267],[20.0284,46.8297],[20.0133,46.822],[20.0068,46.8267]]],[[[20.1956,46.8464],[20.2112,46.8436],[20.2101,46.8427],[20.1956,46.8464]]],[[[20.1296,46.8525],[20.1217,46.8555],[20.1177,46.8609],[20.1429,46.8787],[20.1296,46.8525]]],[[[20.2851,46.8718],[20.2875,46.87],[20.2738,46.8692],[20.2851,46.8718]]],[[[20.0984,46.9258],[20.091,46.9278],[20.1254,46.9268],[20.0984,46.9258]]],[[[20.2156,47.054],[20.2196,47.0476],[20.2112,47.0498],[20.2156,47.054]]],[[[19.995,47.4333],[20.022,47.4302],[20.038,47.423],[20.088,47.3749],[20.0918,47.3542],[20.0777,47.3406],[20.0932,47.3163],[20.0921,47.3081],[20.0754,47.3405],[20.0861,47.3745],[19.9929,47.4322],[19.989,47.4495],[19.995,47.4333]]],[[[20.2687,47.4348],[20.2586,47.4394],[20.2625,47.4495],[20.2687,47.4348]]],[[[20.2876,47.4672],[20.2976,47.4725],[20.3054,47.469],[20.2876,47.4672]]],[[[20.0701,47.5391],[20.0573,47.538],[20.0685,47.5407],[20.0722,47.5383],[20.0701,47.5391]]],[[[20.2423,47.759],[20.2412,47.7481],[20.2383,47.7483],[20.2423,47.759]]],[[[20.0007,48.1936],[20.0097,48.1912],[20.0054,48.1878],[20.0007,48.1936]]],[[[20.539,42.9771],[20.5497,42.9596],[20.5657,42.9651],[20.5493,42.9562],[20.5037,42.9767],[20.4503,42.9679],[20.4969,42.9821],[20.539,42.9771]]],[[[20.7162,43.7153],[20.6998,43.7104],[20.6593,43.7228],[20.7162,43.7153]]],[[[20.7165,44.5762],[20.7203,44.5719],[20.7143,44.5695],[20.7165,44.5762]]],[[[20.6113,44.7857],[20.6168,44.7965],[20.6169,44.7835],[20.6113,44.7857]]],[[[20.7409,44.8724],[20.7274,44.8527],[20.7107,44.841],[20.7255,44.8127],[20.7235,44.788],[20.7203,44.7834],[20.7227,44.8107],[20.7081,44.8406],[20.7408,44.8769],[20.6838,44.8961],[20.7169,44.9004],[20.757,44.8704],[20.7409,44.8724]]],[[[20.472,44.8399],[20.4925,44.8339],[20.4787,44.8362],[20.4518,44.8505],[20.4264,44.8564],[20.4259,44.8577],[20.4561,44.85],[20.472,44.8399]]],[[[20.512,44.8577],[20.4955,44.8703],[20.5145,44.8584],[20.4945,44.8502],[20.512,44.8577]]],[[[20.4849,44.8679],[20.4881,44.8695],[20.4885,44.8593],[20.4849,44.8679]]],[[[20.5919,44.8623],[20.5864,44.8632],[20.5953,44.8711],[20.5919,44.8623]]],[[[20.4117,44.8606],[20.3909,44.8662],[20.3797,44.8737],[20.4117,44.8606]]],[[[20.6198,44.9081],[20.6233,44.8691],[20.5854,44.9343],[20.6198,44.9081]]],[[[20.3685,44.9166],[20.3765,44.9048],[20.3802,44.8757],[20.3672,44.9152],[20.3148,44.9424],[20.3685,44.9166]]],[[[20.6637,44.919],[20.6684,44.9324],[20.6834,44.8963],[20.6637,44.919]]],[[[20.5732,44.9345],[20.5452,44.9424],[20.5519,44.9427],[20.5732,44.9345]]],[[[20.6227,44.9711],[20.6107,44.9661],[20.6271,44.965],[20.6339,44.9622],[20.6061,44.9651],[20.6227,44.9711]]],[[[20.5333,44.972],[20.5536,44.9644],[20.5326,44.9976],[20.5598,44.9706],[20.5506,44.9561],[20.5333,44.972]]],[[[20.3148,44.9917],[20.3212,44.9948],[20.3465,44.9986],[20.3148,44.9917]]],[[[20.4926,44.987],[20.4782,44.9913],[20.4644,45.0027],[20.4926,44.987]]],[[[20.4944,45.0586],[20.47,45.0553],[20.4512,45.0622],[20.4966,45.0592],[20.4807,45.0412],[20.4944,45.0586]]],[[[20.4583,45.0738],[20.4838,45.0714],[20.4765,45.0695],[20.4583,45.0738]]],[[[20.4324,45.0897],[20.4402,45.0837],[20.4363,45.0765],[20.4324,45.0897]]],[[[20.5058,45.0828],[20.5074,45.092],[20.5047,45.0975],[20.5055,45.0904],[20.4991,45.0847],[20.5009,45.0955],[20.4891,45.0885],[20.4804,45.0902],[20.4784,45.0924],[20.5063,45.099],[20.5099,45.0916],[20.5084,45.0798],[20.5058,45.0828]]],[[[20.4112,45.0997],[20.4,45.1066],[20.4067,45.1063],[20.4112,45.0997]]],[[[20.485,45.114],[20.4695,45.1055],[20.492,45.1269],[20.4693,45.1416],[20.4946,45.1297],[20.485,45.114]]],[[[20.4027,45.1144],[20.4266,45.1269],[20.447,45.1252],[20.4214,45.1057],[20.4151,45.1101],[20.4225,45.115],[20.4224,45.1168],[20.4259,45.1236],[20.4257,45.1243],[20.403,45.1126],[20.3895,45.1231],[20.3968,45.1294],[20.4319,45.144],[20.4027,45.1144]]],[[[20.4503,45.1649],[20.4565,45.153],[20.435,45.1627],[20.4345,45.1703],[20.4282,45.161],[20.4446,45.1564],[20.4453,45.1531],[20.4418,45.1505],[20.4297,45.152],[20.4298,45.1498],[20.4493,45.1506],[20.4538,45.1449],[20.4303,45.1471],[20.4224,45.1577],[20.4382,45.1759],[20.4503,45.1649]],[[20.4422,45.152],[20.4436,45.1543],[20.4324,45.1584],[20.4422,45.152]],[[20.4305,45.1536],[20.4311,45.159],[20.4238,45.1581],[20.4305,45.1536]]],[[[20.4578,45.1697],[20.4451,45.1771],[20.4658,45.1836],[20.4578,45.1697]]],[[[20.6028,45.1838],[20.5874,45.1777],[20.5724,45.1757],[20.5654,45.1806],[20.5807,45.2005],[20.6062,45.1896],[20.6028,45.1838]],[[20.5993,45.1834],[20.602,45.1894],[20.5783,45.1914],[20.5993,45.1834]]],[[[20.391,45.2122],[20.4,45.2162],[20.3962,45.2097],[20.391,45.2122]]],[[[20.5603,45.2247],[20.5733,45.2102],[20.5778,45.2352],[20.5952,45.2407],[20.5943,45.2601],[20.6506,45.3115],[20.6,45.3167],[20.4966,45.3877],[20.6015,45.3176],[20.6499,45.3254],[20.6522,45.3113],[20.6487,45.2999],[20.6741,45.2981],[20.7075,45.2893],[20.7407,45.2769],[20.7337,45.2915],[20.7258,45.2858],[20.7118,45.2997],[20.7194,45.3151],[20.7537,45.3299],[20.7613,45.3305],[20.7153,45.2982],[20.7276,45.2877],[20.7195,45.2975],[20.7282,45.3049],[20.7439,45.2773],[20.7836,45.2727],[20.7922,45.2764],[20.8137,45.2781],[20.8201,45.278],[20.8265,45.2754],[20.8675,45.2842],[20.9045,45.3053],[20.9479,45.3177],[21.0178,45.3253],[21.0171,45.3419],[21.0191,45.3254],[21.0645,45.333],[21.1898,45.3477],[21.216,45.3865],[21.191,45.3479],[21.214,45.3519],[21.2296,45.3523],[21.2364,45.3574],[21.2436,45.3599],[21.2672,45.3639],[21.2758,45.372],[21.29,45.3799],[21.2929,45.379],[21.2683,45.363],[21.2207,45.3496],[20.948,45.3167],[20.8697,45.2839],[20.8293,45.275],[20.9945,45.1975],[20.9945,45.1962],[20.8198,45.2768],[20.7839,45.2714],[20.7469,45.2739],[20.6465,45.2987],[20.5953,45.2594],[20.5984,45.2383],[20.5747,45.2098],[20.523,45.2077],[20.5603,45.2247]]],[[[20.5062,45.2267],[20.4993,45.2233],[20.508,45.2289],[20.5202,45.2278],[20.5243,45.223],[20.5062,45.2267]]],[[[20.6151,45.2304],[20.6167,45.2332],[20.625,45.2242],[20.6151,45.2304]]],[[[20.6051,45.2314],[20.5985,45.2354],[20.604,45.2359],[20.6121,45.2242],[20.6051,45.2314]]],[[[20.3932,45.2212],[20.3631,45.2148],[20.3629,45.2252],[20.4041,45.2855],[20.4262,45.2822],[20.3932,45.2212]],[[20.3958,45.2671],[20.39,45.2604],[20.3982,45.2569],[20.3958,45.2671]],[[20.3884,45.2392],[20.3935,45.2297],[20.3921,45.2403],[20.3884,45.2392]],[[20.3763,45.2237],[20.3724,45.2186],[20.3799,45.2202],[20.3763,45.2237]]],[[[20.7101,45.2451],[20.7386,45.2594],[20.7119,45.2448],[20.7101,45.2451]]],[[[20.3485,45.2549],[20.3586,45.2648],[20.3537,45.2598],[20.3485,45.2549]]],[[[20.3934,45.2887],[20.3995,45.2867],[20.3978,45.2855],[20.3934,45.2887]]],[[[20.3401,45.2845],[20.3257,45.2867],[20.3586,45.2888],[20.3401,45.2845]]],[[[20.3704,45.2989],[20.3696,45.3029],[20.3818,45.2979],[20.3704,45.2989]]],[[[20.3857,45.2997],[20.3766,45.3162],[20.383,45.3113],[20.3857,45.2997]]],[[[20.387,45.31],[20.384,45.3123],[20.389,45.3142],[20.3981,45.3043],[20.387,45.31]]],[[[20.3901,45.3168],[20.4088,45.3088],[20.4032,45.3097],[20.3901,45.3168]]],[[[20.4037,45.3213],[20.4052,45.3238],[20.4102,45.3207],[20.4037,45.3213]]],[[[20.4053,45.3332],[20.4056,45.3337],[20.4241,45.3267],[20.4053,45.3332]]],[[[20.3543,45.3293],[20.3508,45.3458],[20.3558,45.3459],[20.3543,45.3293]]],[[[20.6716,45.3481],[20.6726,45.3506],[20.6826,45.3466],[20.6716,45.3481]]],[[[20.3583,45.3514],[20.353,45.3552],[20.3757,45.3528],[20.3583,45.3514]]],[[[20.7199,45.3547],[20.7043,45.3606],[20.7497,45.3588],[20.7199,45.3547]]],[[[20.3714,45.3636],[20.384,45.3641],[20.3775,45.3596],[20.3714,45.3636]]],[[[20.3273,45.3991],[20.3239,45.4029],[20.3287,45.4056],[20.3273,45.3991]]],[[[20.433,45.4651],[20.4464,45.4581],[20.4557,45.4395],[20.4532,45.4256],[20.4608,45.4181],[20.4599,45.4087],[20.4514,45.4001],[20.4174,45.3862],[20.4036,45.3876],[20.4005,45.3804],[20.4022,45.3884],[20.4525,45.4025],[20.4596,45.4163],[20.4519,45.4257],[20.454,45.4397],[20.3149,45.5625],[20.433,45.4651]]],[[[20.5111,45.4737],[20.4615,45.4468],[20.5068,45.4728],[20.6867,45.5498],[20.7136,45.5559],[20.5111,45.4737]]],[[[20.5192,45.5128],[20.5574,45.5283],[20.5465,45.5183],[20.5192,45.5128]]],[[[20.3412,45.5576],[20.3357,45.5565],[20.3379,45.5641],[20.3412,45.5576]]],[[[20.7142,45.5642],[20.7284,45.564],[20.7266,45.563],[20.7142,45.5642]]],[[[20.3864,45.5882],[20.3983,45.5881],[20.3975,45.5828],[20.3813,45.5738],[20.3864,45.5882]]],[[[20.3123,45.591],[20.3231,45.5931],[20.3218,45.591],[20.3123,45.591]]],[[[20.3969,45.5994],[20.3999,45.5943],[20.39,45.5926],[20.3969,45.5994]]],[[[20.4104,45.5977],[20.4032,45.5968],[20.4032,45.6004],[20.4104,45.5977]]],[[[20.41,45.6051],[20.4013,45.6064],[20.4062,45.6095],[20.41,45.6051]]],[[[20.6782,45.7294],[20.6735,45.7303],[20.6748,45.7347],[20.6782,45.7294]]],[[[20.3754,45.8316],[20.3799,45.8478],[20.3483,45.852],[20.3941,45.8513],[20.3754,45.8316]]],[[[20.4874,45.8419],[20.4794,45.8459],[20.5155,45.8455],[20.4874,45.8419]]],[[[20.3378,45.8546],[20.3438,45.8595],[20.3383,45.8514],[20.3378,45.8546]]],[[[20.3391,45.8599],[20.3347,45.8558],[20.3213,45.8494],[20.3265,45.8615],[20.3235,45.8705],[20.3391,45.8599]]],[[[20.7325,45.876],[20.734,45.8811],[20.7546,45.8704],[20.7325,45.876]]],[[[20.6355,45.9009],[20.6374,45.9013],[20.639,45.8817],[20.6264,45.8818],[20.6355,45.9009]]],[[[20.3244,45.895],[20.3224,45.9026],[20.3308,45.9034],[20.3244,45.895]]],[[[20.3254,45.9203],[20.3315,45.9207],[20.3356,45.9054],[20.3254,45.9203]]],[[[20.6017,45.8924],[20.583,45.8838],[20.6445,45.9455],[20.6017,45.8924]]],[[[20.3261,45.9334],[20.3305,45.9259],[20.3241,45.9311],[20.3261,45.9334]]],[[[20.5705,46.1473],[20.5969,46.1464],[20.6101,46.1381],[20.5697,46.1428],[20.5705,46.1473]]],[[[20.5338,46.1595],[20.5124,46.1644],[20.5086,46.1812],[20.5338,46.1595]]],[[[20.5689,46.2471],[20.5652,46.2461],[20.5612,46.2583],[20.5689,46.2471]]],[[[20.7391,46.2859],[20.7379,46.2863],[20.7471,46.2934],[20.7391,46.2859]]],[[[20.6372,46.286],[20.6278,46.2906],[20.6448,46.2952],[20.6372,46.286]]],[[[20.6593,46.2972],[20.6615,46.2987],[20.6667,46.2927],[20.6593,46.2972]]],[[[20.7419,46.2952],[20.7427,46.305],[20.7518,46.3027],[20.7419,46.2952]]],[[[20.6334,46.3568],[20.6509,46.3491],[20.6227,46.3327],[20.6334,46.3568]]],[[[20.6943,46.4136],[20.6838,46.4161],[20.6846,46.4184],[20.6943,46.4136]]],[[[20.6353,46.4742],[20.649,46.4763],[20.6447,46.4725],[20.6353,46.4742]]],[[[20.3872,46.6752],[20.4145,46.693],[20.4161,46.6819],[20.3872,46.6752]]],[[[20.3636,46.7806],[20.364,46.7777],[20.3519,46.7772],[20.3636,46.7806]]],[[[20.5511,47.452],[20.5899,47.4247],[20.5982,47.414],[20.6017,47.392],[20.597,47.3805],[20.5797,47.3593],[20.5881,47.3359],[20.6346,47.3269],[20.6784,47.3568],[20.7565,47.3324],[20.6789,47.3557],[20.635,47.3258],[20.587,47.3344],[20.6034,47.3078],[20.5671,47.2356],[20.5954,47.201],[20.5994,47.1886],[20.5777,47.129],[20.5912,47.1099],[20.5906,47.0887],[20.6338,47.089],[20.6725,47.0822],[20.6981,47.0656],[20.706,47.0565],[20.713,47.0621],[20.7358,47.0672],[20.7823,47.0944],[20.7842,47.095],[20.7908,47.0934],[20.7975,47.1001],[20.8253,47.0964],[20.808,47.1023],[20.8044,47.112],[20.8075,47.1157],[20.8123,47.1163],[20.8422,47.1069],[20.839,47.1348],[20.8584,47.1387],[20.8663,47.1215],[20.8677,47.131],[20.8794,47.1365],[20.8815,47.1519],[20.8932,47.1563],[20.9106,47.1502],[20.9094,47.1763],[20.932,47.1882],[20.9439,47.1881],[20.9551,47.2092],[20.9678,47.226],[21.0163,47.2493],[21.023,47.378],[21.0178,47.2497],[20.9296,47.1723],[20.917,47.1767],[20.9152,47.1505],[20.8913,47.1421],[20.8923,47.1401],[20.9014,47.1415],[20.9029,47.1402],[20.89,47.1395],[20.8859,47.1515],[20.8808,47.1348],[20.8669,47.1198],[20.841,47.1328],[20.8478,47.1089],[20.8374,47.1043],[20.8078,47.1148],[20.8266,47.0961],[20.8,47.0989],[20.7907,47.0924],[20.7836,47.0942],[20.6881,47.0355],[20.6571,47.032],[20.6381,46.9953],[20.631,47.0135],[20.6559,47.0332],[20.6878,47.0373],[20.7052,47.0559],[20.672,47.0809],[20.5889,47.088],[20.576,47.1286],[20.5847,47.1536],[20.536,47.1525],[20.4397,47.1013],[20.422,47.0763],[20.3623,47.0162],[20.3711,46.9893],[20.3794,46.9275],[20.3763,46.9235],[20.4213,46.9184],[20.5027,46.8913],[20.3539,46.9226],[20.3349,46.895],[20.3262,46.8923],[20.3144,46.8923],[20.3191,46.8817],[20.3175,46.8784],[20.3009,46.8789],[20.2837,46.8559],[20.2734,46.8515],[20.2844,46.8352],[20.2632,46.82],[20.2834,46.8358],[20.2723,46.852],[20.2998,46.8792],[20.3174,46.8801],[20.3126,46.8925],[20.3507,46.9229],[20.3777,46.9271],[20.3596,47.0166],[20.428,47.0945],[20.4377,47.1026],[20.5353,47.1537],[20.5851,47.1554],[20.5972,47.189],[20.5645,47.2358],[20.6008,47.3079],[20.5844,47.3358],[20.5769,47.36],[20.598,47.4002],[20.5494,47.4514],[20.557,47.4705],[20.5511,47.452]]],[[[20.5554,47.3087],[20.5433,47.3169],[20.5811,47.3149],[20.5554,47.3087]]],[[[20.5953,47.3229],[20.6132,47.3098],[20.6067,47.3123],[20.5953,47.3229]]],[[[20.522,47.3178],[20.5076,47.3174],[20.5563,47.3326],[20.522,47.3178]]],[[[20.455,47.3457],[20.4669,47.3446],[20.4629,47.3435],[20.455,47.3457]]],[[[20.4146,47.3552],[20.4087,47.3647],[20.4284,47.3587],[20.4146,47.3552]]],[[[20.3496,47.3997],[20.3626,47.4266],[20.373,47.4291],[20.3496,47.3997]]],[[[20.6046,47.4331],[20.6025,47.4397],[20.6085,47.4404],[20.6046,47.4331]]],[[[20.431,47.4465],[20.4349,47.4459],[20.4334,47.4389],[20.4165,47.4302],[20.431,47.4465]]],[[[20.3617,47.4539],[20.3691,47.4542],[20.37,47.4452],[20.3617,47.4539]]],[[[20.3684,47.4615],[20.3605,47.4608],[20.3598,47.4672],[20.3684,47.4615]]],[[[20.6377,47.4734],[20.6428,47.4731],[20.6374,47.4692],[20.6377,47.4734]]],[[[20.5178,47.5042],[20.4886,47.5115],[20.4647,47.4986],[20.4313,47.4852],[20.4271,47.4669],[20.4081,47.4427],[20.3759,47.4301],[20.43,47.4861],[20.4873,47.5125],[20.5178,47.5042]]],[[[20.3654,47.5154],[20.3659,47.5098],[20.3526,47.5198],[20.3654,47.5154]]],[[[20.3403,47.5414],[20.3488,47.5418],[20.3435,47.5358],[20.3403,47.5414]]],[[[20.6626,47.572],[20.6526,47.5717],[20.648,47.5878],[20.6626,47.572]]],[[[20.6222,47.581],[20.6182,47.578],[20.6236,47.5844],[20.6222,47.581]]],[[[20.3904,47.5816],[20.3823,47.5866],[20.4012,47.5953],[20.3904,47.5816]]],[[[20.703,47.5917],[20.6983,47.5961],[20.7072,47.6002],[20.703,47.5917]]],[[[20.3501,47.5887],[20.3459,47.5912],[20.3501,47.6028],[20.3501,47.5887]]],[[[20.6816,47.6088],[20.6796,47.6049],[20.6697,47.6209],[20.6816,47.6088]]],[[[20.7127,47.6142],[20.7072,47.615],[20.7111,47.6216],[20.7127,47.6142]]],[[[20.7453,47.6306],[20.7311,47.6377],[20.7401,47.6382],[20.7453,47.6306]]],[[[20.6589,47.6365],[20.6544,47.6391],[20.6696,47.6377],[20.6589,47.6365]]],[[[20.7498,47.6471],[20.7022,47.6464],[20.7237,47.6671],[20.7498,47.6471]],[[20.7139,47.6507],[20.714,47.6485],[20.718,47.6487],[20.7139,47.6507]]],[[[20.6154,47.6621],[20.6193,47.6615],[20.6141,47.6566],[20.6154,47.6621]]],[[[20.3787,47.6673],[20.3805,47.6746],[20.3858,47.6721],[20.3787,47.6673]]],[[[20.7388,47.6775],[20.7379,47.6825],[20.7453,47.6804],[20.7388,47.6775]]],[[[20.7258,47.6824],[20.7218,47.6766],[20.7241,47.6872],[20.7258,47.6824]]],[[[20.7081,47.6822],[20.702,47.691],[20.7192,47.6882],[20.7081,47.6822]]],[[[20.6718,47.7067],[20.678,47.6986],[20.6642,47.6989],[20.6718,47.7067]]],[[[20.7767,47.7039],[20.7607,47.7187],[20.7508,47.715],[20.7734,47.6943],[20.744,47.7111],[20.7504,47.7193],[20.7625,47.7209],[20.7767,47.7039]]],[[[20.6852,47.7117],[20.6853,47.7058],[20.6734,47.71],[20.6852,47.7117]]],[[[20.7622,47.7258],[20.7688,47.7224],[20.7577,47.7241],[20.7559,47.7358],[20.7622,47.7258]]],[[[20.7614,47.769],[20.7686,47.7648],[20.766,47.7611],[20.7614,47.769]]],[[[20.6171,47.7777],[20.6096,47.7851],[20.6205,47.7815],[20.6171,47.7777]]],[[[20.758,47.8468],[20.753,47.8496],[20.7575,47.8576],[20.7678,47.8622],[20.7728,47.852],[20.758,47.8468]]],[[[20.6661,47.9295],[20.6695,47.9318],[20.6723,47.9226],[20.6661,47.9295]]],[[[20.4186,48.9687],[20.4295,48.9646],[20.4263,48.9613],[20.4186,48.9687]]],[[[20.4652,49.2093],[20.4702,49.2053],[20.452,49.204],[20.4652,49.2093]]],[[[21.0453,42.6906],[21.0435,42.6887],[21.038,42.7069],[21.0453,42.6906]]],[[[20.9869,43.6168],[20.863,43.6765],[20.8571,43.6823],[20.8576,43.6947],[20.8363,43.6871],[20.8324,43.707],[20.8273,43.702],[20.8114,43.6988],[20.7285,43.7219],[20.8324,43.7081],[20.8599,43.6942],[20.8601,43.68],[20.9866,43.6182],[21.0784,43.6202],[20.9869,43.6168]]],[[[20.9539,44.6536],[20.9638,44.6536],[20.9583,44.6513],[20.9539,44.6536]]],[[[20.9411,44.6582],[20.9406,44.6613],[20.9537,44.6639],[20.9565,44.6612],[20.9523,44.6527],[20.9411,44.6582]]],[[[21.0265,44.6873],[21.0075,44.6867],[21.0118,44.6949],[21.0203,44.696],[21.0267,44.6978],[21.0289,44.6993],[21.0293,44.6992],[21.0256,44.6961],[21.0265,44.6873]]],[[[21.0292,44.7116],[21.0264,44.7008],[21.0241,44.7083],[21.0292,44.7116]]],[[[21.0016,44.7686],[20.9959,44.769],[21.0279,44.7739],[21.0016,44.7686]]],[[[20.9998,44.7741],[20.9991,44.773],[20.9806,44.7985],[20.9998,44.7741]]],[[[20.9945,44.823],[21.0027,44.8225],[20.9832,44.8113],[20.9945,44.823]]],[[[21.018,44.8271],[21.0064,44.8268],[21.0153,44.8274],[21.0159,44.8329],[21.0221,44.8329],[21.018,44.8271]]],[[[20.9813,44.853],[21.0077,44.8527],[21.0263,44.8487],[21.0303,44.8424],[20.9695,44.831],[20.9461,44.8314],[20.9328,44.8402],[20.9693,44.8326],[20.9844,44.8498],[20.9788,44.8523],[20.9804,44.8612],[20.9689,44.8665],[20.9835,44.8613],[20.9813,44.853]]],[[[21.0452,45.0607],[21.0589,45.064],[21.0577,45.0612],[21.0452,45.0607]]],[[[20.7739,45.3512],[20.7641,45.355],[20.7725,45.3591],[20.7835,45.3575],[20.7739,45.3512]]],[[[20.8906,45.4111],[20.9013,45.4163],[20.8917,45.4094],[20.8906,45.4111]]],[[[20.9369,45.4731],[20.9527,45.4765],[20.9745,45.4726],[21.0174,45.494],[21.0333,45.4948],[21.0177,45.5188],[21.0968,45.6129],[21.1168,45.6285],[21.153,45.6424],[21.177,45.647],[21.1823,45.6444],[21.1836,45.6398],[21.201,45.6433],[21.2091,45.6392],[21.2204,45.6457],[21.2344,45.6501],[21.2426,45.6473],[21.2472,45.6518],[21.2501,45.6509],[21.2593,45.6403],[21.2581,45.6453],[21.2733,45.6496],[21.2888,45.6739],[21.3249,45.6873],[21.3928,45.6922],[21.4074,45.7162],[21.428,45.7225],[21.4393,45.7213],[21.4455,45.7181],[21.4589,45.7236],[21.4878,45.7201],[21.4986,45.7261],[21.529,45.7297],[21.5829,45.7306],[21.5926,45.7193],[21.596,45.721],[21.6082,45.7205],[21.6127,45.7177],[21.6208,45.7174],[21.6271,45.714],[21.6405,45.7244],[21.6731,45.7376],[21.6948,45.7383],[21.7245,45.7383],[21.7658,45.7339],[21.7704,45.732],[21.7769,45.7338],[21.8036,45.723],[21.8333,45.7404],[21.8542,45.7367],[21.8692,45.729],[21.8684,45.7262],[21.8639,45.725],[21.8705,45.7185],[21.8718,45.7106],[21.8682,45.707],[21.8792,45.7083],[21.8985,45.6962],[21.905,45.6838],[21.9161,45.6829],[21.9316,45.6771],[21.9365,45.6775],[21.9414,45.6753],[21.9473,45.6673],[21.9617,45.6725],[21.979,45.6662],[22.013,45.6478],[22.0141,45.644],[22.008,45.6409],[22.0168,45.6411],[22.0201,45.6396],[22.0211,45.6367],[22.0177,45.6311],[22.0322,45.6345],[22.0627,45.6118],[22.1013,45.6119],[22.1105,45.5995],[22.1054,45.5936],[22.1155,45.5913],[22.1527,45.5584],[22.1791,45.5235],[22.1832,45.5139],[22.1785,45.5032],[22.1862,45.4929],[22.1868,45.4865],[22.1833,45.4796],[22.1766,45.5035],[22.1773,45.5223],[22.1041,45.5927],[22.1003,45.611],[22.0797,45.6064],[22.0456,45.6169],[22.0157,45.631],[21.9759,45.6662],[21.9448,45.6661],[21.9039,45.6832],[21.8664,45.7071],[21.8606,45.7321],[21.8028,45.7217],[21.6764,45.7371],[21.6279,45.7131],[21.408,45.7137],[21.4048,45.6963],[21.4682,45.6816],[21.4772,45.678],[21.4845,45.6671],[21.4012,45.6972],[21.393,45.6913],[21.3886,45.6897],[21.3516,45.6825],[21.3541,45.6729],[21.3618,45.6727],[21.3671,45.6691],[21.3807,45.6517],[21.3826,45.6372],[21.3973,45.6357],[21.4016,45.6285],[21.4107,45.6289],[21.4192,45.6267],[21.4317,45.6193],[21.4327,45.611],[21.3822,45.6351],[21.3784,45.6524],[21.3475,45.6774],[21.3505,45.6825],[21.3259,45.6863],[21.2597,45.6396],[21.1182,45.6277],[21.0189,45.5185],[21.0339,45.494],[21.0094,45.4891],[21.0305,45.4891],[21.0333,45.487],[21.0336,45.484],[21.0351,45.4868],[21.0612,45.493],[21.0647,45.4923],[21.0686,45.4865],[21.0689,45.4886],[21.0906,45.4922],[21.104,45.4901],[21.0988,45.4933],[21.1083,45.4976],[21.1164,45.4954],[21.1128,45.4992],[21.1204,45.5001],[21.1148,45.5025],[21.1143,45.5049],[21.1284,45.5342],[21.1354,45.5421],[21.1465,45.5422],[21.1436,45.5455],[21.1468,45.5496],[21.1418,45.5509],[21.1421,45.5556],[21.1467,45.5578],[21.1523,45.5564],[21.1508,45.5591],[21.1562,45.5622],[21.1544,45.5645],[21.1742,45.5755],[21.1781,45.5711],[21.1702,45.5727],[21.1537,45.5554],[21.1431,45.5547],[21.1483,45.5503],[21.1472,45.5419],[21.1173,45.4949],[21.1044,45.4892],[21.0683,45.4855],[21.0547,45.4911],[21.0343,45.4831],[21.0122,45.4879],[21.0003,45.4753],[21.0537,45.458],[21.0636,45.4649],[21.0589,45.4656],[21.0574,45.4678],[21.0626,45.4692],[21.0578,45.4747],[21.0575,45.4836],[21.0598,45.4841],[21.0728,45.4748],[21.0688,45.4667],[21.0585,45.4679],[21.0639,45.466],[21.0646,45.464],[21.0551,45.458],[21.1174,45.4625],[21.1455,45.4569],[21.1798,45.4796],[21.1904,45.4789],[21.19,45.4863],[21.1985,45.4966],[21.2142,45.5041],[21.2162,45.5034],[21.2002,45.4967],[21.1918,45.4785],[21.1629,45.4602],[21.1348,45.4526],[21.1423,45.4521],[21.1475,45.4453],[21.1661,45.4511],[21.1737,45.4463],[21.1469,45.4445],[21.117,45.461],[21.0631,45.4475],[21.0503,45.4483],[21.0456,45.4516],[21.0461,45.4473],[21.0443,45.4461],[21.0248,45.4495],[21.0212,45.4518],[21.0234,45.4548],[21.0208,45.4553],[21.0194,45.4522],[21.0163,45.4505],[21.0203,45.4515],[21.0247,45.4477],[21.0161,45.4385],[21.0134,45.4384],[21.0101,45.4409],[21.0056,45.4343],[20.9976,45.4352],[21.0062,45.4324],[21.006,45.4238],[20.9691,45.3989],[20.9619,45.3983],[20.9571,45.4027],[20.9534,45.4011],[20.9483,45.4042],[20.9469,45.4014],[20.9407,45.4011],[20.9392,45.4025],[20.9406,45.4067],[20.9307,45.4012],[20.9174,45.4056],[20.9415,45.4074],[20.9467,45.402],[20.9444,45.4295],[20.9338,45.4283],[20.8952,45.4377],[20.8872,45.446],[20.8738,45.4445],[20.8752,45.4381],[20.8664,45.4353],[20.8701,45.4325],[20.8588,45.4315],[20.8713,45.4462],[20.8884,45.4498],[20.8603,45.47],[20.8567,45.483],[20.8611,45.4913],[20.8658,45.4932],[20.855,45.4997],[20.8568,45.5176],[20.8742,45.5456],[20.9124,45.5533],[20.9269,45.5864],[20.9345,45.5978],[20.9124,45.5522],[20.8574,45.5163],[20.8675,45.4938],[20.8617,45.4707],[20.9369,45.4731]],[[20.925,45.4656],[20.9998,45.4353],[21.0207,45.4563],[21.0698,45.4551],[20.925,45.4656]],[[20.9237,45.4651],[20.8885,45.4467],[20.9454,45.4301],[20.9625,45.3989],[21.0055,45.4274],[20.9237,45.4651]]],[[[21.1891,45.575],[21.2026,45.5736],[21.2062,45.5712],[21.2089,45.5805],[21.2257,45.5915],[21.2326,45.5923],[21.2414,45.5903],[21.2237,45.6075],[21.225,45.6122],[21.2324,45.6154],[21.2428,45.5907],[21.2104,45.5709],[21.1888,45.569],[21.1781,45.5711],[21.1891,45.575]]],[[[20.9484,45.5509],[20.9488,45.5533],[20.9707,45.5545],[20.9484,45.5509]]],[[[20.9201,45.6192],[20.9226,45.6132],[20.9143,45.62],[20.9201,45.6192]]],[[[20.9586,45.6334],[20.9587,45.6293],[20.9503,45.6207],[20.9438,45.6174],[20.9489,45.6514],[20.9586,45.6334]]],[[[20.9848,45.6699],[20.9282,45.6587],[20.9009,45.6415],[20.8222,45.6075],[20.7971,45.5879],[20.7654,45.581],[20.7648,45.5818],[20.9244,45.6589],[21.2052,45.7452],[20.9848,45.6699]]],[[[21.0127,45.8556],[21.035,45.8551],[21.038,45.8531],[21.0474,45.8525],[21.0525,45.8502],[21.0402,45.8242],[21.0361,45.8206],[21.0242,45.8208],[21.0384,45.812],[21.0442,45.7925],[21.0393,45.7794],[21.1134,45.7798],[21.1114,45.7979],[21.115,45.803],[21.1207,45.8054],[21.1147,45.7789],[21.0381,45.7787],[21.0356,45.7723],[21.0245,45.7669],[21.0152,45.7657],[21.0125,45.7664],[21.0086,45.7627],[20.9932,45.7566],[20.9881,45.7499],[20.964,45.7334],[20.946,45.7296],[20.9403,45.731],[20.9383,45.7228],[20.8774,45.6941],[20.865,45.6885],[20.852,45.6902],[20.7769,45.6363],[20.851,45.6913],[20.876,45.695],[20.9145,45.7208],[20.9364,45.7225],[20.9399,45.7324],[20.9633,45.7344],[20.9915,45.7569],[21.0117,45.7674],[21.0349,45.7733],[21.0232,45.8215],[21.0505,45.8508],[21.0027,45.8457],[21.0118,45.873],[20.9665,45.8757],[20.9657,45.8806],[21.013,45.8741],[21.0127,45.8556]]],[[[20.9459,45.8878],[20.9349,45.898],[20.9435,45.8997],[20.9459,45.8878]]],[[[21.0335,45.927],[21.0096,45.9297],[21.0042,45.9229],[20.9856,45.9201],[20.9819,45.9112],[21.0016,45.9174],[21.0094,45.9143],[21.0209,45.9053],[20.9971,45.9112],[20.9897,45.896],[20.9741,45.8917],[20.9786,45.8857],[20.968,45.8871],[20.9838,45.9202],[21.0349,45.9403],[21.0335,45.927]]],[[[21.0866,45.9184],[21.0795,45.9171],[21.1125,45.945],[21.0866,45.9184]]],[[[21.0205,45.9446],[21.0254,45.9463],[21.0277,45.9377],[21.0205,45.9446]]],[[[21.0915,45.9674],[21.0927,45.9636],[21.0742,45.9646],[21.0677,45.9702],[21.0406,45.9535],[21.0323,45.9602],[21.0442,45.9813],[21.0375,45.9572],[21.0659,45.9714],[21.0915,45.9674]]],[[[20.9643,45.9773],[20.965,45.9848],[20.9657,45.977],[20.961,45.9704],[20.9633,45.9686],[20.9541,45.9628],[20.9643,45.9773]]],[[[21.0043,45.9971],[20.9973,45.9873],[20.9941,45.9739],[20.976,45.9725],[21.0043,45.9971]]],[[[21.093,46.0034],[21.1033,46.0093],[21.0853,45.9774],[21.093,46.0034]]],[[[20.9338,46.0063],[20.9293,46.0073],[20.93,46.0138],[20.946,46.0137],[20.9338,46.0063]]],[[[21.0611,46.0125],[21.0594,46.0128],[21.0718,46.0274],[21.0834,46.0301],[21.0611,46.0125]]],[[[20.9455,46.0346],[20.9261,46.0205],[20.9427,46.0419],[20.9455,46.0346]]],[[[20.9601,46.0499],[20.9535,46.0477],[20.9478,46.0579],[20.9601,46.0499]]],[[[21.0156,46.1332],[21.0143,46.1256],[21.0073,46.1271],[21.0217,46.1412],[21.0156,46.1332]]],[[[20.7814,46.1625],[20.7874,46.1598],[20.7699,46.1625],[20.7814,46.1625]]],[[[20.9389,46.3577],[20.9322,46.364],[20.9384,46.3674],[20.9389,46.3577]]],[[[20.9831,47.0222],[20.9799,47.0188],[20.9789,47.0261],[20.9831,47.0222]]],[[[20.7852,47.2782],[20.7867,47.2832],[20.7967,47.275],[20.7908,47.2733],[20.7852,47.2782]]],[[[20.8202,47.3267],[20.8272,47.3264],[20.8279,47.3195],[20.8202,47.3267]]],[[[21.0945,47.3772],[21.0876,47.3707],[21.0851,47.3706],[21.0945,47.3772]]],[[[21.0767,47.3664],[21.0638,47.381],[21.0707,47.3791],[21.0767,47.3664]]],[[[21.0268,47.4012],[21.0178,47.3923],[21.0138,47.4009],[21.0268,47.4012]]],[[[21.0298,47.4016],[21.0276,47.4075],[21.0457,47.4135],[21.0298,47.4016]]],[[[20.776,47.4237],[20.7803,47.4234],[20.7889,47.4151],[20.776,47.4237]]],[[[21.0897,47.4031],[21.0645,47.399],[21.079,47.3924],[21.0936,47.4028],[21.1018,47.4031],[21.1091,47.4006],[21.0787,47.3914],[21.0617,47.395],[21.0668,47.4049],[21.089,47.4052],[21.0722,47.4166],[21.0923,47.4505],[21.1104,47.4549],[21.0897,47.4031]]],[[[21.0438,47.4373],[21.0454,47.4278],[21.0421,47.4273],[21.0438,47.4373]]],[[[20.9261,47.4272],[20.9138,47.4333],[20.9287,47.4395],[20.9261,47.4272]]],[[[20.9075,47.4426],[20.926,47.4423],[20.9255,47.4411],[20.9075,47.4426]]],[[[21.0203,47.4364],[21.0052,47.4494],[21.0162,47.4511],[21.0203,47.4364]]],[[[21.0016,47.4469],[20.9708,47.4304],[21.003,47.4343],[21.0227,47.4082],[20.9168,47.4462],[20.9462,47.4914],[20.9877,47.4928],[20.9563,47.4861],[20.9509,47.4763],[21.0016,47.4469]],[[20.9354,47.46],[20.9585,47.4604],[20.9452,47.4771],[20.9354,47.46]]],[[[21.0235,47.465],[21.0206,47.4655],[21.0163,47.4544],[21.0132,47.4531],[21.0026,47.4715],[21.0235,47.465]]],[[[20.9236,47.4611],[20.9128,47.458],[20.9193,47.48],[20.9236,47.4611]]],[[[20.8519,47.4829],[20.8629,47.4724],[20.8535,47.4748],[20.8519,47.4829]]],[[[20.8204,47.4847],[20.8343,47.4713],[20.8314,47.4717],[20.8204,47.4847]]],[[[20.9583,47.477],[20.9553,47.4791],[20.9623,47.4828],[20.9583,47.477]]],[[[20.7986,47.4956],[20.8098,47.4847],[20.8085,47.4679],[20.7986,47.4956]]],[[[21.0007,47.4996],[20.9999,47.5017],[21.025,47.5055],[21.0007,47.4996]]],[[[21.0092,47.5045],[21.0045,47.5058],[21.0092,47.5098],[21.0092,47.5045]]],[[[21.0802,47.5018],[21.0745,47.4999],[21.0811,47.5149],[21.0834,47.5151],[21.0802,47.5018]]],[[[20.9296,47.5044],[20.9346,47.493],[20.8807,47.5191],[20.9296,47.5044]]],[[[21.0451,47.4917],[21.0121,47.5198],[21.0401,47.5245],[21.0451,47.4917]]],[[[20.9927,47.5174],[21.001,47.5167],[21.0005,47.512],[20.9927,47.5174]]],[[[21.0986,47.5328],[21.0999,47.5169],[21.0781,47.5366],[21.0986,47.5328]]],[[[20.9994,47.538],[20.9961,47.5413],[21.0279,47.5413],[20.9994,47.538]]],[[[20.8718,47.5377],[20.8689,47.5432],[20.8742,47.5427],[20.8718,47.5377]]],[[[21.0274,47.5527],[21.042,47.5595],[21.044,47.5541],[21.0274,47.5527]]],[[[20.8244,47.5447],[20.8034,47.5622],[20.8085,47.5613],[20.8244,47.5447]]],[[[21.0244,47.5555],[20.991,47.5526],[21.0281,47.5653],[21.0244,47.5555]]],[[[20.87,47.5509],[20.8622,47.5686],[20.867,47.559],[20.87,47.5509]]],[[[20.9166,47.555],[20.916,47.5474],[20.9045,47.5778],[20.9166,47.555]]],[[[20.8917,47.556],[20.8853,47.5707],[20.8867,47.5725],[20.8917,47.556]]],[[[20.9568,47.5656],[20.9617,47.5736],[20.9585,47.5631],[20.9568,47.5656]]],[[[20.978,47.5767],[20.9806,47.571],[20.968,47.5658],[20.978,47.5767]]],[[[20.9404,47.5553],[20.9175,47.5598],[20.9171,47.5791],[20.9354,47.5725],[20.9202,47.5961],[20.9408,47.5728],[20.9404,47.5553]]],[[[21.0807,47.5717],[21.0774,47.5711],[21.0889,47.5833],[21.0807,47.5717]]],[[[21.0524,47.5739],[21.0496,47.5845],[21.064,47.5842],[21.0524,47.5739]]],[[[20.9026,47.592],[20.9108,47.5923],[20.9056,47.5898],[20.9026,47.592]]],[[[20.8842,47.5792],[20.8784,47.5795],[20.8836,47.6007],[20.8842,47.5792]]],[[[21.0027,47.5967],[21.0201,47.5937],[21.0043,47.5833],[21.0027,47.5967]]],[[[20.9327,47.5973],[20.9267,47.6018],[20.9334,47.6001],[20.9371,47.5865],[20.9327,47.5973]]],[[[21.0104,47.6017],[21.0135,47.6103],[21.0196,47.6075],[21.0104,47.6017]]],[[[20.8446,47.5984],[20.8342,47.5952],[20.8269,47.622],[20.8446,47.5984]]],[[[20.7856,47.618],[20.8168,47.6161],[20.801,47.604],[20.7856,47.618]]],[[[20.9916,47.6142],[20.9811,47.6176],[21.0005,47.6136],[20.9916,47.6142]]],[[[20.9706,47.6144],[20.9715,47.6124],[20.957,47.6139],[20.9706,47.6144]]],[[[21.0828,47.6191],[21.071,47.608],[21.0503,47.6306],[21.084,47.6543],[21.0828,47.6191]],[[21.0616,47.6256],[21.0761,47.6217],[21.0795,47.6344],[21.0616,47.6256]]],[[[20.8971,47.6495],[20.9001,47.6437],[20.8952,47.6368],[20.8971,47.6495]]],[[[20.8455,47.6513],[20.8479,47.6476],[20.844,47.646],[20.8393,47.6474],[20.8315,47.6539],[20.8455,47.6513]]],[[[20.8825,47.6489],[20.8767,47.6416],[20.8616,47.6433],[20.8544,47.6488],[20.8825,47.6489]]],[[[20.7819,47.6662],[20.7868,47.6659],[20.7814,47.6517],[20.7735,47.6516],[20.7819,47.6662]]],[[[20.817,47.6543],[20.8128,47.6584],[20.8237,47.6647],[20.817,47.6543]]],[[[20.9388,47.6694],[20.9553,47.6738],[20.9597,47.6702],[20.9494,47.6623],[20.9285,47.6626],[20.9185,47.6667],[20.9091,47.677],[20.9262,47.6655],[20.9478,47.6647],[20.9567,47.6703],[20.9339,47.6683],[20.9157,47.6818],[20.9388,47.6694]]],[[[21.0796,47.6754],[21.0672,47.6755],[21.0871,47.681],[21.0796,47.6754]]],[[[20.8205,47.6752],[20.8147,47.683],[20.824,47.6813],[20.8205,47.6752]]],[[[20.7676,47.6761],[20.7576,47.6778],[20.7769,47.688],[20.7676,47.6761]]],[[[21.0463,47.6867],[21.0518,47.6861],[21.0436,47.679],[21.0463,47.6867]]],[[[20.9378,47.69],[20.9562,47.6747],[20.946,47.6809],[20.9378,47.69]]],[[[21.0698,47.6873],[21.0828,47.6874],[21.0813,47.6844],[21.0698,47.6873]]],[[[20.9312,47.7074],[20.9226,47.7062],[20.9332,47.7243],[20.9312,47.7074]]],[[[20.9803,47.7278],[20.9809,47.7233],[20.971,47.7232],[20.9803,47.7278]]],[[[21.1071,47.7402],[21.1104,47.74],[21.089,47.7245],[21.1071,47.7402]]],[[[20.9689,47.7495],[20.9746,47.7492],[20.9696,47.7417],[20.9689,47.7495]]],[[[20.8169,47.749],[20.8173,47.7476],[20.8087,47.7454],[20.8169,47.749]]],[[[20.9958,47.7463],[20.9958,47.7501],[21.0089,47.7578],[20.9958,47.7463]]],[[[21.0901,47.7596],[21.0901,47.7623],[21.0967,47.7694],[21.0998,47.7691],[21.0901,47.7596]]],[[[20.8601,47.7675],[20.8686,47.7688],[20.8668,47.765],[20.8601,47.7675]]],[[[21.0708,47.7664],[21.069,47.7679],[21.0779,47.7646],[21.0708,47.7664]]],[[[20.974,47.781],[20.9915,47.7811],[20.9933,47.7789],[20.974,47.781]]],[[[20.9432,47.8278],[20.9491,47.8178],[20.9415,47.8159],[20.9341,47.8249],[20.9432,47.8278]],[[20.9431,47.8192],[20.9457,47.8207],[20.9435,47.8263],[20.9431,47.8192]]],[[[20.8673,47.8247],[20.8985,47.8257],[20.8673,47.8221],[20.8669,47.8278],[20.8825,47.8427],[20.9052,47.8499],[20.8673,47.8247]]],[[[20.9475,47.8333],[20.9378,47.8319],[20.9373,47.8396],[20.9475,47.8333]]],[[[20.9182,47.8448],[20.9054,47.8448],[20.9179,47.8469],[20.9182,47.8448]]],[[[20.9616,47.8602],[20.9518,47.862],[20.949,47.8654],[20.9591,47.8674],[20.9659,47.8598],[20.9616,47.8602]]],[[[21.0882,47.9811],[21.0695,47.9771],[21.0899,47.9824],[21.0882,47.9811]]],[[[21.0671,48.0152],[21.0819,48.0023],[21.0535,48.0033],[21.0474,47.9789],[21.0382,47.9929],[21.0671,48.0152]]],[[[20.8659,48.0048],[20.8711,48.0092],[20.8753,48.0036],[20.8659,48.0048]]],[[[21.0277,48.004],[21.014,48.0135],[21.0252,48.0099],[21.0277,48.004]]],[[[21.0923,48.0099],[21.0809,48.0069],[21.074,48.014],[21.0923,48.0099]]],[[[21.044,48.009],[21.0382,48.0072],[21.0419,48.0213],[21.044,48.009]]],[[[21.0442,48.8819],[21.0511,48.8822],[21.0536,48.8789],[21.0416,48.8647],[21.0618,48.8589],[21.0624,48.8509],[21.0396,48.8639],[21.0441,48.8865],[20.9995,48.8889],[21.0299,48.8927],[21.0441,48.888],[21.046,48.8848],[21.0442,48.8819]]],[[[21.2901,43.291],[21.2991,43.2918],[21.2886,43.2886],[21.2855,43.2915],[21.2901,43.291]]],[[[21.1691,43.605],[21.1598,43.5952],[21.1209,43.5905],[21.0916,43.6002],[21.1679,43.6062],[21.1979,43.5913],[21.2079,43.5925],[21.2174,43.5876],[21.2289,43.6034],[21.2559,43.5967],[21.2298,43.6023],[21.2192,43.5867],[21.2017,43.5855],[21.1691,43.605]]],[[[21.3728,43.6272],[21.3758,43.6405],[21.3817,43.6503],[21.3779,43.6659],[21.3801,43.6672],[21.3833,43.649],[21.374,43.6262],[21.3196,43.6193],[21.2792,43.6007],[21.2709,43.6004],[21.3182,43.6201],[21.3728,43.6272]]],[[[21.3894,43.7176],[21.3866,43.7211],[21.4095,43.7119],[21.3894,43.7176]]],[[[21.2626,44.0349],[21.2559,44.034],[21.2531,44.0364],[21.2641,44.0358],[21.2694,44.026],[21.2626,44.0349]]],[[[21.1624,44.1144],[21.1583,44.1138],[21.1511,44.1198],[21.1624,44.1144]]],[[[21.277,44.5679],[21.2746,44.5577],[21.2821,44.5429],[21.2799,44.5381],[21.2934,44.5315],[21.2941,44.5191],[21.3205,44.5082],[21.2969,44.4961],[21.3049,44.5112],[21.2923,44.5191],[21.2913,44.5317],[21.2784,44.5382],[21.2729,44.5576],[21.2751,44.5675],[21.2397,44.5927],[21.277,44.5679]]],[[[21.3236,45.1547],[21.3208,45.1574],[21.3405,45.1704],[21.3608,45.1756],[21.3236,45.1547]]],[[[21.354,45.5474],[21.3453,45.5494],[21.3536,45.555],[21.3613,45.5524],[21.354,45.5474]]],[[[21.1527,45.667],[21.1541,45.6664],[21.1471,45.6576],[21.1527,45.667]]],[[[21.1946,45.7124],[21.198,45.7178],[21.203,45.7156],[21.1946,45.7124]]],[[[21.3309,45.7735],[21.3747,45.7787],[21.3904,45.7769],[21.3983,45.7721],[21.4097,45.7771],[21.4183,45.7743],[21.4311,45.781],[21.4414,45.7827],[21.4736,45.7774],[21.4923,45.7788],[21.545,45.7718],[21.562,45.7695],[21.5819,45.7636],[21.6928,45.7704],[21.7067,45.7669],[21.708,45.7625],[21.7187,45.7654],[21.7285,45.7604],[21.7311,45.7678],[21.7447,45.7793],[21.8494,45.8117],[21.9353,45.8293],[21.996,45.8353],[22.0625,45.8331],[21.8506,45.8101],[21.7279,45.7594],[21.5818,45.7626],[21.4417,45.7817],[21.4189,45.7735],[21.3986,45.771],[21.3299,45.772],[21.291,45.7507],[21.2588,45.7595],[21.3309,45.7735]]],[[[21.2113,45.884],[21.2144,45.8937],[21.2139,45.8759],[21.2113,45.884]]],[[[21.4322,45.9662],[21.4358,45.9693],[21.4395,45.9625],[21.4322,45.9662]]],[[[21.1765,45.9609],[21.1523,45.9636],[21.1715,45.9739],[21.1765,45.9609]]],[[[21.1451,45.9953],[21.1492,45.993],[21.1363,45.99],[21.1451,45.9953]]],[[[21.2367,46.1107],[21.2124,46.1195],[21.2128,46.123],[21.2074,46.1253],[21.2087,46.1277],[21.2367,46.1107]]],[[[21.409,46.1396],[21.4079,46.1415],[21.4229,46.1379],[21.4222,46.1286],[21.409,46.1396]]],[[[21.2295,46.142],[21.2404,46.144],[21.2366,46.1397],[21.2287,46.139],[21.2295,46.142]]],[[[21.2797,46.1598],[21.2775,46.1652],[21.2845,46.166],[21.2797,46.1598]]],[[[21.1847,46.2127],[21.1668,46.215],[21.1762,46.2205],[21.1843,46.2151],[21.1847,46.2127]]],[[[21.2567,46.256],[21.2427,46.2435],[21.2494,46.2573],[21.2385,46.243],[21.2475,46.2571],[21.2555,46.263],[21.2715,46.2681],[21.2567,46.256]]],[[[21.1087,46.5897],[21.0954,46.5993],[21.1117,46.6055],[21.1309,46.5873],[21.1087,46.5897]]],[[[21.4466,46.6659],[21.4448,46.6661],[21.447,46.6661],[21.4466,46.6659]]],[[[21.444,46.6663],[21.4215,46.7009],[21.3956,46.7083],[21.39,46.717],[21.3787,46.7136],[21.3514,46.7135],[21.3412,46.702],[21.3275,46.6988],[21.338,46.6893],[21.3475,46.6738],[21.3653,46.6654],[21.3624,46.6639],[21.344,46.6756],[21.3261,46.6989],[21.3304,46.7033],[21.3115,46.6993],[21.2824,46.7049],[21.2721,46.6997],[21.278,46.6958],[21.3122,46.6416],[21.37,46.6217],[21.428,46.5864],[21.4373,46.5757],[21.4342,46.5688],[21.4555,46.5408],[21.4925,46.5367],[21.5057,46.5308],[21.6188,46.4322],[21.6324,46.436],[21.664,46.4341],[21.6904,46.4282],[21.6982,46.4195],[21.7123,46.423],[21.7167,46.419],[21.7272,46.4274],[21.7709,46.4337],[21.9226,46.4344],[21.9686,46.4316],[21.9703,46.4288],[21.9695,46.4268],[21.9742,46.4269],[21.9757,46.4232],[21.9811,46.4267],[21.9837,46.4258],[21.9886,46.4201],[21.9893,46.4232],[21.9917,46.4248],[21.9959,46.4237],[21.9984,46.4207],[21.9875,46.4188],[21.981,46.4258],[21.9782,46.4226],[21.968,46.4195],[21.9217,46.4336],[21.7723,46.4328],[21.7174,46.4172],[21.6965,46.4183],[21.6651,46.4327],[21.6163,46.4309],[21.5058,46.5288],[21.4519,46.5413],[21.3676,46.6207],[21.3611,46.5344],[21.3565,46.5405],[21.3503,46.5828],[21.3636,46.609],[21.3116,46.6403],[21.2718,46.6986],[21.154,46.7601],[21.2695,46.7016],[21.2828,46.7071],[21.2974,46.7073],[21.3146,46.701],[21.3507,46.7147],[21.3892,46.7192],[21.4666,46.6943],[21.4311,46.6943],[21.444,46.6663]]],[[[21.388,46.536],[21.4082,46.5238],[21.4214,46.5238],[21.4264,46.5201],[21.4079,46.523],[21.3874,46.5352],[21.3619,46.5335],[21.3611,46.5344],[21.388,46.536]]],[[[21.4146,46.5056],[21.373,46.5188],[21.3619,46.5335],[21.4146,46.5056]]],[[[21.2219,46.83],[21.2347,46.8246],[21.2497,46.8128],[21.1001,46.8466],[21.2219,46.83]]],[[[21.1901,47.01],[21.1849,47.0117],[21.222,47.0067],[21.1901,47.01]]],[[[21.1653,47.0332],[21.1752,47.0346],[21.1786,47.0345],[21.1789,47.0337],[21.1653,47.0332]]],[[[21.4434,47.0859],[21.4474,47.0816],[21.4437,47.079],[21.4434,47.0859]]],[[[21.3556,47.0923],[21.3455,47.0977],[21.3468,47.1055],[21.3614,47.1104],[21.3556,47.0923]]],[[[21.3816,47.1159],[21.3798,47.1153],[21.376,47.1203],[21.3769,47.1227],[21.3858,47.127],[21.3816,47.1159]]],[[[21.414,47.2376],[21.4344,47.3108],[21.3907,47.3508],[21.3152,47.4591],[21.3152,47.4643],[21.3194,47.4742],[21.3031,47.4736],[21.3189,47.4771],[21.3271,47.4602],[21.3219,47.5144],[21.3261,47.5444],[21.345,47.5789],[21.3794,47.6052],[21.3709,47.6282],[21.3721,47.662],[21.3309,47.6669],[21.3622,47.6753],[21.3595,47.7298],[21.4,47.8023],[21.3244,47.9856],[21.3254,48.0063],[21.3649,47.8962],[21.4064,47.8214],[21.3984,47.7911],[21.3653,47.7225],[21.3806,47.6035],[21.3245,47.5172],[21.3298,47.4608],[21.3357,47.4621],[21.3428,47.4545],[21.3638,47.4567],[21.3734,47.4494],[21.3416,47.4536],[21.3331,47.4608],[21.3306,47.4436],[21.3759,47.3878],[21.3847,47.3943],[21.3982,47.3955],[21.3769,47.3859],[21.4091,47.3403],[21.4698,47.3756],[21.4988,47.382],[21.4103,47.3397],[21.4291,47.3227],[21.4417,47.2959],[21.4177,47.2414],[21.4377,47.212],[21.4355,47.2022],[21.4284,47.1944],[21.414,47.2376]],[[21.362,47.6711],[21.3709,47.6677],[21.3695,47.6739],[21.362,47.6711]]],[[[21.292,47.2719],[21.2836,47.2766],[21.2896,47.2793],[21.292,47.2719]]],[[[21.1219,47.332],[21.1308,47.3325],[21.1348,47.3301],[21.1219,47.332]]],[[[21.2262,47.3416],[21.2244,47.3491],[21.2371,47.3541],[21.2262,47.3416]]],[[[21.2054,47.3757],[21.2107,47.39],[21.2424,47.4],[21.2054,47.3757]]],[[[21.4365,47.3886],[21.4307,47.3907],[21.4362,47.407],[21.4557,47.4149],[21.4265,47.4117],[21.4232,47.4135],[21.4225,47.4177],[21.4299,47.4257],[21.4152,47.4191],[21.4015,47.4153],[21.3969,47.4159],[21.3937,47.4193],[21.4301,47.4272],[21.4585,47.4139],[21.4579,47.4192],[21.4637,47.425],[21.4623,47.4113],[21.4355,47.401],[21.4734,47.3985],[21.4365,47.3886]]],[[[21.1159,47.4067],[21.1153,47.3999],[21.1046,47.412],[21.1008,47.4239],[21.1159,47.4067]]],[[[21.1414,47.4269],[21.1313,47.4446],[21.1178,47.4323],[21.1302,47.4183],[21.1277,47.4143],[21.1159,47.4318],[21.1248,47.4451],[21.1334,47.4453],[21.1414,47.4269]]],[[[21.2148,47.4384],[21.2097,47.4396],[21.1998,47.4472],[21.2148,47.4384]]],[[[21.1689,47.4605],[21.1475,47.4554],[21.1584,47.4691],[21.1689,47.4605]]],[[[21.2941,47.4928],[21.2866,47.5021],[21.2752,47.4952],[21.2706,47.4954],[21.2874,47.5031],[21.312,47.4922],[21.2941,47.4928]]],[[[21.1472,47.5094],[21.1395,47.5075],[21.1355,47.5181],[21.1472,47.5094]]],[[[21.2307,47.5234],[21.2304,47.5289],[21.2391,47.5276],[21.2307,47.5234]]],[[[21.1671,47.5283],[21.1785,47.5152],[21.1614,47.529],[21.1755,47.538],[21.1844,47.5293],[21.1671,47.5283]]],[[[21.1417,47.527],[21.1341,47.5327],[21.1416,47.5356],[21.1417,47.527]]],[[[21.2859,47.5225],[21.2822,47.5221],[21.2631,47.5331],[21.2851,47.5232],[21.3057,47.5416],[21.2859,47.5225]]],[[[21.2396,47.54],[21.2362,47.5318],[21.2289,47.5447],[21.2396,47.54]]],[[[21.1719,47.5426],[21.173,47.5479],[21.1777,47.5457],[21.1719,47.5426]]],[[[21.2848,47.5481],[21.2966,47.5524],[21.2843,47.5611],[21.3005,47.5532],[21.2848,47.5481]]],[[[21.2657,47.5494],[21.2993,47.5453],[21.2956,47.535],[21.2515,47.5366],[21.2685,47.5457],[21.2612,47.5492],[21.2892,47.5681],[21.2731,47.5659],[21.2718,47.5822],[21.305,47.5661],[21.2902,47.5675],[21.2657,47.5494]]],[[[21.3024,47.56],[21.3169,47.5624],[21.3141,47.5552],[21.3024,47.56]]],[[[21.1733,47.5787],[21.1548,47.5782],[21.1744,47.5809],[21.1733,47.5787]]],[[[21.2501,47.5722],[21.2447,47.5761],[21.2517,47.5788],[21.2501,47.5722]]],[[[21.2539,47.5826],[21.2527,47.5829],[21.2522,47.5902],[21.2539,47.5826]]],[[[21.1623,47.5908],[21.1472,47.5853],[21.1563,47.5733],[21.1503,47.5667],[21.1413,47.5654],[21.1532,47.5716],[21.1444,47.5857],[21.1751,47.6271],[21.1623,47.5908]]],[[[21.325,47.5961],[21.3165,47.5985],[21.3156,47.6028],[21.325,47.5961]]],[[[21.3235,47.6027],[21.3242,47.6049],[21.338,47.5982],[21.3235,47.6027]]],[[[21.2699,47.6033],[21.2532,47.6042],[21.2559,47.614],[21.2699,47.6033]]],[[[21.1448,47.6525],[21.1483,47.6556],[21.1479,47.6379],[21.1438,47.6318],[21.1448,47.6525]]],[[[21.1207,47.6449],[21.1123,47.6473],[21.1285,47.6489],[21.1207,47.6449]]],[[[21.2283,47.6481],[21.2183,47.6449],[21.2193,47.6488],[21.2283,47.6481]]],[[[21.351,47.6553],[21.3693,47.6542],[21.3682,47.6517],[21.351,47.6553]]],[[[21.4482,47.6504],[21.4492,47.6571],[21.4341,47.6616],[21.4289,47.6683],[21.4496,47.66],[21.4514,47.6513],[21.4482,47.6504]]],[[[21.3313,47.6849],[21.3247,47.6709],[21.3284,47.7007],[21.3313,47.6849]]],[[[21.3482,47.698],[21.3357,47.6988],[21.3382,47.7035],[21.3482,47.698]]],[[[21.1287,47.705],[21.1303,47.7098],[21.1376,47.7099],[21.1287,47.705]]],[[[21.1456,47.7177],[21.167,47.7229],[21.1593,47.7147],[21.1456,47.7177]]],[[[21.1148,47.712],[21.0993,47.7071],[21.0887,47.708],[21.0836,47.7127],[21.1044,47.7091],[21.1164,47.7388],[21.1148,47.712]]],[[[21.1338,47.802],[21.1475,47.7973],[21.146,47.7951],[21.1202,47.807],[21.1338,47.802]]],[[[21.1191,47.8287],[21.1092,47.819],[21.1035,47.8201],[21.1191,47.8287]]],[[[21.2166,47.8446],[21.2281,47.8387],[21.2222,47.8364],[21.2166,47.8446]]],[[[21.1811,47.8486],[21.1818,47.8519],[21.1932,47.8491],[21.1811,47.8486]]],[[[21.3831,47.8719],[21.4063,47.8792],[21.404,47.8758],[21.3831,47.8719]]],[[[21.1297,47.9043],[21.139,47.8965],[21.1354,47.8904],[21.114,47.8871],[21.1021,47.89],[21.1297,47.9043]]],[[[21.1541,47.9675],[21.1763,47.9687],[21.1821,47.9593],[21.1541,47.9675]]],[[[21.4265,48.0133],[21.4212,48.0146],[21.422,48.018],[21.4265,48.0133]]],[[[21.4455,48.0175],[21.4301,48.0199],[21.4274,48.0253],[21.4455,48.0175]]],[[[21.1554,48.0328],[21.1378,48.0263],[21.1546,48.0357],[21.1578,48.0332],[21.1554,48.0328]]],[[[21.1064,48.0464],[21.1127,48.0465],[21.1125,48.0436],[21.1064,48.0464]]],[[[21.3787,48.0429],[21.3757,48.0416],[21.3668,48.0542],[21.3787,48.0429]]],[[[21.4268,48.0623],[21.4199,48.0643],[21.4236,48.0687],[21.4268,48.0623]]],[[[21.1942,48.0679],[21.1829,48.0769],[21.1937,48.0839],[21.1942,48.0679]]],[[[21.4628,48.0853],[21.4629,48.0904],[21.4671,48.0903],[21.4628,48.0853]]],[[[21.2497,48.0872],[21.2623,48.0971],[21.2618,48.0853],[21.2497,48.0872]]],[[[21.3044,48.0841],[21.3043,48.0966],[21.321,48.0928],[21.3044,48.0841]]],[[[21.1819,48.1087],[21.1839,48.0947],[21.1761,48.0852],[21.1112,48.0631],[21.1486,48.095],[21.1991,48.1195],[21.2177,48.1225],[21.1819,48.1087]],[[21.1505,48.0945],[21.1496,48.0822],[21.1744,48.0855],[21.1721,48.1022],[21.1505,48.0945]]],[[[21.1639,48.0907],[21.1597,48.0926],[21.1657,48.0967],[21.1677,48.0902],[21.1639,48.0907]]],[[[21.2414,48.1015],[21.2526,48.0919],[21.2488,48.0884],[21.2414,48.1015]]],[[[21.2912,48.1021],[21.281,48.0976],[21.2918,48.104],[21.2912,48.1021]]],[[[21.4479,48.1004],[21.4532,48.108],[21.4652,48.1049],[21.4479,48.1004]]],[[[21.2469,48.1055],[21.2589,48.1008],[21.2388,48.1062],[21.2469,48.1055]]],[[[21.3299,48.0998],[21.3274,48.106],[21.3387,48.1086],[21.3299,48.0998]]],[[[21.2,48.112],[21.2022,48.1041],[21.1963,48.1048],[21.2,48.112]]],[[[21.4502,48.1135],[21.4531,48.111],[21.4438,48.1092],[21.4502,48.1135]]],[[[21.4441,48.1204],[21.4414,48.1116],[21.4449,48.1048],[21.4391,48.1142],[21.4441,48.1204]]],[[[21.4605,48.1198],[21.4736,48.1152],[21.4661,48.1065],[21.4605,48.1198]]],[[[21.3321,48.1181],[21.3377,48.1126],[21.3232,48.1106],[21.3321,48.1181]]],[[[21.2409,48.1116],[21.2347,48.1153],[21.2401,48.1186],[21.2409,48.1116]]],[[[21.3479,48.1176],[21.3499,48.1154],[21.3411,48.1217],[21.3479,48.1176]]],[[[21.4352,48.122],[21.4379,48.1186],[21.4225,48.1174],[21.4352,48.122]]],[[[21.2787,48.1283],[21.2772,48.1283],[21.2822,48.1349],[21.2928,48.1358],[21.2787,48.1283]]],[[[21.2519,48.1356],[21.2403,48.1279],[21.2519,48.1415],[21.2616,48.1446],[21.2519,48.1356]]],[[[21.3138,48.1417],[21.3225,48.1416],[21.3059,48.1362],[21.3138,48.1417]]],[[[21.2197,48.1398],[21.2193,48.1531],[21.2237,48.1516],[21.2197,48.1398]]],[[[21.2581,48.1615],[21.2626,48.1587],[21.2557,48.1585],[21.2581,48.1615]]],[[[21.3873,48.1734],[21.3977,48.1715],[21.3968,48.1676],[21.3873,48.1734]]],[[[21.431,48.2182],[21.4389,48.2087],[21.4383,48.2079],[21.431,48.2182]]],[[[21.4354,48.222],[21.43,48.223],[21.4398,48.2228],[21.4445,48.2158],[21.4354,48.222]]],[[[21.2538,48.5103],[21.2598,48.5114],[21.261,48.5058],[21.2538,48.5103]]],[[[21.8959,43.1557],[21.8816,43.172],[21.8725,43.191],[21.8581,43.2012],[21.8453,43.2023],[21.8422,43.2052],[21.8231,43.2415],[21.8326,43.2636],[21.7862,43.3068],[21.7681,43.3675],[21.7699,43.3785],[21.7742,43.3852],[21.7676,43.3874],[21.7651,43.3906],[21.7731,43.4089],[21.777,43.4121],[21.7566,43.4195],[21.7445,43.4473],[21.7503,43.4574],[21.7629,43.4615],[21.7459,43.4689],[21.7633,43.4885],[21.7505,43.4908],[21.7385,43.5031],[21.7373,43.5131],[21.7317,43.5149],[21.7257,43.5131],[21.7221,43.5144],[21.7179,43.5252],[21.6995,43.5271],[21.6707,43.5418],[21.7172,43.5268],[21.7394,43.5126],[21.752,43.4911],[21.764,43.4897],[21.7639,43.4794],[21.7473,43.4692],[21.765,43.4616],[21.7459,43.447],[21.7781,43.4121],[21.7873,43.3076],[21.8286,43.2805],[21.8385,43.2497],[21.828,43.2351],[21.8448,43.2042],[21.8587,43.202],[21.8831,43.1831],[21.9489,43.1146],[21.9713,43.0826],[21.9664,43.0756],[22.0255,43.0163],[22.0292,43.0083],[22.0277,43.0008],[21.9759,43.06],[21.9649,43.0759],[21.9697,43.0833],[21.948,43.114],[21.8959,43.1557]]],[[[21.7124,43.5151],[21.704,43.5191],[21.7062,43.5219],[21.7124,43.5151]]],[[[21.6501,43.532],[21.6467,43.5349],[21.6409,43.5441],[21.6419,43.5498],[21.6501,43.532]]],[[[21.5957,43.5795],[21.5962,43.5864],[21.6005,43.5777],[21.6079,43.5828],[21.6114,43.5827],[21.6178,43.5786],[21.6021,43.5769],[21.5957,43.5795]]],[[[21.56,43.6024],[21.5593,43.592],[21.5667,43.5921],[21.5715,43.5953],[21.5722,43.5944],[21.5673,43.5913],[21.5596,43.5909],[21.5172,43.616],[21.56,43.6024]]],[[[21.4972,43.6274],[21.5056,43.6244],[21.5083,43.6213],[21.5066,43.6183],[21.4865,43.6136],[21.5114,43.6066],[21.4854,43.613],[21.4908,43.6202],[21.5061,43.6217],[21.4851,43.6226],[21.4828,43.6273],[21.4901,43.6392],[21.4972,43.6274]]],[[[21.4745,43.6623],[21.4662,43.6571],[21.4716,43.663],[21.4758,43.6627],[21.4895,43.6449],[21.4745,43.6623]]],[[[21.6786,45.4174],[21.672,45.4007],[21.6961,45.3799],[21.7184,45.3854],[21.7277,45.384],[21.7356,45.3872],[21.7861,45.3845],[21.7883,45.3712],[21.7958,45.3761],[21.8166,45.3679],[21.8224,45.3614],[21.8197,45.3566],[21.8281,45.355],[21.8331,45.3524],[21.8359,45.3498],[21.8343,45.3444],[21.8412,45.3454],[21.8457,45.34],[21.8337,45.3433],[21.8351,45.35],[21.8188,45.3561],[21.8137,45.3657],[21.7958,45.3689],[21.7973,45.3747],[21.7877,45.3697],[21.7845,45.384],[21.6955,45.379],[21.6702,45.4011],[21.6689,45.4307],[21.659,45.4289],[21.6257,45.4308],[21.5854,45.4454],[21.5575,45.4404],[21.5483,45.4444],[21.5312,45.4444],[21.5072,45.4505],[21.4878,45.4397],[21.4824,45.4409],[21.478,45.4446],[21.4523,45.4391],[21.4293,45.4378],[21.4145,45.44],[21.3947,45.4311],[21.3498,45.4294],[21.41,45.4259],[21.2968,45.3831],[21.3487,45.4302],[21.4143,45.4408],[21.5078,45.4514],[21.5868,45.4465],[21.628,45.4322],[21.6685,45.4323],[21.6786,45.4174]]],[[[21.5507,45.5295],[21.5661,45.5388],[21.5632,45.5236],[21.5507,45.5295]]],[[[21.893,45.6687],[21.8926,45.6592],[21.8848,45.665],[21.893,45.6687]]],[[[21.8771,45.6712],[21.885,45.6723],[21.8855,45.6706],[21.8771,45.6712]]],[[[21.8842,45.7545],[21.8838,45.7506],[21.8711,45.7537],[21.8842,45.7545]]],[[[21.847,46.0942],[21.8433,46.1003],[21.8466,46.1021],[21.8535,46.1013],[21.847,46.0942]]],[[[21.8424,46.1028],[21.8407,46.1088],[21.8453,46.1098],[21.8424,46.1028]]],[[[21.5307,46.1246],[21.5425,46.1285],[21.5442,46.1215],[21.5307,46.1246]]],[[[21.6342,46.3113],[21.6144,46.3183],[21.6186,46.3205],[21.6342,46.3113]]],[[[21.7208,46.3886],[21.7539,46.3792],[21.7904,46.3545],[21.8347,46.3534],[21.8484,46.35],[21.8548,46.3445],[21.8679,46.343],[21.8765,46.3384],[21.9078,46.3391],[21.93,46.3315],[21.9381,46.311],[21.9187,46.2944],[21.9294,46.3308],[21.874,46.3376],[21.8501,46.3443],[21.8355,46.3524],[21.7893,46.3536],[21.7529,46.3786],[21.6712,46.3889],[21.6707,46.3975],[21.7208,46.3886]]],[[[21.5572,46.387],[21.5572,46.3878],[21.5724,46.3914],[21.5661,46.3965],[21.5656,46.4055],[21.5686,46.4058],[21.5698,46.4104],[21.5747,46.4122],[21.5743,46.3912],[21.5572,46.387]]],[[[21.5389,46.4023],[21.5415,46.4133],[21.546,46.4166],[21.5389,46.4023]]],[[[21.5004,46.4248],[21.4783,46.4492],[21.479,46.4636],[21.5206,46.4192],[21.5004,46.4248]]],[[[21.8846,46.515],[21.8937,46.5092],[21.8836,46.5064],[21.8846,46.515]]],[[[21.4641,46.5074],[21.4618,46.5118],[21.4829,46.5246],[21.4641,46.5074]]],[[[21.4694,46.5319],[21.473,46.5313],[21.4705,46.5181],[21.4694,46.5319]]],[[[21.6458,46.5738],[21.6591,46.5724],[21.6616,46.5675],[21.6458,46.5738]]],[[[21.5781,46.6543],[21.5754,46.6553],[21.5756,46.6526],[21.5694,46.652],[21.5749,46.6566],[21.5928,46.6573],[21.6208,46.6768],[21.6473,46.6849],[21.659,46.6818],[21.6839,46.7576],[21.7203,46.775],[21.7198,46.8038],[21.6974,46.8066],[21.7394,46.81],[21.724,46.8207],[21.6956,46.828],[21.69,46.8331],[21.7213,46.8394],[21.7202,46.8574],[21.703,46.8788],[21.6961,46.8969],[21.6954,46.9058],[21.6935,46.9943],[21.709,47.0411],[21.7027,47.0303],[21.636,47.0144],[21.5847,47.0083],[21.532,46.9773],[21.5257,46.9761],[21.2487,46.9732],[21.2056,46.9761],[21.1874,46.9888],[21.1742,46.9846],[21.1168,46.9816],[21.0876,46.9549],[21.059,46.9404],[21.0414,46.9333],[21.0155,46.9326],[21.0578,46.9408],[21.0993,46.9756],[21.1192,46.9834],[21.1391,46.9843],[21.1332,46.9894],[21.1338,46.9932],[21.2311,47.0605],[21.2878,47.0825],[21.3329,47.1209],[21.3716,47.1473],[21.4053,47.1676],[21.4306,47.1759],[21.4398,47.1862],[21.4487,47.1891],[21.6,47.2235],[21.6584,47.2331],[21.6651,47.2329],[21.6782,47.2273],[21.6893,47.2395],[21.7058,47.2454],[21.7065,47.2512],[21.715,47.2598],[21.7812,47.2784],[21.7951,47.2799],[21.8192,47.2732],[21.8378,47.2535],[22.0199,47.2294],[22.0573,47.2451],[22.1892,47.2718],[22.0239,47.2291],[21.9802,47.2309],[21.9469,47.2358],[21.9498,47.2204],[21.9456,47.2361],[21.8339,47.2532],[21.7782,47.2757],[21.6803,47.226],[21.4414,47.1853],[21.4324,47.175],[21.3368,47.1218],[21.2884,47.0818],[21.2326,47.06],[21.1848,47.0152],[21.1368,46.9931],[21.5254,46.9774],[21.5822,47.0099],[21.694,47.0319],[21.7614,47.0858],[21.7747,47.0897],[21.8798,47.0804],[21.9236,47.0646],[21.9288,47.0567],[21.9483,47.0548],[21.9549,47.0516],[21.9602,47.0521],[21.9654,47.0482],[21.9697,47.0513],[21.9747,47.0523],[21.988,47.0496],[22.0046,47.0555],[22.0027,47.0524],[21.9781,47.04],[21.7736,47.0883],[21.7363,47.0651],[21.6953,46.9954],[21.6969,46.9024],[21.722,46.8548],[21.7224,46.8384],[21.7159,46.8258],[21.7409,46.812],[21.7231,46.7806],[21.7351,46.7838],[21.745,46.7843],[21.7551,46.7793],[21.7571,46.7771],[21.6853,46.7576],[21.6674,46.6912],[21.6894,46.6973],[21.6841,46.6918],[21.5803,46.6501],[21.6477,46.6654],[21.6899,46.6652],[21.7049,46.6595],[21.7288,46.6782],[21.7592,46.6886],[21.7766,46.6842],[21.7978,46.7011],[21.8227,46.7069],[21.8253,46.7174],[21.8556,46.7439],[21.9027,46.7613],[21.9551,46.774],[21.9631,46.7685],[21.9776,46.7744],[21.9883,46.7692],[21.9899,46.7739],[22.0014,46.7748],[22.0232,46.7705],[21.9039,46.7602],[21.8488,46.7307],[21.8963,46.7314],[21.9066,46.7275],[21.9155,46.7412],[21.9365,46.737],[21.9026,46.7245],[21.8919,46.7288],[21.886,46.7242],[21.852,46.7202],[21.835,46.7228],[21.8236,46.7091],[21.8379,46.709],[21.8448,46.6998],[21.8731,46.6435],[21.878,46.6289],[21.8765,46.6145],[21.8649,46.5987],[21.8776,46.5711],[21.8767,46.5665],[21.8945,46.5593],[21.8829,46.5622],[21.9207,46.5271],[21.9436,46.4919],[21.9587,46.4942],[21.9702,46.4912],[21.9432,46.491],[21.8756,46.5658],[21.8633,46.5994],[21.8766,46.6287],[21.8361,46.7088],[21.7772,46.6832],[21.729,46.6775],[21.706,46.6588],[21.5606,46.6381],[21.6,46.6227],[21.604,46.6193],[21.6051,46.6141],[21.603,46.6106],[21.612,46.6046],[21.6102,46.5996],[21.5901,46.6261],[21.5216,46.6246],[21.5142,46.6282],[21.5064,46.6391],[21.5005,46.64],[21.4802,46.6511],[21.4828,46.655],[21.4487,46.6665],[21.4584,46.6739],[21.5091,46.6861],[21.5336,46.6819],[21.531,46.6763],[21.5389,46.6773],[21.5446,46.6706],[21.5421,46.6673],[21.5094,46.6849],[21.4583,46.6716],[21.4835,46.6554],[21.4815,46.6513],[21.5073,46.6393],[21.5254,46.625],[21.581,46.6549],[21.5781,46.6543]],[[21.8545,46.7295],[21.849,46.7264],[21.8706,46.7236],[21.8876,46.7284],[21.8545,46.7295]]],[[[22.0094,47.0582],[22.0155,47.0587],[22.0027,47.0524],[22.0094,47.0582]]],[[[21.4792,46.6922],[21.4775,46.6942],[21.4744,46.6942],[21.473,46.6956],[21.4696,46.6953],[21.4728,46.6958],[21.4786,46.6941],[21.4793,46.6925],[21.4836,46.6919],[21.4903,46.6864],[21.4955,46.6878],[21.4922,46.686],[21.4893,46.6861],[21.4792,46.6922]]],[[[21.7152,46.7279],[21.7076,46.7307],[21.7107,46.7341],[21.7152,46.7279]]],[[[21.6003,46.7328],[21.6138,46.736],[21.6146,46.7319],[21.6003,46.7328]]],[[[21.5574,46.7396],[21.5461,46.7469],[21.5506,46.7547],[21.5657,46.7601],[21.5574,46.7396]]],[[[21.883,46.8052],[21.8753,46.8105],[21.8871,46.8351],[21.883,46.8063],[21.911,46.8155],[21.883,46.8052]]],[[[21.7776,46.8284],[21.7671,46.8343],[21.7508,46.8309],[21.7508,46.8337],[21.7682,46.8356],[21.779,46.8297],[21.7953,46.8338],[21.7776,46.8284]]],[[[21.8293,46.8441],[21.8232,46.8454],[21.853,46.8458],[21.8613,46.8426],[21.863,46.8391],[21.8293,46.8441]]],[[[21.5966,46.9285],[21.5991,46.9275],[21.6015,46.914],[21.5795,46.9188],[21.5788,46.9287],[21.5966,46.9285]]],[[[21.5783,46.9345],[21.5645,46.9355],[21.5698,46.9419],[21.5756,46.9438],[21.5783,46.9345]]],[[[21.6121,46.9377],[21.6225,46.9425],[21.613,46.9372],[21.6121,46.9377]]],[[[21.606,46.9465],[21.6035,46.9409],[21.6037,46.9516],[21.606,46.9465]]],[[[21.6403,46.9486],[21.6358,46.9443],[21.6123,46.9575],[21.6403,46.9486]]],[[[21.6166,46.9729],[21.6143,46.985],[21.6314,46.981],[21.6166,46.9729]]],[[[21.6433,46.9797],[21.6348,46.9836],[21.6393,46.9878],[21.6433,46.9797]]],[[[21.87,47.1413],[21.8694,47.1308],[21.8581,47.132],[21.87,47.1413]]],[[[21.8471,47.1473],[21.8386,47.147],[21.8364,47.1485],[21.8609,47.1478],[21.8471,47.1473]]],[[[21.8576,47.1662],[21.8745,47.1664],[21.8862,47.1574],[21.8576,47.1662]]],[[[21.6347,47.2042],[21.6384,47.2014],[21.6252,47.205],[21.6254,47.2087],[21.6305,47.2091],[21.6347,47.2042]]],[[[21.5404,47.2522],[21.5619,47.25],[21.5419,47.2398],[21.5404,47.2522]]],[[[21.6294,47.2652],[21.6281,47.2609],[21.6147,47.265],[21.6166,47.2705],[21.629,47.2687],[21.6294,47.2652]]],[[[21.6123,47.2764],[21.5978,47.2871],[21.6143,47.2843],[21.6123,47.2764]]],[[[21.89,47.2768],[21.8775,47.2856],[21.8893,47.2973],[21.9124,47.2921],[21.9207,47.2877],[21.9409,47.2993],[21.9699,47.2974],[21.9916,47.2894],[21.9404,47.298],[21.9216,47.2867],[21.89,47.2768]]],[[[21.8201,47.3008],[21.8059,47.2893],[21.8039,47.2904],[21.8201,47.3008]]],[[[21.7234,47.3007],[21.7266,47.3027],[21.7318,47.3026],[21.7318,47.2999],[21.7177,47.3003],[21.7234,47.3007]]],[[[21.8499,47.2966],[21.845,47.3004],[21.8505,47.3058],[21.8551,47.3071],[21.8597,47.3085],[21.8621,47.3079],[21.8655,47.3038],[21.8589,47.2995],[21.8499,47.2966]],[[21.8478,47.3004],[21.8536,47.2983],[21.8551,47.3071],[21.8478,47.3004]]],[[[21.7482,47.3073],[21.7531,47.3074],[21.7533,47.3028],[21.7482,47.3073]]],[[[21.6962,47.3065],[21.6866,47.3113],[21.6985,47.3115],[21.6962,47.3065]]],[[[21.7462,47.3138],[21.7611,47.3149],[21.7603,47.3104],[21.7462,47.3138]]],[[[21.742,47.3186],[21.7361,47.3129],[21.71,47.3156],[21.742,47.3186]]],[[[21.7111,47.3283],[21.7151,47.3238],[21.7111,47.3228],[21.7111,47.3283]]],[[[21.7154,47.327],[21.7157,47.3444],[21.7237,47.3457],[21.7154,47.327]]],[[[21.5665,47.3388],[21.5753,47.3384],[21.5687,47.3333],[21.5665,47.3388]]],[[[21.5393,47.3487],[21.5442,47.3491],[21.5433,47.3425],[21.5393,47.3487]]],[[[21.8025,47.3465],[21.7952,47.3488],[21.8157,47.3495],[21.8025,47.3465]]],[[[21.8985,47.3835],[21.8917,47.396],[21.9105,47.3823],[21.8985,47.3835]]],[[[21.5836,47.4238],[21.5849,47.4131],[21.5787,47.4144],[21.5836,47.4238]]],[[[21.5712,47.4137],[21.5697,47.4149],[21.5768,47.4236],[21.5712,47.4137]]],[[[21.5877,47.4316],[21.5842,47.4383],[21.5941,47.4393],[21.5877,47.4316]]],[[[21.7553,47.6781],[21.7413,47.683],[21.7538,47.6874],[21.7553,47.6781]]],[[[21.7449,47.6978],[21.7465,47.7015],[21.7534,47.6943],[21.7449,47.6978]]],[[[21.6579,47.7872],[21.6521,47.8009],[21.6621,47.7945],[21.6579,47.7872]]],[[[21.6665,47.8594],[21.6661,47.8476],[21.6639,47.8445],[21.6558,47.8449],[21.6665,47.8594]]],[[[21.7829,47.8695],[21.7862,47.8737],[21.7901,47.8717],[21.7829,47.8695]]],[[[21.6795,47.8815],[21.6768,47.8872],[21.6856,47.8751],[21.6795,47.8815]]],[[[21.785,47.885],[21.7873,47.885],[21.7889,47.8789],[21.785,47.885]]],[[[21.842,47.8893],[21.8546,47.8978],[21.8579,47.8865],[21.842,47.8893]]],[[[21.7537,47.9077],[21.7496,47.9029],[21.7544,47.9126],[21.7537,47.9077]]],[[[21.7693,47.9142],[21.772,47.9045],[21.7634,47.9059],[21.7693,47.9142]]],[[[21.667,47.9089],[21.6587,47.9092],[21.6628,47.9119],[21.667,47.9089]]],[[[21.7393,47.917],[21.7415,47.9244],[21.7448,47.9219],[21.7393,47.917]]],[[[21.6348,47.9121],[21.625,47.9144],[21.623,47.9193],[21.6341,47.9275],[21.6371,47.9201],[21.6348,47.9121]],[[21.6301,47.9218],[21.6289,47.9142],[21.6349,47.9154],[21.6301,47.9218]]],[[[21.856,47.9839],[21.851,47.9784],[21.8499,47.9932],[21.856,47.9839]]],[[[21.742,47.9916],[21.748,47.9906],[21.7477,47.9845],[21.742,47.9916]]],[[[21.8925,48.0151],[21.8886,48.0194],[21.8909,48.0239],[21.8925,48.0151]]],[[[21.6122,48.0343],[21.6156,48.0261],[21.6091,48.0263],[21.6122,48.0343]]],[[[21.7819,48.0565],[21.782,48.0471],[21.7768,48.0489],[21.7819,48.0565]]],[[[21.8142,48.0721],[21.8145,48.0819],[21.8255,48.0807],[21.8142,48.0721]]],[[[21.7913,48.1027],[21.7928,48.1128],[21.7943,48.1079],[21.7913,48.1027]]],[[[21.7441,48.1159],[21.7468,48.1154],[21.744,48.1089],[21.7441,48.1159]]],[[[21.6665,48.1556],[21.6568,48.1586],[21.6643,48.1623],[21.6665,48.1556]]],[[[21.4771,48.1664],[21.4796,48.1623],[21.4757,48.1589],[21.4771,48.1664]]],[[[21.6271,48.1756],[21.6268,48.1702],[21.6203,48.1712],[21.6271,48.1756]]],[[[21.5786,48.1691],[21.5604,48.1778],[21.5915,48.1831],[21.5786,48.1691]]],[[[21.6418,48.2126],[21.6403,48.2218],[21.6477,48.223],[21.6418,48.2126]]],[[[21.5638,48.2919],[21.5814,48.2941],[21.5805,48.288],[21.5638,48.2919]]],[[[21.8082,48.3243],[21.8036,48.3279],[21.8111,48.3298],[21.8082,48.3243]]],[[[21.6344,48.3283],[21.6406,48.3254],[21.6414,48.3234],[21.6374,48.3211],[21.6288,48.3192],[21.619,48.3214],[21.6146,48.3247],[21.6511,48.3424],[21.6344,48.3283]]],[[[21.6151,48.3402],[21.6113,48.3427],[21.6154,48.3479],[21.6151,48.3402]]],[[[21.6546,48.3598],[21.6567,48.3506],[21.6608,48.3506],[21.6668,48.3464],[21.6553,48.3501],[21.6413,48.3662],[21.6415,48.3729],[21.6546,48.3598]]],[[[21.6353,48.3615],[21.6272,48.3617],[21.6339,48.3683],[21.6353,48.3615]]],[[[21.6929,48.3574],[21.686,48.3624],[21.7022,48.3739],[21.6929,48.3574]]],[[[21.6291,48.3685],[21.6312,48.3752],[21.6406,48.3767],[21.6291,48.3685]]],[[[21.7559,48.3793],[21.749,48.3772],[21.7284,48.3866],[21.7559,48.3793]]],[[[21.7623,48.3868],[21.7613,48.3902],[21.7877,48.3877],[21.7623,48.3868]]],[[[21.7278,48.3947],[21.733,48.3943],[21.7299,48.3897],[21.7278,48.3947]]],[[[21.7704,48.3922],[21.8081,48.3999],[21.795,48.391],[21.7704,48.3922]]],[[[21.826,48.4397],[21.8247,48.4428],[21.8313,48.4444],[21.826,48.4397]]],[[[21.8739,48.4533],[21.8587,48.4612],[21.8613,48.4664],[21.8641,48.4666],[21.8731,48.4547],[21.8794,48.4706],[21.899,48.4759],[21.8739,48.4533]]],[[[21.854,48.4657],[21.8599,48.4585],[21.859,48.4422],[21.8539,48.4333],[21.8516,48.4657],[21.8613,48.4664],[21.854,48.4657]]],[[[21.8974,48.4562],[21.8923,48.4578],[21.904,48.4645],[21.8974,48.4562]]],[[[21.8608,48.5153],[21.8552,48.5141],[21.8725,48.5226],[21.8608,48.5153]]],[[[21.6386,49.1],[21.6445,49.1136],[21.6503,49.1112],[21.6386,49.1]]],[[[22.9991,42.8836],[22.991,42.8845],[22.9982,42.8987],[22.9991,42.8836]]],[[[22.9588,42.9209],[22.9468,42.9347],[22.974,42.9399],[22.9588,42.9209]]],[[[21.9503,43.3203],[21.941,43.3199],[21.9088,43.3272],[21.9503,43.3203]]],[[[23.0388,43.8087],[23.0106,43.8104],[23.0219,43.8138],[23.0421,43.814],[23.0455,43.8114],[23.0388,43.8087]]],[[[23.0215,43.8211],[23.0011,43.8294],[23.0247,43.8259],[23.0215,43.8211]]],[[[22.9846,43.8324],[22.9842,43.8295],[22.9356,43.842],[22.9846,43.8324]]],[[[22.9818,43.8351],[22.9792,43.8407],[22.9888,43.8408],[22.9818,43.8351]]],[[[22.8635,43.8512],[22.9017,43.8365],[22.8924,43.8343],[22.8635,43.8512]]],[[[22.9296,43.8418],[22.9174,43.8422],[22.9015,43.8499],[22.9296,43.8418]]],[[[22.9898,43.8502],[22.9511,43.8587],[22.9897,43.8593],[23.0238,43.8409],[22.9898,43.8502]]],[[[22.9306,43.8597],[22.9442,43.8584],[22.94,43.8565],[22.9306,43.8597]]],[[[22.8817,43.8574],[22.8817,43.8631],[22.8958,43.8604],[22.8817,43.8574]]],[[[22.8811,43.8693],[22.9055,43.8632],[22.8866,43.8705],[22.8958,43.8712],[22.893,43.8856],[22.9279,43.8618],[22.9101,43.8619],[22.9502,43.8514],[22.8804,43.866],[22.8556,43.8906],[22.8811,43.8693]]],[[[22.9396,43.8746],[22.9391,43.8707],[22.9231,43.8752],[22.9396,43.8746]]],[[[22.8795,43.9046],[22.8832,43.9025],[22.8802,43.8959],[22.8795,43.9046]]],[[[22.8336,44.1895],[22.7915,44.2015],[22.834,44.1968],[22.8482,44.1712],[22.8336,44.1895]]],[[[22.6629,44.2372],[22.6764,44.2509],[22.6646,44.2272],[22.6629,44.2372]]],[[[22.6736,44.2926],[22.674,44.2955],[22.684,44.291],[22.6736,44.2926]]],[[[22.6978,44.3386],[22.6988,44.3334],[22.6537,44.3377],[22.6978,44.3386]]],[[[22.7343,44.5176],[22.7325,44.5057],[22.7218,44.5089],[22.7343,44.5176]]],[[[22.9995,45.2939],[22.9847,45.2955],[23.0131,45.3038],[23.0189,45.3025],[23.0279,45.304],[23.0333,45.3027],[22.9995,45.2939]]],[[[22.9938,45.5456],[23.0044,45.5447],[23.0249,45.5342],[23.0475,45.5312],[23.0625,45.5263],[23.0631,45.5244],[23.0393,45.5287],[22.9927,45.5451],[22.9778,45.556],[22.9836,45.5731],[22.9938,45.5456]]],[[[22.0737,45.6199],[22.0739,45.6236],[22.0845,45.6236],[22.0737,45.6199]]],[[[21.9059,45.6655],[21.9063,45.6602],[21.8969,45.6602],[21.9059,45.6655]]],[[[23.0138,45.7186],[22.9971,45.7031],[23.0022,45.6979],[23.0162,45.6355],[23.0131,45.6148],[22.9935,45.703],[23.0138,45.7186]]],[[[22.9838,45.8492],[22.9728,45.8472],[22.9871,45.8573],[22.9838,45.8492]]],[[[22.0439,46.0347],[22.0527,46.0327],[22.0408,46.0352],[22.0439,46.0347]]],[[[21.8948,46.4242],[21.8921,46.4241],[21.8988,46.4268],[21.9131,46.4243],[21.8948,46.4242]]],[[[21.9882,46.4384],[21.9758,46.4395],[21.9833,46.4558],[21.9882,46.4384]]],[[[22.9716,46.6199],[22.9653,46.6198],[23.0097,46.6378],[22.9716,46.6199]]],[[[22.3204,46.6623],[22.3245,46.6659],[22.3288,46.6625],[22.3376,46.6643],[22.3438,46.6624],[22.3643,46.6464],[22.3767,46.6237],[22.393,46.6272],[22.422,46.6262],[22.4256,46.6234],[22.454,46.6156],[22.4539,46.6144],[22.3813,46.624],[22.409,46.6118],[22.4205,46.5963],[22.4196,46.5943],[22.3745,46.623],[22.3399,46.6634],[22.3198,46.6614],[22.2886,46.6664],[22.3204,46.6623]]],[[[21.9675,46.7111],[21.9429,46.7115],[21.9332,46.7206],[21.9284,46.7323],[21.9675,46.7111]]],[[[22.4685,47.0448],[22.4848,47.036],[22.5021,47.0188],[22.5106,47.0169],[22.522,46.9933],[22.5061,46.9769],[22.5143,46.9708],[22.5191,46.9564],[22.5169,46.9527],[22.5267,46.9528],[22.5457,46.9434],[22.5155,46.9522],[22.5047,46.9773],[22.5199,46.9956],[22.4838,47.0347],[22.3943,47.0501],[22.4685,47.0448]]],[[[21.9902,47.0164],[22.0088,47.0147],[22.008,47.0128],[21.9902,47.0164]]],[[[22.3462,47.039],[22.3563,47.0377],[22.3513,47.0352],[22.3462,47.039]]],[[[22.3537,47.0505],[22.3453,47.0575],[22.3917,47.0486],[22.3537,47.0505]]],[[[22.1878,47.0784],[22.1747,47.0695],[22.154,47.0663],[22.1344,47.0647],[22.1127,47.0664],[22.1036,47.0644],[22.0667,47.0676],[22.0509,47.0615],[22.0433,47.0617],[22.0531,47.0664],[22.0715,47.0706],[22.1537,47.0672],[22.1881,47.0798],[22.208,47.0797],[22.1878,47.0784]],[[22.0657,47.0682],[22.0795,47.0692],[22.0643,47.0686],[22.046,47.0621],[22.0657,47.0682]]],[[[22.8917,47.1773],[22.8911,47.1848],[22.9112,47.1808],[22.8917,47.1773]]],[[[22.3425,47.336],[22.3529,47.3374],[22.3391,47.3284],[22.3425,47.336]]],[[[22.236,47.3378],[22.2269,47.3434],[22.2283,47.3639],[22.236,47.3378]]],[[[22.1554,47.3606],[22.1576,47.3645],[22.1607,47.3411],[22.1554,47.3606]]],[[[22.1761,47.3723],[22.1917,47.3756],[22.1905,47.3712],[22.1761,47.3723]]],[[[22.0921,47.3682],[22.0924,47.3744],[22.1066,47.3727],[22.0921,47.3682]]],[[[21.978,47.3784],[21.9877,47.3812],[21.9797,47.3689],[21.9633,47.3654],[21.978,47.3784]]],[[[22.2314,47.3794],[22.2453,47.3845],[22.2452,47.3824],[22.2314,47.3794]]],[[[22.1034,47.3784],[22.099,47.3829],[22.1102,47.3853],[22.1034,47.3784]]],[[[22.1247,47.3923],[22.1454,47.3981],[22.1327,47.3844],[22.1182,47.3873],[22.1247,47.3923]]],[[[22.217,47.3932],[22.2198,47.4161],[22.2282,47.3807],[22.217,47.3932]]],[[[21.9311,47.4027],[21.9309,47.3952],[21.9273,47.3924],[21.9311,47.4027]]],[[[22.0916,47.4159],[22.0921,47.4256],[22.1004,47.4237],[22.0916,47.4159]]],[[[22.1524,47.423],[22.1495,47.4287],[22.151,47.4337],[22.1524,47.423]]],[[[22.1204,47.4419],[22.1276,47.44],[22.1293,47.4382],[22.1312,47.4407],[22.1454,47.4433],[22.1244,47.4251],[22.1146,47.4334],[22.1147,47.4406],[22.1204,47.4419]],[[22.115,47.437],[22.1225,47.4278],[22.1274,47.4384],[22.115,47.437]]],[[[22.192,47.4425],[22.1941,47.4373],[22.1869,47.435],[22.192,47.4425]]],[[[22.175,47.4527],[22.1494,47.4418],[22.1552,47.4521],[22.1775,47.4533],[22.175,47.4527]]],[[[22.3499,47.4923],[22.3373,47.5012],[22.341,47.504],[22.3295,47.5028],[22.3258,47.5085],[22.3431,47.5051],[22.3499,47.4923]]],[[[22.1195,47.5114],[22.1276,47.5136],[22.1246,47.5041],[22.1195,47.5114]]],[[[22.2064,47.5112],[22.1855,47.5094],[22.1829,47.5123],[22.1948,47.5223],[22.2169,47.5102],[22.2064,47.5112]]],[[[22.3779,47.5211],[22.393,47.5224],[22.3976,47.5208],[22.3709,47.5167],[22.3779,47.5211]]],[[[22.3354,47.5283],[22.3196,47.5273],[22.3165,47.529],[22.3383,47.529],[22.3354,47.5283]]],[[[21.9473,47.5308],[21.9453,47.5356],[21.9549,47.538],[21.9473,47.5308]]],[[[21.9766,47.5464],[21.9827,47.546],[21.9777,47.5405],[21.9766,47.5464]]],[[[22.2296,47.5354],[22.2174,47.5465],[22.2178,47.553],[22.2296,47.5354]]],[[[22.1646,47.6027],[22.1746,47.6038],[22.1726,47.599],[22.1646,47.6027]]],[[[22.061,47.6255],[22.0539,47.624],[22.0573,47.6305],[22.061,47.6255]]],[[[22.3369,47.6453],[22.3339,47.6421],[22.3239,47.6608],[22.3369,47.6453]]],[[[22.2485,47.6924],[22.2423,47.6945],[22.2491,47.6987],[22.2485,47.6924]]],[[[22.3069,47.7863],[22.2993,47.7838],[22.3097,47.792],[22.3069,47.7863]]],[[[22.3815,47.9005],[22.3895,47.8587],[22.4145,47.85],[22.4192,47.8451],[22.4074,47.7722],[22.5018,47.7447],[22.5352,47.769],[22.4998,47.7331],[22.5178,47.7146],[22.6445,47.7076],[22.6578,47.6985],[22.6665,47.6686],[22.6711,47.6664],[22.6769,47.6578],[22.684,47.6556],[22.6884,47.6493],[22.6898,47.6321],[22.6874,47.6485],[22.6749,47.6573],[22.67,47.6662],[22.6647,47.6686],[22.6493,47.7024],[22.5202,47.7122],[22.4987,47.7303],[22.5012,47.7438],[22.4056,47.771],[22.4171,47.8455],[22.3875,47.8584],[22.3805,47.899],[22.3573,47.9411],[22.3407,47.9811],[22.3354,48.0053],[22.3815,47.9005]]],[[[22.7397,47.8274],[22.7379,47.8237],[22.73,47.8187],[22.7397,47.8274]]],[[[21.9899,47.8572],[21.9898,47.8527],[21.9753,47.85],[21.9828,47.8616],[21.9899,47.8572]]],[[[21.9049,47.8533],[21.8975,47.8544],[21.8966,47.858],[21.9049,47.8533]]],[[[22.7424,47.869],[22.7325,47.8742],[22.7367,47.8766],[22.7424,47.869]]],[[[22.7133,47.8819],[22.7272,47.8747],[22.717,47.8758],[22.6979,47.893],[22.7133,47.8819]]],[[[21.9368,47.8989],[21.9396,47.8932],[21.9344,47.8917],[21.9368,47.8989]]],[[[22.7213,47.9012],[22.7152,47.9034],[22.7281,47.9059],[22.746,47.915],[22.7572,47.9171],[22.7213,47.9012]]],[[[22.1183,47.9044],[22.1043,47.9121],[22.1033,47.9206],[22.1183,47.9044]]],[[[22.9993,47.9429],[23.0276,47.9207],[23.0364,47.929],[23.0853,47.9285],[23.0261,47.9195],[22.9991,47.9417],[22.9783,47.9385],[22.9386,47.9475],[22.9286,47.9569],[22.9993,47.9429]]],[[[21.9685,47.9725],[21.9709,47.9671],[21.9578,47.9641],[21.9685,47.9725]]],[[[22.1525,47.9767],[22.1573,47.9798],[22.1601,47.9726],[22.1525,47.9767]]],[[[21.9211,47.9884],[21.9247,47.9854],[21.9243,47.9816],[21.9211,47.9884]]],[[[21.949,47.9868],[21.9496,47.9908],[21.9641,47.9869],[21.949,47.9868]]],[[[22.8669,48.0111],[22.8499,47.9978],[22.8467,48.0026],[22.8811,48.0358],[22.8669,48.0111]]],[[[22.162,48.0428],[22.1637,48.0346],[22.1538,48.0451],[22.162,48.0428]]],[[[22.6947,48.0869],[22.7145,48.0885],[22.707,48.0844],[22.6947,48.0869]]],[[[21.9486,48.1053],[21.9443,48.1139],[21.9518,48.1189],[21.9486,48.1053]]],[[[21.9589,48.1521],[21.9611,48.1557],[21.967,48.1507],[21.9589,48.1521]]],[[[21.9716,48.167],[21.9598,48.1727],[21.9769,48.1724],[21.9716,48.167]]],[[[21.9441,48.1786],[21.9478,48.1785],[21.9497,48.1719],[21.9441,48.1786]]],[[[22.2868,48.1755],[22.2868,48.1784],[22.295,48.185],[22.3058,48.1758],[22.2984,48.1721],[22.2934,48.1718],[22.2868,48.1755]],[[22.2904,48.1738],[22.2998,48.1741],[22.2995,48.1747],[22.2904,48.1738]]],[[[22.4206,48.1889],[22.4243,48.185],[22.4156,48.1799],[22.4206,48.1889]]],[[[22.0615,48.1884],[22.0506,48.2046],[22.0595,48.1961],[22.0615,48.1884]]],[[[22.0373,48.2168],[22.0298,48.2227],[22.0466,48.2287],[22.0373,48.2168]]],[[[22.0486,48.2353],[22.0413,48.241],[22.0368,48.2366],[22.0284,48.236],[22.0268,48.2383],[22.0316,48.244],[22.0471,48.2405],[22.0486,48.2353]]],[[[22.0671,48.2327],[22.0593,48.2453],[22.066,48.2497],[22.0671,48.2327]]],[[[22.0491,48.2397],[22.0564,48.245],[22.0584,48.2385],[22.0491,48.2397]]],[[[21.8999,48.324],[21.8979,48.3289],[21.9119,48.3328],[21.9153,48.3121],[21.8999,48.324]]],[[[22.0775,48.3563],[22.0731,48.3486],[22.0705,48.3556],[22.0775,48.3563]]],[[[21.9555,48.3556],[21.9554,48.352],[21.9499,48.3515],[21.9555,48.3556]]],[[[21.9703,48.3519],[21.9605,48.3555],[21.9665,48.36],[21.9703,48.3519]]],[[[22.0311,48.4551],[22.0413,48.4516],[22.0173,48.448],[22.0146,48.4507],[22.0176,48.4565],[22.0095,48.4504],[22.0063,48.4512],[22.0178,48.4573],[22.0311,48.4551]]],[[[22.154,48.4466],[22.1328,48.4454],[22.1223,48.4564],[22.154,48.4466]]],[[[21.9623,48.4698],[21.956,48.4602],[21.9646,48.4573],[21.9587,48.4513],[21.9706,48.4535],[21.9766,48.4449],[21.977,48.4533],[21.9798,48.4549],[21.9877,48.45],[22.0003,48.454],[21.9839,48.4549],[21.9881,48.4614],[21.9983,48.4633],[22.0067,48.4574],[22.003,48.4638],[22.0154,48.4676],[22.0161,48.4666],[22.0078,48.4563],[21.9907,48.4612],[21.9892,48.4578],[22.0006,48.4568],[22.0008,48.4525],[21.9773,48.4437],[21.9558,48.45],[21.9625,48.4576],[21.9478,48.4578],[21.9523,48.4745],[21.9435,48.4609],[21.9292,48.4641],[21.9266,48.47],[21.9317,48.4748],[21.9227,48.4712],[21.9246,48.4652],[21.9195,48.4708],[21.9084,48.4676],[21.8995,48.4722],[21.9279,48.4788],[21.9387,48.4715],[21.9296,48.4713],[21.9306,48.4643],[21.943,48.462],[21.9456,48.4772],[21.9552,48.4747],[21.9623,48.4698]]],[[[21.9705,48.5256],[21.9781,48.5272],[21.9749,48.5177],[21.9705,48.5256]]],[[[21.968,48.5362],[21.9655,48.5423],[21.9773,48.5414],[21.968,48.5362]]],[[[21.9423,48.5452],[21.9479,48.5402],[21.9466,48.5369],[21.9423,48.5452]]],[[[21.9468,48.5491],[21.9449,48.5469],[21.9343,48.552],[21.9468,48.5491]]],[[[21.9541,48.5511],[21.9493,48.5519],[21.9662,48.5604],[21.9714,48.5552],[21.9541,48.5511]]],[[[21.9961,48.5651],[21.9911,48.5696],[21.9932,48.5714],[21.9961,48.5651]]],[[[22.2499,48.6326],[22.2568,48.633],[22.2566,48.6293],[22.2499,48.6326]]],[[[22.068,48.6281],[22.0644,48.6339],[22.0736,48.6333],[22.068,48.6281]]],[[[22.0716,48.7013],[22.0945,48.7021],[22.0919,48.6927],[22.0716,48.7013]]],[[[22.0609,49.0686],[22.0583,49.0739],[22.0599,49.0766],[22.0644,49.0719],[22.0571,49.0583],[22.0609,49.0686]]],[[[22.4804,49.2968],[22.4739,49.2913],[22.4621,49.2863],[22.4738,49.2824],[22.4628,49.2716],[22.4768,49.2769],[22.4915,49.2732],[22.4906,49.265],[22.5105,49.2648],[22.5108,49.2571],[22.52,49.2593],[22.5242,49.2522],[22.5288,49.2561],[22.5339,49.2559],[22.5379,49.2468],[22.5479,49.2509],[22.5491,49.2396],[22.5559,49.2403],[22.5952,49.2254],[22.5991,49.2186],[22.6121,49.2224],[22.6302,49.2234],[22.6485,49.2122],[22.6544,49.205],[22.6666,49.2133],[22.6711,49.2127],[22.6829,49.1969],[22.5975,49.2174],[22.4891,49.264],[22.4896,49.2727],[22.4618,49.2708],[22.4608,49.2872],[22.4804,49.2968]]],[[[22.4361,49.3027],[22.4203,49.2904],[22.4068,49.284],[22.4348,49.303],[22.4124,49.3176],[22.4361,49.3027]]],[[[23.4712,42.7057],[23.4782,42.7056],[23.4713,42.6955],[23.4712,42.7057]]],[[[24.0687,43.3213],[24.0627,43.316],[24.0665,43.3212],[24.0759,43.3261],[24.0823,43.3278],[24.0885,43.3268],[24.0687,43.3213]]],[[[23.6143,43.5692],[23.6196,43.5666],[23.6179,43.563],[23.6143,43.5692]]],[[[23.7228,43.5729],[23.7374,43.5755],[23.7181,43.5641],[23.7228,43.5729]]],[[[24.0823,43.6656],[24.0519,43.6886],[24.0561,43.6911],[24.0823,43.6656]]],[[[24.0681,43.6847],[24.0704,43.6882],[24.092,43.6759],[24.0681,43.6847]]],[[[24.0894,43.69],[24.0954,43.6864],[24.0822,43.6876],[24.0894,43.69]]],[[[23.8589,43.7436],[23.8586,43.748],[23.8717,43.7448],[23.8589,43.7436]]],[[[23.0314,43.7655],[23.0313,43.7665],[23.0539,43.7696],[23.0314,43.7655]]],[[[23.9157,43.7771],[23.918,43.7754],[23.8972,43.7809],[23.9157,43.7771]]],[[[23.9492,43.7812],[23.9688,43.7762],[23.9613,43.777],[23.9492,43.7812]]],[[[23.9355,43.7772],[23.9238,43.7837],[23.9308,43.7826],[23.9355,43.7772]]],[[[23.9226,43.7829],[23.9275,43.7779],[23.9152,43.7791],[23.8962,43.7866],[23.9226,43.7829]]],[[[23.5982,43.8109],[23.5932,43.8145],[23.614,43.8135],[23.5982,43.8109]]],[[[23.6486,43.8136],[23.6346,43.82],[23.681,43.8099],[23.6486,43.8136]]],[[[23.7325,43.8186],[23.7068,43.8208],[23.7347,43.8228],[23.7348,43.8096],[23.7325,43.8186]]],[[[23.6706,43.8145],[23.6467,43.821],[23.693,43.8167],[23.6706,43.8145]]],[[[23.5414,43.8244],[23.5511,43.8303],[23.5984,43.8219],[23.6105,43.8176],[23.5414,43.8244]]],[[[23.6212,43.834],[23.6509,43.8274],[23.5987,43.8309],[23.6212,43.834]]],[[[23.059,43.8311],[23.0497,43.8239],[23.0239,43.8302],[23.0732,43.8341],[23.0915,43.8237],[23.059,43.8311]]],[[[23.0651,43.8366],[23.0626,43.8401],[23.0732,43.8341],[23.0651,43.8366]]],[[[23.0303,43.8412],[23.0475,43.8366],[23.0277,43.8348],[23.0303,43.8412]]],[[[23.7878,43.8363],[23.7861,43.8413],[23.796,43.8405],[23.7878,43.8363]]],[[[23.0863,43.84],[23.0848,43.8428],[23.1082,43.835],[23.0863,43.84]]],[[[23.1586,43.8325],[23.1355,43.8458],[23.1545,43.8432],[23.1586,43.8325]]],[[[23.656,43.839],[23.6482,43.8442],[23.6797,43.8378],[23.656,43.839]]],[[[23.6534,43.8323],[23.5987,43.8493],[23.6289,43.8463],[23.6534,43.8323]]],[[[23.1912,43.8447],[23.2166,43.8473],[23.2059,43.8405],[23.1912,43.8447]]],[[[23.1405,43.8357],[23.1053,43.8451],[23.1018,43.852],[23.1405,43.8357]]],[[[23.8077,43.8505],[23.8136,43.8483],[23.8085,43.8487],[23.8077,43.8505]]],[[[23.5703,43.8512],[23.6125,43.843],[23.6001,43.8418],[23.5703,43.8512]]],[[[23.6387,43.8524],[23.5977,43.8577],[23.6244,43.8576],[23.673,43.8499],[23.6792,43.8451],[23.5974,43.8548],[23.6387,43.8524]]],[[[23.4946,43.8519],[23.4853,43.857],[23.4945,43.8551],[23.4946,43.8519]]],[[[23.1311,43.8514],[23.1208,43.8574],[23.1441,43.8518],[23.1311,43.8514]]],[[[23.0361,43.8553],[23.0316,43.8593],[23.0547,43.8547],[23.0361,43.8553]]],[[[23.4988,43.8556],[23.489,43.8614],[23.518,43.8567],[23.4988,43.8556]]],[[[23.6554,43.8606],[23.6244,43.8612],[23.6262,43.8653],[23.6554,43.8606]]],[[[23.3905,43.87],[23.4236,43.878],[23.4175,43.8703],[23.3905,43.87]]],[[[23.3571,43.8733],[23.3546,43.8762],[23.3688,43.8766],[23.3783,43.872],[23.3571,43.8733]]],[[[23.4904,43.8871],[23.4982,43.8866],[23.4925,43.8813],[23.4904,43.8871]]],[[[23.3408,43.8842],[23.3354,43.8906],[23.3612,43.8902],[23.3408,43.8842]]],[[[23.9209,43.9099],[23.9254,43.9101],[23.9327,43.9058],[23.9356,43.9008],[23.9171,43.9019],[23.932,43.8879],[23.9234,43.8755],[23.9108,43.8762],[23.9123,43.9118],[23.9209,43.9099]],[[23.926,43.9028],[23.9245,43.909],[23.9209,43.9085],[23.926,43.9028]],[[23.9163,43.8815],[23.9162,43.8791],[23.921,43.8763],[23.9163,43.8815]]],[[[23.0127,43.9104],[23.0502,43.9007],[23.0453,43.8991],[23.0127,43.9104]]],[[[23.359,43.9277],[23.359,43.941],[23.3743,43.925],[23.359,43.9277]]],[[[23.9438,43.9566],[23.9229,43.9493],[23.9145,43.9513],[23.9127,43.9547],[23.9051,43.9483],[23.9151,43.9576],[23.9285,43.9531],[23.9343,43.9604],[23.9287,43.9568],[23.9154,43.9583],[23.9145,43.9612],[23.9174,43.9683],[23.9254,43.9742],[23.909,43.9748],[23.9024,43.978],[23.9111,43.9945],[23.9073,43.9767],[23.9255,43.9759],[23.9438,43.9566]],[[23.9213,43.9583],[23.928,43.9632],[23.9182,43.9662],[23.9213,43.9583]],[[23.9222,43.9507],[23.9274,43.9529],[23.9159,43.9568],[23.9222,43.9507]]],[[[23.2529,44.0627],[23.2422,44.0575],[23.2499,44.0568],[23.2747,44.0506],[23.2865,44.0436],[23.2408,44.0568],[23.2249,44.0756],[23.2529,44.0627]]],[[[23.899,44.1157],[23.8965,44.1184],[23.9063,44.12],[23.899,44.1157]]],[[[23.8599,44.1177],[23.8692,44.118],[23.8585,44.1161],[23.8599,44.1177]]],[[[23.5865,44.1531],[23.5869,44.1522],[23.57,44.1501],[23.565,44.1562],[23.5865,44.1531]]],[[[24.2527,44.2808],[24.2648,44.2596],[24.2748,44.2605],[24.3005,44.2518],[24.3091,44.2364],[24.4106,44.233],[24.4286,44.2277],[24.3067,44.2361],[24.3005,44.2502],[24.2643,44.2591],[24.2413,44.2852],[24.1912,44.2731],[24.1797,44.2767],[24.1638,44.2953],[24.1845,44.2755],[24.2105,44.2882],[24.2318,44.2886],[24.2468,44.2838],[24.2527,44.2808]]],[[[24.1338,44.3196],[24.1302,44.3074],[24.1454,44.3101],[24.1494,44.3054],[24.1442,44.3094],[24.1347,44.3052],[24.1262,44.3088],[24.1123,44.3223],[24.1191,44.3338],[24.1338,44.3196]]],[[[23.7118,44.3389],[23.7074,44.335],[23.7004,44.3396],[23.7118,44.3389]]],[[[24.1081,44.4568],[24.1128,44.4335],[24.1134,44.3604],[24.1003,44.3511],[24.1116,44.4333],[24.082,44.4825],[24.1081,44.4568]]],[[[23.9906,44.6425],[23.9851,44.6295],[23.9579,44.6055],[23.9649,44.5931],[23.9658,44.5884],[23.961,44.5793],[23.9843,44.5625],[24.0046,44.5333],[23.9635,44.5701],[23.948,44.6232],[23.9513,44.6291],[23.9579,44.6313],[23.9488,44.6415],[23.9482,44.6481],[23.935,44.649],[23.9326,44.6512],[23.9354,44.6568],[23.9245,44.6543],[23.9217,44.6557],[23.9216,44.6582],[23.9257,44.6664],[23.9489,44.6498],[23.9594,44.6307],[23.9496,44.6239],[23.9594,44.6134],[23.9893,44.6423],[23.9814,44.644],[23.9771,44.6664],[23.9906,44.6425]]],[[[23.9144,44.6649],[23.9082,44.6691],[23.9146,44.6719],[23.9144,44.6649]]],[[[24.2744,44.7735],[24.2834,44.7774],[24.2825,44.7708],[24.2744,44.7735]]],[[[23.3052,44.8109],[23.2943,44.8246],[23.3072,44.8127],[23.3052,44.8109]]],[[[24.2594,44.8466],[24.2508,44.8549],[24.2636,44.8529],[24.2594,44.8466]]],[[[23.2415,44.8761],[23.24,44.8818],[23.254,44.8675],[23.2415,44.8761]]],[[[23.8257,44.933],[23.8292,44.9286],[23.825,44.9264],[23.824,44.9336],[23.8366,44.9477],[23.8257,44.933]]],[[[23.1544,44.9552],[23.1852,44.9525],[23.1588,44.9477],[23.1544,44.9552]]],[[[24.2549,44.9705],[24.2454,44.9768],[24.2552,44.9732],[24.2549,44.9705]]],[[[24.2607,44.9877],[24.2623,44.9814],[24.2563,44.9841],[24.2607,44.9877]]],[[[24.2866,44.9868],[24.2809,44.9839],[24.2821,44.9992],[24.2891,45.0059],[24.2971,45.0096],[24.2866,44.9868]],[[24.2956,45.0079],[24.2894,45.0009],[24.2825,44.9858],[24.2956,45.0079]]],[[[23.0835,45.0067],[23.0961,44.994],[23.0823,45.0056],[23.0803,45.0266],[23.0705,45.0316],[23.08,45.0289],[23.0835,45.0067]]],[[[23.6366,45.1008],[23.6207,45.0957],[23.6171,45.0873],[23.6049,45.0848],[23.5992,45.0705],[23.5868,45.0577],[23.5914,45.0497],[23.5882,45.0437],[23.5925,45.034],[23.5935,45.0185],[23.5905,45.0105],[23.5468,44.9719],[23.5445,44.9705],[23.529,44.9691],[23.5252,44.9585],[23.5145,44.9479],[23.5061,44.9481],[23.5077,44.9426],[23.5012,44.9374],[23.5062,44.93],[23.5047,44.9219],[23.5002,44.9381],[23.5048,44.9483],[23.514,44.9487],[23.5272,44.9691],[23.5898,45.011],[23.5851,45.0578],[23.6019,45.0842],[23.6399,45.1205],[23.6366,45.1008]]],[[[24.3391,45.0365],[24.3156,45.0362],[24.3484,45.0544],[24.3619,45.0717],[24.3391,45.0365]]],[[[24.3535,45.069],[24.3611,45.071],[24.3394,45.0537],[24.3363,45.0541],[24.3535,45.069]]],[[[23.3654,45.1498],[23.3476,45.1271],[23.307,45.0792],[23.2997,45.0759],[23.2928,45.0778],[23.3769,45.1827],[23.3654,45.1498]]],[[[23.6397,45.1285],[23.6367,45.145],[23.6722,45.1843],[23.6397,45.1285]]],[[[23.7923,45.1503],[23.7901,45.1497],[23.7846,45.186],[23.7923,45.1503]]],[[[24.2802,45.3428],[24.2864,45.3201],[24.2704,45.3085],[24.2896,45.309],[24.3465,45.2452],[24.3454,45.2243],[24.378,45.2041],[24.343,45.2245],[24.288,45.3082],[24.2695,45.3075],[24.2802,45.3428]]],[[[24.3001,45.3752],[24.2975,45.3585],[24.2946,45.382],[24.3069,45.3932],[24.3001,45.3752]]],[[[24.2937,45.4157],[24.2931,45.4235],[24.2983,45.4366],[24.3059,45.4464],[24.2962,45.4546],[24.3068,45.4483],[24.3077,45.4438],[24.2937,45.4157]]],[[[24.2685,45.6172],[24.2615,45.6119],[24.2635,45.5942],[24.2522,45.568],[24.267,45.5612],[24.2721,45.5485],[24.2711,45.5365],[24.2504,45.5668],[24.2615,45.627],[24.3157,45.6682],[24.2685,45.6172]]],[[[24.3537,45.6877],[24.3421,45.6901],[24.3593,45.7012],[24.3537,45.6877]]],[[[24.1872,45.7052],[24.1926,45.713],[24.1993,45.7157],[24.1872,45.7052]]],[[[24.3491,45.7074],[24.3453,45.7156],[24.3564,45.7147],[24.3491,45.7074]]],[[[23.5617,45.9726],[23.5599,45.9759],[23.5617,45.9776],[23.5632,45.9997],[23.5617,45.9726]]],[[[24.1178,46.078],[24.0972,46.0746],[24.0665,46.087],[24.0351,46.102],[24.0281,46.1146],[24.0177,46.1145],[23.9985,46.1334],[24.1124,46.0789],[24.1153,46.0877],[24.1235,46.0934],[24.174,46.1161],[24.195,46.1208],[24.2032,46.1167],[24.2147,46.1207],[24.2401,46.1215],[24.2474,46.1203],[24.2524,46.1235],[24.2639,46.1266],[24.2943,46.13],[24.2933,46.1291],[24.2476,46.1197],[24.2028,46.1149],[24.1946,46.1197],[24.1744,46.1153],[24.1178,46.078]]],[[[24.2945,46.1338],[24.3103,46.1518],[24.3175,46.1522],[24.3197,46.1568],[24.3239,46.1573],[24.2943,46.13],[24.2945,46.1338]]],[[[23.5591,46.1193],[23.5546,46.125],[23.5601,46.1253],[23.5591,46.1193]]],[[[23.8607,46.1562],[23.8501,46.1664],[23.8928,46.1717],[23.8607,46.1562]]],[[[23.99,46.225],[23.9795,46.2257],[23.9984,46.2293],[24.0088,46.2278],[23.99,46.225]]],[[[24.0263,46.2333],[24.0321,46.2379],[24.0401,46.2336],[24.0263,46.2333]]],[[[23.9881,46.2451],[24.0011,46.2489],[24.0034,46.2465],[23.9881,46.2451]]],[[[24.1252,46.2401],[24.1211,46.2393],[24.1324,46.2605],[24.1422,46.2547],[24.1252,46.2401]]],[[[24.3362,46.2997],[24.3372,46.2759],[24.3142,46.3014],[24.3161,46.3222],[24.3362,46.2997]]],[[[24.0719,46.3262],[24.0896,46.3282],[24.1047,46.3262],[24.0661,46.3138],[24.0283,46.3391],[24.0719,46.3262]]],[[[24.0114,46.3426],[24.0238,46.3406],[24.0183,46.3365],[24.0114,46.3426]]],[[[24.1936,46.3607],[24.1931,46.3556],[24.1806,46.3763],[24.1878,46.3856],[24.1936,46.3607]]],[[[24.3458,46.4045],[24.3442,46.4071],[24.3516,46.4052],[24.3557,46.3965],[24.3458,46.4045]]],[[[24.3345,46.4233],[24.3353,46.4237],[24.3439,46.4084],[24.3345,46.4233]]],[[[24.2782,46.4376],[24.2899,46.4386],[24.2732,46.4366],[24.279,46.4467],[24.2782,46.4376]]],[[[24.2755,46.4476],[24.2658,46.4436],[24.2671,46.4462],[24.2755,46.4476]]],[[[23.6558,46.5044],[23.6499,46.5047],[23.6796,46.5248],[23.7025,46.5334],[23.6558,46.5044]]],[[[23.7393,46.55],[23.7469,46.5491],[23.7412,46.5495],[23.7332,46.5445],[23.7147,46.5411],[23.7393,46.55]]],[[[23.875,46.5592],[23.8646,46.5646],[23.8852,46.5633],[23.875,46.5592]]],[[[23.8244,46.5659],[23.8404,46.5706],[23.8488,46.5691],[23.8244,46.5659]]],[[[23.4593,46.7539],[23.4383,46.7531],[23.4088,46.7587],[23.3923,46.7502],[23.3737,46.7442],[23.3712,46.7459],[23.4083,46.7611],[23.4593,46.7539]]],[[[23.522,46.7529],[23.5065,46.7551],[23.4858,46.7474],[23.4762,46.7494],[23.5409,46.7627],[23.522,46.7529]]],[[[24.1279,46.8159],[24.1224,46.8152],[24.1136,46.8078],[24.1108,46.8083],[24.1119,46.8222],[24.1279,46.8159]]],[[[24.1592,46.8497],[24.133,46.8439],[24.1445,46.8571],[24.1592,46.8497]]],[[[24.1469,46.8606],[24.1555,46.8697],[24.1601,46.8693],[24.1469,46.8606]]],[[[23.5131,46.88],[23.5123,46.886],[23.518,46.8862],[23.5131,46.88]]],[[[24.0461,46.8815],[24.0415,46.8832],[24.0665,46.8869],[24.0461,46.8815]]],[[[23.9062,46.9093],[23.9062,46.9003],[23.8789,46.9141],[23.9062,46.9093]]],[[[24.0737,46.9069],[24.0667,46.9046],[24.0771,46.9165],[24.0737,46.9069]]],[[[23.9117,46.9116],[23.9036,46.9169],[23.9507,46.9366],[23.9117,46.9116]]],[[[23.9013,46.9874],[23.8988,46.9826],[23.897,46.9817],[23.9013,46.9874]]],[[[24.2948,47.1541],[24.3006,47.1554],[24.3034,47.1537],[24.3023,47.1419],[24.2924,47.127],[24.3021,47.1135],[24.3008,47.099],[24.3088,47.0986],[24.316,47.0948],[24.3256,47.0993],[24.3331,47.0999],[24.3408,47.0965],[24.346,47.0986],[24.3509,47.098],[24.3766,47.0817],[24.375,47.0742],[24.383,47.0768],[24.3902,47.0753],[24.3939,47.0708],[24.3926,47.0659],[24.413,47.0631],[24.416,47.0569],[24.4289,47.0615],[24.4277,47.0769],[24.4371,47.0796],[24.45,47.0459],[24.4402,47.056],[24.4144,47.0563],[24.3749,47.0733],[24.3508,47.0973],[24.3176,47.0935],[24.3002,47.0981],[24.2904,47.1244],[24.2937,47.1767],[24.28,47.1694],[24.2729,47.1747],[24.2672,47.1891],[24.2571,47.1864],[24.2382,47.1928],[24.2231,47.1893],[24.2128,47.1938],[24.2155,47.2039],[24.2173,47.2059],[24.2557,47.2203],[24.2584,47.2335],[24.274,47.2543],[24.3442,47.2996],[24.3698,47.2995],[24.4099,47.2803],[24.4673,47.2872],[24.5276,47.2795],[24.4087,47.2789],[24.3391,47.2955],[24.2584,47.2186],[24.2175,47.2043],[24.2216,47.1913],[24.2398,47.1939],[24.2585,47.1876],[24.2657,47.1908],[24.2726,47.1865],[24.2791,47.171],[24.2853,47.1776],[24.2965,47.1776],[24.2948,47.1541]]],[[[24.1174,47.2353],[24.1078,47.2295],[24.1022,47.2293],[24.0989,47.2171],[24.0938,47.2146],[24.0903,47.2158],[24.1011,47.2301],[24.113,47.236],[24.12,47.2364],[24.1307,47.2332],[24.1317,47.231],[24.1174,47.2353]]],[[[23.9743,47.4732],[23.9711,47.4756],[23.9684,47.4723],[23.9532,47.4702],[23.9389,47.4706],[23.9379,47.4716],[23.9884,47.4802],[23.9743,47.4732]]],[[[23.3182,47.5214],[23.325,47.5179],[23.3183,47.5101],[23.3182,47.5214]]],[[[24.2481,47.7011],[24.253,47.6947],[24.2359,47.7048],[24.2293,47.7255],[24.2481,47.7011]]],[[[24.2039,47.7394],[24.1903,47.7497],[24.1837,47.7488],[24.1797,47.7508],[24.191,47.7503],[24.2197,47.7331],[24.2039,47.7394]]],[[[24.1618,47.7562],[24.1442,47.7637],[24.1587,47.762],[24.1618,47.7562]]],[[[23.0328,47.7883],[23.0229,47.7861],[23.0358,47.7893],[23.0328,47.7883]]],[[[24.2203,47.8297],[24.2343,47.827],[24.2459,47.8168],[24.25,47.8101],[24.2514,47.7901],[24.2623,47.7892],[24.2777,47.7815],[24.2862,47.7702],[24.2855,47.7667],[24.2803,47.7635],[24.3019,47.7413],[24.3013,47.7357],[24.3282,47.7336],[24.3525,47.724],[24.3562,47.7286],[24.3613,47.7305],[24.4044,47.7229],[24.4178,47.7166],[24.4202,47.7143],[24.4214,47.7105],[24.3921,47.7243],[24.3526,47.7233],[24.3004,47.7349],[24.2062,47.8366],[24.1993,47.8567],[24.203,47.8649],[24.1955,47.8626],[24.1845,47.8628],[24.1828,47.867],[24.1885,47.8751],[24.1695,47.8886],[24.1675,47.8953],[24.1638,47.8965],[24.1625,47.9013],[24.1521,47.8992],[24.1477,47.8997],[24.145,47.9039],[24.1457,47.9122],[24.1386,47.9115],[24.1303,47.9156],[24.1116,47.9148],[24.0639,47.9523],[24.0326,47.9487],[24.0073,47.9672],[23.9955,47.9612],[23.9801,47.9593],[23.9734,47.9675],[23.9666,47.9619],[23.952,47.9631],[23.9478,47.9535],[23.9408,47.9477],[23.8636,47.9316],[23.8456,47.9406],[23.8157,47.9765],[23.8184,47.9828],[23.7163,47.9939],[23.8198,47.9835],[23.863,47.9325],[23.9528,47.9647],[23.9755,47.9687],[23.9927,47.9619],[24.0124,47.9766],[24.032,47.9499],[24.0634,47.9539],[24.1132,47.9152],[24.1675,47.9277],[24.1467,47.9021],[24.1642,47.9014],[24.19,47.875],[24.185,47.8634],[24.2037,47.8652],[24.2203,47.8297]]],[[[23.2681,47.9009],[23.2576,47.9067],[23.2777,47.9016],[23.2681,47.9009]]],[[[23.1741,47.9152],[23.1406,47.9107],[23.0857,47.9293],[23.1741,47.9152]]],[[[23.6151,48.009],[23.6416,48.0014],[23.6574,47.9887],[23.6732,47.9938],[23.6647,47.9839],[23.7074,47.9944],[23.7155,47.9917],[23.6653,47.983],[23.6385,48.0015],[23.5668,48.0024],[23.5405,48.0091],[23.523,48.0246],[23.6151,48.009]]],[[[24.989,43.2765],[24.9977,43.2741],[24.9855,43.2616],[24.9668,43.2658],[24.989,43.2765]]],[[[24.9514,43.4585],[24.9491,43.4676],[24.9573,43.461],[24.9514,43.4585]]],[[[25.2023,43.5574],[25.1932,43.5457],[25.1961,43.553],[25.2023,43.5574]]],[[[25.1738,43.6008],[25.1697,43.6042],[25.2006,43.5986],[25.1738,43.6008]]],[[[25.1454,43.6069],[25.141,43.6109],[25.1537,43.6103],[25.1454,43.6069]]],[[[25.1319,43.6187],[25.1289,43.6215],[25.1439,43.6199],[25.1319,43.6187]]],[[[25.4682,43.6672],[25.4654,43.6698],[25.4857,43.6752],[25.4682,43.6672]]],[[[25.649,43.6917],[25.609,43.676],[25.624,43.6953],[25.649,43.6917]]],[[[25.6017,43.6969],[25.5606,43.705],[25.6233,43.7022],[25.6017,43.6969]]],[[[25.1028,43.7057],[25.0834,43.7094],[25.091,43.7115],[25.1028,43.7057]]],[[[25.5291,43.7007],[25.5013,43.7678],[25.5148,43.7427],[25.5291,43.7007]]],[[[25.2257,43.7164],[25.2555,43.7233],[25.3098,43.7014],[25.1964,43.7102],[25.2218,43.741],[25.2457,43.732],[25.2257,43.7164]]],[[[25.1559,43.7262],[25.1457,43.7294],[25.1644,43.7332],[25.1559,43.7262]]],[[[24.7209,43.7177],[24.6479,43.7473],[24.6801,43.7375],[24.7209,43.7177]]],[[[25.3942,43.7443],[25.3945,43.7496],[25.3781,43.7525],[25.3976,43.7524],[25.3978,43.744],[25.4232,43.7384],[25.4242,43.7363],[25.3942,43.7443]]],[[[25.0273,43.7488],[25.0109,43.7522],[25.0244,43.7657],[25.0362,43.7597],[25.0273,43.7488]],[[25.0263,43.7575],[25.0337,43.7589],[25.0213,43.7618],[25.0263,43.7575]]],[[[25.1747,43.759],[25.1517,43.7839],[25.1681,43.7866],[25.1747,43.759]]],[[[25.3947,43.8187],[25.3561,43.8017],[25.2648,43.8156],[25.2687,43.8362],[25.3338,43.8099],[25.3947,43.8187]]],[[[24.636,43.8679],[24.6367,43.8825],[24.6479,43.8578],[24.636,43.8679]]],[[[24.347,43.8747],[24.343,43.8792],[24.3762,43.8676],[24.347,43.8747]]],[[[25.561,43.877],[25.6858,43.8863],[25.6647,43.8646],[25.7462,43.8537],[25.7515,43.8615],[25.771,43.8691],[25.7393,43.8922],[25.7683,43.873],[25.7786,43.8876],[25.7504,43.8953],[25.7268,43.918],[25.7816,43.8876],[25.7725,43.8677],[25.7467,43.8511],[25.561,43.877]]],[[[25.1373,43.8823],[25.1328,43.8934],[25.1375,43.8861],[25.1373,43.8823]]],[[[25.1009,43.9042],[25.0961,43.9044],[25.1029,43.9141],[25.112,43.9135],[25.1009,43.9042]]],[[[25.3492,43.9291],[25.3651,43.9237],[25.3218,43.9201],[25.3318,43.9368],[25.3285,43.9338],[25.325,43.9338],[25.2833,43.9487],[25.2925,43.9536],[25.2787,43.9534],[25.2467,43.9658],[25.2452,43.9733],[25.3328,43.938],[25.3492,43.9291]]],[[[24.6137,43.9449],[24.6149,43.9417],[24.6088,43.9429],[24.6137,43.9449]]],[[[25.361,43.9439],[25.3669,43.9386],[25.367,43.9357],[25.3642,43.9339],[25.3575,43.9443],[25.36,43.9589],[25.361,43.9439]]],[[[25.4932,43.953],[25.5137,43.9472],[25.5154,43.9433],[25.465,43.9566],[25.4932,43.953]]],[[[24.6235,43.9468],[24.602,43.9627],[24.6163,43.9577],[24.6235,43.9468]]],[[[25.0394,44.0018],[25.0639,43.9695],[25.054,43.9634],[25.06,43.9599],[25.0525,43.9532],[25.0637,43.9544],[25.0736,43.9514],[25.0932,43.9239],[25.0552,43.9463],[25.073,43.9492],[25.0635,43.9527],[25.0545,43.9518],[25.0497,43.9541],[25.0451,43.9904],[25.0272,43.9865],[25.005,44.0115],[24.9716,44.0199],[24.9694,44.0225],[25.0394,44.0018]]],[[[25.5572,43.9908],[25.5577,43.9845],[25.4908,43.9961],[25.4542,43.9687],[25.4571,44.0001],[25.5572,43.9908]]],[[[24.7846,44.0242],[24.7876,44.0188],[24.7832,44.0147],[24.7846,44.0242]]],[[[24.596,44.0158],[24.5903,44.0125],[24.5834,44.0279],[24.596,44.0158]]],[[[25.1311,44.0563],[25.1629,44.0328],[25.1762,44.0368],[25.2355,44.0256],[25.3011,43.9967],[25.1617,44.0311],[25.0794,44.0728],[25.1311,44.0563]]],[[[25.0816,44.0639],[25.0868,44.054],[25.0946,44.0544],[25.1038,44.0516],[25.1047,44.0472],[25.1123,44.0505],[25.1235,44.0488],[25.1339,44.0406],[25.1214,44.0474],[25.1024,44.045],[25.0866,44.0518],[25.059,44.0742],[25.0816,44.0639]]],[[[25.4071,44.0872],[25.3984,44.0651],[25.3842,44.0545],[25.3931,44.1287],[25.4071,44.0872]]],[[[25.6006,44.0752],[25.5891,44.0781],[25.5854,44.0601],[25.5739,44.0513],[25.5814,44.07],[25.5761,44.0679],[25.5725,44.069],[25.559,44.0813],[25.5438,44.0812],[25.5159,44.0964],[25.5116,44.1068],[25.4988,44.1105],[25.5127,44.1083],[25.543,44.084],[25.5605,44.0834],[25.575,44.0692],[25.5897,44.0805],[25.5982,44.0763],[25.5992,44.1007],[25.6139,44.1147],[25.5799,44.133],[25.578,44.1434],[25.5642,44.1431],[25.5622,44.1467],[25.5784,44.1449],[25.6129,44.1214],[25.6155,44.1132],[25.6031,44.0989],[25.6169,44.1054],[25.6245,44.1],[25.6315,44.1171],[25.6381,44.1183],[25.6417,44.1156],[25.6428,44.0999],[25.6344,44.1171],[25.6256,44.0994],[25.6006,44.0752]]],[[[24.65,44.0944],[24.6368,44.1052],[24.6296,44.1056],[24.6177,44.1155],[24.6121,44.1253],[24.6137,44.1288],[24.6004,44.1332],[24.5987,44.1401],[24.6702,44.0881],[24.65,44.0944]]],[[[25.1838,44.111],[25.1771,44.1158],[25.1809,44.1269],[25.1838,44.111]]],[[[24.9972,44.1238],[24.9712,44.1399],[24.9661,44.1524],[24.9972,44.1238]]],[[[25.1645,44.1311],[25.162,44.1274],[25.1344,44.1452],[25.1645,44.1311]]],[[[25.3715,44.1708],[25.3981,44.1491],[25.381,44.1421],[25.3905,44.1546],[25.3577,44.165],[25.3518,44.1801],[25.3715,44.1708]]],[[[25.4966,44.2017],[25.4987,44.1979],[25.4758,44.2129],[25.4966,44.2017]]],[[[24.8197,44.2122],[24.8112,44.2191],[24.8445,44.2068],[24.8483,44.2001],[24.8197,44.2122]]],[[[25.3615,44.2031],[25.3528,44.2108],[25.3518,44.2257],[25.3615,44.2031]]],[[[24.7891,44.2562],[24.7871,44.2452],[24.7765,44.2625],[24.7891,44.2562]]],[[[25.5287,44.2721],[25.5036,44.274],[25.4596,44.2828],[25.5287,44.2721]]],[[[24.7641,44.2721],[24.7773,44.2639],[24.7626,44.2713],[24.7588,44.28],[24.7692,44.2905],[24.7723,44.2901],[24.7641,44.2721]]],[[[24.9928,44.2761],[24.9855,44.272],[24.9894,44.291],[24.9985,44.2956],[24.9928,44.2761]]],[[[25.4091,44.2971],[25.402,44.3083],[25.3842,44.3099],[25.4021,44.3092],[25.4349,44.2872],[25.4091,44.2971]]],[[[25.2634,44.3048],[25.2839,44.2989],[25.2766,44.318],[25.2854,44.3088],[25.2849,44.2901],[25.2634,44.3048]]],[[[24.7793,44.3221],[24.7803,44.3186],[24.7749,44.309],[24.7793,44.3221]]],[[[25.2511,44.3295],[25.2535,44.3343],[25.2576,44.3343],[25.2511,44.3295]]],[[[24.3873,44.3254],[24.3745,44.353],[24.3816,44.3459],[24.3873,44.3254]]],[[[25.0453,44.3298],[25.0313,44.3438],[25.0281,44.3531],[25.0453,44.3298]]],[[[25.3107,44.4059],[25.2885,44.4068],[25.2597,44.4156],[25.3071,44.4089],[25.3185,44.4006],[25.3217,44.3933],[25.3107,44.4059]]],[[[25.3163,44.4254],[25.3533,44.3938],[25.3753,44.3879],[25.3476,44.3947],[25.2948,44.4298],[25.3163,44.4254]]],[[[25.4328,44.4496],[25.4381,44.4436],[25.4315,44.4481],[25.4207,44.465],[25.4328,44.4496]]],[[[25.0222,44.4852],[24.9985,44.4892],[24.9949,44.4967],[25.0257,44.4852],[25.0277,44.4694],[25.0222,44.4852]]],[[[25.452,44.6378],[25.4628,44.6334],[25.495,44.613],[25.5413,44.5665],[25.5534,44.5332],[25.5736,44.5384],[25.5882,44.5257],[25.5991,44.5322],[25.6033,44.5203],[25.5961,44.5187],[25.6018,44.5183],[25.6024,44.5137],[25.6107,44.5187],[25.6171,44.519],[25.6526,44.5],[25.6576,44.4942],[25.655,44.4899],[25.6708,44.4959],[25.6772,44.4944],[25.6925,44.4542],[25.7243,44.4513],[25.7921,44.426],[25.8465,44.3865],[25.6889,44.4521],[25.6701,44.4919],[25.6529,44.4894],[25.614,44.5178],[25.601,44.5127],[25.5941,44.5186],[25.5992,44.5283],[25.591,44.5246],[25.5826,44.5255],[25.5747,44.5364],[25.5516,44.5324],[25.4622,44.6322],[25.4515,44.6369],[25.4431,44.6345],[25.3947,44.6457],[25.2098,44.7193],[25.1939,44.7277],[25.1806,44.7484],[25.1407,44.7517],[25.1323,44.7573],[25.1259,44.7564],[25.1108,44.7573],[25.087,44.7657],[25.0606,44.7848],[25.0386,44.7894],[25.0379,44.7964],[25.0275,44.7953],[25.0222,44.798],[25.0213,44.8013],[25.0081,44.8004],[24.9964,44.8063],[25.0193,44.8041],[25.0518,44.7927],[25.0921,44.7651],[25.1816,44.749],[25.2103,44.7202],[25.452,44.6378]]],[[[25.087,44.6747],[25.0757,44.6815],[25.0771,44.6871],[25.087,44.6747]]],[[[25.354,44.6797],[25.3168,44.6877],[25.3303,44.6953],[25.354,44.6797]]],[[[25.1329,44.6941],[25.1284,44.7007],[25.1338,44.6954],[25.1329,44.6941]]],[[[24.7612,44.7057],[24.7505,44.6981],[24.7544,44.6809],[24.749,44.6988],[24.7596,44.7069],[24.7434,44.7291],[24.7445,44.7398],[24.7612,44.7057]]],[[[25.5558,44.7636],[25.5729,44.7157],[25.5851,44.7152],[25.5941,44.7086],[25.5986,44.7113],[25.6117,44.7079],[25.6125,44.7027],[25.6091,44.6986],[25.6134,44.6975],[25.6127,44.6954],[25.6241,44.6935],[25.6299,44.6895],[25.6348,44.677],[25.6294,44.6741],[25.6353,44.6664],[25.6083,44.6976],[25.611,44.7069],[25.5942,44.7069],[25.5725,44.7132],[25.5538,44.763],[25.5237,44.7708],[25.5059,44.7996],[25.5558,44.7636]]],[[[25.3435,44.8964],[25.309,44.9366],[25.2897,44.9653],[25.291,44.9761],[25.2817,44.9864],[25.2806,45.002],[25.2698,45.015],[25.263,45.0403],[25.2508,45.048],[25.2286,45.0757],[25.2114,45.132],[25.2194,45.1521],[25.2082,45.1581],[25.2062,45.1634],[25.2214,45.1516],[25.2281,45.0796],[25.2651,45.0399],[25.3155,44.9303],[25.4665,44.8336],[25.3435,44.8964]]],[[[24.8893,45.0226],[24.8881,45.0064],[24.8975,44.991],[24.8973,44.9518],[24.9095,44.9627],[24.9365,44.9785],[24.8972,44.9484],[24.9001,44.9291],[24.8963,44.9229],[24.8978,44.9171],[24.8971,44.8959],[24.8945,44.8873],[24.8988,44.8837],[24.8868,44.8631],[24.8977,44.8496],[24.9144,44.8448],[24.9311,44.8347],[24.9359,44.8276],[24.9138,44.8362],[24.8903,44.8495],[24.8837,44.864],[24.8547,44.8812],[24.848,44.8953],[24.8855,44.8639],[24.8968,44.8826],[24.8931,44.8875],[24.8951,44.9914],[24.8863,45.0055],[24.8793,45.0344],[24.8893,45.0226]],[[24.9148,44.8373],[24.9238,44.8378],[24.9139,44.8435],[24.9148,44.8373]]],[[[24.7781,44.9388],[24.7692,44.9493],[24.7728,44.9504],[24.7781,44.9388]]],[[[24.71,45.0184],[24.7104,45.0106],[24.6645,45.0784],[24.71,45.0184]]],[[[24.9495,45.0445],[24.9436,45.0024],[24.9622,45.0363],[24.9708,45.0457],[24.9879,45.0556],[24.9874,45.0687],[24.9985,45.0844],[24.9886,45.0556],[24.9385,44.9916],[24.9467,45.0598],[24.9103,45.1918],[24.9341,45.1293],[24.9495,45.0445]]],[[[24.3412,45.1035],[24.3492,45.1037],[24.3711,45.0981],[24.3412,45.1035]]],[[[24.3845,45.1115],[24.3775,45.1209],[24.3864,45.1112],[24.3845,45.1115]]],[[[24.664,45.1029],[24.6594,45.1141],[24.672,45.1447],[24.664,45.1029]]],[[[24.377,45.1295],[24.3915,45.1389],[24.371,45.1255],[24.377,45.1295]]],[[[25.6303,45.1584],[25.6351,45.1357],[25.6679,45.1183],[25.6703,45.1145],[25.6699,45.1136],[25.6357,45.1329],[25.6005,45.1809],[25.6303,45.1584]]],[[[24.3676,45.1721],[24.3675,45.178],[24.3691,45.178],[24.3794,45.1535],[24.3676,45.1721]]],[[[25.5389,45.1818],[25.5395,45.1726],[25.5325,45.1558],[25.5042,45.1388],[25.4918,45.1384],[25.5304,45.1574],[25.5389,45.1818]]],[[[24.6596,45.1633],[24.6678,45.1528],[24.6668,45.1517],[24.6584,45.1635],[24.6633,45.1913],[24.6596,45.1633]]],[[[24.6607,45.2026],[24.6521,45.2398],[24.6562,45.2356],[24.6607,45.2026]]],[[[24.6514,45.2492],[24.6519,45.2438],[24.649,45.2492],[24.6551,45.2674],[24.6513,45.2702],[24.653,45.2739],[24.6574,45.275],[24.6514,45.2492]]],[[[25.1625,45.3333],[25.1615,45.335],[25.1686,45.3248],[25.1682,45.3202],[25.1668,45.3186],[25.1625,45.3333]]],[[[24.3421,45.7283],[24.3625,45.7194],[24.3384,45.7264],[24.3582,45.7389],[24.3774,45.7382],[24.3421,45.7283]]],[[[24.4189,45.7576],[24.4246,45.7601],[24.4068,45.7512],[24.4189,45.7576]]],[[[24.4895,45.7669],[24.4694,45.7737],[24.5126,45.7754],[24.4895,45.7669]]],[[[24.4396,45.7716],[24.4638,45.7747],[24.4564,45.7718],[24.4396,45.7716]]],[[[25.1682,45.7684],[25.146,45.7918],[25.1554,45.7878],[25.1682,45.7684]]],[[[24.7024,45.798],[24.6917,45.7955],[24.6847,45.7959],[24.6804,45.7986],[24.7278,45.8145],[24.7495,45.8072],[24.7024,45.798]],[[24.7266,45.8118],[24.7201,45.8086],[24.7214,45.8071],[24.7266,45.8118]]],[[[25.1446,45.799],[25.1422,45.7942],[25.1347,45.8302],[25.1446,45.799]]],[[[24.7799,45.8064],[24.7747,45.8074],[24.7715,45.8101],[24.8285,45.828],[24.8269,45.8219],[24.859,45.8326],[24.8708,45.826],[24.7799,45.8064]]],[[[24.9187,45.8476],[24.9116,45.8319],[24.8873,45.834],[24.9187,45.8476]]],[[[25.5811,46.0273],[25.5832,46.0206],[25.5592,45.9931],[25.5449,45.9936],[25.5478,45.949],[25.5419,45.9382],[25.5642,45.9146],[25.5423,45.893],[25.5588,45.8772],[25.5654,45.8602],[25.568,45.8372],[25.6167,45.8231],[25.6238,45.8147],[25.625,45.8085],[25.6437,45.8098],[25.6767,45.7759],[25.6759,45.7684],[25.6421,45.8087],[25.6229,45.8077],[25.5615,45.8402],[25.5397,45.8932],[25.5612,45.9147],[25.5389,45.9371],[25.5375,45.9711],[25.5442,45.997],[25.5815,46.0208],[25.5515,46.0515],[25.5364,46.0471],[25.5175,46.0476],[25.4972,46.0363],[25.4584,46.0235],[25.4299,46.0185],[25.3675,46.0233],[25.3623,46.0282],[25.3566,46.0201],[25.3768,46.012],[25.3843,45.9978],[25.383,45.9843],[25.3666,45.9781],[25.3541,45.9839],[25.3494,45.9889],[25.3507,45.9954],[25.3457,45.9956],[25.3446,46.0077],[25.3411,46.0039],[25.3165,46.0037],[25.3164,45.9963],[25.2973,45.9872],[25.2892,45.9868],[25.2813,45.9903],[25.2812,45.9834],[25.2789,45.9809],[25.2524,45.9772],[25.2523,45.9683],[25.2395,45.9567],[25.2261,45.9507],[25.2329,45.9439],[25.2347,45.9319],[25.2308,45.9308],[25.2262,45.933],[25.2199,45.94],[25.2155,45.9262],[25.2121,45.9252],[25.2079,45.9267],[25.2144,45.9226],[25.2159,45.9199],[25.2159,45.9172],[25.2113,45.9122],[25.2185,45.9144],[25.2209,45.9134],[25.2172,45.9021],[25.2024,45.8984],[25.1963,45.9028],[25.1961,45.9063],[25.1949,45.9055],[25.1954,45.9],[25.2018,45.8958],[25.2001,45.8933],[25.2086,45.8978],[25.2127,45.8961],[25.2082,45.8886],[25.1874,45.8709],[25.1834,45.8705],[25.1789,45.875],[25.1742,45.8658],[25.1617,45.8672],[25.1603,45.8604],[25.1387,45.8545],[25.1235,45.8608],[25.1189,45.8665],[25.1177,45.8627],[25.1111,45.8585],[25.1058,45.8597],[25.1033,45.8633],[25.0978,45.8513],[25.0863,45.8432],[25.0172,45.8367],[24.9492,45.8496],[25.0366,45.839],[25.1111,45.8695],[25.123,45.867],[25.1396,45.8557],[25.1531,45.8694],[25.1588,45.8622],[25.1595,45.8668],[25.1629,45.8688],[25.1739,45.8671],[25.1767,45.8756],[25.1808,45.8758],[25.1869,45.8722],[25.2111,45.8955],[25.199,45.8922],[25.2005,45.8955],[25.1937,45.9002],[25.1934,45.9057],[25.1965,45.9075],[25.2022,45.8992],[25.2162,45.9025],[25.2196,45.9136],[25.2101,45.9117],[25.2068,45.9267],[25.2168,45.9401],[25.2221,45.941],[25.2337,45.9322],[25.2252,45.9511],[25.2508,45.9773],[25.2808,45.9907],[25.2957,45.9874],[25.3146,46.005],[25.3438,46.0098],[25.3498,46.0067],[25.3546,45.9845],[25.3817,45.9849],[25.3551,46.0185],[25.3554,46.0222],[25.3634,46.0294],[25.4299,46.0198],[25.5202,46.0496],[25.5511,46.0535],[25.5811,46.0273]]],[[[25.5631,46.0744],[25.5644,46.0795],[25.5706,46.0783],[25.5631,46.0744]]],[[[24.7731,46.1594],[24.7788,46.1615],[24.7799,46.1517],[24.7731,46.1594]]],[[[24.4207,46.1747],[24.3592,46.1713],[24.5139,46.2182],[24.5239,46.2142],[24.5457,46.2188],[24.5649,46.2173],[24.4207,46.1747]]],[[[24.8108,46.2353],[24.8359,46.2497],[24.8974,46.2556],[24.9639,46.2493],[24.9761,46.2623],[24.9886,46.2654],[24.993,46.2638],[25.0002,46.2734],[25.0261,46.2799],[24.9695,46.2365],[24.8108,46.2353]]],[[[24.3802,46.3427],[24.3599,46.3384],[24.3811,46.3481],[24.3971,46.3488],[24.3802,46.3427]]],[[[24.4419,46.3806],[24.4285,46.3629],[24.3944,46.3536],[24.4028,46.3657],[24.4277,46.3633],[24.4249,46.3741],[24.4339,46.3725],[24.443,46.3824],[24.4558,46.3796],[24.457,46.3833],[24.4598,46.3828],[24.4635,46.3856],[24.4766,46.3899],[24.4805,46.3899],[24.4571,46.3794],[24.4419,46.3806]]],[[[24.4483,46.3688],[24.4333,46.3631],[24.4551,46.3779],[24.4616,46.3789],[24.4703,46.3755],[24.4483,46.3688]]],[[[24.6578,46.3904],[24.6372,46.3981],[24.6368,46.4061],[24.6173,46.4037],[24.613,46.4047],[24.6098,46.4073],[24.6494,46.4081],[24.6912,46.3971],[24.6578,46.3904]]],[[[24.9648,46.4131],[24.9584,46.4111],[24.9118,46.4236],[24.9648,46.4131]]],[[[24.5542,46.4668],[24.5618,46.4666],[24.5782,46.4776],[24.5826,46.4785],[24.5637,46.464],[24.5542,46.4668]]],[[[24.5858,46.4764],[24.5839,46.4784],[24.5871,46.4802],[24.6118,46.4772],[24.6129,46.4753],[24.5858,46.4764]]],[[[25.255,46.4884],[25.2494,46.4862],[25.2568,46.4922],[25.2661,46.4911],[25.255,46.4884]]],[[[24.9022,46.4638],[24.8979,46.4658],[24.9444,46.5137],[24.9913,46.5494],[25.0019,46.555],[25.0084,46.5562],[24.9022,46.4638]]],[[[24.7614,46.5104],[24.7561,46.5103],[24.7636,46.5168],[24.7759,46.5216],[24.7787,46.5197],[24.7614,46.5104]]],[[[24.8047,46.5455],[24.8001,46.5442],[24.8015,46.5613],[24.8047,46.5455]]],[[[24.8545,46.6229],[24.8409,46.609],[24.8193,46.5912],[24.8053,46.5855],[24.8545,46.6229]]],[[[24.8828,46.6384],[24.898,46.6489],[24.8988,46.6437],[24.8828,46.6384]]],[[[24.8931,46.7735],[24.8814,46.7744],[24.9075,46.7768],[24.8931,46.7735]]],[[[24.9826,46.9703],[24.9774,46.9748],[24.9245,46.9671],[24.9158,46.97],[24.909,46.9513],[24.9029,46.9518],[24.897,46.9467],[24.8903,46.9469],[24.8699,46.9373],[24.8498,46.9306],[24.8423,46.9302],[24.8256,46.9069],[24.8084,46.8918],[24.7747,46.8738],[24.7678,46.8484],[24.763,46.8395],[24.757,46.8377],[24.7591,46.8312],[24.7514,46.8279],[24.7477,46.8204],[24.7432,46.8189],[24.7433,46.8046],[24.7143,46.7805],[24.7753,46.8765],[24.8408,46.9304],[24.9143,46.9706],[24.9769,46.9758],[24.9984,46.9731],[24.9826,46.9703]]],[[[25.0702,46.9521],[25.0704,46.947],[25.0439,46.9475],[25.0253,46.9666],[25.0702,46.9521]]],[[[24.6897,47.3723],[24.665,47.3466],[24.6786,47.3678],[24.6897,47.3723]]],[[[25.5813,47.389],[25.5815,47.3868],[25.5745,47.3817],[25.5878,47.3802],[25.5919,47.365],[25.5881,47.36],[25.6018,47.3631],[25.6161,47.3549],[25.6134,47.3366],[25.5836,47.359],[25.5908,47.3646],[25.5732,47.3809],[25.5792,47.3892],[25.5641,47.3932],[25.5528,47.3991],[25.5531,47.4022],[25.5402,47.4085],[25.428,47.3433],[25.4159,47.3393],[25.406,47.3435],[25.3784,47.3418],[25.3707,47.3453],[25.4287,47.3448],[25.519,47.4087],[25.5436,47.409],[25.5541,47.403],[25.5813,47.389]]],[[[25.599,47.6387],[25.622,47.6124],[25.6086,47.6134],[25.5979,47.6376],[25.5862,47.6372],[25.564,47.6506],[25.5481,47.6645],[25.5465,47.6681],[25.599,47.6387]]],[[[25.6768,43.2572],[25.6852,43.2674],[25.6857,43.2556],[25.6768,43.2572]]],[[[25.6525,43.3418],[25.6458,43.3508],[25.6629,43.3558],[25.6525,43.3418]]],[[[26.1541,43.3544],[26.1364,43.3562],[26.147,43.3601],[26.1541,43.3544]]],[[[25.6714,43.4945],[25.6684,43.4947],[25.6702,43.5174],[25.6742,43.5203],[25.679,43.5199],[25.6809,43.5167],[25.6796,43.5121],[25.6714,43.4945]],[[25.6728,43.5185],[25.6723,43.5128],[25.6777,43.5139],[25.6728,43.5185]]],[[[25.6598,43.5423],[25.6567,43.5441],[25.6551,43.5485],[25.6592,43.5526],[25.6724,43.5535],[25.6705,43.5453],[25.6598,43.5423]],[[25.6603,43.5433],[25.6698,43.5506],[25.6613,43.5517],[25.6603,43.5433]]],[[[25.6887,43.7117],[25.6797,43.7199],[25.6912,43.7245],[25.7114,43.7131],[25.6887,43.7117]]],[[[25.7469,43.7301],[25.7448,43.7273],[25.747,43.7232],[25.7292,43.7134],[25.7469,43.7301]]],[[[25.7042,43.7254],[25.6871,43.7278],[25.6778,43.7214],[25.6634,43.7172],[25.6594,43.7123],[25.6536,43.7111],[25.6639,43.7185],[25.6761,43.7221],[25.6836,43.7281],[25.7167,43.734],[25.7042,43.7254]]],[[[25.7515,43.7275],[25.7485,43.7285],[25.7564,43.7345],[25.7515,43.7275]]],[[[25.7784,43.7393],[25.7588,43.7425],[25.7708,43.7602],[25.794,43.7608],[25.7784,43.7393]]],[[[25.797,43.776],[25.8029,43.7983],[25.8273,43.8244],[25.7947,43.8226],[25.8166,43.8274],[25.8355,43.8527],[25.8288,43.849],[25.814,43.8481],[25.7902,43.8501],[25.7845,43.8527],[25.7706,43.8435],[25.7644,43.8498],[25.7705,43.8448],[25.7821,43.8532],[25.8379,43.8551],[25.8381,43.8289],[25.8627,43.8459],[25.8776,43.8433],[25.8819,43.8411],[25.8628,43.8435],[25.8422,43.8272],[25.8324,43.8286],[25.797,43.776]]],[[[25.7985,43.8882],[25.7789,43.9031],[25.7958,43.8986],[25.7985,43.8882]]],[[[25.8908,43.9144],[25.8912,43.9124],[25.8813,43.9085],[25.8908,43.9144]]],[[[25.8309,43.9087],[25.8181,43.9113],[25.8317,43.921],[25.8309,43.9087]]],[[[25.8,43.9806],[25.8079,44.0245],[25.8137,44.0188],[25.8,43.9806]]],[[[25.7797,44.035],[25.7708,44.0437],[25.7614,44.0591],[25.7612,44.0716],[25.7794,44.0852],[25.786,44.1071],[25.8014,44.1215],[25.7851,44.128],[25.7765,44.143],[25.7753,44.1559],[25.7626,44.1588],[25.8009,44.1544],[25.785,44.169],[25.7887,44.1798],[25.7773,44.178],[25.7756,44.188],[25.7907,44.1812],[25.7957,44.1606],[25.8237,44.1567],[25.7781,44.147],[25.8054,44.1185],[25.8013,44.1004],[25.7617,44.0699],[25.8079,44.0245],[25.7797,44.035]]],[[[25.6481,43.9709],[25.6307,43.9702],[25.6472,43.9802],[25.6532,44.0057],[25.6705,44.0191],[25.6481,43.9709]]],[[[25.7473,44.0186],[25.7469,44.0151],[25.7375,43.9809],[25.7287,43.9738],[25.7473,44.0186]]],[[[26.3389,44.0146],[26.3536,43.9997],[26.3186,43.9872],[26.3141,44.0084],[26.3389,44.0146]]],[[[26.409,44.008],[26.3967,44.0089],[26.4269,44.0146],[26.409,44.008]]],[[[26.3916,44.0193],[26.409,44.0185],[26.4034,44.0153],[26.3916,44.0193]]],[[[26.5212,44.026],[26.4298,44.0173],[26.4871,44.0383],[26.5212,44.026]]],[[[25.7245,44.0509],[25.669,44.02],[25.713,44.0511],[25.725,44.0746],[25.7245,44.0509]]],[[[25.6869,44.1127],[25.6853,44.1089],[25.6728,44.1074],[25.6808,44.0955],[25.6784,44.0888],[25.6753,44.0888],[25.6715,44.1086],[25.6869,44.1127]]],[[[25.6553,44.0963],[25.6483,44.1055],[25.6593,44.1161],[25.6553,44.0963]]],[[[26.3634,44.1318],[26.352,44.1362],[26.3344,44.1294],[26.3184,44.1292],[26.3161,44.1227],[26.3011,44.1218],[26.2981,44.1182],[26.2918,44.1145],[26.2845,44.1125],[26.2809,44.1064],[26.272,44.1075],[26.3173,44.1305],[26.3526,44.1377],[26.3688,44.1336],[26.3914,44.1397],[26.3634,44.1318]]],[[[25.7428,44.1298],[25.7282,44.1253],[25.7148,44.1338],[25.7193,44.111],[25.7008,44.141],[25.698,44.1424],[25.6889,44.1391],[25.6803,44.1376],[25.6769,44.1385],[25.6988,44.1431],[25.7271,44.1278],[25.7426,44.1314],[25.7448,44.1464],[25.7536,44.1518],[25.7736,44.134],[25.7481,44.1473],[25.7428,44.1298]]],[[[26.4159,44.1318],[26.4075,44.137],[26.4256,44.1343],[26.4292,44.1321],[26.4302,44.1267],[26.4309,44.1328],[26.4346,44.1339],[26.4396,44.1329],[26.4397,44.1399],[26.4479,44.1363],[26.4325,44.1258],[26.428,44.1265],[26.4159,44.1318]]],[[[26.0486,44.1432],[26.0425,44.1471],[26.0398,44.1532],[26.0486,44.1432]]],[[[26.0602,44.1526],[26.0406,44.1713],[26.1204,44.1928],[26.1346,44.1764],[26.0602,44.1526]]],[[[26.5576,44.2092],[26.5763,44.1938],[26.5913,44.1493],[26.6323,44.1319],[26.6379,44.0968],[26.6176,44.0795],[26.6054,44.0767],[26.6221,44.0733],[26.6216,44.0647],[26.6042,44.0766],[26.6337,44.0984],[26.628,44.1306],[26.585,44.1453],[26.5548,44.2071],[26.476,44.2269],[26.4331,44.1995],[26.2965,44.1701],[26.2582,44.1712],[26.1989,44.1899],[26.1797,44.211],[26.1584,44.2176],[26.1458,44.233],[26.09,44.2547],[26.0812,44.2668],[26.0568,44.2648],[25.9948,44.3064],[25.9742,44.3263],[25.9697,44.3168],[25.9573,44.3143],[25.9486,44.3173],[25.9451,44.3279],[25.9752,44.3276],[26.2586,44.1739],[26.4287,44.2021],[26.4453,44.2258],[26.4865,44.2301],[26.5576,44.2092]]],[[[26.4185,44.1852],[26.4304,44.1861],[26.429,44.1849],[26.4185,44.1852]]],[[[26.3664,44.2165],[26.3736,44.2131],[26.3702,44.2102],[26.3664,44.2165]]],[[[26.4014,44.2175],[26.4104,44.223],[26.4113,44.2192],[26.4014,44.2175]]],[[[25.7465,44.222],[25.7446,44.2137],[25.7544,44.2208],[25.7715,44.2109],[25.7441,44.2102],[25.7374,44.2263],[25.7465,44.222]]],[[[25.9237,44.2264],[25.919,44.2294],[25.9108,44.2277],[25.9012,44.2304],[25.8963,44.2283],[25.8885,44.2306],[25.8834,44.2285],[25.8537,44.2354],[25.8317,44.2331],[25.8038,44.2526],[25.9315,44.2304],[25.9306,44.2283],[25.9237,44.2264]]],[[[26.507,44.2311],[26.5174,44.2399],[26.5126,44.2394],[26.5065,44.2437],[26.5136,44.2473],[26.5195,44.2384],[26.507,44.2311]]],[[[26.2026,44.275],[26.2127,44.2812],[26.1992,44.2839],[26.1943,44.2941],[26.1953,44.2971],[26.2139,44.2819],[26.212,44.2612],[26.2026,44.275]]],[[[26.2873,44.3163],[26.2953,44.3193],[26.3002,44.3176],[26.3116,44.305],[26.3102,44.3018],[26.3281,44.2933],[26.3484,44.2712],[26.3624,44.2815],[26.3722,44.2785],[26.3712,44.2691],[26.3702,44.2781],[26.3503,44.2702],[26.3389,44.2754],[26.3271,44.2931],[26.3094,44.3009],[26.2982,44.3176],[26.295,44.3154],[26.282,44.3163],[26.2682,44.333],[26.2873,44.3163]]],[[[25.725,44.3359],[25.7157,44.3392],[25.7137,44.3415],[25.7268,44.3368],[25.725,44.3359]]],[[[26.2496,44.3436],[26.2519,44.3492],[26.2509,44.3449],[26.2496,44.3436]]],[[[25.8012,44.3498],[25.7985,44.3377],[25.7795,44.3553],[25.7775,44.3652],[25.7807,44.3715],[25.8012,44.3498]]],[[[25.9038,44.3491],[25.904,44.3415],[25.8611,44.3687],[25.9038,44.3491]]],[[[25.9237,44.3901],[25.9066,44.3987],[25.9244,44.3913],[25.9237,44.3901]]],[[[25.7358,44.3842],[25.7316,44.3834],[25.7288,44.3864],[25.728,44.3951],[25.7211,44.3868],[25.7029,44.399],[25.7375,44.3966],[25.7358,44.3842]]],[[[25.9063,44.4004],[25.8801,44.4053],[25.8551,44.4152],[25.8434,44.4224],[25.9063,44.4004]]],[[[25.8884,44.4242],[25.8902,44.4302],[25.8836,44.4292],[25.8802,44.4327],[25.8929,44.4308],[25.902,44.4173],[25.9092,44.4187],[25.9022,44.4162],[25.8884,44.4242]]],[[[26.3335,44.5126],[26.3345,44.5068],[26.3246,44.4853],[26.3104,44.4741],[26.3375,44.4488],[26.3408,44.4356],[26.3323,44.4284],[26.3462,44.4287],[26.351,44.4224],[26.3529,44.4099],[26.3468,44.4036],[26.3579,44.3948],[26.3555,44.3705],[26.3137,44.4708],[26.3037,44.4742],[26.3303,44.4999],[26.2929,44.5113],[26.2843,44.519],[26.2746,44.5375],[26.3335,44.5126]]],[[[26.2849,44.4805],[26.2829,44.4869],[26.2732,44.4842],[26.2711,44.4855],[26.2711,44.4909],[26.2825,44.4878],[26.3037,44.4742],[26.2849,44.4805]]],[[[26.2581,44.488],[26.2507,44.4904],[26.2493,44.4946],[26.242,44.4968],[26.239,44.5005],[26.2385,44.5055],[26.2533,44.5192],[26.2145,44.5328],[26.2103,44.5362],[26.1779,44.5321],[26.1757,44.5337],[26.1746,44.5378],[26.2112,44.5371],[26.2537,44.5202],[26.2542,44.5149],[26.2401,44.5054],[26.2411,44.4991],[26.2711,44.4909],[26.2581,44.488]]],[[[25.7043,44.4538],[25.701,44.4563],[25.7202,44.4533],[25.7043,44.4538]]],[[[26.0843,44.4868],[26.0784,44.477],[26.1238,44.4737],[26.1271,44.467],[26.0972,44.466],[26.0262,44.5038],[26.0843,44.4868]]],[[[26.1367,44.4957],[26.1246,44.4981],[26.1391,44.4964],[26.1367,44.4957]]],[[[26.0133,44.5049],[26.0246,44.5054],[26.0094,44.5001],[26.0133,44.5049]]],[[[26.1686,44.5305],[26.1706,44.5252],[26.162,44.5275],[26.1686,44.5305]]],[[[26.4767,44.6019],[26.4945,44.6046],[26.4987,44.602],[26.4973,44.5946],[26.504,44.5946],[26.5233,44.606],[26.5248,44.6053],[26.5064,44.5886],[26.5366,44.5996],[26.5245,44.5683],[26.536,44.5736],[26.5488,44.574],[26.4888,44.5342],[26.4908,44.5294],[26.4905,44.5352],[26.5017,44.5357],[26.5103,44.5293],[26.5037,44.5045],[26.5109,44.508],[26.5218,44.5055],[26.5342,44.4869],[26.5029,44.5017],[26.507,44.5254],[26.4883,44.5287],[26.471,44.546],[26.5243,44.5666],[26.5164,44.588],[26.5064,44.5873],[26.4959,44.5934],[26.4943,44.6036],[26.4735,44.5999],[26.4721,44.6282],[26.4648,44.6256],[26.448,44.6295],[26.4289,44.6215],[26.4102,44.6173],[26.4086,44.6191],[26.4494,44.6308],[26.4744,44.6293],[26.4767,44.6019]],[[26.5211,44.5045],[26.5091,44.5063],[26.5124,44.5023],[26.5211,44.5045]]],[[[26.3064,44.5866],[26.3084,44.5757],[26.3192,44.5777],[26.3275,44.572],[26.355,44.5748],[26.3818,44.5625],[26.3821,44.5528],[26.3955,44.5584],[26.4519,44.5482],[26.381,44.5515],[26.3534,44.5724],[26.3261,44.5616],[26.2547,44.6146],[26.2206,44.6087],[26.2473,44.617],[26.2625,44.6143],[26.3064,44.5866]]],[[[25.822,44.6308],[25.8314,44.6322],[25.8577,44.6231],[25.8916,44.6001],[25.8633,44.606],[25.8574,44.6194],[25.8406,44.6191],[25.8186,44.63],[25.8084,44.6408],[25.822,44.6308]]],[[[26.2188,44.6441],[26.1755,44.6305],[26.1205,44.6215],[26.0907,44.6205],[26.0873,44.6239],[26.0836,44.6166],[26.044,44.5957],[25.9989,44.5988],[26.0416,44.5968],[26.086,44.6252],[26.1752,44.632],[26.2438,44.6638],[26.2188,44.6441]]],[[[25.949,44.6544],[25.9476,44.6507],[25.9406,44.6499],[25.949,44.6544]]],[[[26.2278,44.6809],[26.2101,44.6664],[26.1984,44.6639],[26.1903,44.6643],[26.1842,44.6697],[26.1796,44.6632],[26.1738,44.6642],[26.1621,44.659],[26.1553,44.6601],[26.1447,44.6553],[26.1387,44.6555],[26.2275,44.6833],[26.2523,44.6812],[26.2278,44.6809]]],[[[26.308,44.6647],[26.309,44.6679],[26.2963,44.6679],[26.2932,44.67],[26.2934,44.6727],[26.3205,44.6666],[26.308,44.6647]]],[[[26.0011,44.6695],[26.0,44.6742],[26.0506,44.678],[26.0011,44.6695]]],[[[25.9365,44.6859],[25.9643,44.6861],[25.9858,44.6735],[25.9249,44.6826],[25.9365,44.6859]]],[[[26.2974,44.7078],[26.2953,44.7027],[26.3092,44.7048],[26.3202,44.7004],[26.3243,44.6961],[26.3239,44.6912],[26.3279,44.6917],[26.3332,44.6884],[26.3377,44.6895],[26.347,44.685],[26.3525,44.6888],[26.3693,44.6893],[26.3777,44.6871],[26.3806,44.6923],[26.3857,44.6933],[26.397,44.6881],[26.346,44.6844],[26.3222,44.6909],[26.3196,44.6997],[26.2944,44.7021],[26.2648,44.7229],[26.2974,44.7078]]],[[[26.4595,44.7249],[26.46,44.7237],[26.4547,44.7217],[26.4507,44.7227],[26.4433,44.7327],[26.4438,44.7392],[26.4595,44.7249]]],[[[26.1948,44.7383],[26.206,44.7359],[26.204,44.7344],[26.1948,44.7383]]],[[[25.8803,44.7582],[25.8721,44.7583],[25.8939,44.7584],[25.8803,44.7582]]],[[[26.4282,44.7604],[26.4206,44.7636],[26.4421,44.7621],[26.4451,44.7578],[26.4282,44.7604]]],[[[25.764,44.7966],[25.8323,44.7715],[25.8354,44.7291],[25.8958,44.7416],[25.8994,44.7401],[25.9008,44.7377],[25.8965,44.7347],[25.9054,44.7396],[25.9075,44.7386],[25.9075,44.734],[25.9177,44.7377],[25.9188,44.7342],[25.9236,44.7441],[25.9344,44.749],[25.9516,44.7445],[25.9355,44.7575],[25.9346,44.7623],[25.9362,44.7624],[25.9674,44.738],[25.9351,44.7486],[25.9198,44.7338],[25.8321,44.7276],[25.8297,44.7702],[25.6999,44.7976],[25.6714,44.8139],[25.6458,44.8519],[25.581,44.8889],[25.5718,44.9036],[25.5051,44.9168],[25.4436,44.9409],[25.4431,44.9491],[25.4352,44.9482],[25.4176,44.9562],[25.3884,44.986],[25.3916,45.0045],[25.4094,45.018],[25.3949,45.0015],[25.4448,44.9822],[25.4476,44.9655],[25.4122,44.9655],[25.4437,44.9508],[25.4462,44.9419],[25.5722,44.9057],[25.6375,44.8623],[25.6763,44.8145],[25.764,44.7966]],[[25.4082,44.9676],[25.4294,44.9727],[25.409,44.987],[25.4082,44.9676]]],[[[25.9874,44.7465],[26.0226,44.743],[25.9732,44.736],[25.9674,44.738],[25.9874,44.7465]]],[[[26.0805,44.7905],[26.0802,44.7972],[26.0899,44.7953],[26.0805,44.7905]]],[[[26.4875,44.8351],[26.4889,44.8359],[26.4869,44.8208],[26.4875,44.8351]]],[[[26.5161,44.863],[26.5054,44.8768],[26.5296,44.8666],[26.5161,44.863]]],[[[26.1532,44.8805],[26.1548,44.8725],[26.1523,44.8712],[26.1501,44.8798],[26.1567,44.8877],[26.1637,44.8901],[26.1532,44.8805]]],[[[26.3843,44.8901],[26.3786,44.8942],[26.3958,44.891],[26.3843,44.8901]]],[[[26.1469,44.9091],[26.1087,44.9534],[26.1284,44.9448],[26.1469,44.9091]]],[[[25.6416,45.0034],[25.6415,44.9966],[25.6363,44.9934],[25.6436,44.9829],[25.6427,44.97],[25.6516,44.9601],[25.6674,44.957],[25.6931,44.9393],[25.7088,44.9115],[25.6865,44.9436],[25.6511,44.9577],[25.6397,44.9708],[25.6347,44.9927],[25.639,44.9977],[25.6348,45.0097],[25.6381,45.0164],[25.6416,45.0034]]],[[[26.0343,45.1014],[26.0318,45.0947],[25.9887,45.0555],[25.9965,45.0343],[25.9926,45.0275],[26.0339,44.9733],[26.0839,44.9583],[26.0466,44.9666],[26.0249,44.9773],[25.9902,45.0275],[25.9938,45.0354],[25.9833,45.0452],[26.005,45.0993],[26.0285,45.0947],[26.0308,45.1223],[26.0343,45.1014]]],[[[25.6178,45.2828],[25.6379,45.2269],[25.6898,45.1756],[25.6994,45.1429],[25.7118,45.1387],[25.7505,45.106],[25.7686,45.1523],[25.7532,45.0854],[25.7688,45.0742],[25.8002,45.0084],[25.8287,44.9229],[25.8843,44.8758],[25.8865,44.8685],[25.8789,44.864],[25.8819,44.8577],[25.9355,44.8534],[25.9438,44.8405],[25.9627,44.8425],[25.9798,44.8353],[25.9836,44.8385],[26.0174,44.8268],[26.0349,44.8118],[25.8774,44.8561],[25.8112,44.9452],[25.7667,45.0736],[25.7516,45.0802],[25.7168,45.132],[25.6984,45.1415],[25.6344,45.2278],[25.6138,45.283],[25.5916,45.297],[25.6178,45.2828]]],[[[26.2482,45.073],[26.2444,45.0717],[26.2428,45.0966],[26.2482,45.073]]],[[[26.2342,45.0988],[26.2157,45.1062],[26.2191,45.1094],[26.2342,45.0988]]],[[[25.9039,45.1925],[25.9468,45.1773],[25.9704,45.176],[25.9786,45.1711],[25.983,45.1513],[25.9985,45.1346],[26.0053,45.1113],[25.9815,45.1503],[25.9738,45.1724],[25.9496,45.1757],[25.9051,45.1903],[25.8955,45.1977],[25.8857,45.2202],[25.8706,45.2277],[25.8848,45.2235],[25.8998,45.1965],[25.8964,45.2365],[25.9039,45.1925]]],[[[25.7476,45.1898],[25.7491,45.1909],[25.7621,45.1676],[25.7476,45.1898]]],[[[26.0582,45.1906],[26.0538,45.184],[26.0365,45.2554],[26.0582,45.1906]]],[[[25.7416,45.2164],[25.7476,45.1963],[25.7296,45.2279],[25.7286,45.2373],[25.7361,45.2461],[25.7416,45.2164]]],[[[26.0307,45.3039],[26.0373,45.3136],[26.0357,45.29],[26.0307,45.3039]]],[[[26.1988,45.31],[26.1909,45.3122],[26.2201,45.3106],[26.1988,45.31]]],[[[25.8367,45.7206],[25.8309,45.7184],[25.8266,45.7095],[25.8205,45.707],[25.8213,45.7004],[25.8142,45.6858],[25.7451,45.6304],[25.747,45.6218],[25.7456,45.604],[25.7646,45.5861],[25.761,45.585],[25.7481,45.5944],[25.7418,45.6136],[25.7423,45.63],[25.8123,45.687],[25.8189,45.708],[25.8262,45.7108],[25.8305,45.7191],[25.8361,45.7219],[25.8353,45.7257],[25.8402,45.7343],[25.836,45.7382],[25.8382,45.7469],[25.8413,45.7337],[25.8367,45.7206]]],[[[25.7992,45.8296],[25.7768,45.7976],[25.7773,45.8131],[25.7964,45.8294],[25.7918,45.8406],[25.802,45.8478],[25.8017,45.8697],[25.812,45.8795],[25.7992,45.8296]]],[[[26.2789,45.9266],[26.2544,45.9385],[26.2693,45.9325],[26.2789,45.9266]]],[[[25.8985,46.1358],[25.9074,46.137],[25.9085,46.1307],[25.8985,46.1358]]],[[[25.8849,46.2443],[25.8772,46.2487],[25.8864,46.2538],[25.8849,46.2443]]],[[[25.8712,46.252],[25.8693,46.2517],[25.8643,46.2557],[25.8712,46.252]]],[[[26.1583,46.5285],[26.1856,46.5156],[26.2019,46.5049],[26.2208,46.481],[26.2637,46.4694],[26.2973,46.4458],[26.2176,46.4807],[26.1976,46.5073],[26.1254,46.5316],[26.111,46.5425],[26.1063,46.5501],[26.1583,46.5285]]],[[[26.281,46.9292],[26.2617,46.9336],[26.2549,46.9382],[26.3101,46.9285],[26.281,46.9292]]],[[[26.543,46.8947],[26.5425,46.8859],[26.5314,46.8718],[26.5248,46.8666],[26.5288,46.8655],[26.5303,46.8575],[26.5236,46.8669],[26.5408,46.8951],[26.4387,47.0251],[26.543,46.8947]]],[[[26.3265,47.0856],[26.2871,47.104],[26.2555,47.099],[26.1958,47.1144],[26.1515,47.0989],[26.1378,47.1033],[26.1962,47.1156],[26.2543,47.1004],[26.2865,47.1054],[26.3265,47.0856]]],[[[25.9171,47.1131],[25.9115,47.1182],[25.9367,47.1144],[25.9171,47.1131]]],[[[25.9592,47.9],[26.0263,47.8505],[26.0086,47.7912],[26.0419,47.7567],[26.0907,47.7302],[26.0915,47.7227],[26.2528,47.6716],[26.3025,47.6455],[26.3196,47.6274],[26.3205,47.6196],[26.3421,47.6113],[26.3605,47.6005],[26.4067,47.6058],[26.4337,47.6032],[26.4522,47.597],[26.5281,47.5465],[26.5457,47.5199],[26.5515,47.5272],[26.5635,47.5254],[26.5669,47.5363],[26.5763,47.5378],[26.5679,47.5397],[26.5535,47.5733],[26.5588,47.5773],[26.541,47.5809],[26.5352,47.5967],[26.5491,47.6086],[26.5342,47.6198],[26.533,47.6395],[26.5418,47.6451],[26.5113,47.6501],[26.4833,47.6632],[26.4787,47.6791],[26.4868,47.6834],[26.4649,47.6897],[26.4683,47.6979],[26.458,47.6933],[26.4514,47.7044],[26.4564,47.7098],[26.4477,47.713],[26.4477,47.7191],[26.4408,47.7154],[26.4349,47.7163],[26.4353,47.7227],[26.4194,47.7185],[26.4069,47.7241],[26.405,47.7311],[26.3945,47.7336],[26.3898,47.7448],[26.4054,47.7591],[26.3755,47.7689],[26.3647,47.7789],[26.4068,47.7603],[26.3914,47.7442],[26.4077,47.7308],[26.408,47.7249],[26.4378,47.7232],[26.4395,47.7166],[26.4486,47.7209],[26.4874,47.6843],[26.4924,47.6632],[26.5435,47.6457],[26.5527,47.6074],[26.5382,47.5969],[26.5605,47.578],[26.5781,47.538],[26.5519,47.5055],[26.5787,47.4997],[26.593,47.4873],[26.5976,47.4712],[26.5869,47.4645],[26.5983,47.4629],[26.6036,47.4523],[26.6005,47.4471],[26.6388,47.433],[26.6467,47.4192],[26.6374,47.4033],[26.6656,47.3902],[26.6792,47.3769],[26.6798,47.3736],[26.6662,47.3667],[26.6785,47.3626],[26.6753,47.3557],[26.6873,47.3581],[26.6943,47.3444],[26.7039,47.3477],[26.7082,47.346],[26.7089,47.3403],[26.7031,47.3366],[26.7138,47.3256],[26.7092,47.3135],[26.7251,47.3128],[26.7533,47.2896],[26.7534,47.282],[26.7607,47.2727],[26.7645,47.2563],[26.7546,47.2442],[26.7681,47.2329],[26.7673,47.2267],[26.7767,47.227],[26.7847,47.2189],[26.7808,47.2136],[26.7739,47.2152],[26.7741,47.2121],[26.7895,47.2094],[26.7923,47.2036],[26.7917,47.2012],[26.7849,47.2015],[26.7844,47.1961],[26.7825,47.1955],[26.7677,47.1983],[26.7733,47.1902],[26.7691,47.1839],[26.7737,47.1817],[26.7805,47.1852],[26.7839,47.184],[26.783,47.1809],[26.7769,47.1752],[26.7876,47.1678],[26.7818,47.1617],[26.7931,47.1595],[26.792,47.1486],[26.8006,47.1527],[26.8054,47.1503],[26.8058,47.1292],[26.8174,47.1357],[26.8438,47.1304],[26.8438,47.1226],[26.8518,47.1267],[26.8542,47.1262],[26.8871,47.1049],[26.8929,47.0978],[26.8853,47.0859],[26.8931,47.0909],[26.8977,47.0904],[26.9107,47.0828],[26.9119,47.0789],[26.9087,47.0754],[26.9166,47.0752],[26.9288,47.0636],[26.9299,47.0468],[26.9235,47.0421],[26.9283,47.0422],[26.9371,47.0394],[26.9477,47.0308],[26.9486,47.0201],[26.9708,47.0133],[26.9694,47.0093],[26.9623,47.0068],[26.9689,46.9979],[26.9623,46.9887],[26.9773,46.9899],[26.9856,46.985],[26.9939,46.9626],[26.9956,46.9573],[26.994,46.9554],[26.9807,46.9566],[26.9912,46.9522],[26.9921,46.9473],[26.9897,46.9432],[26.9825,46.9426],[26.9787,46.9368],[26.9916,46.9229],[26.9923,46.9181],[26.9884,46.9169],[26.976,46.9368],[26.99,46.9522],[26.9775,46.9561],[26.9808,46.9588],[26.9941,46.9573],[26.9606,46.9898],[26.9599,47.0062],[26.9693,47.0114],[26.9471,47.0199],[26.9354,47.0391],[26.9222,47.0417],[26.9262,47.0616],[26.8838,47.0854],[26.8849,47.1049],[26.8046,47.129],[26.7801,47.1606],[26.7751,47.1747],[26.7827,47.1837],[26.7734,47.1805],[26.7679,47.1835],[26.7665,47.1996],[26.7909,47.2026],[26.7714,47.2128],[26.7769,47.2255],[26.7668,47.2255],[26.749,47.2427],[26.7522,47.288],[26.7064,47.3136],[26.7001,47.3362],[26.7075,47.3448],[26.6955,47.3425],[26.6731,47.3542],[26.6626,47.3686],[26.6775,47.377],[26.6321,47.4037],[26.6379,47.4322],[26.5952,47.4453],[26.5852,47.4638],[26.5876,47.4886],[26.5569,47.4965],[26.5265,47.5456],[26.4507,47.5959],[26.3593,47.5991],[26.3209,47.6178],[26.2532,47.67],[26.1339,47.6975],[26.1178,47.7118],[26.0952,47.7174],[26.0373,47.7564],[26.0051,47.7901],[26.0097,47.8008],[25.9916,47.8016],[25.9753,47.8077],[25.9549,47.8209],[25.9315,47.8167],[25.8988,47.8255],[25.8475,47.8164],[25.8307,47.8166],[25.7568,47.7718],[25.7377,47.7818],[25.7774,47.8033],[25.8229,47.818],[25.8728,47.8269],[25.957,47.8226],[26.0064,47.8026],[26.0256,47.8491],[25.9493,47.9012],[25.8691,47.9246],[25.7273,47.9045],[25.6265,47.9199],[25.6176,47.8724],[25.6137,47.9172],[25.4482,47.8966],[25.6345,47.9256],[25.7267,47.9067],[25.8607,47.9273],[25.9592,47.9]]],[[[26.9797,46.9143],[26.9756,46.9046],[26.9625,46.8995],[26.9782,46.8879],[26.978,46.8849],[26.9736,46.8816],[26.9509,46.881],[26.9636,46.8728],[26.9367,46.8329],[26.9244,46.8342],[26.9151,46.8396],[26.9152,46.8241],[26.9026,46.8226],[26.9183,46.8202],[26.9076,46.8036],[26.9211,46.7909],[26.9162,46.786],[26.9405,46.7845],[26.9488,46.7703],[26.9478,46.7562],[26.9354,46.7448],[26.95,46.7449],[26.9554,46.7298],[26.9307,46.7166],[26.9325,46.7123],[26.9493,46.7101],[26.9522,46.707],[26.9432,46.6996],[26.9338,46.6959],[26.9483,46.6873],[26.9468,46.6792],[26.9576,46.6752],[26.9581,46.662],[26.9481,46.6574],[26.9603,46.6564],[26.97,46.6464],[26.9682,46.6421],[26.955,46.6387],[26.9772,46.6377],[26.9793,46.6312],[26.9899,46.6349],[26.9947,46.6304],[26.9916,46.6007],[26.9852,46.5968],[26.9756,46.5965],[26.9729,46.5924],[27.0036,46.5725],[27.0074,46.5392],[26.9881,46.5373],[26.9984,46.5239],[26.9878,46.4927],[26.956,46.4672],[26.9504,46.4446],[26.9611,46.4262],[26.9578,46.4221],[26.9731,46.4024],[26.9548,46.4237],[26.9465,46.4506],[26.9543,46.5049],[26.9274,46.5572],[26.9596,46.5023],[26.9765,46.5089],[26.9642,46.5259],[26.9576,46.5287],[26.9407,46.5513],[26.9327,46.5571],[26.9322,46.5596],[26.9454,46.5471],[26.9598,46.5281],[26.9655,46.5261],[26.9768,46.5101],[26.9895,46.5126],[26.9761,46.5211],[27.0017,46.5708],[26.9776,46.5785],[26.9702,46.5948],[26.9887,46.6023],[26.9765,46.6003],[26.9698,46.6055],[26.9916,46.6306],[26.9781,46.6284],[26.9525,46.6389],[26.9673,46.6472],[26.9458,46.6579],[26.9303,46.6981],[26.9493,46.7089],[26.9291,46.7128],[26.9307,46.7232],[26.9527,46.7294],[26.934,46.7436],[26.9477,46.7685],[26.914,46.7844],[26.9003,46.8218],[26.915,46.8422],[26.9357,46.8357],[26.9498,46.8826],[26.9762,46.8852],[26.9608,46.8986],[26.9722,46.9082],[26.9255,46.9112],[26.8976,46.9252],[26.8301,46.9636],[26.7406,47.0467],[26.715,47.052],[26.6748,47.065],[26.6359,47.0923],[26.6128,47.1601],[26.6181,47.1802],[26.5729,47.2195],[26.565,47.2349],[26.4591,47.2039],[26.3882,47.1957],[26.3634,47.1981],[26.3448,47.2047],[26.3318,47.2119],[26.3247,47.2201],[26.1884,47.2188],[26.0884,47.2275],[26.0829,47.2304],[26.0755,47.2383],[26.3216,47.2225],[26.247,47.2383],[26.2564,47.2388],[26.3108,47.2303],[26.3866,47.197],[26.5543,47.2397],[26.5076,47.263],[26.3964,47.3509],[26.3656,47.3595],[26.3142,47.3918],[26.2597,47.396],[26.1878,47.4143],[26.1197,47.4634],[26.0697,47.4206],[26.0203,47.3955],[26.1156,47.4644],[26.087,47.4804],[26.0019,47.4414],[25.9796,47.4346],[25.9734,47.436],[25.9686,47.4321],[25.9548,47.4293],[26.0825,47.4828],[26.0236,47.5004],[25.9307,47.537],[25.9154,47.5474],[25.8577,47.5355],[25.8053,47.5455],[25.8034,47.5104],[25.7839,47.4843],[25.7622,47.4721],[25.7834,47.4553],[25.7829,47.452],[25.7596,47.4722],[25.8007,47.5135],[25.8001,47.5429],[25.6973,47.5623],[25.6962,47.5714],[25.7941,47.5456],[25.9175,47.5498],[26.076,47.4921],[26.1658,47.4415],[26.1864,47.4181],[26.3144,47.3962],[26.3952,47.3575],[26.4779,47.3022],[26.4994,47.2721],[26.5618,47.2425],[26.6131,47.1966],[26.6269,47.1709],[26.6153,47.1583],[26.645,47.0899],[26.7387,47.0511],[26.8293,46.9693],[26.9259,46.9125],[26.9884,46.9169],[26.9797,46.9143]],[[26.4832,47.2843],[26.4901,47.2824],[26.4784,47.3],[26.4657,47.3043],[26.4832,47.2843]],[[26.0754,47.486],[26.0799,47.4864],[26.0727,47.4909],[26.0754,47.486]]],[[[26.2317,47.3508],[26.1558,47.3682],[26.227,47.3526],[26.2851,47.3616],[26.2317,47.3508]]],[[[25.8678,47.5914],[25.8688,47.581],[25.8839,47.5663],[25.8868,47.5543],[25.8503,47.6081],[25.8678,47.5914]]],[[[26.2436,47.5902],[26.2371,47.5871],[26.2351,47.5937],[26.2367,47.6009],[26.2436,47.5902]]],[[[26.5231,47.688],[26.5307,47.6881],[26.5232,47.6813],[26.5231,47.688]]],[[[26.3204,47.8094],[26.316,47.8267],[26.3239,47.8303],[26.3112,47.8285],[26.2992,47.8356],[26.2981,47.8395],[26.3012,47.8409],[26.3058,47.8397],[26.3002,47.8374],[26.326,47.8313],[26.3475,47.7923],[26.3204,47.8094]]],[[[26.3012,47.8441],[26.3014,47.8473],[26.3109,47.8481],[26.3045,47.8551],[26.3006,47.854],[26.2964,47.8546],[26.2915,47.8634],[26.2767,47.8672],[26.2803,47.8563],[26.2305,47.898],[26.2246,47.8935],[26.2164,47.8957],[26.2178,47.8903],[26.1996,47.8823],[26.1954,47.8903],[26.1854,47.8916],[26.1812,47.8985],[26.184,47.9191],[26.1653,47.92],[26.1489,47.9291],[26.1855,47.9197],[26.2009,47.8836],[26.2151,47.897],[26.2305,47.8996],[26.3059,47.8555],[26.3131,47.8485],[26.3027,47.8457],[26.308,47.8406],[26.3058,47.8397],[26.3012,47.8441]]],[[[26.0732,47.8306],[26.0771,47.8363],[26.0833,47.8356],[26.0732,47.8306]]],[[[26.5347,47.8351],[26.5072,47.8381],[26.517,47.8428],[26.5347,47.8351]]],[[[26.4821,47.8453],[26.4794,47.8496],[26.4826,47.8525],[26.4861,47.846],[26.4821,47.8453]]],[[[26.4626,47.9038],[26.4557,47.9099],[26.4617,47.909],[26.4626,47.9038]]],[[[26.0883,47.9576],[26.1271,47.9546],[26.1284,47.9464],[26.0883,47.9576]]],[[[26.3628,47.9728],[26.3813,47.9766],[26.3773,47.971],[26.3628,47.9728]]],[[[26.0385,47.9826],[26.0473,47.9775],[26.062,47.9637],[26.087,47.9568],[26.0658,47.9604],[26.0276,47.9817],[26.0293,47.9896],[26.0197,47.9881],[26.0176,47.9907],[26.0305,47.9904],[26.0385,47.9826]]],[[[26.4093,47.9727],[26.3979,47.9793],[26.3861,47.9889],[26.4093,47.9727]]],[[[26.4456,47.9749],[26.4201,47.9855],[26.4313,47.987],[26.4456,47.9749]]],[[[26.3636,47.9871],[26.3582,47.9838],[26.3503,48.0028],[26.3572,48.0144],[26.3636,47.9871]]],[[[26.4578,48.0065],[26.4406,48.0126],[26.4436,48.0137],[26.4689,48.0021],[26.4578,48.0065]]],[[[26.4992,48.033],[26.4996,48.0307],[26.4884,48.0385],[26.4992,48.033]]],[[[26.5069,48.0664],[26.5135,48.0675],[26.5065,48.0587],[26.5069,48.0664]]],[[[26.4853,48.21],[26.4727,48.2072],[26.4744,48.2174],[26.4603,48.2066],[26.4031,48.1883],[26.3998,48.1896],[26.3858,48.1861],[26.3789,48.1872],[26.3777,48.1985],[26.4037,48.1896],[26.4735,48.2186],[26.4811,48.214],[26.492,48.2187],[26.5259,48.2138],[26.5301,48.2102],[26.5498,48.226],[26.5718,48.2195],[26.5681,48.2322],[26.5703,48.2387],[26.5766,48.244],[26.588,48.2475],[26.6017,48.2383],[26.61,48.2416],[26.6215,48.2413],[26.6216,48.2433],[26.6171,48.2453],[26.6142,48.2511],[26.6332,48.2621],[26.6383,48.2616],[26.6461,48.2527],[26.6596,48.2645],[26.6658,48.2629],[26.6677,48.2589],[26.663,48.2524],[26.6663,48.2467],[26.6992,48.2657],[26.7047,48.2641],[26.7087,48.2532],[26.7246,48.2458],[26.7328,48.2546],[26.7374,48.245],[26.7551,48.2487],[26.7656,48.2487],[26.7841,48.2436],[26.7861,48.25],[26.8096,48.2551],[26.8268,48.245],[26.8329,48.2265],[26.8413,48.2284],[26.8472,48.2339],[26.8526,48.2349],[26.9087,48.2027],[26.9108,48.1996],[26.9087,48.1957],[26.8934,48.1919],[26.9034,48.1813],[26.9205,48.1828],[26.9129,48.1957],[26.9125,48.1977],[26.9157,48.1998],[26.9291,48.2007],[26.9391,48.199],[26.9462,48.1952],[26.951,48.1887],[26.9504,48.1832],[26.9345,48.1658],[26.9763,48.1612],[26.9857,48.1576],[26.9924,48.1519],[26.9902,48.1456],[26.9799,48.143],[26.9537,48.1505],[26.9585,48.1341],[26.9853,48.1291],[27.0,48.1223],[27.0186,48.1388],[27.023,48.1397],[27.03,48.1371],[27.0255,48.1245],[27.04,48.1316],[27.0429,48.1053],[27.0282,48.0877],[27.0417,48.0831],[27.0461,48.0697],[27.081,48.0532],[27.0874,48.0343],[27.0988,48.0362],[27.1091,48.0325],[27.092,48.0087],[27.1195,48.0167],[27.1356,48.0136],[27.1355,47.9895],[27.1252,48.0097],[27.0899,48.0069],[27.1033,48.033],[27.0842,48.0335],[27.0254,48.0878],[27.0386,48.1284],[27.0245,48.1237],[27.02,48.1378],[27.0001,48.1211],[26.96,48.1324],[26.9518,48.1379],[26.9515,48.1507],[26.9911,48.1492],[26.9337,48.1642],[26.9441,48.1946],[26.9152,48.1985],[26.9219,48.1823],[26.9027,48.1804],[26.8919,48.1918],[26.9085,48.201],[26.8312,48.226],[26.8091,48.254],[26.7841,48.2426],[26.7236,48.2451],[26.7077,48.2526],[26.7007,48.2649],[26.6926,48.2541],[26.6851,48.2496],[26.6664,48.2458],[26.6618,48.2517],[26.6662,48.2607],[26.6617,48.2639],[26.6464,48.2521],[26.6342,48.2616],[26.6216,48.2403],[26.5988,48.2377],[26.5879,48.2466],[26.5749,48.2412],[26.569,48.2319],[26.5738,48.224],[26.5732,48.22],[26.5713,48.2187],[26.5503,48.2249],[26.532,48.2092],[26.4928,48.2179],[26.4853,48.21]],[[26.6917,48.2541],[26.692,48.2551],[26.6824,48.2541],[26.6917,48.2541]]],[[[26.374,48.1916],[26.36,48.1845],[26.356,48.1851],[26.3509,48.1915],[26.3512,48.1848],[26.3482,48.1825],[26.3412,48.1819],[26.3346,48.1835],[26.3327,48.1854],[26.3281,48.1833],[26.3234,48.1848],[26.3761,48.1991],[26.3777,48.1985],[26.374,48.1916]]],[[[27.0183,42.7183],[27.0158,42.7119],[27.0117,42.7124],[27.0183,42.7183]]],[[[27.0469,43.1602],[27.0577,43.1648],[27.0526,43.1575],[27.0469,43.1602]]],[[[26.5356,44.0175],[26.529,44.0172],[26.5406,44.0286],[26.5548,44.0255],[26.5356,44.0175]]],[[[26.9003,44.0982],[26.9099,44.0917],[26.9049,44.0882],[26.898,44.0985],[26.8999,44.1107],[26.9176,44.1169],[26.9003,44.0982]]],[[[27.0966,44.0975],[27.0657,44.0873],[27.0702,44.0977],[27.0638,44.1003],[27.0573,44.1103],[27.0593,44.1269],[27.0796,44.118],[27.0966,44.0975]],[[27.0742,44.1121],[27.0591,44.1113],[27.0809,44.1008],[27.0742,44.1121]]],[[[26.7143,44.1385],[26.7125,44.1401],[26.7357,44.1483],[26.7466,44.1407],[26.7143,44.1385]]],[[[26.9724,44.1414],[26.9512,44.1749],[26.9521,44.1977],[26.9367,44.2121],[26.9329,44.2208],[26.9531,44.2004],[26.9724,44.1414]]],[[[26.5815,44.2055],[26.5772,44.2137],[26.5852,44.221],[26.5815,44.2055]]],[[[26.5928,44.2405],[26.5823,44.2365],[26.5939,44.2499],[26.5964,44.2482],[26.604,44.2547],[26.6079,44.2545],[26.5928,44.2405]]],[[[27.0849,44.3415],[27.0846,44.3278],[27.0677,44.3096],[27.0726,44.3019],[27.0764,44.2647],[27.1162,44.2603],[27.1086,44.2737],[27.1152,44.2758],[27.1306,44.2501],[27.1501,44.2694],[27.1563,44.2719],[27.1692,44.2715],[27.1309,44.2447],[27.1313,44.2075],[27.1265,44.2529],[27.0702,44.2655],[27.0668,44.3096],[27.0783,44.3401],[27.069,44.3416],[27.0542,44.3589],[27.033,44.3401],[27.0023,44.3609],[27.0335,44.3416],[27.0515,44.3593],[27.0581,44.3585],[27.0849,44.3415]]],[[[26.8024,44.3917],[26.8493,44.3639],[26.8634,44.3485],[26.862,44.3451],[26.8678,44.3449],[26.8752,44.34],[26.884,44.3401],[26.9045,44.3323],[26.9247,44.3489],[26.9284,44.3587],[26.9224,44.3574],[26.9124,44.3611],[26.9095,44.3726],[26.9168,44.3918],[26.9008,44.3961],[26.8981,44.4122],[26.9195,44.3931],[26.9138,44.363],[26.9293,44.3594],[26.9248,44.3466],[26.9076,44.3325],[26.9082,44.315],[26.8573,44.2854],[26.9064,44.3288],[26.8613,44.344],[26.8413,44.3672],[26.8224,44.3675],[26.8009,44.3913],[26.7985,44.3982],[26.8058,44.4081],[26.8409,44.4228],[26.8024,44.3917]]],[[[26.7099,44.3775],[26.7129,44.3718],[26.7013,44.3651],[26.7159,44.3713],[26.7224,44.365],[26.6985,44.3646],[26.6924,44.3907],[26.7099,44.3775]]],[[[26.8032,44.4472],[26.7854,44.4313],[26.7865,44.418],[26.7419,44.3677],[26.7575,44.4123],[26.7059,44.4144],[26.6815,44.4372],[26.707,44.4153],[26.7432,44.424],[26.7582,44.4156],[26.7631,44.407],[26.7834,44.4182],[26.7825,44.4315],[26.7867,44.4394],[26.8019,44.448],[26.8004,44.4534],[26.8164,44.4704],[26.8289,44.477],[26.8032,44.4472]]],[[[26.4659,44.4855],[26.4759,44.4827],[26.485,44.4755],[26.5108,44.476],[26.5207,44.4705],[26.5342,44.4846],[26.587,44.4545],[26.5836,44.4393],[26.6039,44.4447],[26.6205,44.4372],[26.6315,44.4106],[26.6365,44.4156],[26.6552,44.4132],[26.6636,44.4033],[26.6532,44.3919],[26.6756,44.3993],[26.6941,44.394],[26.6756,44.397],[26.6707,44.3816],[26.6164,44.3716],[26.5952,44.3804],[26.6348,44.3764],[26.6587,44.4021],[26.6197,44.4073],[26.6182,44.4365],[26.5816,44.4372],[26.5844,44.4545],[26.5311,44.4727],[26.5195,44.4683],[26.4841,44.4744],[26.4633,44.4847],[26.4365,44.4727],[26.433,44.4916],[26.4052,44.4992],[26.4026,44.509],[26.3839,44.5108],[26.3804,44.5144],[26.4008,44.5112],[26.4063,44.5074],[26.4061,44.5003],[26.4344,44.4925],[26.4659,44.4855]]],[[[26.6306,44.4587],[26.6602,44.4556],[26.6845,44.4451],[26.6307,44.4563],[26.6296,44.4598],[26.6316,44.4672],[26.6082,44.4706],[26.5942,44.4831],[26.6308,44.4697],[26.6567,44.5051],[26.6713,44.5191],[26.686,44.5272],[26.6306,44.4587]]],[[[26.8361,44.4952],[26.8352,44.483],[26.8336,44.4844],[26.8361,44.4952]]],[[[27.0094,44.5592],[27.0126,44.5545],[27.0081,44.5541],[27.0094,44.5592]]],[[[26.9909,44.5694],[27.0015,44.5752],[26.9985,44.5716],[26.9909,44.5694]]],[[[26.5601,44.5813],[26.5733,44.5924],[26.5815,44.5911],[26.5601,44.5813]]],[[[27.0601,44.5861],[27.0592,44.5842],[27.0517,44.5866],[27.0601,44.5861]]],[[[26.9468,44.5912],[26.9467,44.5948],[26.9592,44.5938],[26.9468,44.5912]]],[[[26.9548,44.6629],[26.9503,44.6493],[26.9491,44.6565],[26.9548,44.6629]]],[[[27.0593,44.7238],[27.1,44.7069],[27.072,44.7178],[27.0593,44.7238]]],[[[26.6369,44.7164],[26.6298,44.7132],[26.6324,44.7236],[26.6369,44.7164]]],[[[26.5796,44.7183],[26.5724,44.7203],[26.5749,44.7239],[26.5796,44.7183]]],[[[26.5623,44.8381],[26.5771,44.8449],[26.5588,44.8263],[26.5623,44.8381]]],[[[27.0402,44.8359],[27.0317,44.8451],[27.0454,44.8499],[27.0402,44.8359]]],[[[26.6084,44.8475],[26.5748,44.8302],[26.6098,44.8593],[26.6306,44.8685],[26.6338,44.8662],[26.6084,44.8475]]],[[[26.5753,44.8742],[26.5769,44.881],[26.5856,44.8762],[26.5753,44.8742]]],[[[26.6571,44.8954],[26.6478,44.8935],[26.6562,44.9242],[26.6571,44.8954]]],[[[26.5578,44.9235],[26.566,44.9228],[26.5511,44.9146],[26.5578,44.9235]]],[[[26.6438,44.9514],[26.6492,44.9579],[26.6604,44.9626],[26.6504,44.9342],[26.6438,44.9514]]],[[[27.0745,44.987],[27.0907,44.9873],[27.0889,44.982],[27.0745,44.987]]],[[[27.1521,45.1069],[27.1441,45.1157],[27.1429,45.0995],[27.1292,45.0974],[27.1266,45.1072],[27.1169,45.0939],[27.0852,45.0952],[27.0593,45.0703],[27.0064,45.0753],[26.9495,45.1081],[27.0615,45.0734],[27.0848,45.0972],[27.1265,45.1092],[27.1403,45.1007],[27.1429,45.1167],[27.2164,45.1113],[27.1521,45.1069]]],[[[27.116,45.1086],[27.0949,45.1162],[27.1281,45.1267],[27.116,45.1086]]],[[[26.7736,45.3652],[26.7752,45.3499],[26.7645,45.3207],[26.7521,45.312],[26.7586,45.2953],[26.751,45.2933],[26.758,45.289],[26.76,45.2768],[26.7573,45.2532],[26.7484,45.2414],[26.7329,45.2332],[26.7493,45.2066],[26.7745,45.1788],[26.8163,45.1769],[26.8603,45.1621],[26.9387,45.1117],[26.7713,45.1794],[26.6759,45.2849],[26.6496,45.2797],[26.6301,45.2959],[26.6265,45.2887],[26.6229,45.289],[26.6142,45.2954],[26.599,45.2858],[26.5885,45.286],[26.5825,45.2882],[26.5666,45.2749],[26.5547,45.2733],[26.5513,45.2749],[26.5328,45.2665],[26.52,45.2662],[26.5154,45.2573],[26.5028,45.2527],[26.5014,45.2434],[26.4951,45.2373],[26.4896,45.2358],[26.4837,45.2363],[26.479,45.2388],[26.4632,45.236],[26.405,45.2411],[26.3847,45.2453],[26.3765,45.2528],[26.3665,45.2535],[26.3167,45.2392],[26.3024,45.2391],[26.238,45.2625],[26.2592,45.2756],[26.2524,45.278],[26.2339,45.3037],[26.2229,45.3066],[26.2452,45.3184],[26.2412,45.3267],[26.2258,45.3331],[26.2098,45.3517],[26.2445,45.3256],[26.2467,45.3189],[26.2426,45.2951],[26.2625,45.2742],[26.261,45.2634],[26.3068,45.2407],[26.3725,45.2555],[26.3655,45.2609],[26.3588,45.2733],[26.3676,45.3264],[26.3526,45.3346],[26.342,45.3569],[26.3686,45.3276],[26.3745,45.3077],[26.3608,45.2701],[26.3857,45.2463],[26.4103,45.247],[26.4939,45.2376],[26.5008,45.2529],[26.5182,45.2667],[26.5322,45.2676],[26.5521,45.2764],[26.5698,45.2785],[26.5598,45.2807],[26.5277,45.3023],[26.5136,45.3261],[26.5611,45.2819],[26.5774,45.2894],[26.5974,45.2869],[26.6164,45.2968],[26.6241,45.2909],[26.6249,45.2971],[26.68,45.2852],[26.733,45.2363],[26.7555,45.2541],[26.7495,45.2934],[26.7568,45.2953],[26.7497,45.313],[26.7736,45.3652]]],[[[26.8826,45.3099],[26.8759,45.3052],[26.8781,45.3023],[26.8749,45.2991],[26.8747,45.3063],[26.8919,45.3328],[26.8826,45.3099]]],[[[26.7456,45.4588],[26.7493,45.4475],[26.7367,45.4233],[26.7465,45.4213],[26.7613,45.4075],[26.7664,45.3874],[26.7615,45.3851],[26.7655,45.3774],[26.7346,45.424],[26.7439,45.4586],[26.7046,45.4747],[26.7456,45.4588]]],[[[26.9422,45.5233],[26.9112,45.4955],[26.931,45.4804],[26.9604,45.4761],[26.9747,45.4712],[26.986,45.4623],[27.0174,45.4276],[27.0226,45.4029],[26.9747,45.4693],[26.9302,45.4786],[26.9094,45.4935],[26.9387,45.5411],[26.9162,45.5539],[26.8933,45.5499],[26.8637,45.5618],[26.9158,45.5552],[26.9453,45.5381],[26.9422,45.5233]]],[[[26.6184,45.4829],[26.6075,45.4838],[26.64,45.4908],[26.6504,45.4877],[26.6184,45.4829]]],[[[27.0945,45.7426],[27.1238,45.7246],[27.1651,45.6665],[27.0949,45.7402],[27.0168,45.7694],[26.9796,45.7618],[26.9609,45.7684],[26.9331,45.7586],[26.8639,45.7927],[26.9329,45.7608],[26.9605,45.7691],[27.0143,45.7716],[27.0945,45.7426]]],[[[26.991,45.9074],[27.0404,45.8799],[27.0527,45.8715],[27.0766,45.8417],[27.2725,45.7786],[27.2826,45.7616],[27.2827,45.752],[27.2774,45.7493],[27.2799,45.7454],[27.2649,45.7441],[27.2746,45.7748],[27.1715,45.7972],[27.0751,45.8401],[27.0034,45.9],[26.9395,45.9161],[26.9222,45.9061],[26.8921,45.8996],[26.8833,45.8929],[26.8724,45.8957],[26.86,45.8882],[26.8537,45.8923],[26.8478,45.8868],[26.8361,45.8885],[26.8288,45.885],[26.8198,45.8861],[26.804,45.8706],[26.7946,45.8709],[26.792,45.8641],[26.784,45.8591],[26.7725,45.8574],[26.7839,45.8262],[26.7789,45.819],[26.7826,45.8115],[26.7773,45.7915],[26.7678,45.7841],[26.7464,45.7848],[26.7318,45.7878],[26.7229,45.7794],[26.7275,45.769],[26.7558,45.7556],[26.7614,45.7488],[26.7609,45.7334],[26.7552,45.7231],[26.7429,45.7157],[26.6559,45.6948],[26.7527,45.724],[26.7578,45.749],[26.7319,45.7634],[26.7197,45.7757],[26.7207,45.7801],[26.7313,45.7885],[26.768,45.7861],[26.781,45.8095],[26.7701,45.8373],[26.7704,45.858],[26.7539,45.8686],[26.7432,45.9116],[26.7159,45.924],[26.708,45.9185],[26.7037,45.9198],[26.6912,45.9139],[26.6864,45.9149],[26.7135,45.926],[26.7323,45.9241],[26.7464,45.9112],[26.7632,45.8792],[26.7556,45.8689],[26.7732,45.8585],[26.8205,45.8878],[26.9401,45.918],[26.991,45.9074]]],[[[26.9462,45.9817],[27.1212,45.867],[27.176,45.853],[27.1916,45.8409],[27.2131,45.8437],[27.2523,45.8354],[27.2806,45.8426],[27.3018,45.8339],[27.2809,45.8415],[27.2521,45.8344],[27.1931,45.8397],[27.1215,45.8638],[26.9449,45.9808],[26.9339,45.9805],[26.9126,45.9921],[26.8897,45.9904],[26.9147,45.993],[26.9462,45.9817]]],[[[27.0828,46.2738],[27.0848,46.2811],[27.1012,46.2819],[27.1048,46.2589],[27.0828,46.2738]]],[[[27.065,46.2943],[27.0696,46.2887],[27.064,46.2887],[27.065,46.2943]]],[[[27.0875,46.2984],[27.0911,46.2911],[27.0857,46.2936],[27.0875,46.2984]]],[[[27.0552,46.3026],[27.0472,46.334],[27.0666,46.2987],[27.0912,46.2879],[27.0552,46.3026]]],[[[26.5264,46.6839],[26.6027,46.6141],[26.6221,46.5936],[26.6258,46.5629],[26.6406,46.546],[26.6664,46.5334],[26.6736,46.5248],[26.725,46.4344],[26.7324,46.4062],[26.7268,46.3932],[26.7125,46.3844],[26.7495,46.3449],[26.7493,46.3427],[26.7422,46.3392],[26.7477,46.3374],[26.7545,46.3141],[26.7629,46.3091],[26.7594,46.3048],[26.7545,46.3047],[26.768,46.2884],[26.7682,46.2805],[26.8081,46.2779],[26.8584,46.2479],[26.905,46.2067],[26.9082,46.2003],[26.9064,46.192],[26.9465,46.1964],[26.9595,46.1947],[27.0359,46.1514],[27.0616,46.123],[27.1129,46.112],[27.192,46.0736],[27.2124,46.0732],[27.2445,46.0437],[27.2513,46.0522],[27.2456,46.0571],[27.2523,46.0659],[27.241,46.0708],[27.2475,46.0846],[27.2325,46.0891],[27.2291,46.0946],[27.2333,46.1216],[27.1792,46.1368],[27.1732,46.144],[27.1723,46.1549],[27.1756,46.1648],[27.1838,46.1854],[27.188,46.1851],[27.1877,46.1463],[27.2336,46.1251],[27.2541,46.0832],[27.258,46.0528],[27.2508,46.0482],[27.2527,46.0344],[27.2415,46.0127],[27.2154,46.0143],[27.2218,46.0215],[27.2171,46.0324],[27.2234,46.0471],[27.216,46.0683],[27.1743,46.0746],[27.0608,46.1222],[27.0338,46.1502],[27.025,46.1547],[27.0238,46.1486],[27.0117,46.152],[26.9569,46.1938],[26.9044,46.1917],[26.8089,46.2765],[26.7573,46.2532],[26.6763,46.257],[26.5762,46.2791],[26.5487,46.3161],[26.5774,46.2797],[26.677,46.2579],[26.7574,46.2541],[26.8006,46.2763],[26.7841,46.2725],[26.7689,46.278],[26.7596,46.2896],[26.7103,46.3861],[26.7308,46.4068],[26.7219,46.4342],[26.6691,46.5087],[26.6121,46.5299],[26.582,46.5161],[26.5639,46.498],[26.5445,46.4887],[26.5001,46.4863],[26.4844,46.4902],[26.4807,46.4932],[26.5409,46.49],[26.5967,46.5267],[26.6121,46.5314],[26.671,46.5245],[26.6407,46.5445],[26.6241,46.5613],[26.6012,46.6133],[26.4835,46.7057],[26.5264,46.6839]],[[27.2307,46.0224],[27.2492,46.0311],[27.2262,46.0548],[27.2307,46.0224]],[[27.1742,46.1544],[27.1889,46.1421],[27.1857,46.1477],[27.1866,46.1733],[27.1742,46.1544]],[[27.1106,46.1058],[27.1184,46.1049],[27.0958,46.1138],[27.1106,46.1058]],[[27.0196,46.1542],[27.0117,46.1564],[27.0147,46.1518],[27.0236,46.1508],[27.0196,46.1542]]],[[[26.9753,46.3998],[26.9728,46.4082],[26.9971,46.3995],[26.9753,46.3998]]],[[[26.9612,46.425],[26.9676,46.4239],[26.9562,46.4544],[26.9752,46.4093],[26.9612,46.425]]],[[[26.9139,46.5887],[26.9071,46.6068],[26.8894,46.6215],[26.8857,46.6305],[26.9041,46.6311],[26.9182,46.6141],[26.9114,46.606],[26.9259,46.5997],[26.9139,46.5887]],[[26.9094,46.6075],[26.917,46.6134],[26.8873,46.6303],[26.8914,46.6204],[26.9059,46.6095],[26.9155,46.5948],[26.9094,46.6075]]],[[[26.8626,46.6442],[26.8357,46.6594],[26.8012,46.6706],[26.7874,46.6787],[26.8512,46.6557],[26.8626,46.6442]]],[[[26.7731,46.6759],[26.7619,46.6802],[26.7559,46.6745],[26.741,46.6765],[26.6682,46.7105],[26.6166,46.7459],[26.5736,46.7947],[26.5052,46.7736],[26.5504,46.8021],[26.4185,46.8629],[26.4105,46.8693],[26.4041,46.8803],[26.4055,46.8938],[26.3743,46.9168],[26.3981,46.9049],[26.4074,46.8939],[26.4105,46.871],[26.421,46.8634],[26.5956,46.7883],[26.6687,46.7114],[26.7711,46.6827],[26.7731,46.6759]]],[[[26.7244,46.822],[26.7137,46.8118],[26.7206,46.8362],[26.7244,46.822]]],[[[26.654,46.824],[26.6479,46.8216],[26.6501,46.8356],[26.6639,46.8418],[26.654,46.824]]],[[[26.7221,46.8613],[26.7264,46.8629],[26.7264,46.8459],[26.7221,46.8613]]],[[[26.5635,46.8719],[26.5628,46.8813],[26.5731,46.8909],[26.5635,46.8719]]],[[[26.7963,46.9514],[26.7887,46.9621],[26.7974,46.9569],[26.7963,46.9514]]],[[[26.8694,46.9638],[26.8459,46.9626],[26.8705,46.9646],[26.8694,46.9638]]],[[[26.6109,46.9499],[26.6033,46.9418],[26.5799,46.9585],[26.6097,46.9565],[26.5936,46.9943],[26.6106,46.9624],[26.6109,46.9499]]],[[[26.8568,47.0858],[26.8575,47.084],[26.8472,47.0855],[26.8568,47.0858]]],[[[26.9397,47.1201],[26.937,47.1272],[26.9536,47.1446],[26.9397,47.1201]]],[[[27.1242,47.138],[27.125,47.1268],[27.1227,47.1216],[27.1226,47.1387],[27.1242,47.138]]],[[[27.1184,47.1468],[27.1177,47.1256],[27.1148,47.1409],[27.1184,47.1468]]],[[[27.147,47.1601],[27.1289,47.1713],[27.1415,47.1793],[27.147,47.1601]]],[[[27.1249,47.2113],[27.136,47.2108],[27.1448,47.2049],[27.1249,47.2113]]],[[[27.0713,47.2143],[27.0539,47.2121],[27.0702,47.2161],[27.0951,47.2159],[27.1008,47.2136],[27.0713,47.2143]]],[[[26.8413,47.2063],[26.8488,47.2081],[26.8648,47.2043],[26.8415,47.1967],[26.8392,47.2246],[26.8413,47.2063]]],[[[26.8012,47.2511],[26.8017,47.2425],[26.7974,47.2436],[26.8012,47.2511]]],[[[27.027,47.253],[27.0353,47.2575],[27.0375,47.2487],[27.027,47.253]]],[[[27.0515,47.3047],[27.0623,47.2983],[27.0559,47.2953],[27.0515,47.3047]]],[[[26.991,47.3089],[26.9774,47.2995],[26.9766,47.3114],[26.991,47.3089]]],[[[26.6551,47.3184],[26.6627,47.315],[26.6548,47.3116],[26.6446,47.3218],[26.6551,47.3184]]],[[[26.6848,47.3123],[26.6809,47.3254],[26.6857,47.3234],[26.6848,47.3123]]],[[[27.0842,47.3988],[27.0832,47.4088],[27.099,47.403],[27.0842,47.3988]]],[[[27.0035,47.4273],[27.0106,47.4165],[27.0051,47.422],[27.0035,47.4273]]],[[[27.0882,47.4317],[27.1019,47.428],[27.1015,47.4269],[27.0882,47.4317]]],[[[27.0313,47.4629],[27.0311,47.4679],[27.0326,47.4626],[27.0275,47.4535],[27.0313,47.4629]]],[[[26.9491,47.491],[26.9496,47.4772],[26.9421,47.4788],[26.9491,47.491]]],[[[27.0987,47.5107],[27.1021,47.5021],[27.0987,47.5044],[27.0977,47.5114],[27.0996,47.5191],[27.1113,47.5272],[27.0987,47.5107]]],[[[26.9286,47.5172],[26.9226,47.5238],[26.9165,47.5405],[26.9286,47.5172]]],[[[27.1411,47.5644],[27.1166,47.5753],[27.1154,47.5811],[27.1425,47.5823],[27.1462,47.5565],[27.1411,47.5644]]],[[[26.7144,47.6202],[26.7276,47.6135],[26.725,47.6121],[26.7144,47.6202]]],[[[26.5563,47.6492],[26.5538,47.6508],[26.5598,47.6547],[26.5563,47.6492]]],[[[26.854,47.6665],[26.832,47.6754],[26.8494,47.6745],[26.854,47.6665]]],[[[27.1188,47.674],[27.1144,47.6801],[27.1106,47.6898],[27.1188,47.674]]],[[[26.813,47.6852],[26.8244,47.6818],[26.8191,47.6795],[26.813,47.6852]]],[[[26.8957,47.6817],[26.887,47.6939],[26.895,47.69],[26.8957,47.6817]]],[[[26.6576,47.7081],[26.6518,47.7164],[26.6609,47.7264],[26.6576,47.7081]]],[[[27.0938,47.7422],[27.1026,47.7303],[27.101,47.7293],[27.0938,47.7422]]],[[[26.7725,47.7455],[26.7845,47.746],[26.8025,47.7273],[26.7725,47.7455]]],[[[27.0763,47.7557],[27.073,47.7591],[27.0742,47.7739],[27.0763,47.7557]]],[[[27.093,47.7742],[27.0947,47.7612],[27.0918,47.7662],[27.093,47.7742]]],[[[27.0723,47.7751],[27.0623,47.7884],[27.0666,47.7874],[27.0723,47.7751]]],[[[26.5922,47.797],[26.5843,47.8025],[26.6123,47.7986],[26.5922,47.797]]],[[[27.0297,47.8141],[27.0256,47.8136],[27.0259,47.8242],[27.0297,47.8141]]],[[[26.6433,47.8233],[26.6159,47.8322],[26.6356,47.8264],[26.6433,47.8233]]],[[[26.5524,47.8444],[26.5605,47.8421],[26.5503,47.8433],[26.5314,47.8539],[26.5524,47.8444]]],[[[26.5306,47.859],[26.5184,47.8714],[26.5516,47.8725],[26.5306,47.859]]],[[[27.0763,47.896],[27.08,47.9037],[27.0824,47.8899],[27.0763,47.896]]],[[[26.754,47.919],[26.7538,47.9151],[26.747,47.9273],[26.754,47.919]]],[[[26.9628,47.9313],[26.9683,47.9336],[26.9723,47.9333],[26.9628,47.9313]]],[[[26.9364,47.9386],[26.9416,47.9329],[26.9331,47.9287],[26.9085,47.9395],[26.9364,47.9386]]],[[[26.85,47.9596],[26.8512,47.9487],[26.8439,47.9542],[26.85,47.9596]]],[[[26.5345,47.9635],[26.5509,47.9502],[26.5484,47.9503],[26.5345,47.9635]]],[[[26.7173,47.9763],[26.7182,47.9738],[26.7099,47.972],[26.7173,47.9763]]],[[[26.9278,48.0486],[26.9547,48.0429],[26.9543,48.0417],[26.9278,48.0486]]],[[[26.6745,48.044],[26.6736,48.0449],[26.6876,48.0534],[26.6745,48.044]]],[[[26.9151,48.0592],[26.9186,48.0547],[26.8899,48.0715],[26.8863,48.0836],[26.9151,48.0592]]],[[[26.6026,48.0791],[26.5929,48.0865],[26.5948,48.0869],[26.6026,48.0791]]],[[[26.9271,48.1174],[26.9209,48.1178],[26.9063,48.1324],[26.9271,48.1174]]],[[[26.6758,48.1426],[26.6743,48.1483],[26.6861,48.1428],[26.6758,48.1426]]],[[[26.763,48.1588],[26.7363,48.1667],[26.7434,48.1706],[26.763,48.1588]]],[[[26.868,48.1663],[26.8642,48.1695],[26.8735,48.1661],[26.868,48.1663]]],[[[26.7446,48.1725],[26.7409,48.1712],[26.729,48.1849],[26.7446,48.1725]]],[[[26.8354,48.1862],[26.8297,48.1949],[26.8383,48.1913],[26.8354,48.1862]]],[[[26.7939,48.2535],[26.7863,48.2575],[26.8013,48.2629],[26.8018,48.2546],[26.7939,48.2535]]],[[[27.6245,43.1744],[27.6242,43.1638],[27.6205,43.1641],[27.6245,43.1744]]],[[[27.6275,43.1789],[27.6751,43.1897],[27.6651,43.1809],[27.6275,43.1789]]],[[[27.6273,43.189],[27.6441,43.1926],[27.632,43.1864],[27.6273,43.189]]],[[[27.6627,43.1914],[27.6595,43.1926],[27.677,43.1982],[27.6627,43.1914]]],[[[27.399,44.0587],[27.3955,44.0512],[27.3975,44.0601],[27.4028,44.065],[27.399,44.0587]]],[[[27.2819,44.2341],[27.2364,44.2309],[27.2381,44.2441],[27.2819,44.2341]]],[[[27.1616,44.5575],[27.1717,44.5492],[27.168,44.5465],[27.1616,44.5575]]],[[[27.4728,44.5917],[27.4676,44.5965],[27.4823,44.603],[27.4728,44.5917]]],[[[27.4463,44.5924],[27.4369,44.5934],[27.4316,44.5961],[27.4628,44.6209],[27.4463,44.5924]]],[[[27.569,44.6157],[27.5779,44.6253],[27.5866,44.6245],[27.569,44.6157]]],[[[27.6192,44.6382],[27.6017,44.6344],[27.6055,44.6464],[27.6192,44.6382]]],[[[27.6079,44.849],[27.6169,44.843],[27.6079,44.842],[27.6079,44.849]]],[[[27.2403,44.8674],[27.2533,44.8672],[27.2523,44.8585],[27.2403,44.8674]]],[[[27.2734,44.8807],[27.2667,44.8816],[27.2697,44.8885],[27.2734,44.8807]]],[[[27.3977,44.8851],[27.3906,44.8871],[27.3938,44.8935],[27.3977,44.8851]]],[[[27.4983,44.924],[27.5035,44.9243],[27.5033,44.9168],[27.4983,44.924]]],[[[27.5147,44.9215],[27.5066,44.9223],[27.5084,44.9275],[27.5147,44.9215]]],[[[27.5758,44.946],[27.595,44.9373],[27.5884,44.9363],[27.5758,44.946]]],[[[27.3684,44.9423],[27.3503,44.9452],[27.3768,44.9521],[27.3684,44.9423]]],[[[27.1785,45.0749],[27.2027,45.0719],[27.2017,45.0686],[27.1785,45.0749]]],[[[27.6912,45.1077],[27.696,45.1077],[27.6814,45.0946],[27.6756,45.0942],[27.6912,45.1077]]],[[[27.3802,45.1574],[27.376,45.154],[27.3419,45.1473],[27.2978,45.151],[27.2972,45.1453],[27.2945,45.1414],[27.2625,45.1267],[27.2951,45.1521],[27.3758,45.1559],[27.376,45.1749],[27.3803,45.179],[27.3802,45.1574]]],[[[27.234,45.1542],[27.2315,45.173],[27.2636,45.1683],[27.234,45.1542]]],[[[27.5439,45.1758],[27.5493,45.1731],[27.5627,45.1586],[27.5592,45.1561],[27.548,45.1541],[27.5266,45.1579],[27.5439,45.1758]],[[27.5558,45.1563],[27.5611,45.1592],[27.5445,45.1739],[27.5558,45.1563]]],[[[27.1873,45.171],[27.1872,45.1772],[27.192,45.177],[27.1953,45.1712],[27.1873,45.171]]],[[[27.3993,45.1975],[27.3966,45.1946],[27.3946,45.1963],[27.3933,45.2073],[27.3993,45.1975]]],[[[27.3833,45.1911],[27.3817,45.2141],[27.383,45.2137],[27.3833,45.1911]]],[[[27.5863,45.2079],[27.585,45.209],[27.5974,45.2247],[27.5863,45.2079]]],[[[27.3174,45.2105],[27.3087,45.2115],[27.3143,45.2227],[27.3174,45.2105]]],[[[27.2933,45.2371],[27.3007,45.243],[27.2919,45.221],[27.2933,45.2371]]],[[[27.5688,45.2409],[27.569,45.2349],[27.5516,45.2614],[27.5688,45.2409]]],[[[27.6041,45.2826],[27.6044,45.2985],[27.6135,45.2793],[27.6041,45.2826]]],[[[27.3188,45.2938],[27.3096,45.3018],[27.3208,45.2943],[27.3492,45.292],[27.3188,45.2938]]],[[[27.6257,45.3517],[27.654,45.3558],[27.6546,45.3668],[27.6648,45.3693],[27.6628,45.3742],[27.6811,45.3821],[27.6739,45.3844],[27.6722,45.3902],[27.6845,45.3976],[27.6825,45.3814],[27.6661,45.3683],[27.6551,45.3654],[27.6597,45.356],[27.6198,45.3378],[27.6257,45.3517]]],[[[27.3496,45.337],[27.3424,45.3352],[27.3493,45.3405],[27.3593,45.3369],[27.3496,45.337]]],[[[27.4439,45.3291],[27.4133,45.3402],[27.4082,45.3467],[27.4439,45.3291]]],[[[27.3176,45.3527],[27.3206,45.3602],[27.3263,45.3585],[27.3176,45.3527]]],[[[27.1413,45.4156],[27.1516,45.4202],[27.1516,45.4135],[27.1413,45.4156]]],[[[27.1567,45.4428],[27.1685,45.4435],[27.166,45.443],[27.1567,45.4428]]],[[[27.2548,45.4542],[27.2639,45.4558],[27.2548,45.4446],[27.2339,45.4303],[27.2548,45.4542]]],[[[27.6271,45.4276],[27.5603,45.4466],[27.6451,45.4618],[27.6569,45.4498],[27.6271,45.4276]]],[[[27.4926,45.4516],[27.4648,45.4683],[27.5335,45.4725],[27.4926,45.4516]]],[[[27.6303,45.4768],[27.6246,45.4797],[27.6262,45.4822],[27.6303,45.4768]]],[[[27.5693,45.5017],[27.5596,45.5028],[27.5632,45.5063],[27.5693,45.5017]]],[[[27.55,45.5073],[27.5524,45.5249],[27.5627,45.5078],[27.5598,45.5041],[27.5526,45.5045],[27.55,45.5073]]],[[[27.6085,45.5582],[27.609,45.562],[27.6214,45.5597],[27.6085,45.5582]]],[[[27.6116,45.5663],[27.6153,45.5769],[27.6261,45.5701],[27.6116,45.5663]]],[[[27.2211,45.682],[27.2204,45.6842],[27.25,45.6858],[27.2211,45.682]]],[[[27.3991,45.7141],[27.4008,45.7125],[27.3946,45.7055],[27.3991,45.7141]]],[[[27.3618,45.7183],[27.355,45.7219],[27.3646,45.7184],[27.3728,45.7067],[27.3618,45.7183]]],[[[27.3066,45.7094],[27.2874,45.7186],[27.3068,45.7349],[27.3264,45.7318],[27.3141,45.7448],[27.3327,45.7492],[27.3277,45.7307],[27.3066,45.7094]]],[[[27.3894,45.7188],[27.3815,45.7289],[27.4113,45.7168],[27.3894,45.7188]]],[[[27.2886,45.8497],[27.2968,45.8515],[27.2973,45.8473],[27.2886,45.8497]]],[[[27.3018,45.8706],[27.3088,45.8522],[27.2855,45.8741],[27.2453,45.948],[27.3018,45.8706]]],[[[27.211,45.8908],[27.2096,45.8905],[27.2102,45.9141],[27.2176,45.9251],[27.211,45.8908]]],[[[27.4669,45.9277],[27.4709,45.9318],[27.4748,45.9263],[27.4669,45.9277]]],[[[27.2351,45.9261],[27.2424,45.9305],[27.2504,45.9264],[27.2351,45.9261]]],[[[27.1576,45.9221],[27.2046,45.932],[27.2092,45.9311],[27.2127,45.9251],[27.2033,45.9311],[27.1654,45.9206],[27.1437,45.9244],[27.0879,45.9545],[27.1576,45.9221]]],[[[27.2013,46.0219],[27.2043,46.03],[27.2116,46.0232],[27.2013,46.0219]]],[[[27.3842,46.0216],[27.377,46.0368],[27.388,46.032],[27.3842,46.0216]]],[[[27.6309,46.0359],[27.6241,46.0304],[27.6235,46.0321],[27.6272,46.0365],[27.6354,46.0368],[27.645,46.0343],[27.6488,46.0276],[27.6309,46.0359]]],[[[27.204,46.0423],[27.2196,46.0395],[27.2029,46.0383],[27.204,46.0423]]],[[[27.4984,46.0594],[27.4879,46.055],[27.4911,46.0581],[27.4984,46.0594]]],[[[27.2086,46.1039],[27.2101,46.1082],[27.2237,46.1027],[27.2086,46.1039]]],[[[27.3295,46.1124],[27.3361,46.1081],[27.3261,46.1056],[27.3295,46.1124]]],[[[27.4798,46.18],[27.4804,46.1839],[27.4882,46.1838],[27.4798,46.18]]],[[[27.143,46.1886],[27.1543,46.1802],[27.1511,46.1814],[27.143,46.1886]]],[[[27.6587,46.2056],[27.6698,46.212],[27.6684,46.2032],[27.6587,46.2056]]],[[[27.4934,46.3108],[27.5038,46.2895],[27.5014,46.289],[27.4934,46.3108]]],[[[27.5646,46.3203],[27.5542,46.3203],[27.5515,46.3592],[27.5646,46.3203]]],[[[27.6747,46.3366],[27.6677,46.3474],[27.6698,46.3481],[27.6747,46.3366]]],[[[27.6768,46.3394],[27.6778,46.3498],[27.6829,46.3463],[27.6768,46.3394]]],[[[27.3924,46.3496],[27.394,46.3928],[27.3961,46.392],[27.3924,46.3496]]],[[[27.5505,46.385],[27.5579,46.3605],[27.5156,46.3996],[27.5175,46.4226],[27.5505,46.385]],[[27.528,46.3956],[27.532,46.397],[27.5266,46.402],[27.528,46.3956]]],[[[27.6547,46.3973],[27.6499,46.407],[27.6531,46.4077],[27.6547,46.3973]]],[[[27.2727,46.7285],[27.2486,46.7381],[27.2565,46.7377],[27.2727,46.7285]]],[[[27.5761,46.7476],[27.5718,46.757],[27.5867,46.745],[27.5761,46.7476]]],[[[27.5972,46.7565],[27.6044,46.7485],[27.5898,46.7628],[27.5972,46.7565]]],[[[27.6532,46.803],[27.6537,46.8137],[27.6569,46.8103],[27.6532,46.803]]],[[[27.3144,46.8557],[27.3099,46.8599],[27.3272,46.8536],[27.3144,46.8557]]],[[[27.4626,46.9358],[27.465,46.9405],[27.475,46.9215],[27.4626,46.9358]]],[[[27.6538,46.942],[27.6525,46.9452],[27.6627,46.9418],[27.6538,46.942]]],[[[27.5098,47.0712],[27.5265,47.0839],[27.5333,47.0856],[27.5098,47.0712]]],[[[27.2981,47.1596],[27.2907,47.1539],[27.2893,47.1555],[27.2981,47.1596]]],[[[27.369,47.1792],[27.3673,47.1741],[27.3649,47.1755],[27.3682,47.1801],[27.3734,47.1813],[27.3886,47.1769],[27.369,47.1792]]],[[[27.4218,47.1872],[27.4278,47.1848],[27.4254,47.1816],[27.4218,47.1872]]],[[[27.5268,47.1894],[27.5277,47.1863],[27.5156,47.2024],[27.5268,47.1894]]],[[[27.2594,47.2047],[27.2527,47.201],[27.2463,47.2107],[27.2594,47.2047]]],[[[27.4207,47.2134],[27.4206,47.217],[27.4306,47.1983],[27.4207,47.2134]]],[[[27.2122,47.2128],[27.1936,47.2067],[27.1699,47.2194],[27.2122,47.2128]]],[[[27.4819,47.2169],[27.4807,47.2129],[27.4682,47.2432],[27.4819,47.2169]]],[[[27.4337,47.2206],[27.4313,47.2199],[27.4307,47.2465],[27.4337,47.2206]]],[[[27.6253,47.3045],[27.6762,47.2791],[27.7007,47.2615],[27.7037,47.256],[27.7206,47.249],[27.7275,47.2417],[27.7357,47.2107],[27.7425,47.2214],[27.747,47.2207],[27.7505,47.215],[27.7541,47.2229],[27.7693,47.2178],[27.7711,47.2106],[27.762,47.2026],[27.7679,47.2005],[27.7677,47.1966],[27.7373,47.1821],[27.7454,47.1736],[27.7469,47.1662],[27.7373,47.1304],[27.7261,47.1347],[27.7415,47.2056],[27.7263,47.2143],[27.7202,47.2474],[27.7027,47.2546],[27.6765,47.2775],[27.5297,47.3216],[27.5132,47.3144],[27.5005,47.3127],[27.4872,47.3162],[27.4798,47.3134],[27.4501,47.3124],[27.4404,47.3144],[27.4083,47.3399],[27.4501,47.3137],[27.5278,47.3229],[27.6253,47.3045]],[[27.7671,47.1982],[27.7601,47.2018],[27.7676,47.2179],[27.7502,47.2137],[27.7449,47.2197],[27.744,47.1913],[27.7671,47.1982]]],[[[27.4006,47.2516],[27.3969,47.2579],[27.3917,47.2619],[27.4001,47.2656],[27.413,47.2377],[27.4006,47.2516]]],[[[27.2515,47.2527],[27.2331,47.276],[27.235,47.276],[27.2515,47.2527]]],[[[27.2934,47.2613],[27.2914,47.2811],[27.2939,47.266],[27.2934,47.2613]]],[[[27.2728,47.2751],[27.262,47.2651],[27.262,47.2722],[27.2728,47.2751]]],[[[27.4279,47.2737],[27.4191,47.2846],[27.4245,47.2825],[27.4279,47.2737]]],[[[27.2798,47.2974],[27.2795,47.3095],[27.2915,47.3039],[27.2798,47.2974]]],[[[27.2272,47.2906],[27.2283,47.3093],[27.2324,47.3108],[27.2272,47.2906]]],[[[27.3729,47.3561],[27.3734,47.3646],[27.4044,47.344],[27.3729,47.3561]]],[[[27.3597,47.3502],[27.3464,47.3549],[27.3231,47.3867],[27.3597,47.3502]]],[[[27.2793,47.3782],[27.2671,47.38],[27.2839,47.3846],[27.2939,47.3545],[27.2793,47.3782]]],[[[27.2634,47.3735],[27.2786,47.3557],[27.2314,47.4032],[27.2634,47.3735]]],[[[27.5126,47.3931],[27.5242,47.3893],[27.512,47.3845],[27.5126,47.3931]]],[[[27.1842,47.3923],[27.1338,47.4256],[27.1623,47.4117],[27.1594,47.4246],[27.1606,47.4313],[27.1842,47.3923]]],[[[27.3903,47.4285],[27.3931,47.4284],[27.3928,47.4115],[27.3903,47.4285]]],[[[27.3492,47.4162],[27.3471,47.4322],[27.3574,47.4298],[27.3492,47.4162]]],[[[27.3077,47.4287],[27.3064,47.4386],[27.3278,47.4289],[27.3077,47.4287]]],[[[27.255,47.44],[27.2602,47.437],[27.2589,47.4303],[27.2315,47.4311],[27.2229,47.4416],[27.255,47.44]]],[[[27.3012,47.4498],[27.3049,47.4521],[27.3104,47.4489],[27.3012,47.4498]]],[[[27.4737,47.4476],[27.476,47.4511],[27.4908,47.4473],[27.4737,47.4476]]],[[[27.4093,47.4561],[27.4155,47.4688],[27.4167,47.4635],[27.4093,47.4561]]],[[[27.2054,47.4773],[27.2074,47.4742],[27.1924,47.4868],[27.2054,47.4773]]],[[[27.3454,47.4852],[27.3677,47.4875],[27.3424,47.4658],[27.341,47.492],[27.3534,47.5067],[27.3454,47.4852]]],[[[27.153,47.5049],[27.1444,47.5076],[27.1409,47.5127],[27.153,47.5049]]],[[[27.1929,47.5033],[27.1924,47.5147],[27.196,47.5271],[27.2026,47.5316],[27.1929,47.5033]]],[[[27.3127,47.5711],[27.2918,47.5569],[27.2819,47.5681],[27.2888,47.5863],[27.2908,47.5597],[27.3127,47.5711]]],[[[27.1653,47.5891],[27.1647,47.591],[27.1777,47.5874],[27.178,47.5834],[27.1736,47.5809],[27.1653,47.5891]]],[[[27.211,47.5808],[27.1998,47.5956],[27.2041,47.5909],[27.211,47.5808]]],[[[27.219,47.6075],[27.2135,47.6164],[27.2215,47.6059],[27.2209,47.5911],[27.219,47.6075]]],[[[27.2219,47.6396],[27.2161,47.6443],[27.2298,47.6467],[27.2219,47.6396]]],[[[27.1927,47.6725],[27.2129,47.6647],[27.2125,47.6634],[27.1927,47.6725]]],[[[27.1852,47.679],[27.1885,47.6772],[27.1721,47.6777],[27.1852,47.679]]],[[[27.7237,43.1885],[27.7242,43.193],[27.7403,43.1905],[27.7237,43.1885]]],[[[27.889,43.1863],[27.8779,43.1949],[27.9086,43.1843],[27.889,43.1863]]],[[[27.9008,43.1885],[27.8873,43.2005],[27.9117,43.1893],[27.9008,43.1885]]],[[[27.8553,43.2116],[27.8718,43.2095],[27.822,43.1958],[27.8553,43.2116]]],[[[27.7089,43.3893],[27.7196,43.3976],[27.721,43.3918],[27.7089,43.3893]]],[[[28.1426,43.9914],[28.1422,43.9852],[28.1346,43.9924],[28.1426,43.9914]]],[[[28.1041,43.9913],[28.0933,43.9964],[28.1113,43.9979],[28.1041,43.9913]]],[[[27.7584,44.1653],[27.7599,44.1717],[27.773,44.1666],[27.7584,44.1653]]],[[[27.7583,44.1804],[27.7566,44.1939],[27.7608,44.2075],[27.7817,44.2093],[27.7852,44.1981],[27.7809,44.1754],[27.7583,44.1804]],[[27.772,44.2073],[27.7598,44.1843],[27.777,44.1805],[27.772,44.2073]]],[[[27.9224,44.194],[27.9206,44.1909],[27.9023,44.216],[27.9224,44.194]]],[[[27.8627,44.2189],[27.8596,44.1915],[27.8686,44.178],[27.8775,44.1853],[27.8862,44.1795],[27.8669,44.176],[27.8474,44.1966],[27.8503,44.2203],[27.864,44.2366],[27.8909,44.2245],[27.8627,44.2189]],[[27.8485,44.2028],[27.8533,44.1955],[27.8587,44.2006],[27.8485,44.2028]],[[27.8769,44.2266],[27.872,44.2291],[27.8585,44.2201],[27.8769,44.2266]]],[[[28.0716,44.2948],[28.0744,44.2916],[28.0613,44.3021],[28.0716,44.2948]]],[[[27.9433,44.3495],[27.9328,44.3601],[27.9506,44.3557],[27.9433,44.3495]]],[[[28.0518,44.3594],[28.0487,44.3654],[28.0702,44.348],[28.0518,44.3594]]],[[[27.8308,44.3594],[27.8253,44.3635],[27.8363,44.3667],[27.8308,44.3594]]],[[[28.1084,44.3796],[28.0971,44.3725],[28.0888,44.3828],[28.1084,44.3796]]],[[[27.7726,44.6445],[27.7505,44.6488],[27.7469,44.6436],[27.7083,44.6322],[27.6924,44.6343],[27.7517,44.6498],[27.8571,44.6559],[27.7726,44.6445]]],[[[28.1166,44.722],[28.1172,44.7249],[28.1318,44.7225],[28.1166,44.722]]],[[[28.0691,44.7175],[28.059,44.722],[28.0747,44.7306],[28.0691,44.7175]]],[[[28.0885,44.7385],[28.1064,44.7348],[28.0925,44.7348],[28.0885,44.7385]]],[[[27.7571,44.7596],[27.7603,44.7457],[27.7463,44.7466],[27.7571,44.7596]]],[[[28.0885,44.7429],[28.0958,44.7538],[28.1244,44.7617],[28.0887,44.7422],[28.0797,44.7465],[28.0833,44.7837],[28.0885,44.7429]]],[[[28.0203,44.7698],[28.0241,44.7882],[28.0266,44.7771],[28.0203,44.7698]]],[[[28.0165,44.7929],[28.0147,44.7731],[28.0063,44.7866],[28.0165,44.7929]]],[[[28.1001,44.8259],[28.112,44.8293],[28.1046,44.8151],[28.1001,44.8259]]],[[[27.9447,44.8388],[27.9285,44.8261],[27.8967,44.8458],[27.9068,44.8593],[27.8984,44.8683],[27.9447,44.8388]],[[27.9263,44.8402],[27.926,44.8476],[27.9211,44.8485],[27.9263,44.8402]],[[27.9146,44.8511],[27.9193,44.8521],[27.9096,44.8536],[27.9146,44.8511]]],[[[27.8739,44.8556],[27.8695,44.8511],[27.8763,44.8583],[27.8875,44.8551],[27.8941,44.8625],[27.8919,44.8496],[27.8739,44.8556]]],[[[27.8546,44.8609],[27.8486,44.856],[27.8459,44.8574],[27.8546,44.8609]]],[[[27.9095,44.8717],[27.9138,44.8728],[27.9117,44.8667],[27.9095,44.8717]]],[[[27.8544,44.8637],[27.8514,44.867],[27.8541,44.8742],[27.8544,44.8637]]],[[[27.8844,44.8774],[27.8687,44.8733],[27.8694,44.8759],[27.8844,44.8774]]],[[[27.7104,44.8965],[27.7216,44.8941],[27.7159,44.8909],[27.7104,44.8965]]],[[[27.9068,44.8913],[27.9088,44.8998],[27.9227,44.9069],[27.9068,44.8913]]],[[[27.9065,44.9039],[27.9036,44.8983],[27.9033,44.9043],[27.9065,44.9039]]],[[[27.9237,45.0197],[27.9291,44.975],[27.9123,44.97],[27.913,44.9974],[27.8907,45.0063],[27.9237,45.0197]]],[[[28.166,45.0107],[28.1693,45.0033],[28.1635,45.0019],[28.166,45.0107]]],[[[28.1361,45.0165],[28.1501,45.03],[28.1518,45.0231],[28.1361,45.0165]]],[[[27.9182,45.0879],[27.9113,45.0787],[27.9174,45.0931],[27.9261,45.0979],[27.9182,45.0879]]],[[[28.1068,45.1176],[28.1132,45.1074],[28.1037,45.1122],[28.1058,45.1189],[28.114,45.128],[28.1068,45.1176]]],[[[28.1234,45.1129],[28.133,45.1164],[28.1457,45.1154],[28.1124,45.1198],[28.1409,45.1281],[28.1539,45.1112],[28.1234,45.1129]]],[[[28.1822,45.1094],[28.1727,45.1218],[28.1874,45.1286],[28.1822,45.1094]]],[[[27.9526,45.1289],[27.9567,45.1356],[27.9566,45.1253],[27.9526,45.1289]]],[[[27.8891,45.1654],[27.8953,45.1685],[27.9057,45.1631],[27.8891,45.1654]]],[[[27.957,45.1769],[27.9812,45.1856],[27.9842,45.1914],[27.9899,45.1658],[27.9602,45.158],[27.957,45.1769]]],[[[27.9551,45.1803],[27.9535,45.1839],[27.9712,45.2027],[27.9551,45.1803]]],[[[27.8744,45.1699],[27.8544,45.1768],[27.8663,45.1796],[27.8831,45.2037],[27.8997,45.2171],[27.9035,45.216],[27.8744,45.1699]]],[[[27.7049,45.2207],[27.7165,45.2241],[27.7262,45.1949],[27.7049,45.2207]]],[[[28.184,45.2262],[28.1874,45.2209],[28.177,45.2188],[28.184,45.2262]]],[[[27.964,45.2238],[27.9655,45.218],[27.9597,45.2207],[27.964,45.2238]]],[[[27.6989,45.2336],[27.721,45.2567],[27.7301,45.2438],[27.6989,45.2336]]],[[[27.8981,45.2461],[27.8934,45.2485],[27.9132,45.2599],[27.8981,45.2461]]],[[[27.8798,45.295],[27.8889,45.2841],[27.88,45.2852],[27.8798,45.295]]],[[[27.9843,45.2904],[27.9835,45.2978],[27.9911,45.2922],[27.9843,45.2904]]],[[[27.8653,45.3017],[27.8707,45.2992],[27.8602,45.2946],[27.8653,45.3017]]],[[[27.8483,45.2994],[27.8485,45.2965],[27.8391,45.2988],[27.8483,45.2994]]],[[[28.0786,45.3753],[28.0791,45.3761],[28.0917,45.3705],[28.102,45.36],[28.0786,45.3753]]],[[[28.1214,45.3652],[28.1048,45.3591],[28.1037,45.3873],[28.1214,45.3652]]],[[[27.9865,45.3842],[27.9938,45.385],[27.9852,45.383],[27.9865,45.3842]]],[[[27.909,45.3888],[27.9102,45.3884],[27.9011,45.3858],[27.9013,45.3927],[27.909,45.3888]]],[[[28.1741,45.4295],[28.1786,45.4216],[28.1722,45.4267],[28.1741,45.4295]]],[[[27.9973,45.4311],[27.9746,45.4701],[27.9854,45.4627],[27.9973,45.4311]]],[[[28.099,45.4609],[28.1042,45.4586],[28.0981,45.4506],[28.0562,45.458],[28.049,45.4665],[28.099,45.4609]]],[[[27.825,45.4655],[27.8292,45.472],[27.8337,45.462],[27.8339,45.4542],[27.8317,45.4479],[27.825,45.4655]]],[[[27.9407,45.4726],[27.9429,45.4605],[27.9387,45.4605],[27.9407,45.4726]]],[[[28.0106,45.4808],[28.009,45.4835],[28.0161,45.4783],[28.0106,45.4808]]],[[[27.8731,45.5005],[27.8782,45.5018],[27.8662,45.487],[27.8544,45.4831],[27.8731,45.5005]]],[[[27.7571,45.4882],[27.7271,45.4906],[27.7393,45.5063],[27.7571,45.4882]]],[[[28.1463,45.5681],[28.1377,45.5801],[28.162,45.5824],[28.1463,45.5681]]],[[[28.0922,45.6003],[28.0911,45.6077],[28.0994,45.6155],[28.1363,45.5845],[28.0922,45.6003]]],[[[28.1549,45.6246],[28.1505,45.627],[28.1524,45.6313],[28.1549,45.6246]]],[[[28.1675,45.6633],[28.171,45.6543],[28.1666,45.6539],[28.1675,45.6633]]],[[[28.1628,45.6771],[28.1604,45.6882],[28.1637,45.683],[28.1628,45.6771]]],[[[28.0755,45.7462],[28.0779,45.7348],[28.0748,45.7341],[28.0755,45.7462]]],[[[28.1046,45.8766],[28.0986,45.8756],[28.1247,45.8808],[28.1046,45.8766]]],[[[28.1018,45.9647],[28.1051,45.9595],[28.0928,45.9553],[28.1018,45.9647]]],[[[28.0865,46.08],[28.1001,46.0811],[28.1081,46.078],[28.1045,46.078],[28.1007,46.0806],[28.0931,46.0788],[28.0894,46.0704],[28.1055,46.0527],[28.0954,45.9998],[28.1046,46.053],[28.0883,46.0491],[28.0865,46.08]]],[[[28.1018,46.0985],[28.103,46.0986],[28.1092,46.078],[28.1081,46.078],[28.1018,46.0985]]],[[[28.1073,46.0992],[28.1099,46.1035],[28.1228,46.1045],[28.1169,46.1066],[28.1154,46.1101],[28.117,46.1123],[28.1238,46.1117],[28.1242,46.1259],[28.1339,46.1299],[28.1281,46.1309],[28.1272,46.1323],[28.1229,46.1496],[28.1427,46.1646],[28.1417,46.1917],[28.1087,46.2054],[28.1145,46.2111],[28.1054,46.221],[28.1111,46.2301],[28.1091,46.2436],[28.1464,46.2522],[28.1257,46.2617],[28.1349,46.2639],[28.1377,46.2839],[28.1708,46.2983],[28.1803,46.286],[28.1785,46.2905],[28.1865,46.2937],[28.1798,46.2946],[28.1784,46.2961],[28.1782,46.3004],[28.2089,46.3192],[28.1988,46.3172],[28.1827,46.3285],[28.1824,46.3335],[28.1872,46.3384],[28.1967,46.3343],[28.1944,46.3387],[28.199,46.3432],[28.1952,46.3467],[28.1949,46.3419],[28.1896,46.3433],[28.1815,46.3531],[28.1897,46.3538],[28.1952,46.3496],[28.1907,46.355],[28.1923,46.3596],[28.2004,46.3568],[28.2077,46.3588],[28.1971,46.3707],[28.2171,46.3964],[28.235,46.3907],[28.2425,46.3951],[28.2203,46.3987],[28.2313,46.4168],[28.2424,46.4175],[28.2494,46.4159],[28.2505,46.4219],[28.2578,46.4265],[28.2549,46.4335],[28.2604,46.4371],[28.2566,46.4469],[28.2417,46.4469],[28.2397,46.4504],[28.2402,46.453],[28.2442,46.4556],[28.2575,46.4622],[28.2456,46.4634],[28.2414,46.4791],[28.2367,46.4758],[28.234,46.4757],[28.2243,46.4793],[28.2304,46.4942],[28.2233,46.4952],[28.221,46.5027],[28.2162,46.498],[28.2111,46.4988],[28.2088,46.5058],[28.2141,46.522],[28.2165,46.5235],[28.2187,46.5235],[28.2241,46.5205],[28.2296,46.5263],[28.2248,46.5302],[28.2266,46.5357],[28.2237,46.5328],[28.2151,46.536],[28.2149,46.5381],[28.2264,46.5538],[28.2352,46.5521],[28.2241,46.5643],[28.2221,46.5802],[28.2408,46.5813],[28.2309,46.5842],[28.2311,46.5854],[28.2403,46.5905],[28.2381,46.595],[28.2398,46.6003],[28.2424,46.6023],[28.2496,46.6038],[28.2442,46.606],[28.2438,46.6076],[28.252,46.6124],[28.238,46.6297],[28.238,46.6452],[28.2453,46.6455],[28.2373,46.6501],[28.2342,46.6667],[28.2395,46.6684],[28.2235,46.6756],[28.2207,46.69],[28.2149,46.6825],[28.2111,46.683],[28.2077,46.6859],[28.1866,46.7201],[28.2019,46.7013],[28.2084,46.7122],[28.1864,46.7228],[28.1722,46.7506],[28.1752,46.7564],[28.1782,46.7566],[28.1808,46.7548],[28.1845,46.7593],[28.1777,46.7576],[28.1775,46.7639],[28.1723,46.7609],[28.1512,46.7795],[28.1745,46.7795],[28.1497,46.7836],[28.1133,46.8222],[28.107,46.843],[28.1095,46.8447],[28.1125,46.8411],[28.1159,46.8486],[28.1265,46.8524],[28.1197,46.852],[28.1164,46.8537],[28.1175,46.8555],[28.1227,46.8564],[28.1101,46.8625],[28.1067,46.8656],[28.1112,46.8693],[28.0974,46.87],[28.1005,46.8739],[28.118,46.8779],[28.1114,46.8823],[28.1132,46.8922],[28.1081,46.8885],[28.0855,46.8946],[28.0822,46.9021],[28.0864,46.9078],[28.095,46.9049],[28.0952,46.9039],[28.0831,46.9026],[28.1148,46.8918],[28.1189,46.8771],[28.0992,46.8711],[28.1121,46.87],[28.1276,46.8526],[28.1149,46.8215],[28.176,46.7795],[28.161,46.7766],[28.1856,46.7597],[28.181,46.7542],[28.1755,46.7555],[28.1738,46.7503],[28.2106,46.7109],[28.2084,46.6867],[28.221,46.6909],[28.2403,46.6693],[28.2527,46.6125],[28.2417,46.5808],[28.2231,46.5793],[28.2365,46.5515],[28.2268,46.5528],[28.2159,46.5377],[28.2274,46.5363],[28.2303,46.525],[28.2104,46.506],[28.2122,46.4989],[28.2216,46.5035],[28.2317,46.4947],[28.2256,46.4791],[28.2349,46.4762],[28.2396,46.48],[28.2437,46.479],[28.259,46.4623],[28.2409,46.4503],[28.2582,46.447],[28.2619,46.4372],[28.2557,46.4329],[28.2588,46.4253],[28.2495,46.4151],[28.2306,46.4146],[28.2433,46.3944],[28.234,46.3898],[28.2176,46.3954],[28.2092,46.3594],[28.1959,46.3489],[28.1832,46.3517],[28.1905,46.344],[28.1943,46.3476],[28.2,46.3437],[28.1975,46.3338],[28.1849,46.3336],[28.1873,46.3263],[28.2095,46.3193],[28.1809,46.2849],[28.1389,46.2728],[28.1508,46.2531],[28.1135,46.233],[28.143,46.194],[28.1451,46.1637],[28.1345,46.1295],[28.1244,46.1109],[28.1168,46.1102],[28.1233,46.1042],[28.1106,46.1027],[28.1072,46.0979],[28.103,46.0986],[28.1073,46.0992]]],[[[28.0929,46.9095],[28.0959,46.9109],[28.1035,46.9103],[28.1121,46.9218],[28.0978,46.9268],[28.0954,46.9286],[28.1001,46.9309],[28.1054,46.9283],[28.104,46.9315],[28.086,46.9331],[28.0806,46.9367],[28.0809,46.9385],[28.0851,46.9394],[28.0878,46.9351],[28.087,46.9422],[28.0958,46.9412],[28.0889,46.9488],[28.0929,46.9563],[28.0846,46.9561],[28.0778,46.9622],[28.0843,46.9725],[28.0958,46.9778],[28.0859,46.9647],[28.0786,46.9621],[28.0946,46.9561],[28.0971,46.9415],[28.0883,46.9345],[28.0816,46.9369],[28.0856,46.9339],[28.1043,46.9323],[28.1134,46.9219],[28.1031,46.9091],[28.0942,46.9096],[28.095,46.9049],[28.0929,46.9095]]],[[[28.0777,46.9848],[28.077,46.9864],[28.0812,46.9899],[28.0536,46.9994],[28.0558,47.0018],[28.0534,47.0054],[28.054,47.0022],[28.0524,47.0008],[28.0506,47.0009],[28.0317,47.0109],[28.0321,47.0137],[28.0397,47.019],[28.046,47.0186],[28.0528,47.0135],[28.0478,47.0243],[28.0461,47.0243],[28.0448,47.021],[28.042,47.0198],[28.0315,47.0251],[28.0254,47.0253],[28.0226,47.0228],[28.0171,47.0226],[27.9956,47.0282],[27.959,47.0408],[27.9576,47.0464],[27.9633,47.0491],[27.9522,47.0464],[27.9443,47.0494],[27.9433,47.0512],[27.9454,47.0529],[27.9521,47.0551],[27.958,47.0541],[27.9598,47.0556],[27.944,47.0603],[27.9403,47.0654],[27.9441,47.0591],[27.9284,47.0566],[27.899,47.0712],[27.8662,47.1026],[27.8668,47.1044],[27.8747,47.1074],[27.8649,47.1079],[27.8642,47.1037],[27.86,47.1029],[27.829,47.1173],[27.8257,47.1212],[27.8258,47.1232],[27.8382,47.1304],[27.8505,47.1253],[27.8423,47.1349],[27.8329,47.1325],[27.7812,47.1412],[27.7803,47.1439],[27.7836,47.145],[27.799,47.1421],[27.7961,47.1481],[27.7871,47.1464],[27.7843,47.1475],[27.7836,47.1499],[27.7857,47.1525],[27.7895,47.1542],[27.8006,47.1519],[27.8012,47.1572],[27.8105,47.1637],[27.8102,47.1656],[27.8018,47.1666],[27.7952,47.171],[27.7975,47.1808],[27.8031,47.1889],[27.7928,47.1871],[27.7887,47.1882],[27.7856,47.1905],[27.785,47.1975],[27.7891,47.2075],[27.7814,47.2036],[27.7762,47.2038],[27.7775,47.2081],[27.7848,47.2143],[27.7858,47.2181],[27.7693,47.2209],[27.7748,47.2301],[27.7556,47.2295],[27.7458,47.2401],[27.7414,47.2571],[27.7575,47.2571],[27.7444,47.2626],[27.7477,47.2764],[27.7458,47.2771],[27.7393,47.2749],[27.7366,47.2756],[27.7318,47.2923],[27.6851,47.2838],[27.682,47.2885],[27.6841,47.2962],[27.679,47.2982],[27.678,47.3091],[27.6745,47.2989],[27.6471,47.2983],[27.6319,47.3032],[27.6371,47.3116],[27.6305,47.3088],[27.6272,47.3094],[27.6218,47.3255],[27.6173,47.3192],[27.6064,47.3164],[27.6043,47.3183],[27.61,47.3254],[27.605,47.3283],[27.6001,47.323],[27.6026,47.3188],[27.5998,47.3165],[27.5962,47.3172],[27.5922,47.3201],[27.5948,47.3267],[27.5834,47.3263],[27.5808,47.3273],[27.5811,47.3309],[27.5854,47.3329],[27.5949,47.3331],[27.6003,47.3292],[27.6142,47.3394],[27.6078,47.3381],[27.6043,47.3392],[27.605,47.3489],[27.5991,47.3456],[27.5946,47.3466],[27.5964,47.3721],[27.594,47.3663],[27.5895,47.3644],[27.5822,47.3678],[27.5756,47.367],[27.5728,47.3691],[27.5744,47.3716],[27.583,47.3748],[27.5829,47.3782],[27.5736,47.3717],[27.5685,47.3728],[27.5663,47.3795],[27.5688,47.3946],[27.5836,47.4078],[27.5821,47.4096],[27.5791,47.4073],[27.5743,47.4084],[27.5698,47.424],[27.5633,47.4217],[27.5564,47.4249],[27.5522,47.4333],[27.5565,47.4474],[27.5701,47.4506],[27.5714,47.4646],[27.563,47.462],[27.5574,47.4642],[27.5426,47.4765],[27.5388,47.4881],[27.538,47.4782],[27.5149,47.4733],[27.5119,47.4758],[27.5115,47.4783],[27.5147,47.4901],[27.5078,47.4849],[27.5104,47.4812],[27.506,47.4777],[27.492,47.4803],[27.4904,47.4833],[27.495,47.4864],[27.4929,47.4883],[27.4791,47.4844],[27.4718,47.4867],[27.4535,47.5082],[27.4547,47.5177],[27.4669,47.5266],[27.4552,47.5211],[27.4506,47.5219],[27.4432,47.5305],[27.4561,47.5364],[27.4455,47.5344],[27.4317,47.5429],[27.4176,47.5648],[27.416,47.5713],[27.4277,47.5821],[27.4049,47.5822],[27.372,47.5969],[27.3614,47.6183],[27.3321,47.6277],[27.2944,47.6619],[27.2504,47.7198],[27.2599,47.7312],[27.2661,47.7338],[27.2931,47.7244],[27.2929,47.723],[27.2522,47.7198],[27.296,47.6622],[27.3624,47.6192],[27.3727,47.5981],[27.4284,47.5836],[27.4298,47.5805],[27.4176,47.5718],[27.4188,47.5655],[27.4572,47.5367],[27.452,47.5218],[27.4681,47.5271],[27.4556,47.5093],[27.4757,47.4856],[27.4943,47.4891],[27.5065,47.4787],[27.5062,47.4846],[27.513,47.4905],[27.5172,47.4904],[27.5154,47.4742],[27.5373,47.4893],[27.5741,47.4629],[27.5733,47.4532],[27.5536,47.4332],[27.5574,47.4258],[27.5688,47.4256],[27.5756,47.4197],[27.5767,47.4083],[27.5807,47.4106],[27.5856,47.4097],[27.5697,47.373],[27.583,47.379],[27.5898,47.365],[27.5967,47.3736],[27.6156,47.3396],[27.6003,47.328],[27.5946,47.3316],[27.5813,47.3281],[27.5967,47.3266],[27.5991,47.3173],[27.5986,47.3232],[27.6039,47.3291],[27.6217,47.3263],[27.6381,47.3122],[27.6337,47.3031],[27.6468,47.2998],[27.6788,47.3098],[27.6858,47.2966],[27.6858,47.2848],[27.7327,47.2928],[27.7487,47.2769],[27.746,47.2636],[27.7596,47.2578],[27.7461,47.2422],[27.776,47.2304],[27.7707,47.2216],[27.7822,47.2209],[27.7854,47.2196],[27.7869,47.2164],[27.7776,47.2043],[27.7874,47.2087],[27.7909,47.2072],[27.7875,47.1899],[27.8042,47.1895],[27.811,47.1627],[27.8009,47.1508],[27.7847,47.15],[27.7955,47.1498],[27.7998,47.1413],[27.7817,47.1421],[27.8428,47.1354],[27.8519,47.1285],[27.8514,47.1251],[27.8493,47.1233],[27.8259,47.1216],[27.8754,47.1078],[27.8979,47.0733],[27.906,47.077],[27.9168,47.067],[27.919,47.068],[27.9231,47.0681],[27.9317,47.0623],[27.9408,47.0663],[27.9606,47.056],[27.9599,47.0538],[27.9448,47.0501],[27.9646,47.0494],[27.9827,47.0351],[27.9925,47.0378],[27.995,47.0291],[28.0353,47.0304],[28.0383,47.0282],[28.0423,47.0203],[28.0459,47.0252],[28.0479,47.0252],[28.0539,47.0133],[28.0511,47.013],[28.0457,47.0178],[28.0388,47.0183],[28.0325,47.0113],[28.0553,47.0056],[28.0574,47.003],[28.0557,46.9995],[28.0814,46.9907],[28.0965,46.9786],[28.0958,46.9778],[28.0777,46.9848]],[[27.9153,47.0667],[27.9053,47.0764],[27.9008,47.0732],[27.9278,47.058],[27.9356,47.0614],[27.9307,47.0618],[27.9153,47.0667]],[[28.027,47.0265],[28.0396,47.0238],[28.0349,47.0299],[28.027,47.0265]]],[[[27.2798,47.7357],[27.2847,47.7444],[27.2963,47.7498],[27.2947,47.7522],[27.2875,47.7479],[27.2811,47.7483],[27.2785,47.75],[27.2797,47.7637],[27.2695,47.7591],[27.265,47.7594],[27.2302,47.7997],[27.2301,47.8061],[27.2416,47.8149],[27.2208,47.8135],[27.2139,47.8201],[27.2134,47.8247],[27.2232,47.8322],[27.2498,47.8331],[27.2155,47.8197],[27.2418,47.816],[27.2418,47.8125],[27.2313,47.8057],[27.2327,47.7981],[27.2681,47.7794],[27.2868,47.7572],[27.2795,47.7503],[27.2935,47.7533],[27.2983,47.75],[27.2931,47.7244],[27.2798,47.7357]]],[[[28.0963,46.0754],[28.1017,46.076],[28.1005,46.0685],[28.0963,46.0754]]],[[[28.1016,46.1003],[28.1222,46.1246],[28.114,46.1116],[28.1016,46.1003]]],[[[28.0846,46.1078],[28.0636,46.118],[28.0553,46.1591],[28.0846,46.1078]]],[[[28.0473,46.1597],[28.0413,46.1658],[28.0488,46.1675],[28.0473,46.1597]]],[[[28.1287,46.1705],[28.095,46.1818],[28.0926,46.1884],[28.1287,46.1705]]],[[[28.1081,46.2074],[28.098,46.2105],[28.0985,46.211],[28.1081,46.2074]]],[[[28.1089,46.2328],[28.101,46.2235],[28.1002,46.226],[28.1089,46.2328]]],[[[28.1247,46.2534],[28.1185,46.2538],[28.1189,46.2604],[28.1247,46.2534]]],[[[28.1324,46.2691],[28.1338,46.2813],[28.1338,46.269],[28.1324,46.2691]]],[[[27.7468,46.2889],[27.7394,46.2912],[27.7528,46.3085],[27.7657,46.3081],[27.7468,46.2889]]],[[[28.1477,46.3219],[28.1492,46.3103],[28.1438,46.3056],[28.1477,46.3219]]],[[[27.7812,46.3387],[27.7891,46.3381],[27.784,46.326],[27.7812,46.3387]]],[[[28.0821,46.3242],[28.069,46.3469],[28.0841,46.3327],[28.0874,46.3491],[28.0853,46.3327],[28.0821,46.3242]]],[[[28.1504,46.4384],[28.1527,46.4223],[28.1486,46.4224],[28.1504,46.4384]]],[[[27.8969,46.4506],[27.9008,46.4624],[27.9025,46.462],[27.8969,46.4506]]],[[[27.8585,46.6074],[27.8741,46.6093],[27.8686,46.6049],[27.8585,46.6074]]],[[[27.702,46.6209],[27.7085,46.62],[27.7069,46.6178],[27.702,46.6209]]],[[[28.1556,46.6572],[28.1537,46.6542],[28.1428,46.6595],[28.1556,46.6572]]],[[[27.9074,46.6769],[27.9136,46.661],[27.8999,46.687],[27.9074,46.6769]]],[[[28.0991,46.6777],[28.095,46.6827],[28.1133,46.6785],[28.0991,46.6777]]],[[[27.8467,46.6809],[27.8445,46.6809],[27.8355,46.7031],[27.8464,46.6904],[27.8545,46.7099],[27.8467,46.6809]]],[[[28.0565,46.7071],[28.0714,46.6987],[28.0627,46.7003],[28.0565,46.7071]]],[[[28.1392,46.757],[28.1443,46.7523],[28.1433,46.7511],[28.1392,46.757]]],[[[27.9077,46.758],[27.9077,46.7678],[27.912,46.7621],[27.9077,46.758]]],[[[27.9672,46.77],[27.9652,46.7751],[27.9726,46.7741],[27.9672,46.77]]],[[[28.1085,46.7739],[28.1149,46.7669],[28.0999,46.7812],[28.1085,46.7739]]],[[[27.7299,46.764],[27.7284,46.7572],[27.7177,46.7941],[27.7299,46.764]]],[[[27.9593,46.8042],[27.9567,46.8093],[27.9639,46.805],[27.9625,46.7929],[27.9593,46.8042]]],[[[28.1103,46.8131],[28.1075,46.8142],[28.12,46.812],[28.1103,46.8131]]],[[[27.9496,46.8364],[27.9244,46.8626],[27.9266,46.8631],[27.9496,46.8364]]],[[[28.1061,46.8877],[28.1095,46.8776],[28.0994,46.8754],[28.1061,46.8877]]],[[[28.0853,46.8923],[28.0856,46.8882],[28.0736,46.9006],[28.0853,46.8923]]],[[[27.7359,46.9074],[27.7365,46.9136],[27.7461,46.8951],[27.7359,46.9074]]],[[[27.6917,46.9043],[27.6881,46.9088],[27.6912,46.9113],[27.6917,46.9043]]],[[[27.855,47.0439],[27.8494,47.0525],[27.8722,47.0428],[27.855,47.0439]]],[[[27.8395,47.0649],[27.8325,47.059],[27.8257,47.0631],[27.8395,47.0649]]],[[[27.808,47.0809],[27.8164,47.077],[27.8148,47.0682],[27.808,47.0809]]],[[[27.7826,47.1138],[27.795,47.1155],[27.8073,47.1116],[27.8155,47.1053],[27.7826,47.1138]]],[[[27.7853,47.2212],[27.7764,47.2265],[27.7798,47.2279],[27.7853,47.2212]]],[[[27.7102,47.3096],[27.7264,47.2976],[27.7236,47.2958],[27.7102,47.3096]]],[[[28.5687,43.5629],[28.5641,43.5652],[28.5691,43.5648],[28.5662,43.5733],[28.5711,43.5652],[28.5687,43.5629]]],[[[28.5686,43.5809],[28.5621,43.5658],[28.5645,43.5594],[28.5573,43.5565],[28.559,43.5891],[28.5686,43.5809]]],[[[28.5597,43.5903],[28.5533,43.588],[28.5453,43.5908],[28.57,43.5914],[28.5597,43.5903]]],[[[28.5227,43.6613],[28.5222,43.6651],[28.5333,43.67],[28.5227,43.6613]]],[[[28.5539,43.6749],[28.5591,43.6857],[28.5634,43.6717],[28.5539,43.6749]]],[[[28.5534,43.6881],[28.5519,43.6919],[28.5619,43.7009],[28.5534,43.6881]]],[[[28.462,43.7952],[28.4446,43.7975],[28.4565,43.8074],[28.4693,43.806],[28.4742,43.8032],[28.462,43.7952]]],[[[28.3366,43.8076],[28.3376,43.8129],[28.3445,43.8185],[28.3489,43.798],[28.3366,43.8076]]],[[[28.5566,43.8065],[28.5659,43.8065],[28.5793,43.7983],[28.5504,43.7959],[28.4849,43.8172],[28.5566,43.8065]]],[[[28.4052,43.8185],[28.4228,43.809],[28.3979,43.812],[28.3886,43.8183],[28.4052,43.8185]]],[[[28.3691,43.8184],[28.3628,43.8181],[28.3696,43.8257],[28.3812,43.8201],[28.3691,43.8184]]],[[[28.5645,43.8295],[28.5653,43.8328],[28.5724,43.8317],[28.5645,43.8295]]],[[[28.5829,43.8321],[28.577,43.8393],[28.5857,43.844],[28.5829,43.8321]]],[[[28.571,43.8986],[28.5793,43.8999],[28.5984,43.8937],[28.571,43.8986]]],[[[28.2182,43.9752],[28.1867,43.9773],[28.1879,43.9652],[28.1798,43.97],[28.1844,43.9786],[28.2054,43.9834],[28.2182,43.9752]]],[[[28.2594,43.9873],[28.2583,43.9787],[28.2594,43.9906],[28.2824,44.0082],[28.2594,43.9873]]],[[[28.5593,44.0056],[28.5479,43.9917],[28.5459,44.0214],[28.5593,44.0056]]],[[[28.2444,44.2557],[28.2516,44.2667],[28.2576,44.2666],[28.2444,44.2557]]],[[[28.5953,44.3122],[28.5914,44.3101],[28.5885,44.3186],[28.5953,44.3122]]],[[[28.6422,44.3268],[28.6312,44.3269],[28.659,44.3396],[28.6422,44.3268]]],[[[28.6298,44.3306],[28.6239,44.3328],[28.6417,44.3483],[28.6298,44.3306]]],[[[28.6595,44.3432],[28.6524,44.3504],[28.6761,44.3448],[28.6595,44.3432]]],[[[28.7111,44.3829],[28.7162,44.3832],[28.7028,44.3684],[28.7111,44.3829]]],[[[28.5577,44.3977],[28.5584,44.3934],[28.5423,44.3866],[28.5559,44.3969],[28.5339,44.4051],[28.5344,44.4175],[28.5577,44.3977]]],[[[28.7188,44.3912],[28.7463,44.4414],[28.7193,44.487],[28.724,44.5372],[28.761,44.5516],[28.7488,44.5605],[28.7677,44.5833],[28.8052,44.5875],[28.7629,44.5598],[28.7575,44.4631],[28.7962,44.5116],[28.8529,44.5535],[28.8471,44.5573],[28.8564,44.5625],[28.894,44.5734],[28.8973,44.5711],[28.8772,44.5406],[28.8287,44.528],[28.8101,44.52],[28.8759,44.5387],[28.7188,44.3912]],[[28.7549,44.4496],[28.7485,44.4468],[28.7532,44.4413],[28.7549,44.4496]],[[28.8203,44.5174],[28.8595,44.5277],[28.8436,44.5249],[28.8203,44.5174]],[[28.8579,44.5614],[28.851,44.5559],[28.8918,44.5631],[28.8579,44.5614]],[[28.8486,44.5448],[28.8454,44.5432],[28.8711,44.5463],[28.8486,44.5448]],[[28.8403,44.5395],[28.8621,44.5412],[28.8619,44.5426],[28.8403,44.5395]]],[[[28.4864,44.4725],[28.4873,44.49],[28.5211,44.4648],[28.4864,44.4725]]],[[[28.686,44.4944],[28.7025,44.4939],[28.7059,44.4999],[28.7166,44.5008],[28.6985,44.491],[28.686,44.4944]]],[[[28.4314,44.5096],[28.4317,44.5114],[28.4523,44.5013],[28.4519,44.4972],[28.4314,44.5096]]],[[[28.6877,44.5301],[28.6884,44.5356],[28.6994,44.5411],[28.6877,44.5301]]],[[[28.7346,44.5556],[28.7254,44.5516],[28.7341,44.572],[28.7346,44.5556]]],[[[28.9337,44.6168],[28.9306,44.6163],[28.9489,44.6553],[28.9337,44.6168]]],[[[28.8302,44.6541],[28.8291,44.6583],[28.8355,44.6588],[28.8302,44.6541]]],[[[28.8252,44.6967],[28.8263,44.6963],[28.8163,44.6903],[28.8252,44.6967]]],[[[28.7812,44.7201],[28.7768,44.7075],[28.7447,44.7131],[28.7288,44.7241],[28.8167,44.7346],[28.8205,44.7275],[28.7812,44.7201]],[[28.8061,44.7252],[28.8175,44.73],[28.8112,44.7318],[28.8061,44.7252]]],[[[28.8714,44.746],[28.8197,44.7353],[28.8453,44.7545],[28.8702,44.7518],[28.8508,44.7484],[28.8714,44.746]]],[[[28.8778,44.7473],[28.8773,44.7486],[28.9103,44.7616],[28.9356,44.7501],[28.8778,44.7473]]],[[[29.5223,44.7874],[29.5462,44.7896],[29.5395,44.7857],[29.5223,44.7874]]],[[[28.9019,44.8029],[28.8997,44.7897],[28.9066,44.7775],[28.9106,44.8028],[28.9425,44.8044],[28.9192,44.7699],[28.9006,44.7786],[28.8977,44.7904],[28.8997,44.8045],[28.9431,44.8125],[28.9019,44.8029]]],[[[28.8994,44.8503],[28.9005,44.8558],[28.9106,44.8464],[28.8994,44.8503]]],[[[28.8726,44.8626],[28.7945,44.8894],[28.799,44.9084],[28.8566,44.9096],[28.8726,44.8626]]],[[[28.7145,44.9322],[28.7262,44.9279],[28.7387,44.9136],[28.7145,44.9322]]],[[[28.7535,44.9419],[28.7518,44.9505],[28.7575,44.9512],[28.7535,44.9419]]],[[[28.6773,44.9464],[28.6723,44.9565],[28.6862,44.9502],[28.6773,44.9464]]],[[[28.8593,44.9564],[28.8679,44.9628],[28.8699,44.956],[28.8593,44.9564]]],[[[28.7329,44.9548],[28.748,44.9424],[28.7231,44.9491],[28.7256,44.9713],[28.7329,44.9548]]],[[[28.9628,44.9627],[28.9824,44.9676],[28.9825,44.9666],[28.9628,44.9627]]],[[[29.3688,44.9688],[29.3794,44.9798],[29.3653,44.9574],[29.3688,44.9688]]],[[[28.8991,44.971],[28.8885,44.9639],[28.9008,44.9901],[28.8991,44.971]]],[[[28.9435,45.0143],[28.9456,45.0143],[28.9469,45.0054],[28.9435,45.0143]]],[[[28.8891,45.0247],[28.8889,45.0268],[28.9009,45.015],[28.8891,45.0247]]],[[[29.1163,45.0335],[29.1061,45.0215],[29.116,45.0365],[29.1163,45.0335]]],[[[28.2139,45.022],[28.2035,45.0252],[28.227,45.0344],[28.2139,45.022]]],[[[28.4125,45.0639],[28.4247,45.0518],[28.421,45.052],[28.4125,45.0639]]],[[[29.096,45.0805],[29.1178,45.0655],[29.1167,45.0599],[29.096,45.0805]]],[[[29.1524,45.0895],[29.1555,45.0888],[29.1378,45.0767],[29.1188,45.0799],[29.1524,45.0895]]],[[[29.509,45.0907],[29.5105,45.0951],[29.5165,45.0923],[29.509,45.0907]]],[[[29.3739,45.0667],[29.3569,45.1052],[29.3675,45.1305],[29.3702,45.0789],[29.3739,45.0667]]],[[[29.3689,45.1156],[29.3728,45.1326],[29.3759,45.0971],[29.3689,45.1156]]],[[[28.9357,45.1421],[28.932,45.1468],[28.9623,45.1334],[28.9357,45.1421]]],[[[29.067,45.171],[29.0723,45.1684],[29.0545,45.1683],[29.067,45.171]]],[[[29.0772,45.195],[29.0873,45.194],[29.057,45.1886],[29.0772,45.195]]],[[[28.5671,45.2222],[28.5124,45.207],[28.5485,45.2254],[28.5179,45.2179],[28.5251,45.2392],[28.4983,45.2395],[28.4902,45.2491],[28.5616,45.2431],[28.5655,45.2269],[28.5736,45.2433],[28.637,45.2361],[28.628,45.2153],[28.6442,45.2344],[28.6989,45.2187],[28.7339,45.2231],[28.778,45.2027],[28.7496,45.2],[28.7578,45.1828],[28.7406,45.1841],[28.7349,45.1654],[28.7296,45.1643],[28.5671,45.2222]],[[28.5869,45.2345],[28.5809,45.2257],[28.5937,45.2186],[28.5869,45.2345]],[[28.6795,45.2067],[28.6771,45.1981],[28.6885,45.2084],[28.6795,45.2067]],[[28.6645,45.2135],[28.6559,45.2115],[28.6621,45.2062],[28.6645,45.2135]],[[28.6534,45.2235],[28.6388,45.2253],[28.644,45.2205],[28.6534,45.2235]],[[28.641,45.2097],[28.6492,45.2151],[28.6443,45.2183],[28.641,45.2097]],[[28.7321,45.2124],[28.7317,45.2103],[28.7425,45.207],[28.7321,45.2124]]],[[[28.213,45.1999],[28.201,45.2005],[28.1892,45.2103],[28.213,45.1999]]],[[[28.4802,45.2222],[28.477,45.2308],[28.4876,45.2293],[28.4802,45.2222]]],[[[28.9325,45.2268],[28.9272,45.2336],[28.9367,45.2397],[28.9325,45.2268]]],[[[28.9144,45.2428],[28.8765,45.2231],[28.7947,45.2266],[28.9222,45.2527],[28.9144,45.2428]],[[28.861,45.2327],[28.8579,45.2293],[28.8724,45.2321],[28.8779,45.2373],[28.861,45.2327]]],[[[28.787,45.2467],[28.7834,45.2409],[28.7689,45.2542],[28.787,45.2467]]],[[[28.9893,45.2759],[28.9809,45.2844],[29.0132,45.2726],[28.9893,45.2759]]],[[[28.3481,45.2759],[28.3249,45.2908],[28.3617,45.3045],[28.3443,45.2807],[28.3709,45.2763],[28.3481,45.2759]]],[[[28.7729,45.3259],[28.7774,45.3337],[28.7777,45.3204],[28.7851,45.3173],[28.7769,45.315],[28.7729,45.3259]]],[[[28.8317,45.3318],[28.8582,45.3256],[28.8577,45.3237],[28.8317,45.3318]]],[[[29.036,45.36],[28.9729,45.3352],[28.9752,45.3403],[29.036,45.36]]],[[[29.2802,45.3877],[29.2822,45.3952],[29.2859,45.3986],[29.2984,45.3461],[29.2912,45.3363],[29.2802,45.3877]]],[[[29.0521,45.3618],[29.0498,45.364],[29.0758,45.3723],[29.0521,45.3618]]],[[[29.0997,45.3773],[29.0752,45.3783],[29.0847,45.3828],[29.0997,45.3773]]],[[[29.5771,45.3898],[29.5755,45.3619],[29.5538,45.3907],[29.5771,45.3898]]],[[[29.1651,45.3799],[29.1604,45.3842],[29.1681,45.3883],[29.1651,45.3799]]],[[[29.3298,45.4424],[29.3492,45.4333],[29.3185,45.4293],[29.3298,45.4424]]],[[[28.2523,46.4514],[28.2504,46.4532],[28.257,46.4563],[28.2523,46.4514]]],[[[28.232,46.5096],[28.2355,46.5005],[28.2256,46.5072],[28.232,46.5096]]],[[[28.2296,46.5469],[28.2353,46.5347],[28.2326,46.533],[28.2268,46.5388],[28.2296,46.5469]]],[[[28.2425,46.5625],[28.2376,46.562],[28.235,46.5683],[28.2425,46.5625]]],[[[28.2602,46.6108],[28.2547,46.6102],[28.2518,46.625],[28.2602,46.6108]]]]}}
]
}
