{
"type": "FeatureCollection",
"name": "SELECT",
"crs": { "type": "name", "properties": { "name": "urn:ogc:def:crs:OGC:1.3:CRS84" } },
"xy_coordinate_resolution": 0.0001,
"features": [
{"type":"Feature","properties":{"klasse":"weinbau"},"geometry":{"type":"MultiPolygon","coordinates":[[[[19.7573,45.0802],[19.7642,45.0832],[19.7622,45.0799],[19.7573,45.0802]]],[[[19.7418,45.1066],[19.7338,45.088],[19.7376,45.1067],[19.7418,45.1066]]],[[[19.8101,45.1044],[19.8158,45.1082],[19.8146,45.1041],[19.8101,45.1044]]],[[[19.9103,45.1817],[19.9145,45.1908],[19.9185,45.188],[19.9103,45.1817]]],[[[19.9246,45.1871],[19.935,45.1877],[19.9235,45.1836],[19.9246,45.1871]]],[[[19.6265,45.1965],[19.6126,45.1948],[19.6116,45.1975],[19.6265,45.1965]]],[[[19.5921,45.2015],[19.5908,45.1981],[19.5904,45.1913],[19.5828,45.1991],[19.5921,45.2015]]],[[[19.8819,45.2118],[19.8579,45.193],[19.8566,45.1943],[19.8597,45.2073],[19.8819,45.2118]]],[[[20.0963,45.9442],[20.1061,45.9503],[20.097,45.9365],[20.0963,45.9442]]],[[[19.7264,46.0974],[19.7415,46.0955],[19.728,46.0905],[19.7264,46.0974]]],[[[19.9107,46.111],[19.9102,46.1163],[19.9165,46.114],[19.9107,46.111]]],[[[19.8079,46.1193],[19.8104,46.1264],[19.8137,46.1217],[19.8079,46.1193]]],[[[19.797,46.1351],[19.798,46.1254],[19.7892,46.132],[19.797,46.1351]]],[[[19.7815,46.1407],[19.7843,46.1377],[19.7706,46.136],[19.7815,46.1407]]],[[[19.8798,46.1382],[19.881,46.1444],[19.8865,46.1378],[19.8798,46.1382]]],[[[19.9206,46.1575],[19.9221,46.1671],[19.9273,46.1596],[19.9206,46.1575]]],[[[19.8581,46.185],[19.8565,46.1917],[19.8616,46.1869],[19.8581,46.185]]],[[[19.8171,46.2024],[19.8204,46.209],[19.824,46.206],[19.8171,46.2024]]],[[[19.9726,46.2204],[19.9771,46.2282],[19.9833,46.2272],[19.9726,46.2204]]],[[[19.9174,46.2381],[19.9179,46.2492],[19.923,46.2387],[19.9174,46.2381]]],[[[19.8342,46.2456],[19.8287,46.2511],[19.8344,46.2472],[19.8342,46.2456]]],[[[19.8975,46.3044],[19.9065,46.3051],[19.9088,46.3026],[19.8975,46.3044]]],[[[19.6505,46.3006],[19.6378,46.3046],[19.6477,46.3118],[19.6505,46.3006]]],[[[19.7031,46.315],[19.6999,46.3215],[19.7064,46.3179],[19.7031,46.315]]],[[[19.5848,46.3271],[19.5941,46.3333],[19.589,46.3241],[19.5848,46.3271]]],[[[19.6749,46.3308],[19.6704,46.3412],[19.68,46.3351],[19.6749,46.3308]]],[[[19.6877,46.3501],[19.7228,46.3421],[19.6907,46.3434],[19.6877,46.3501]]],[[[19.7979,46.3564],[19.8086,46.3553],[19.8052,46.352],[19.7979,46.3564]]],[[[19.8061,46.3674],[19.8054,46.3699],[19.8143,46.3605],[19.8061,46.3674]]],[[[19.5066,46.3768],[19.4917,46.3826],[19.5016,46.3861],[19.5066,46.3768]]],[[[19.5395,46.4229],[19.5303,46.4143],[19.5162,46.4206],[19.5395,46.4229]]],[[[19.5212,46.4353],[19.5174,46.4306],[19.5147,46.4355],[19.5212,46.4353]]],[[[19.587,46.4423],[19.5429,46.4289],[19.5388,46.4339],[19.5602,46.4476],[19.587,46.4423]]],[[[19.5923,46.4432],[19.5916,46.4519],[19.5985,46.4456],[19.5923,46.4432]]],[[[19.7762,46.4779],[19.8009,46.4665],[19.7694,46.4717],[19.7762,46.4779]]],[[[19.7396,46.4703],[19.7348,46.4804],[19.7456,46.4742],[19.7396,46.4703]]],[[[19.9563,46.5055],[19.942,46.5144],[19.9495,46.5189],[19.9563,46.5055]]],[[[19.7604,46.5156],[19.7487,46.5117],[19.7466,46.5201],[19.7604,46.5156]]],[[[19.8335,46.5201],[19.8296,46.5131],[19.8189,46.5205],[19.8335,46.5201]]],[[[19.5342,46.5448],[19.5245,46.5498],[19.534,46.5531],[19.5342,46.5448]]],[[[19.7574,46.5481],[19.7485,46.5511],[19.7539,46.5555],[19.7574,46.5481]]],[[[19.7753,46.5553],[19.7714,46.562],[19.7789,46.5584],[19.7753,46.5553]]],[[[19.5174,46.578],[19.5233,46.5685],[19.5072,46.5855],[19.5174,46.578]]],[[[19.726,46.581],[19.7332,46.5781],[19.7409,46.5759],[19.7345,46.5747],[19.726,46.581]]],[[[19.5135,46.5994],[19.5292,46.5906],[19.5125,46.5967],[19.5135,46.5994]]],[[[19.5404,46.6153],[19.5348,46.6146],[19.5279,46.6174],[19.5404,46.6153]]],[[[19.4997,46.6196],[19.5003,46.6267],[19.5129,46.6206],[19.4997,46.6196]]],[[[19.5419,46.6358],[19.5397,46.6276],[19.5413,46.6222],[19.5288,46.6328],[19.5419,46.6358]]],[[[19.565,46.6279],[19.5675,46.6383],[19.5724,46.6346],[19.565,46.6279]]],[[[19.5346,46.6365],[19.525,46.6371],[19.5337,46.6404],[19.5346,46.6365]]],[[[19.8479,46.6733],[19.8409,46.6705],[19.841,46.6761],[19.8479,46.6733]]],[[[19.5193,46.6685],[19.5217,46.6788],[19.527,46.6753],[19.5193,46.6685]]],[[[19.5103,46.6863],[19.5122,46.6794],[19.5067,46.6828],[19.5103,46.6863]]],[[[20.1176,46.7237],[20.099,46.7227],[20.0996,46.728],[20.1176,46.7237]]],[[[19.6001,46.7409],[19.6014,46.7282],[19.5892,46.7355],[19.6001,46.7409]]],[[[20.043,46.7416],[20.0293,46.7328],[20.0244,46.7419],[20.043,46.7416]]],[[[19.4188,46.7593],[19.4035,46.7543],[19.4655,46.7361],[19.5002,46.7506],[19.5157,46.7186],[19.4886,46.7198],[19.4859,46.7296],[19.501,46.7374],[19.4938,46.7417],[19.4462,46.7226],[19.4209,46.7308],[19.4339,46.7428],[19.395,46.7526],[19.4188,46.7593]],[[19.4972,46.7322],[19.4942,46.7245],[19.5037,46.7343],[19.4972,46.7322]]],[[[19.8258,46.7353],[19.8142,46.7383],[19.8107,46.7455],[19.8258,46.7353]]],[[[20.0557,46.7523],[20.0829,46.7315],[20.0361,46.749],[20.0557,46.7523]]],[[[19.5412,46.7724],[19.5514,46.7432],[19.5274,46.7491],[19.5478,46.7361],[19.5549,46.7241],[19.5447,46.7312],[19.5392,46.7205],[19.5284,46.7255],[19.536,46.7169],[19.549,46.7221],[19.5345,46.7044],[19.5193,46.7165],[19.5354,46.7414],[19.5057,46.751],[19.5396,46.7493],[19.5236,46.7659],[19.5412,46.7724]],[[19.5404,46.7349],[19.5363,46.7228],[19.5448,46.7329],[19.5404,46.7349]]],[[[19.6123,46.7511],[19.6147,46.7383],[19.6089,46.7459],[19.6123,46.7511]]],[[[19.5968,46.7512],[19.589,46.7562],[19.5953,46.7582],[19.5968,46.7512]]],[[[20.0666,46.7563],[20.0961,46.7497],[20.0958,46.7463],[20.0666,46.7563]]],[[[19.5787,46.7627],[19.5756,46.7458],[19.5655,46.7536],[19.5787,46.7627]]],[[[19.801,46.7533],[19.7861,46.7607],[19.7879,46.7631],[19.801,46.7533]]],[[[20.0485,46.7635],[20.0548,46.7548],[20.045,46.761],[20.0485,46.7635]]],[[[20.0277,46.753],[20.034,46.7704],[20.0432,46.7598],[20.0277,46.753]]],[[[19.6212,46.7688],[19.6006,46.7744],[19.6184,46.7744],[19.6212,46.7688]]],[[[19.6331,46.7826],[19.6406,46.7849],[19.6409,46.7834],[19.6331,46.7826]]],[[[19.5321,46.8056],[19.5291,46.7944],[19.524,46.8094],[19.5321,46.8056]]],[[[19.6016,46.8028],[19.6044,46.8219],[19.6146,46.8162],[19.6016,46.8028]]],[[[19.564,46.8157],[19.576,46.8121],[19.573,46.8061],[19.564,46.8157]]],[[[19.5927,46.8299],[19.6026,46.8253],[19.5875,46.8278],[19.5927,46.8299]]],[[[19.9681,46.8392],[19.9692,46.8267],[19.957,46.8314],[19.9681,46.8392]]],[[[20.1256,46.8381],[20.1222,46.8295],[20.1144,46.8286],[20.1256,46.8381]]],[[[19.6679,46.846],[19.6856,46.8306],[19.6616,46.844],[19.6679,46.846]]],[[[19.9499,46.8418],[19.9524,46.8344],[19.9471,46.8375],[19.9499,46.8418]]],[[[19.5923,46.8411],[19.5925,46.8352],[19.5829,46.8369],[19.5923,46.8411]]],[[[19.6406,46.8429],[19.6541,46.8404],[19.6515,46.8356],[19.6406,46.8429]]],[[[19.5844,46.8548],[19.5819,46.8412],[19.5692,46.8493],[19.5844,46.8548]]],[[[20.1741,46.8588],[20.1538,46.8417],[20.1171,46.8482],[20.1119,46.8269],[20.0904,46.8402],[20.1144,46.8593],[20.1556,46.8481],[20.1447,46.8682],[20.1747,46.8693],[20.1741,46.8588]],[[20.1675,46.8562],[20.1625,46.8638],[20.1596,46.862],[20.1675,46.8562]]],[[[19.6211,46.8649],[19.6127,46.8648],[19.6276,46.8715],[19.6211,46.8649]]],[[[20.0249,46.8756],[20.0288,46.8821],[20.0335,46.8725],[20.0249,46.8756]]],[[[20.0183,46.8844],[20.0033,46.8815],[20.0052,46.8897],[20.0183,46.8844]]],[[[19.9569,46.89],[19.9426,46.8853],[19.9477,46.8942],[19.9569,46.89]]],[[[19.9761,46.8911],[19.9712,46.8996],[19.9802,46.894],[19.9761,46.8911]]],[[[19.7729,46.896],[19.7714,46.9016],[19.7761,46.8999],[19.7729,46.896]]],[[[19.9326,46.9041],[19.9691,46.9009],[19.9627,46.8946],[19.9326,46.9041]]],[[[19.8951,46.9144],[19.9174,46.9019],[19.8871,46.9077],[19.8951,46.9144]]],[[[19.5918,46.9118],[19.6107,46.9066],[19.6166,46.9034],[19.5918,46.9118]]],[[[20.0764,46.9709],[20.0748,46.9788],[20.0777,46.9719],[20.0764,46.9709]]],[[[19.7725,47.0974],[19.767,47.089],[19.7653,47.0913],[19.7725,47.0974]]],[[[19.7832,47.0968],[19.782,47.1046],[19.7843,47.1025],[19.7832,47.0968]]],[[[19.6689,47.2275],[19.7116,47.214],[19.7071,47.2092],[19.6689,47.2275]]],[[[19.5714,47.2859],[19.5794,47.2707],[19.5607,47.2829],[19.5714,47.2859]]],[[[19.524,47.3271],[19.5307,47.319],[19.5206,47.3243],[19.524,47.3271]]],[[[19.5088,47.3242],[19.5078,47.3313],[19.5176,47.3249],[19.5088,47.3242]]],[[[19.4933,47.3622],[19.5352,47.3469],[19.5462,47.3362],[19.5296,47.3265],[19.4933,47.3622]]],[[[19.8809,47.4523],[19.8859,47.4508],[19.8762,47.4483],[19.8809,47.4523]]],[[[19.5956,47.4906],[19.6192,47.4788],[19.5885,47.4905],[19.5956,47.4906]]],[[[19.5651,47.496],[19.5498,47.5032],[19.5741,47.4976],[19.5651,47.496]]],[[[19.7179,47.697],[19.6961,47.7012],[19.69,47.7109],[19.6946,47.713],[19.7179,47.697]]],[[[19.8409,47.7174],[19.8731,47.705],[19.8607,47.6929],[19.8409,47.7174]]],[[[19.806,47.7123],[19.815,47.7257],[19.8185,47.7145],[19.806,47.7123]]],[[[19.7962,47.72],[19.7986,47.7267],[19.8,47.712],[19.7962,47.72]]],[[[19.7749,47.7334],[19.7847,47.7329],[19.7857,47.7282],[19.7767,47.7288],[19.7749,47.7334]]],[[[19.9848,47.7295],[19.9957,47.7376],[20.0023,47.7283],[19.9848,47.7295]]],[[[20.0131,47.7381],[20.0141,47.7315],[20.0061,47.7333],[20.0131,47.7381]]],[[[19.7763,47.7365],[19.7904,47.7471],[19.7932,47.7307],[19.7763,47.7365]]],[[[19.9797,47.7456],[19.9711,47.7322],[19.9549,47.7379],[19.9797,47.7456]]],[[[19.7579,47.739],[19.7306,47.7298],[19.7286,47.7497],[19.7373,47.7507],[19.7579,47.739]]],[[[19.8864,47.7523],[19.8987,47.7481],[19.9071,47.7331],[19.8864,47.7523]]],[[[19.856,47.754],[19.8065,47.7477],[19.8759,47.7314],[19.8522,47.7257],[19.8152,47.7398],[19.8041,47.7498],[19.7992,47.7523],[19.7941,47.7514],[19.7928,47.7528],[19.856,47.754]]],[[[19.9819,47.7469],[19.9693,47.7558],[19.9767,47.757],[19.9819,47.7469]]],[[[20.0176,47.7553],[19.9913,47.7547],[19.9885,47.7626],[20.0176,47.7553]]],[[[19.9522,47.7697],[19.971,47.7624],[19.9619,47.7465],[19.9522,47.7697]]],[[[20.0272,47.7614],[20.0022,47.7672],[20.0284,47.767],[20.0272,47.7614]]],[[[19.7954,47.7663],[19.7853,47.7575],[19.7861,47.771],[19.7954,47.7663]]],[[[19.8981,47.7636],[19.887,47.7711],[19.8953,47.7702],[19.8981,47.7636]]],[[[20.0011,47.8007],[19.9868,47.7851],[19.995,47.7757],[19.9679,47.7777],[20.0011,47.77],[19.986,47.7649],[19.9856,47.7558],[20.0103,47.745],[19.9801,47.7367],[19.9931,47.7488],[19.9853,47.7508],[19.9776,47.7649],[19.9897,47.7716],[19.9674,47.7708],[19.9685,47.7886],[20.0011,47.8007]]],[[[19.8363,47.7682],[19.8213,47.7754],[19.8431,47.7749],[19.8363,47.7682]]],[[[20.0219,47.7785],[20.0316,47.7717],[20.017,47.7724],[20.0219,47.7785]]],[[[19.8718,47.7735],[19.8605,47.7767],[19.8717,47.7746],[19.8718,47.7735]]],[[[19.83,47.7847],[19.7921,47.7808],[19.83,47.7664],[19.7921,47.7701],[19.7834,47.7893],[19.83,47.7847]]],[[[19.8809,47.7737],[19.8871,47.7894],[19.8905,47.7857],[19.8809,47.7737]]],[[[19.7601,47.785],[19.7597,47.7787],[19.7558,47.788],[19.7601,47.785]]],[[[19.9402,47.7897],[19.9461,47.7806],[19.9591,47.7751],[19.9422,47.78],[19.9402,47.7897]]],[[[20.0141,47.7907],[19.9965,47.7822],[19.996,47.7899],[20.0141,47.7907]]],[[[20.1107,47.7827],[20.0971,47.7918],[20.1035,47.795],[20.1107,47.7827]]],[[[20.0219,47.7931],[20.0144,47.7977],[20.0255,47.7956],[20.0219,47.7931]]],[[[20.0518,47.8036],[20.0397,47.798],[20.0397,47.8049],[20.0518,47.8036]]],[[[20.1024,47.7972],[20.1075,47.8076],[20.1114,47.8032],[20.1024,47.7972]]],[[[20.045,47.8164],[20.092,47.7919],[20.085,47.7848],[20.045,47.8164]]],[[[19.7366,47.8088],[19.7617,47.7969],[19.7527,47.793],[19.7366,47.8088]]],[[[19.8729,47.8069],[19.8688,47.7956],[19.8587,47.81],[19.8729,47.8069]]],[[[19.9268,47.816],[19.9053,47.771],[19.8758,47.8366],[19.9073,47.8101],[19.8982,47.8334],[19.9226,47.838],[19.9268,47.816]],[[19.9206,47.8059],[19.912,47.8151],[19.9122,47.8061],[19.9206,47.8059]]],[[[20.0013,47.8207],[20.0499,47.8063],[20.0396,47.8061],[20.0369,47.7981],[20.0312,47.7932],[20.0086,47.804],[20.0013,47.8207]]],[[[20.093,47.805],[20.0942,47.8119],[20.0987,47.8104],[20.093,47.805]]],[[[19.847,47.8141],[19.8485,47.8026],[19.8207,47.8076],[19.847,47.8141]]],[[[19.9927,47.8062],[19.9892,47.8123],[19.9966,47.8096],[19.9927,47.8062]]],[[[19.7311,47.8268],[19.7811,47.8061],[19.7801,47.8015],[19.7929,47.7991],[19.7799,47.7941],[19.7311,47.8268]]],[[[20.0813,47.8098],[20.0825,47.8172],[20.0888,47.8103],[20.0813,47.8098]]],[[[19.9447,47.8301],[19.945,47.7981],[19.9386,47.8046],[19.9447,47.8301]]],[[[19.7069,47.8126],[19.7138,47.8171],[19.7148,47.8151],[19.7069,47.8126]]],[[[19.8224,47.834],[19.8185,47.8145],[19.794,47.8221],[19.8206,47.8276],[19.8124,47.8309],[19.8224,47.834]]],[[[20.0999,47.839],[20.1132,47.8109],[20.0844,47.8341],[20.0999,47.839]]],[[[19.8669,47.8189],[19.8721,47.8311],[19.8721,47.8207],[19.8669,47.8189]]],[[[20.0779,47.8325],[20.0674,47.827],[20.0619,47.8275],[20.065,47.8339],[20.0779,47.8325]]],[[[19.8254,47.8437],[19.8405,47.8228],[19.8195,47.8427],[19.8254,47.8437]]],[[[19.7723,47.8477],[19.7858,47.8241],[19.778,47.8283],[19.7723,47.8477]]],[[[20.1253,47.8421],[20.1311,47.8483],[20.1327,47.8416],[20.1253,47.8421]]],[[[19.7644,47.8414],[19.7453,47.8544],[19.7508,47.86],[19.7644,47.8414]]],[[[19.7258,47.907],[19.7433,47.8967],[19.7149,47.9061],[19.7258,47.907]]],[[[19.7222,47.9195],[19.7089,47.9189],[19.7234,47.9231],[19.7222,47.9195]]],[[[19.7505,47.9312],[19.7187,47.9361],[19.7508,47.9351],[19.7505,47.9312]]],[[[20.0277,48.1776],[20.0147,48.1792],[20.0119,48.1813],[20.0277,48.1776]]],[[[19.5032,48.1899],[19.4911,48.1891],[19.492,48.1943],[19.5032,48.1899]]],[[[19.942,48.2346],[19.9351,48.2418],[19.907,48.2564],[19.9351,48.2494],[19.942,48.2346]]],[[[19.7849,48.2459],[19.7788,48.2501],[19.7852,48.2494],[19.7849,48.2459]]],[[[19.7133,48.2798],[19.7421,48.2791],[19.7657,48.2703],[19.7133,48.2798]]],[[[19.6282,48.2765],[19.619,48.2773],[19.6277,48.2771],[19.6282,48.2765]]],[[[19.937,48.2919],[19.9392,48.2863],[19.9309,48.2906],[19.937,48.2919]]],[[[20.3917,42.7427],[20.3817,42.7381],[20.3734,42.7402],[20.3917,42.7427]]],[[[21.0509,43.4486],[21.0496,43.4409],[21.0453,43.4458],[21.0509,43.4486]]],[[[21.0929,43.4691],[21.0854,43.4636],[21.0837,43.4669],[21.0929,43.4691]]],[[[21.2985,43.5655],[21.3042,43.5738],[21.3072,43.5709],[21.2985,43.5655]]],[[[21.2947,43.7022],[21.2844,43.6968],[21.2648,43.7045],[21.2947,43.7022]]],[[[21.0891,43.7594],[21.0806,43.7551],[21.0809,43.7571],[21.0891,43.7594]]],[[[21.283,43.771],[21.2756,43.7761],[21.2771,43.7807],[21.283,43.771]]],[[[21.1126,43.8585],[21.1048,43.861],[21.112,43.8626],[21.1126,43.8585]]],[[[21.1009,43.9102],[21.1025,43.9131],[21.1149,43.9258],[21.1124,43.9162],[21.1009,43.9102]]],[[[21.2394,43.9947],[21.2385,43.987],[21.2195,43.9971],[21.2394,43.9947]]],[[[21.1811,44.1928],[21.1755,44.1835],[21.1787,44.194],[21.1811,44.1928]]],[[[20.5023,44.2248],[20.5054,44.2136],[20.4927,44.2196],[20.5023,44.2248]]],[[[21.2277,44.242],[21.2221,44.2477],[21.2307,44.2453],[21.2277,44.242]]],[[[20.6357,44.3478],[20.6405,44.3549],[20.6414,44.3476],[20.6357,44.3478]]],[[[20.6669,44.3846],[20.6583,44.385],[20.6517,44.3881],[20.6669,44.3846]]],[[[20.8112,44.5246],[20.8038,44.518],[20.7915,44.5231],[20.8112,44.5246]]],[[[20.812,44.5431],[20.8378,44.5327],[20.7996,44.5385],[20.812,44.5431]]],[[[20.9407,44.5481],[20.9233,44.5529],[20.9363,44.5545],[20.9407,44.5481]]],[[[20.8807,44.549],[20.866,44.5531],[20.8823,44.5549],[20.8807,44.549]]],[[[20.7694,44.5597],[20.7684,44.5502],[20.7657,44.5538],[20.7694,44.5597]]],[[[20.8544,44.5635],[20.8664,44.5493],[20.8427,44.5508],[20.8544,44.5635]]],[[[20.8981,44.5698],[20.879,44.565],[20.899,44.5716],[20.8981,44.5698]]],[[[20.7875,44.5711],[20.7762,44.5698],[20.7749,44.5721],[20.7875,44.5711]]],[[[20.8034,44.5762],[20.7911,44.5712],[20.7881,44.5735],[20.8021,44.578],[20.8034,44.5762]]],[[[20.7275,44.5844],[20.7154,44.5896],[20.7275,44.5853],[20.7275,44.5844]]],[[[20.7468,44.5915],[20.735,44.586],[20.7331,44.5951],[20.7468,44.5915]]],[[[20.8115,44.597],[20.8041,44.5993],[20.8049,44.6006],[20.8115,44.597]]],[[[20.6707,44.5977],[20.6618,44.5941],[20.6598,44.6013],[20.6707,44.5977]]],[[[20.9003,44.595],[20.9019,44.601],[20.908,44.6036],[20.9077,44.594],[20.9003,44.595]]],[[[20.9304,44.6117],[20.9262,44.6036],[20.9205,44.6118],[20.9304,44.6117]]],[[[20.7691,44.6053],[20.7544,44.6061],[20.7449,44.6048],[20.7546,44.6093],[20.7691,44.6053]]],[[[20.8032,44.6123],[20.8107,44.6073],[20.7989,44.6109],[20.8032,44.6123]]],[[[20.8387,44.6106],[20.8298,44.6113],[20.8382,44.6142],[20.8387,44.6106]]],[[[20.8134,44.6113],[20.8134,44.6193],[20.8162,44.6124],[20.8134,44.6113]]],[[[20.786,44.6251],[20.7785,44.6088],[20.7674,44.6164],[20.786,44.6251]]],[[[20.7435,44.6144],[20.7447,44.6208],[20.7486,44.6172],[20.7435,44.6144]]],[[[20.6798,44.6246],[20.673,44.6149],[20.6723,44.6233],[20.6798,44.6246]]],[[[20.6724,44.6306],[20.667,44.6397],[20.6787,44.6313],[20.6724,44.6306]]],[[[20.6138,44.7777],[20.6058,44.7778],[20.6079,44.7855],[20.6138,44.7777]]],[[[21.0273,45.0199],[21.0359,45.0149],[21.034,45.0087],[21.0273,45.0199]]],[[[21.0382,45.0218],[21.0316,45.034],[21.0412,45.0325],[21.0382,45.0218]]],[[[21.3273,45.1124],[21.3274,45.09],[21.3058,45.1045],[21.3273,45.1124]]],[[[21.3517,45.0928],[21.3314,45.1062],[21.3413,45.113],[21.3517,45.0928]]],[[[21.3596,45.15],[21.3483,45.1452],[21.3463,45.1465],[21.3596,45.15]]],[[[20.8576,45.3526],[20.8627,45.3502],[20.8521,45.3474],[20.8576,45.3526]]],[[[21.3453,45.8347],[21.3516,45.8303],[21.3441,45.8319],[21.3453,45.8347]]],[[[20.203,45.937],[20.202,45.9477],[20.2061,45.9382],[20.203,45.937]]],[[[21.3473,45.9834],[21.3621,45.9807],[21.3501,45.9777],[21.3473,45.9834]]],[[[20.72,46.1483],[20.7286,46.1486],[20.728,46.1455],[20.72,46.1483]]],[[[21.3199,46.3772],[21.3311,46.3672],[21.3198,46.3734],[21.3199,46.3772]]],[[[20.487,46.4729],[20.4797,46.4788],[20.503,46.485],[20.487,46.4729]]],[[[20.3183,46.6633],[20.3251,46.665],[20.3284,46.6659],[20.3262,46.6596],[20.3193,46.6578],[20.3183,46.6633]]],[[[20.2443,46.6724],[20.2286,46.6733],[20.2441,46.6763],[20.2443,46.6724]]],[[[20.1755,46.8327],[20.1557,46.8271],[20.1307,46.8346],[20.1483,46.8389],[20.1755,46.8327]],[[20.167,46.8324],[20.1503,46.837],[20.1497,46.8355],[20.167,46.8324]]],[[[20.1951,46.9234],[20.1841,46.9229],[20.1773,46.9259],[20.1951,46.9234]]],[[[20.3808,47.7838],[20.3713,47.7986],[20.3845,47.7921],[20.3808,47.7838]]],[[[20.2204,47.7832],[20.2074,47.789],[20.1995,47.7945],[20.2102,47.7988],[20.2204,47.7832]]],[[[20.3511,47.7927],[20.3631,47.8004],[20.3698,47.797],[20.3511,47.7927]]],[[[20.3049,47.8073],[20.3189,47.7917],[20.3015,47.7917],[20.3049,47.8073]]],[[[20.1459,47.824],[20.137,47.7989],[20.1306,47.8047],[20.1459,47.824]]],[[[20.3574,47.8221],[20.3454,47.8032],[20.3422,47.8111],[20.3574,47.8221]]],[[[20.3128,47.8328],[20.3193,47.8292],[20.3239,47.8093],[20.3128,47.8328]]],[[[20.1798,47.8266],[20.1962,47.8159],[20.1958,47.8153],[20.1798,47.8266]]],[[[20.3358,47.8281],[20.3493,47.8292],[20.34,47.8136],[20.3358,47.8281]]],[[[20.3712,47.8163],[20.3974,47.8409],[20.3826,47.8047],[20.3712,47.8163]]],[[[20.2306,47.8395],[20.2771,47.8351],[20.2782,47.816],[20.2306,47.8395]]],[[[20.3451,47.8343],[20.3567,47.8311],[20.3492,47.831],[20.3451,47.8343]]],[[[20.6597,47.8552],[20.6514,47.848],[20.6498,47.85],[20.6597,47.8552]]],[[[20.3515,47.8569],[20.3466,47.8487],[20.3415,47.8566],[20.3515,47.8569]]],[[[20.4683,47.8352],[20.4617,47.8716],[20.4959,47.8262],[20.4683,47.8352]]],[[[20.2544,47.8639],[20.27,47.8565],[20.285,47.8424],[20.2544,47.8639]]],[[[20.1556,47.8559],[20.1494,47.8624],[20.1621,47.8587],[20.1556,47.8559]]],[[[20.3906,47.9086],[20.4195,47.8631],[20.463,47.8412],[20.4443,47.8096],[20.4244,47.8077],[20.4239,47.8341],[20.4478,47.8357],[20.4423,47.8462],[20.4187,47.8315],[20.4412,47.8478],[20.4128,47.8532],[20.3906,47.9086]]],[[[20.1976,47.8574],[20.1869,47.865],[20.1943,47.8654],[20.1976,47.8574]]],[[[20.3868,47.8696],[20.3835,47.8551],[20.3735,47.8592],[20.3868,47.8696]]],[[[20.4957,47.8682],[20.4933,47.8623],[20.4919,47.8643],[20.4957,47.8682]]],[[[20.2525,47.8695],[20.2487,47.8684],[20.2441,47.8721],[20.2525,47.8695]]],[[[20.2197,47.8731],[20.2455,47.8634],[20.2367,47.8571],[20.2197,47.8731]]],[[[20.2944,47.8877],[20.2973,47.876],[20.3152,47.8723],[20.2919,47.8753],[20.3159,47.8471],[20.2819,47.8614],[20.2944,47.8877]]],[[[20.4376,47.8745],[20.4398,47.8677],[20.4359,47.8696],[20.4376,47.8745]]],[[[20.5084,47.8754],[20.513,47.8696],[20.5031,47.873],[20.5084,47.8754]]],[[[20.4983,47.8845],[20.4936,47.8738],[20.4774,47.8602],[20.4811,47.8817],[20.4983,47.8845]]],[[[20.6382,47.8737],[20.6511,47.8755],[20.6395,47.8704],[20.6382,47.8737]]],[[[20.5265,47.8812],[20.5334,47.8681],[20.5175,47.8785],[20.5265,47.8812]]],[[[20.329,47.8794],[20.3684,47.8869],[20.3661,47.8828],[20.3738,47.8815],[20.3807,47.874],[20.3797,47.8693],[20.3689,47.8638],[20.329,47.8794]],[[20.3594,47.8694],[20.365,47.8776],[20.354,47.8724],[20.3594,47.8694]]],[[[20.2408,47.8884],[20.2572,47.8796],[20.2679,47.8775],[20.2575,47.8766],[20.2408,47.8884]]],[[[20.3086,47.888],[20.3057,47.8826],[20.2995,47.8851],[20.3086,47.888]]],[[[20.4423,47.8842],[20.4299,47.8884],[20.4429,47.8858],[20.4423,47.8842]]],[[[20.2763,47.8801],[20.2766,47.8913],[20.2743,47.8939],[20.2774,47.893],[20.2781,47.8886],[20.2763,47.8801]]],[[[20.5168,47.8815],[20.5077,47.8941],[20.5125,47.8966],[20.5168,47.8815]]],[[[20.2872,47.9009],[20.2845,47.8933],[20.2749,47.8991],[20.2872,47.9009]]],[[[20.4364,47.9002],[20.4261,47.8969],[20.4233,47.8935],[20.4202,47.8939],[20.4277,47.9014],[20.4364,47.9002]]],[[[20.3429,47.8934],[20.3501,47.8937],[20.3577,47.8928],[20.3429,47.8934]]],[[[20.5574,47.9],[20.5382,47.9003],[20.5376,47.9042],[20.5481,47.9074],[20.5574,47.9]]],[[[20.4832,47.9124],[20.479,47.9089],[20.4751,47.9114],[20.4832,47.9124]]],[[[20.4489,47.916],[20.4366,47.9202],[20.42,47.9004],[20.411,47.907],[20.4328,47.9223],[20.4489,47.916]]],[[[20.3373,47.9161],[20.3344,47.907],[20.3326,47.9109],[20.3373,47.9161]]],[[[20.4961,47.9211],[20.495,47.9109],[20.4835,47.9138],[20.4961,47.9211]]],[[[20.323,47.9223],[20.3207,47.91],[20.3145,47.9104],[20.3123,47.9185],[20.323,47.9223]]],[[[20.6055,47.9278],[20.6169,47.9077],[20.601,47.9275],[20.6055,47.9278]]],[[[20.5266,47.9224],[20.5142,47.9237],[20.5152,47.9261],[20.5266,47.9224]]],[[[20.2898,47.9229],[20.2815,47.9167],[20.2771,47.9231],[20.2898,47.9229]]],[[[20.4062,47.9217],[20.3991,47.9251],[20.4016,47.9256],[20.4062,47.9217]]],[[[20.4115,47.9258],[20.4274,47.9225],[20.4095,47.9168],[20.4115,47.9258]]],[[[20.399,47.9405],[20.3948,47.9125],[20.3813,47.9121],[20.399,47.9405]]],[[[20.3556,47.919],[20.3402,47.9303],[20.3452,47.9201],[20.3301,47.9259],[20.3394,47.9373],[20.3556,47.919]]],[[[20.6299,47.9304],[20.6223,47.9243],[20.6219,47.9307],[20.6299,47.9304]]],[[[20.4322,47.9305],[20.4347,47.9252],[20.4283,47.9236],[20.4322,47.9305]]],[[[20.2716,47.9247],[20.269,47.9312],[20.276,47.9301],[20.2716,47.9247]]],[[[20.6396,47.9287],[20.6541,47.9237],[20.6501,47.9176],[20.6396,47.9287]]],[[[20.4688,47.9355],[20.4687,47.933],[20.4701,47.9272],[20.467,47.9268],[20.4642,47.9326],[20.4688,47.9355]]],[[[20.5173,47.9297],[20.507,47.9381],[20.511,47.9412],[20.5173,47.9297]]],[[[20.378,47.9323],[20.3835,47.9398],[20.3887,47.9363],[20.378,47.9323]]],[[[20.41,47.9334],[20.4048,47.9414],[20.4146,47.9381],[20.41,47.9334]]],[[[20.4895,47.9403],[20.4862,47.9441],[20.4964,47.9377],[20.4895,47.9403]]],[[[20.5478,47.9471],[20.5537,47.9344],[20.5398,47.9383],[20.5478,47.9471]]],[[[20.6854,47.9422],[20.6902,47.9504],[20.6903,47.9435],[20.6854,47.9422]]],[[[20.3989,47.9497],[20.4148,47.9429],[20.406,47.9426],[20.3989,47.9497]]],[[[20.6361,47.9443],[20.636,47.954],[20.642,47.946],[20.6361,47.9443]]],[[[20.5505,47.9472],[20.5596,47.9484],[20.5508,47.9465],[20.5505,47.9472]]],[[[20.8291,47.958],[20.8167,47.9561],[20.8169,47.959],[20.8291,47.958]]],[[[20.408,47.9599],[20.4092,47.9539],[20.4011,47.9558],[20.408,47.9599]]],[[[20.747,47.9829],[20.7426,47.9925],[20.7517,47.989],[20.747,47.9829]]],[[[20.8162,47.9961],[20.8059,48.0057],[20.8117,48.0069],[20.8162,47.9961]]],[[[20.7867,48.0138],[20.7794,48.0188],[20.7939,48.0089],[20.7867,48.0138]]],[[[20.7965,48.0218],[20.7976,48.0136],[20.7923,48.0189],[20.7965,48.0218]]],[[[20.8122,48.0287],[20.8044,48.0298],[20.8016,48.0328],[20.8122,48.0287]]],[[[20.8007,48.034],[20.8052,48.04],[20.8073,48.0365],[20.8007,48.034]]],[[[20.7499,48.1211],[20.7434,48.1295],[20.7509,48.1225],[20.7499,48.1211]]],[[[21.1074,48.1251],[21.1023,48.1347],[21.1066,48.135],[21.1074,48.1251]]],[[[21.3633,48.1334],[21.3683,48.1266],[21.3529,48.1285],[21.3633,48.1334]]],[[[20.73,48.143],[20.7372,48.1379],[20.7319,48.1367],[20.73,48.143]]],[[[21.344,48.1424],[21.3538,48.1394],[21.3691,48.1368],[21.3798,48.1317],[21.3653,48.1358],[21.3504,48.1291],[21.344,48.1424]]],[[[21.3199,48.1473],[21.3522,48.1572],[21.3371,48.1443],[21.3199,48.1473]]],[[[21.1115,48.1636],[21.1042,48.1572],[21.0992,48.1576],[21.1115,48.1636]]],[[[21.144,48.1696],[21.1787,48.1593],[21.1645,48.1535],[21.144,48.1696]]],[[[21.3537,48.1671],[21.3555,48.1597],[21.3499,48.1609],[21.3537,48.1671]]],[[[20.902,48.1659],[20.8982,48.1705],[20.9084,48.1673],[20.902,48.1659]]],[[[21.1413,48.1739],[21.1392,48.1719],[21.1301,48.1844],[21.1413,48.1739]]],[[[21.21,48.1916],[21.2018,48.1669],[21.1899,48.1656],[21.1867,48.1854],[21.21,48.1916]]],[[[21.0261,48.1901],[21.0211,48.1834],[21.0173,48.1858],[21.0261,48.1901]]],[[[21.0148,48.1889],[21.0104,48.191],[21.0218,48.1925],[21.0148,48.1889]]],[[[21.2843,48.2214],[21.2986,48.1912],[21.3277,48.194],[21.3363,48.1698],[21.268,48.1774],[21.2866,48.1918],[21.2843,48.2214]]],[[[21.1862,48.2157],[21.1951,48.2139],[21.1868,48.2096],[21.1862,48.2157]]],[[[21.2652,48.215],[21.2535,48.208],[21.2561,48.216],[21.2652,48.215]]],[[[21.1975,48.2063],[21.2062,48.2173],[21.211,48.2054],[21.1975,48.2063]]],[[[21.2512,48.2177],[21.2468,48.211],[21.2433,48.2144],[21.2512,48.2177]]],[[[21.2014,48.2505],[21.2826,48.2174],[21.2627,48.1806],[21.2389,48.2054],[21.2653,48.2044],[21.271,48.2147],[21.2014,48.2505]]],[[[21.1692,48.2235],[21.1541,48.2201],[21.1525,48.221],[21.1692,48.2235]]],[[[21.2737,48.2311],[21.2659,48.2326],[21.2748,48.2355],[21.2737,48.2311]]],[[[21.1592,48.2334],[21.1416,48.2381],[21.1704,48.2402],[21.1592,48.2334]]],[[[21.1882,48.2614],[21.2035,48.2564],[21.1988,48.2516],[21.1882,48.2614]]],[[[21.3673,48.2848],[21.3631,48.2786],[21.3409,48.2802],[21.3673,48.2848]]],[[[20.374,48.3367],[20.3688,48.3394],[20.3815,48.3425],[20.374,48.3367]]],[[[20.1987,48.3895],[20.2059,48.3651],[20.1803,48.3819],[20.1987,48.3895]]],[[[20.3102,48.4368],[20.292,48.4334],[20.2883,48.4414],[20.3102,48.4368]]],[[[20.1997,48.4622],[20.195,48.4552],[20.193,48.4618],[20.1997,48.4622]]],[[[20.7374,48.6029],[20.7223,48.5986],[20.7217,48.5992],[20.7223,48.6023],[20.7374,48.6029]]],[[[20.7949,48.6021],[20.7759,48.6027],[20.7743,48.6058],[20.7949,48.6021]]],[[[20.9691,48.6094],[20.9715,48.6001],[20.967,48.6001],[20.9691,48.6094]]],[[[20.9324,48.6197],[20.9193,48.6156],[20.9183,48.6166],[20.9324,48.6197]]],[[[20.9729,48.6475],[20.9638,48.6494],[20.9772,48.6505],[20.9729,48.6475]]],[[[21.9212,42.8933],[21.9127,42.8951],[21.9169,42.8993],[21.9212,42.8933]]],[[[21.581,42.8979],[21.5691,42.9074],[21.5745,42.9129],[21.581,42.8979]]],[[[21.5823,42.9203],[21.5733,42.9234],[21.576,42.9259],[21.5823,42.9203]]],[[[22.1099,42.9344],[22.0933,42.9301],[22.0827,42.9338],[22.0942,42.9437],[22.1099,42.9344]]],[[[22.0661,42.9472],[22.0696,42.9595],[22.0691,42.9476],[22.0661,42.9472]]],[[[21.7296,43.0014],[21.7184,42.9939],[21.7089,43.0058],[21.7296,43.0014]]],[[[21.8407,43.0053],[21.8251,42.9966],[21.8381,43.0092],[21.8407,43.0053]]],[[[21.7017,43.0081],[21.6866,43.0065],[21.7074,43.0102],[21.7017,43.0081]]],[[[21.8502,43.0339],[21.8419,43.0319],[21.8481,43.0387],[21.8502,43.0339]]],[[[21.8654,43.0266],[21.9093,43.0352],[21.9111,43.03],[21.8654,43.0266]]],[[[21.8209,43.0383],[21.8308,43.0385],[21.8306,43.0318],[21.8209,43.0383]]],[[[21.9252,43.0696],[21.9254,43.0627],[21.9107,43.0667],[21.9252,43.0696]]],[[[22.0023,43.0798],[22.0138,43.0838],[22.003,43.0776],[22.0023,43.0798]]],[[[21.974,43.0853],[21.9841,43.0955],[21.9874,43.0929],[21.974,43.0853]]],[[[21.4236,43.1007],[21.4321,43.0949],[21.4228,43.0935],[21.4236,43.1007]]],[[[21.7487,43.1022],[21.7299,43.0947],[21.7291,43.0982],[21.7487,43.1022]]],[[[21.7182,43.2193],[21.7071,43.2164],[21.7044,43.2192],[21.7182,43.2193]]],[[[22.0128,43.2163],[22.0027,43.2201],[22.0002,43.2225],[22.0128,43.2163]]],[[[21.6208,43.2496],[21.6149,43.2564],[21.6222,43.2551],[21.6208,43.2496]]],[[[21.487,43.2666],[21.4977,43.2574],[21.485,43.2646],[21.487,43.2666]]],[[[21.9367,43.297],[21.9193,43.2941],[21.9187,43.2986],[21.9367,43.297]]],[[[21.5711,43.6567],[21.5716,43.6657],[21.5775,43.6664],[21.5711,43.6567]]],[[[21.5986,43.6668],[21.5879,43.6669],[21.5964,43.6758],[21.5986,43.6668]]],[[[21.487,43.6966],[21.4661,43.6893],[21.4642,43.692],[21.4789,43.6995],[21.487,43.6966]]],[[[21.4406,43.8881],[21.4252,43.8892],[21.4294,43.895],[21.4406,43.8881]]],[[[21.406,43.9657],[21.3915,43.9807],[21.4062,43.9817],[21.406,43.9657]]],[[[21.895,44.6562],[21.8995,44.6499],[21.893,44.6547],[21.895,44.6562]]],[[[21.6727,44.7285],[21.6595,44.718],[21.6592,44.7302],[21.6727,44.7285]]],[[[21.6353,44.7333],[21.645,44.7358],[21.6457,44.7328],[21.6353,44.7333]]],[[[21.4784,44.7808],[21.4594,44.7818],[21.4787,44.7814],[21.4784,44.7808]]],[[[21.5063,44.7843],[21.5158,44.7809],[21.5062,44.7819],[21.5063,44.7843]]],[[[21.5287,44.7871],[21.5189,44.7904],[21.5321,44.7915],[21.5287,44.7871]]],[[[21.4327,44.8479],[21.4194,44.8601],[21.4201,44.8622],[21.4327,44.8479]]],[[[21.4615,44.8655],[21.4577,44.8514],[21.4575,44.8594],[21.4604,44.8655],[21.4615,44.8655]]],[[[21.5908,44.8792],[21.5918,44.8703],[21.5843,44.8771],[21.5908,44.8792]]],[[[21.6594,44.9429],[21.6687,44.9511],[21.6764,44.9478],[21.6594,44.9429]]],[[[21.612,44.9945],[21.5952,44.994],[21.6126,44.9957],[21.612,44.9945]]],[[[21.4548,44.9929],[21.4537,44.9994],[21.4587,44.9976],[21.4548,44.9929]]],[[[21.371,45.1014],[21.3538,45.094],[21.3595,45.1134],[21.371,45.1014]]],[[[21.4405,45.1544],[21.4332,45.1401],[21.4301,45.1735],[21.4405,45.1544]]],[[[21.3861,45.1626],[21.375,45.1577],[21.3613,45.1539],[21.3861,45.1626]]],[[[21.4445,45.1605],[21.4502,45.1611],[21.4517,45.1566],[21.4445,45.1605]]],[[[21.4209,45.1728],[21.4205,45.1482],[21.4006,45.1482],[21.4209,45.1728]]],[[[21.6348,45.1752],[21.6308,45.1704],[21.6175,45.1731],[21.6348,45.1752]]],[[[21.4341,45.186],[21.4816,45.1911],[21.4891,45.1788],[21.4341,45.186]]],[[[21.5117,45.2166],[21.5071,45.2043],[21.5044,45.217],[21.5117,45.2166]]],[[[21.443,45.218],[21.4281,45.2154],[21.4281,45.2215],[21.443,45.218]]],[[[21.4831,45.2603],[21.5018,45.2614],[21.494,45.2531],[21.4903,45.2543],[21.4831,45.2603]]],[[[21.6312,45.323],[21.6121,45.3195],[21.6238,45.3249],[21.6312,45.323]]],[[[21.6216,45.3563],[21.6019,45.3516],[21.6029,45.3454],[21.6103,45.351],[21.6254,45.3347],[21.6121,45.3252],[21.5947,45.3435],[21.6072,45.3646],[21.6216,45.3563]]],[[[21.6267,45.3561],[21.6215,45.3657],[21.6256,45.3666],[21.6267,45.3561]]],[[[21.7054,45.5488],[21.6975,45.5515],[21.7098,45.5568],[21.7054,45.5488]]],[[[21.6961,45.5852],[21.6901,45.5867],[21.7004,45.5915],[21.6961,45.5852]]],[[[21.6348,45.6283],[21.6555,45.6021],[21.6343,45.5926],[21.6432,45.609],[21.6235,45.6097],[21.6416,45.6117],[21.6108,45.6295],[21.6348,45.6283]]],[[[21.9446,45.706],[21.9549,45.6986],[21.9391,45.7018],[21.9446,45.706]]],[[[21.9528,45.7065],[21.9206,45.7067],[21.9155,45.7113],[21.9232,45.7176],[21.9528,45.7065]]],[[[21.6115,45.7922],[21.6205,45.7922],[21.618,45.7892],[21.6115,45.7922]]],[[[21.5488,45.8254],[21.4885,45.8223],[21.4775,45.841],[21.55,45.8465],[21.5488,45.8254]]],[[[21.4695,45.83],[21.4826,45.8304],[21.4797,45.825],[21.4695,45.83]]],[[[21.4551,45.8283],[21.4683,45.8375],[21.4677,45.8309],[21.4607,45.8273],[21.4553,45.828],[21.4551,45.8283]]],[[[21.6172,45.8267],[21.5959,45.8286],[21.618,45.8396],[21.6172,45.8267]]],[[[21.5815,45.831],[21.5886,45.8385],[21.5933,45.8353],[21.5815,45.831]]],[[[21.4637,45.8399],[21.4697,45.8403],[21.4484,45.8338],[21.4637,45.8399]]],[[[21.4692,45.877],[21.4913,45.8755],[21.4751,45.8557],[21.4692,45.877]]],[[[21.5294,45.8777],[21.5235,45.8637],[21.5235,45.8767],[21.5294,45.8777]]],[[[21.3985,45.8799],[21.3757,45.8781],[21.3759,45.8857],[21.3985,45.8799]]],[[[21.404,45.8799],[21.3946,45.8855],[21.4048,45.8835],[21.404,45.8799]]],[[[21.3882,45.8864],[21.405,45.887],[21.3847,45.8842],[21.3882,45.8864]]],[[[21.3666,45.9775],[21.3722,45.9812],[21.3862,45.9832],[21.3666,45.9775]]],[[[21.3694,45.9826],[21.3766,45.9903],[21.3813,45.9841],[21.3694,45.9826]]],[[[21.3895,45.9959],[21.3675,45.9905],[21.3871,46.0009],[21.3895,45.9959]]],[[[21.7363,46.0843],[21.7317,46.0898],[21.7344,46.0893],[21.7363,46.0843]]],[[[21.7413,46.0948],[21.7056,46.096],[21.7289,46.1007],[21.7413,46.0948]]],[[[21.4977,46.1008],[21.4961,46.1053],[21.4995,46.1022],[21.4977,46.1008]]],[[[21.6292,46.1198],[21.6174,46.109],[21.6189,46.1235],[21.6292,46.1198]]],[[[21.6002,46.1249],[21.609,46.114],[21.5987,46.1112],[21.6002,46.1249]]],[[[21.6011,46.1275],[21.6209,46.1387],[21.6108,46.1241],[21.6011,46.1275]]],[[[21.6216,46.1466],[21.5954,46.1549],[21.6275,46.1585],[21.6216,46.1466]]],[[[21.6099,46.1991],[21.6196,46.1934],[21.6021,46.1828],[21.6099,46.1991]]],[[[21.6547,46.2288],[21.6224,46.2155],[21.6438,46.2139],[21.6356,46.2044],[21.6153,46.208],[21.6333,46.2423],[21.6547,46.2288]]],[[[21.6629,46.2366],[21.6538,46.2365],[21.6439,46.2416],[21.6629,46.2366]]],[[[21.6526,46.2599],[21.6512,46.2488],[21.6314,46.2435],[21.6366,46.2587],[21.6526,46.2599]]],[[[21.8637,46.2751],[21.8561,46.2591],[21.8474,46.2521],[21.8494,46.2709],[21.8637,46.2751]]],[[[21.8158,46.263],[21.8149,46.2734],[21.8195,46.2641],[21.8158,46.263]]],[[[21.6586,46.2859],[21.6508,46.2765],[21.6398,46.268],[21.6586,46.2859]]],[[[21.7395,46.286],[21.7323,46.2786],[21.7342,46.2884],[21.7395,46.286]]],[[[21.8211,46.2784],[21.812,46.2924],[21.8228,46.2799],[21.8211,46.2784]]],[[[21.6926,46.2786],[21.6811,46.2892],[21.66,46.2911],[21.7001,46.3044],[21.6926,46.2786]]],[[[21.6938,46.3175],[21.683,46.2993],[21.6723,46.3013],[21.6938,46.3175]]],[[[21.7322,46.3216],[21.7224,46.3113],[21.7296,46.3254],[21.7007,46.3261],[21.7249,46.3354],[21.7322,46.3216]]],[[[21.7981,46.3359],[21.795,46.3295],[21.791,46.3365],[21.7981,46.3359]]],[[[21.8346,46.3887],[21.8916,46.3516],[21.8396,46.3789],[21.8346,46.3887]]],[[[21.8736,46.3815],[21.8644,46.3777],[21.8726,46.3817],[21.8645,46.39],[21.8736,46.3815]]],[[[21.8639,46.3796],[21.8548,46.387],[21.8698,46.382],[21.8639,46.3796]]],[[[21.9261,46.389],[21.9435,46.3884],[21.9437,46.3874],[21.9261,46.389]]],[[[22.0248,46.5186],[22.0176,46.5105],[22.0151,46.5115],[22.0248,46.5186]]],[[[22.0168,46.5391],[22.0068,46.5286],[22.0062,46.5381],[22.0168,46.5391]]],[[[21.5082,46.6262],[21.5014,46.625],[21.5042,46.6272],[21.5082,46.6262]]],[[[21.5041,46.6314],[21.5076,46.6368],[21.5133,46.6308],[21.5041,46.6314]]],[[[21.6765,46.8006],[21.6806,46.8109],[21.6808,46.7981],[21.6765,46.8006]]],[[[21.6708,46.8135],[21.6568,46.8128],[21.6598,46.818],[21.6708,46.8135]]],[[[22.0271,46.8572],[22.0205,46.8547],[22.0355,46.8649],[22.0271,46.8572]]],[[[21.9482,47.0816],[21.9575,47.0814],[21.9472,47.0795],[21.9482,47.0816]]],[[[22.0899,47.0908],[22.0804,47.0962],[22.0896,47.0919],[22.0899,47.0908]]],[[[21.9358,47.1025],[21.9389,47.0965],[21.9335,47.0966],[21.9358,47.1025]]],[[[22.1158,47.0987],[22.1143,47.1084],[22.1221,47.1015],[22.1158,47.0987]]],[[[22.0116,47.1005],[22.0095,47.1071],[22.0156,47.1048],[22.0116,47.1005]]],[[[21.8466,47.1112],[21.8608,47.102],[21.8445,47.1028],[21.8466,47.1112]]],[[[21.9523,47.1098],[21.9518,47.1017],[21.9462,47.1032],[21.9523,47.1098]]],[[[21.7946,47.127],[21.802,47.1194],[21.7919,47.1242],[21.7946,47.127]]],[[[22.0148,47.1382],[22.0057,47.1293],[22.0054,47.139],[22.0148,47.1382]]],[[[22.0804,47.156],[22.0962,47.1572],[22.097,47.1554],[22.0804,47.156]]],[[[22.0097,47.2521],[21.9977,47.2552],[22.0129,47.2519],[22.0097,47.2521]]],[[[22.0614,47.2608],[22.0314,47.2492],[22.062,47.2626],[22.0614,47.2608]]],[[[22.0744,47.2535],[22.0483,47.2492],[22.0813,47.2646],[22.0744,47.2535]]],[[[22.0942,47.2556],[22.0862,47.2643],[22.0967,47.2605],[22.0942,47.2556]]],[[[22.0045,47.276],[22.0106,47.2847],[22.0108,47.2751],[22.0045,47.276]]],[[[22.0691,47.3096],[22.0678,47.3104],[22.0781,47.3057],[22.0691,47.3096]]],[[[22.1302,47.4434],[22.102,47.447],[22.0827,47.4326],[22.1302,47.4434]]],[[[21.3511,48.1241],[21.3618,48.1088],[21.3909,48.1061],[21.3612,48.1071],[21.3511,48.1241]]],[[[21.391,48.1191],[21.4033,48.1112],[21.3892,48.1084],[21.391,48.1191]]],[[[21.3818,48.1474],[21.3853,48.1335],[21.3653,48.1474],[21.3818,48.1474]]],[[[21.3831,48.2013],[21.3469,48.1758],[21.3378,48.1782],[21.3537,48.2045],[21.3831,48.2013]]],[[[21.3943,48.2198],[21.382,48.2113],[21.3816,48.22],[21.3943,48.2198]]],[[[21.3831,48.2244],[21.3779,48.2174],[21.3746,48.218],[21.3765,48.2283],[21.3929,48.2242],[21.3831,48.2244]]],[[[21.3944,48.259],[21.3944,48.2369],[21.3818,48.2448],[21.3944,48.259]]],[[[21.4419,48.2781],[21.4496,48.2633],[21.4204,48.2536],[21.4213,48.272],[21.3921,48.2737],[21.4419,48.2781]]],[[[21.3819,48.2703],[21.3873,48.2758],[21.39,48.2717],[21.3819,48.2703]]],[[[21.495,48.2781],[21.4662,48.2646],[21.4583,48.2801],[21.4742,48.2794],[21.4725,48.2934],[21.4733,48.2988],[21.4765,48.2992],[21.4772,48.2939],[21.4911,48.2788],[21.495,48.2781]]],[[[21.494,48.2919],[21.4957,48.279],[21.4903,48.2927],[21.494,48.2919]]],[[[21.445,48.2924],[21.4311,48.2851],[21.4299,48.29],[21.445,48.2924]]],[[[21.5071,48.2886],[21.4971,48.2921],[21.5116,48.2931],[21.5071,48.2886]]],[[[21.4894,48.2927],[21.4816,48.297],[21.4836,48.2986],[21.4894,48.2927]]],[[[21.441,48.308],[21.4709,48.298],[21.4716,48.2876],[21.4586,48.284],[21.441,48.308]]],[[[21.5103,48.2957],[21.4998,48.2995],[21.5126,48.2981],[21.5103,48.2957]]],[[[21.5198,48.3029],[21.5095,48.3207],[21.5281,48.32],[21.5198,48.3029]]],[[[21.5327,48.3272],[21.5497,48.3207],[21.5371,48.3171],[21.5327,48.3272]]],[[[21.5195,48.3403],[21.5219,48.3302],[21.5093,48.333],[21.5195,48.3403]]],[[[21.5269,48.3462],[21.5414,48.339],[21.5348,48.3366],[21.5269,48.3462]]],[[[21.566,48.3394],[21.5422,48.3478],[21.5615,48.3531],[21.566,48.3394]]],[[[21.5336,48.3556],[21.5401,48.3421],[21.5267,48.3542],[21.5336,48.3556]]],[[[21.5844,48.3567],[21.5823,48.3377],[21.5694,48.3527],[21.5542,48.3576],[21.5844,48.3567]]],[[[21.7743,48.3805],[21.7774,48.368],[21.7741,48.3671],[21.7743,48.3805]]],[[[21.6302,48.3828],[21.6341,48.3833],[21.6446,48.3813],[21.6333,48.3779],[21.6302,48.3828]]],[[[21.6226,48.3838],[21.5902,48.3787],[21.5942,48.3897],[21.6226,48.3838]]],[[[21.753,48.4025],[21.7169,48.3964],[21.7137,48.4056],[21.7279,48.3983],[21.753,48.4025]]],[[[21.941,48.4072],[21.9315,48.407],[21.9283,48.4114],[21.941,48.4072]]],[[[21.9345,48.4227],[21.9306,48.4148],[21.9263,48.4241],[21.9345,48.4227]]],[[[21.7124,48.4211],[21.7081,48.4131],[21.6969,48.4255],[21.7124,48.4211]]],[[[21.7897,48.4239],[21.7804,48.4357],[21.7922,48.4264],[21.7897,48.4239]]],[[[21.7357,48.4391],[21.7472,48.4326],[21.7355,48.4285],[21.7357,48.4391]]],[[[21.6864,48.4569],[21.7257,48.424],[21.6711,48.4382],[21.6864,48.4569]]],[[[21.9346,48.451],[21.9249,48.4396],[21.916,48.4426],[21.9346,48.451]]],[[[21.6729,48.4665],[21.661,48.4561],[21.6518,48.4636],[21.6729,48.4665]]],[[[21.7605,48.4671],[21.7518,48.4703],[21.7599,48.4752],[21.7605,48.4671]]],[[[21.8108,48.6987],[21.8026,48.7094],[21.807,48.7139],[21.8108,48.6987]]],[[[21.8456,48.7396],[21.8526,48.7304],[21.8457,48.7317],[21.8456,48.7396]]],[[[21.8729,48.7656],[21.8829,48.7695],[21.885,48.7666],[21.8729,48.7656]]],[[[21.818,48.7833],[21.8271,48.7905],[21.8277,48.7823],[21.818,48.7833]]],[[[21.9246,48.8234],[21.9304,48.816],[21.9208,48.8223],[21.9246,48.8234]]],[[[21.9194,48.8621],[21.9212,48.8547],[21.9122,48.8556],[21.9194,48.8621]]],[[[21.8627,48.8834],[21.8466,48.8843],[21.8466,48.8852],[21.8627,48.8834]]],[[[22.143,42.9674],[22.1522,42.9729],[22.1456,42.9636],[22.143,42.9674]]],[[[22.6679,43.5238],[22.6585,43.5257],[22.6749,43.527],[22.6679,43.5238]]],[[[22.7131,43.5384],[22.6983,43.5384],[22.7001,43.5476],[22.7131,43.5384]]],[[[22.162,43.5578],[22.1685,43.5623],[22.1724,43.5598],[22.162,43.5578]]],[[[22.2022,43.5624],[22.2096,43.5637],[22.2158,43.5609],[22.2022,43.5624]]],[[[22.573,43.5745],[22.564,43.5774],[22.5707,43.5792],[22.573,43.5745]]],[[[22.2011,43.582],[22.2051,43.5733],[22.1965,43.5782],[22.2011,43.582]]],[[[22.2744,43.5956],[22.2712,43.5805],[22.2689,43.5874],[22.2744,43.5956]]],[[[22.2457,43.6224],[22.2298,43.6197],[22.223,43.6233],[22.2457,43.6224]]],[[[22.2383,43.6324],[22.2516,43.6176],[22.2392,43.6279],[22.2383,43.6324]]],[[[22.3259,43.6797],[22.3284,43.6733],[22.3215,43.6768],[22.3259,43.6797]]],[[[22.7202,43.6733],[22.7197,43.6811],[22.7257,43.676],[22.7202,43.6733]]],[[[22.6841,43.6909],[22.6758,43.6981],[22.6853,43.6958],[22.6841,43.6909]]],[[[22.609,43.7019],[22.5825,43.6973],[22.5815,43.7026],[22.609,43.7019]]],[[[22.575,43.7251],[22.5959,43.7261],[22.5968,43.7231],[22.5912,43.7202],[22.575,43.7251]]],[[[22.7257,43.7297],[22.7227,43.7346],[22.7299,43.7345],[22.7257,43.7297]]],[[[22.5225,43.7431],[22.5346,43.7447],[22.5251,43.7401],[22.5225,43.7431]]],[[[22.7271,43.7438],[22.7219,43.7415],[22.7162,43.7458],[22.7094,43.7468],[22.7081,43.7481],[22.7271,43.7438]]],[[[22.6609,43.7506],[22.6444,43.7464],[22.6578,43.7544],[22.6609,43.7506]]],[[[22.5103,43.7752],[22.4909,43.7652],[22.4893,43.7706],[22.5103,43.7752]]],[[[22.1737,43.8229],[22.1702,43.8317],[22.1871,43.8355],[22.1737,43.8229]]],[[[22.6914,43.8321],[22.6844,43.829],[22.6843,43.8327],[22.6914,43.8321]]],[[[22.4746,43.8452],[22.4827,43.8385],[22.4767,43.8365],[22.4746,43.8452]]],[[[22.5902,43.8655],[22.5875,43.8586],[22.5842,43.8682],[22.5902,43.8655]]],[[[22.4288,43.8683],[22.4279,43.8756],[22.4334,43.8711],[22.4288,43.8683]]],[[[22.508,43.8778],[22.4996,43.8828],[22.5109,43.8812],[22.508,43.8778]]],[[[22.5497,43.8918],[22.5356,43.8976],[22.5528,43.8958],[22.5497,43.8918]]],[[[22.5588,43.9526],[22.5461,43.9579],[22.5591,43.954],[22.5588,43.9526]]],[[[22.6729,43.9801],[22.6685,43.9841],[22.6737,43.9808],[22.6729,43.9801]]],[[[22.6332,43.996],[22.631,43.9868],[22.6218,43.9962],[22.6332,43.996]]],[[[22.6749,44.0014],[22.6668,43.9985],[22.6669,44.0022],[22.6749,44.0014]]],[[[22.7143,44.0086],[22.7065,44.0083],[22.7142,44.0097],[22.7143,44.0086]]],[[[22.5738,44.0169],[22.5833,44.0206],[22.5872,44.0189],[22.5738,44.0169]]],[[[22.5522,44.0231],[22.5535,44.0134],[22.5448,44.0181],[22.5522,44.0231]]],[[[22.5692,44.0248],[22.5744,44.0199],[22.569,44.023],[22.5692,44.0248]]],[[[22.7285,44.0353],[22.7281,44.0372],[22.7154,44.0425],[22.7301,44.0383],[22.7285,44.0353]]],[[[22.7085,44.0506],[22.7039,44.0426],[22.6996,44.0514],[22.7085,44.0506]]],[[[22.634,44.078],[22.6274,44.0856],[22.6357,44.0801],[22.634,44.078]]],[[[22.6918,44.0931],[22.6806,44.0876],[22.6748,44.0936],[22.6918,44.0931]]],[[[22.6386,44.1172],[22.6522,44.1094],[22.637,44.1165],[22.6386,44.1172]]],[[[22.7279,44.1348],[22.7179,44.125],[22.7103,44.1309],[22.7279,44.1348]]],[[[22.4995,44.1689],[22.502,44.1606],[22.4947,44.169],[22.4995,44.1689]]],[[[22.675,44.1931],[22.6834,44.1972],[22.6862,44.1981],[22.675,44.1931]]],[[[22.4731,44.1963],[22.4653,44.1934],[22.4515,44.1979],[22.4623,44.2029],[22.4731,44.1963]]],[[[22.7205,44.2127],[22.7185,44.221],[22.726,44.2168],[22.7205,44.2127]]],[[[22.7025,44.2317],[22.6931,44.232],[22.6851,44.2364],[22.7025,44.2317]]],[[[22.706,44.2586],[22.7169,44.2666],[22.7101,44.2567],[22.706,44.2586]]],[[[22.6183,44.3081],[22.6383,44.3043],[22.6174,44.3063],[22.6183,44.3081]]],[[[22.6717,44.319],[22.6581,44.3266],[22.6741,44.3242],[22.6717,44.319]]],[[[22.5422,44.5445],[22.5349,44.5427],[22.5323,44.5485],[22.5422,44.5445]]],[[[22.6245,44.6108],[22.6428,44.5958],[22.6215,44.6],[22.6245,44.6108]]],[[[22.602,44.6383],[22.6024,44.6309],[22.5972,44.6332],[22.602,44.6383]]],[[[22.6398,44.6763],[22.6722,44.6711],[22.6419,44.6711],[22.6841,44.6599],[22.6449,44.6518],[22.6242,44.6663],[22.6398,44.6763]]],[[[22.3717,44.6893],[22.3695,44.6829],[22.3684,44.693],[22.3717,44.6893]]],[[[22.3282,46.6495],[22.356,46.6313],[22.3248,46.6252],[22.3282,46.6495]]],[[[22.2234,46.6934],[22.2353,46.6926],[22.2393,46.6889],[22.2363,46.6877],[22.2251,46.6913],[22.2234,46.6934]]],[[[22.1703,47.1054],[22.1841,47.0927],[22.1664,47.1035],[22.1703,47.1054]]],[[[22.253,47.1245],[22.267,47.125],[22.2465,47.1185],[22.253,47.1245]]],[[[22.1775,47.121],[22.1723,47.1248],[22.1845,47.1241],[22.1775,47.121]]],[[[22.2475,47.1272],[22.2551,47.1276],[22.2462,47.1217],[22.2475,47.1272]]],[[[22.291,47.1434],[22.274,47.145],[22.2796,47.1466],[22.291,47.1434]]],[[[22.2022,47.1587],[22.1924,47.1653],[22.1971,47.1657],[22.2022,47.1587]]],[[[22.5944,47.1677],[22.5896,47.1626],[22.584,47.1633],[22.5944,47.1677]]],[[[22.1631,47.1774],[22.1458,47.1792],[22.1584,47.181],[22.1631,47.1774]]],[[[22.1367,47.1929],[22.1314,47.1833],[22.1271,47.1907],[22.1367,47.1929]]],[[[22.1426,47.1893],[22.1349,47.198],[22.1443,47.1905],[22.1426,47.1893]]],[[[22.2583,47.2087],[22.3022,47.1904],[22.2508,47.2053],[22.2583,47.2087]]],[[[22.2268,47.2018],[22.2274,47.2054],[22.2311,47.2082],[22.2425,47.2097],[22.2268,47.2018]]],[[[22.3018,47.2054],[22.2975,47.2104],[22.304,47.2083],[22.3018,47.2054]]],[[[22.207,47.2064],[22.2058,47.2188],[22.2121,47.2096],[22.207,47.2064]]],[[[22.4108,47.2246],[22.4216,47.2116],[22.4261,47.201],[22.4108,47.2246]]],[[[22.4851,47.2116],[22.49,47.2181],[22.4925,47.2135],[22.4851,47.2116]]],[[[22.3528,47.2148],[22.3389,47.2197],[22.3331,47.2205],[22.3453,47.2196],[22.3528,47.2148]]],[[[22.6759,47.2293],[22.718,47.2094],[22.6689,47.2265],[22.6759,47.2293]]],[[[22.2064,47.2241],[22.2195,47.214],[22.2019,47.224],[22.2064,47.2241]]],[[[22.6541,47.2322],[22.665,47.2274],[22.6539,47.2301],[22.6541,47.2322]]],[[[22.21,47.2344],[22.2499,47.2257],[22.2229,47.2276],[22.21,47.2344]]],[[[22.4645,47.2268],[22.4554,47.2285],[22.4678,47.2369],[22.4645,47.2268]]],[[[22.6398,47.233],[22.65,47.2351],[22.6508,47.2308],[22.6398,47.233]]],[[[22.566,47.2437],[22.5678,47.2303],[22.5596,47.229],[22.566,47.2437]]],[[[22.508,47.2369],[22.5044,47.237],[22.5135,47.2436],[22.508,47.2369]]],[[[22.2783,47.2414],[22.2662,47.2361],[22.2592,47.238],[22.2783,47.2414]]],[[[22.4895,47.2367],[22.4738,47.2383],[22.5006,47.2427],[22.4895,47.2367]]],[[[22.3151,47.2494],[22.3195,47.2316],[22.2889,47.2355],[22.3151,47.2494]]],[[[22.5922,47.2503],[22.6068,47.2406],[22.5871,47.2488],[22.5922,47.2503]]],[[[22.2334,47.2505],[22.2584,47.241],[22.2409,47.2399],[22.2334,47.2505]]],[[[22.2865,47.2485],[22.2805,47.2432],[22.2611,47.2489],[22.2865,47.2485]]],[[[22.2596,47.2534],[22.2478,47.2525],[22.2454,47.2562],[22.2596,47.2534]]],[[[22.2994,47.2587],[22.3,47.2449],[22.2866,47.262],[22.2994,47.2587]]],[[[22.2847,47.2547],[22.2786,47.253],[22.2759,47.2582],[22.2847,47.2547]]],[[[22.307,47.2522],[22.3095,47.2582],[22.3157,47.2509],[22.307,47.2522]]],[[[22.4044,47.2826],[22.4273,47.2528],[22.3957,47.2632],[22.4115,47.2667],[22.4044,47.2826]]],[[[22.3852,47.2693],[22.3777,47.269],[22.3785,47.2726],[22.3852,47.2693]]],[[[22.5695,47.2817],[22.567,47.2633],[22.5659,47.2822],[22.5695,47.2817]]],[[[22.3987,47.2745],[22.3891,47.2678],[22.3858,47.2731],[22.3987,47.2745]]],[[[22.7192,47.2713],[22.7246,47.2789],[22.7283,47.2751],[22.7192,47.2713]]],[[[22.3385,47.2817],[22.3642,47.2716],[22.3454,47.2718],[22.3385,47.2817]]],[[[22.6411,47.2772],[22.642,47.291],[22.6517,47.3013],[22.6552,47.2803],[22.6411,47.2772]]],[[[22.1446,47.3008],[22.1489,47.2897],[22.1369,47.2971],[22.1446,47.3008]]],[[[22.6891,47.31],[22.6877,47.311],[22.7007,47.3091],[22.6891,47.31]]],[[[22.234,47.3177],[22.2055,47.3066],[22.1994,47.3133],[22.234,47.3177]]],[[[22.4805,47.3206],[22.4308,47.3095],[22.4181,47.3114],[22.4805,47.3206]]],[[[22.1797,47.3211],[22.172,47.3153],[22.1688,47.3215],[22.1797,47.3211]]],[[[22.6439,47.3199],[22.6559,47.3198],[22.6455,47.315],[22.6439,47.3199]]],[[[22.501,47.333],[22.5154,47.321],[22.5245,47.3152],[22.5127,47.3187],[22.501,47.333]]],[[[22.2537,47.3236],[22.248,47.3284],[22.2567,47.3256],[22.2537,47.3236]]],[[[22.6317,47.3232],[22.6344,47.3318],[22.6354,47.3245],[22.6317,47.3232]]],[[[22.496,47.3279],[22.4963,47.334],[22.5008,47.3352],[22.4993,47.3284],[22.5038,47.3256],[22.496,47.3279]]],[[[22.7352,47.3307],[22.7211,47.3329],[22.736,47.3321],[22.7352,47.3307]]],[[[22.2846,47.3354],[22.2731,47.3323],[22.286,47.3391],[22.2846,47.3354]]],[[[22.1607,47.3407],[22.1599,47.3451],[22.1695,47.3442],[22.1607,47.3407]]],[[[22.113,47.3485],[22.1231,47.3427],[22.1097,47.347],[22.113,47.3485]]],[[[22.4268,47.3661],[22.4258,47.3723],[22.4311,47.3686],[22.4268,47.3661]]],[[[22.2461,47.3667],[22.2527,47.3744],[22.2545,47.3683],[22.2461,47.3667]]],[[[22.5973,47.3712],[22.6021,47.3735],[22.6026,47.3667],[22.5973,47.3712]]],[[[22.4989,47.3886],[22.4914,47.3929],[22.4991,47.3949],[22.4989,47.3886]]],[[[22.5205,47.4065],[22.5118,47.4031],[22.5143,47.4095],[22.5205,47.4065]]],[[[22.6074,47.4116],[22.5865,47.4146],[22.6151,47.4132],[22.6074,47.4116]]],[[[22.3586,47.4135],[22.3533,47.4225],[22.3628,47.4248],[22.3586,47.4135]]],[[[22.34,47.4278],[22.3395,47.4186],[22.3305,47.4251],[22.34,47.4278]]],[[[22.7225,47.4265],[22.7241,47.4206],[22.7192,47.4262],[22.7225,47.4265]]],[[[22.2495,47.4402],[22.2385,47.4356],[22.2484,47.4457],[22.2495,47.4402]]],[[[22.3711,47.456],[22.3849,47.4337],[22.381,47.4296],[22.3711,47.456]]],[[[22.3893,47.441],[22.3753,47.4533],[22.3843,47.451],[22.3893,47.441]]],[[[22.2735,47.4479],[22.2934,47.4577],[22.2955,47.4568],[22.2735,47.4479]]],[[[22.4762,47.4525],[22.4755,47.4581],[22.4822,47.4511],[22.4762,47.4525]]],[[[22.1605,47.4628],[22.1502,47.4526],[22.152,47.4629],[22.1605,47.4628]]],[[[22.3326,47.4551],[22.336,47.4622],[22.341,47.4555],[22.3326,47.4551]]],[[[22.5995,47.4692],[22.6,47.4619],[22.5932,47.4672],[22.5995,47.4692]]],[[[22.2163,47.4891],[22.2078,47.4918],[22.2159,47.4947],[22.2163,47.4891]]],[[[22.1351,47.5461],[22.1224,47.5301],[22.1214,47.5463],[22.1351,47.5461]]],[[[22.2067,47.5508],[22.207,47.5597],[22.2171,47.5587],[22.2067,47.5508]]],[[[22.4429,47.6335],[22.4561,47.6363],[22.4629,47.6241],[22.4429,47.6335]]],[[[22.283,47.6487],[22.2772,47.623],[22.267,47.6188],[22.2761,47.6279],[22.2724,47.6354],[22.283,47.6487]]],[[[22.444,47.6585],[22.4496,47.6651],[22.4507,47.6571],[22.444,47.6585]]],[[[22.2703,47.6608],[22.2679,47.6714],[22.2727,47.6708],[22.2703,47.6608]]],[[[22.4389,47.6595],[22.4453,47.6703],[22.4538,47.6727],[22.4424,47.6589],[22.4389,47.6595]]],[[[22.2996,47.6686],[22.2914,47.6666],[22.2929,47.6699],[22.2996,47.6686]]],[[[22.6014,47.666],[22.6042,47.6679],[22.6092,47.6629],[22.6014,47.666]]],[[[22.3195,47.6872],[22.3178,47.6769],[22.315,47.6826],[22.3195,47.6872]]],[[[22.3518,47.6935],[22.3315,47.6798],[22.3289,47.6794],[22.3371,47.6924],[22.3518,47.6935]]],[[[22.3306,47.7073],[22.3287,47.6991],[22.3256,47.6995],[22.3306,47.7073]]],[[[22.3205,47.7004],[22.329,47.7139],[22.3311,47.712],[22.3205,47.7004]]],[[[22.3774,47.7418],[22.3699,47.7355],[22.3752,47.7468],[22.3774,47.7418]]],[[[22.3686,47.7417],[22.3617,47.7485],[22.3702,47.7468],[22.3686,47.7417]]],[[[22.6706,48.0327],[22.6543,48.0254],[22.6621,48.0362],[22.6706,48.0327]]],[[[22.6564,48.0312],[22.6566,48.0385],[22.6604,48.037],[22.6564,48.0312]]],[[[22.4742,48.2286],[22.4681,48.2324],[22.4711,48.2343],[22.4742,48.2286]]],[[[22.4876,48.2473],[22.4682,48.2365],[22.4605,48.242],[22.4684,48.2481],[22.4876,48.2473]]],[[[22.2314,48.6228],[22.2219,48.618],[22.2205,48.621],[22.2314,48.6228]]],[[[22.272,48.6516],[22.2636,48.6449],[22.2549,48.6468],[22.272,48.6516]]],[[[22.2562,48.6708],[22.2529,48.6795],[22.2616,48.6758],[22.2562,48.6708]]],[[[22.2399,48.7016],[22.2428,48.6915],[22.2377,48.6891],[22.2311,48.6983],[22.2399,48.7016]]],[[[22.2457,48.7083],[22.2331,48.7015],[22.2287,48.7056],[22.2457,48.7083]]],[[[22.2573,48.7155],[22.2426,48.7145],[22.2327,48.7118],[22.2382,48.7164],[22.2573,48.7155]]],[[[22.2661,48.737],[22.2579,48.736],[22.2664,48.7426],[22.2661,48.737]]],[[[22.2254,48.7631],[22.2283,48.755],[22.228,48.7444],[22.218,48.7366],[22.2254,48.7631]]],[[[22.2391,48.762],[22.2293,48.7475],[22.2302,48.7547],[22.2391,48.762]]],[[[22.2336,48.7835],[22.2323,48.789],[22.2362,48.7871],[22.2336,48.7835]]],[[[22.1304,48.7918],[22.1205,48.7886],[22.1181,48.7916],[22.1304,48.7918]]],[[[22.222,48.7871],[22.2229,48.7955],[22.2247,48.7932],[22.222,48.7871]]],[[[22.1434,48.822],[22.1434,48.8287],[22.1473,48.8269],[22.1434,48.822]]],[[[22.9903,43.4915],[22.9787,43.4925],[22.9935,43.4958],[22.9903,43.4915]]],[[[23.0478,43.5074],[23.0366,43.5027],[23.0359,43.5044],[23.0478,43.5074]]],[[[23.0102,43.538],[22.9982,43.5299],[22.9914,43.5392],[23.0102,43.538]]],[[[22.9172,43.546],[22.9041,43.5487],[22.9033,43.552],[22.9172,43.546]]],[[[23.0645,43.5514],[23.0568,43.5488],[23.0538,43.5541],[23.0645,43.5514]]],[[[22.9205,43.5605],[22.9066,43.5561],[22.9103,43.5628],[22.9205,43.5605]]],[[[22.9272,43.6098],[22.9386,43.6104],[22.9385,43.6018],[22.9272,43.6098]]],[[[23.03,43.6126],[23.0187,43.6142],[23.0318,43.6172],[23.03,43.6126]]],[[[23.0383,43.6229],[23.0417,43.6154],[23.031,43.6197],[23.0383,43.6229]]],[[[23.0479,43.6221],[23.0357,43.6256],[23.0486,43.6242],[23.0479,43.6221]]],[[[22.8059,43.6219],[22.8132,43.6332],[22.8184,43.6311],[22.8059,43.6219]]],[[[23.0779,43.6501],[23.0634,43.6363],[23.056,43.6394],[23.0676,43.6536],[23.0779,43.6501]]],[[[22.9776,43.6829],[22.9695,43.6716],[22.9655,43.679],[22.9776,43.6829]]],[[[22.8916,43.7022],[22.88,43.6989],[22.8796,43.7026],[22.8916,43.7022]]],[[[22.7407,43.7261],[22.7467,43.7326],[22.7527,43.7279],[22.7407,43.7261]]],[[[22.8145,43.745],[22.806,43.7359],[22.7998,43.7374],[22.8086,43.7476],[22.8145,43.745]]],[[[22.7385,43.7446],[22.7474,43.7399],[22.733,43.7415],[22.7385,43.7446]]],[[[22.9164,43.7412],[22.9053,43.7464],[22.9195,43.7437],[22.9164,43.7412]]],[[[22.8404,43.7528],[22.823,43.7467],[22.8155,43.7475],[22.8404,43.7528]]],[[[22.9906,43.7667],[22.981,43.7703],[22.9949,43.7682],[22.9906,43.7667]]],[[[22.7703,43.7719],[22.7651,43.7657],[22.7602,43.768],[22.7703,43.7719]]],[[[22.9393,43.7863],[22.9372,43.7789],[22.9322,43.7837],[22.9393,43.7863]]],[[[22.9754,43.7869],[22.9673,43.7823],[22.9688,43.7887],[22.9754,43.7869]]],[[[22.9538,43.8023],[22.9502,43.7978],[22.947,43.7993],[22.9538,43.8023]]],[[[22.9288,43.8044],[22.9142,43.7977],[22.905,43.799],[22.9288,43.8044]]],[[[22.911,43.8039],[22.8973,43.8074],[22.9112,43.8072],[22.911,43.8039]]],[[[22.8972,43.8245],[22.8842,43.8123],[22.8839,43.8171],[22.8972,43.8245]]],[[[22.8554,43.8385],[22.8665,43.8313],[22.8528,43.8371],[22.8554,43.8385]]],[[[23.0633,43.8451],[23.0254,43.8476],[23.0047,43.8613],[23.0633,43.8451]]],[[[22.828,43.856],[22.8193,43.8573],[22.8145,43.8556],[22.8099,43.8632],[22.828,43.856]]],[[[23.0609,43.862],[23.0431,43.8637],[23.062,43.8666],[23.0609,43.862]]],[[[23.0378,43.8926],[23.0496,43.8762],[23.0152,43.8871],[23.0378,43.8926]]],[[[22.9288,43.8934],[22.9236,43.8999],[22.9316,43.8967],[22.9288,43.8934]]],[[[22.7375,43.9144],[22.7471,43.9114],[22.7384,43.9094],[22.7375,43.9144]]],[[[22.9522,43.9187],[22.9436,43.936],[22.9533,43.9198],[22.9522,43.9187]]],[[[22.935,43.9426],[22.9512,43.9485],[22.9439,43.9396],[22.935,43.9426]]],[[[22.9075,43.9474],[22.8981,43.9645],[22.9083,43.9518],[22.9075,43.9474]]],[[[22.7389,43.9637],[22.7333,43.9702],[22.7511,43.9731],[22.7389,43.9637]]],[[[22.9135,43.969],[22.9494,43.9796],[22.972,43.9729],[22.9713,43.9683],[22.9135,43.969]]],[[[22.7858,43.9749],[22.7884,43.9824],[22.7933,43.9767],[22.7858,43.9749]]],[[[22.7268,43.9807],[22.7347,43.9817],[22.7281,43.9777],[22.7268,43.9807]]],[[[22.7332,44.0028],[22.7413,44.006],[22.7413,44.0018],[22.7332,44.0028]]],[[[22.7363,44.0131],[22.7687,44.0206],[22.7824,44.0158],[22.7363,44.0131]]],[[[22.7472,44.0338],[22.7441,44.042],[22.7524,44.0354],[22.7472,44.0338]]],[[[23.0255,44.0476],[23.006,44.0476],[23.0135,44.0496],[23.0255,44.0476]]],[[[22.7664,44.0529],[22.7514,44.0514],[22.7518,44.0545],[22.7664,44.0529]]],[[[22.7845,44.0484],[22.7783,44.0535],[22.7879,44.0515],[22.7845,44.0484]]],[[[22.7545,44.0813],[22.7585,44.0724],[22.7565,44.0725],[22.7545,44.0813]]],[[[22.8722,44.0814],[22.8324,44.0808],[22.8271,44.0869],[22.8413,44.0896],[22.8722,44.0814]]],[[[23.0616,44.0984],[23.0686,44.0877],[23.0581,44.0911],[23.0616,44.0984]]],[[[22.7546,44.0926],[22.755,44.099],[22.7573,44.0956],[22.7546,44.0926]]],[[[22.7773,44.0958],[22.7957,44.0986],[22.7941,44.0957],[22.7773,44.0958]]],[[[22.8277,44.0955],[22.803,44.0978],[22.8118,44.1038],[22.8277,44.0955]]],[[[22.7917,44.1048],[22.798,44.0999],[22.7897,44.1036],[22.7917,44.1048]]],[[[23.0598,44.1042],[23.0635,44.116],[23.0718,44.1154],[23.0598,44.1042]]],[[[22.8613,44.1166],[22.8197,44.1164],[22.842,44.1173],[22.8278,44.1295],[22.8613,44.1166]]],[[[23.0349,44.1166],[23.023,44.1126],[23.0101,44.1182],[23.0349,44.1166]]],[[[22.9379,44.1294],[22.904,44.1308],[22.9424,44.1407],[22.9379,44.1294]]],[[[22.8141,44.1316],[22.7908,44.1388],[22.7726,44.1303],[22.7755,44.1393],[22.7971,44.1435],[22.8141,44.1316]]],[[[22.9764,44.1698],[22.987,44.1648],[22.9757,44.1666],[22.9764,44.1698]]],[[[22.8627,44.1672],[22.8524,44.1743],[22.8645,44.1719],[22.8627,44.1672]]],[[[23.0475,44.1777],[23.0559,44.1827],[23.0554,44.1746],[23.0475,44.1777]]],[[[22.8527,44.1944],[22.8449,44.196],[22.8366,44.1991],[22.8527,44.1944]]],[[[23.0517,44.1984],[23.0494,44.2076],[23.0574,44.1893],[23.0517,44.1984]]],[[[22.7931,44.2112],[22.78,44.2149],[22.7707,44.2156],[22.7745,44.2188],[22.7931,44.2112]]],[[[22.9888,44.2565],[22.9972,44.2585],[23.0068,44.2564],[22.9888,44.2551],[23.0127,44.244],[22.9885,44.251],[22.9888,44.2565]]],[[[23.0861,44.2906],[23.0651,44.282],[23.0398,44.2897],[23.0628,44.3035],[23.0861,44.2906]]],[[[23.0363,44.2941],[23.0099,44.2964],[22.9842,44.3],[23.0363,44.2941]]],[[[23.0291,44.3074],[23.0063,44.3109],[23.0167,44.3143],[23.0291,44.3074]]],[[[23.0321,44.3131],[23.0436,44.3209],[23.0408,44.3114],[23.0321,44.3131]]],[[[22.9257,44.3285],[22.9207,44.3235],[22.9128,44.3308],[22.9257,44.3285]]],[[[22.9489,44.3382],[22.9509,44.3251],[22.9454,44.3268],[22.9489,44.3382]]],[[[23.0335,44.358],[23.0323,44.3685],[23.0473,44.3651],[23.0335,44.358]]],[[[22.9815,44.3598],[22.9768,44.3714],[22.9976,44.3683],[22.9815,44.3598]]],[[[22.8689,44.4003],[22.8643,44.3636],[22.8345,44.3603],[22.8689,44.4003]]],[[[23.0376,44.3771],[23.0466,44.3853],[23.0511,44.3761],[23.0376,44.3771]]],[[[23.0248,44.3952],[23.0308,44.3889],[23.0295,44.385],[23.0232,44.3875],[23.0248,44.3952]]],[[[22.9841,44.3958],[22.9739,44.3987],[22.9878,44.4026],[22.9841,44.3958]]],[[[23.0663,44.4143],[23.0462,44.4117],[23.0236,44.4183],[23.0663,44.4143]]],[[[22.8808,44.4212],[22.8898,44.4144],[22.8764,44.418],[22.8808,44.4212]]],[[[22.8996,44.4543],[22.9118,44.4471],[22.8893,44.452],[22.8996,44.4543]]],[[[22.8843,44.4592],[22.8595,44.4595],[22.8599,44.4645],[22.8843,44.4592]]],[[[22.9094,44.4674],[22.8941,44.4582],[22.881,44.4665],[22.9094,44.4674]]],[[[22.8521,44.4617],[22.8437,44.4683],[22.8446,44.4687],[22.8521,44.4617]]],[[[22.7798,44.4751],[22.7557,44.4734],[22.7505,44.4808],[22.7798,44.4751]]],[[[22.949,44.5929],[22.924,44.5877],[22.9152,44.5894],[22.949,44.5929]]],[[[22.742,44.5987],[22.7558,44.5978],[22.7588,44.5925],[22.7537,44.591],[22.742,44.5987]]],[[[22.7292,44.5965],[22.7285,44.6024],[22.7337,44.5992],[22.7292,44.5965]]],[[[23.0754,44.603],[23.0524,44.6028],[23.0772,44.6059],[23.0754,44.603]]],[[[22.7492,44.6051],[22.7439,44.6107],[22.7511,44.605],[22.7492,44.6051]]],[[[22.7575,44.6165],[22.7481,44.6139],[22.7543,44.619],[22.7575,44.6165]]],[[[23.0236,44.6718],[23.035,44.6732],[23.0432,44.6695],[23.0236,44.6718]]],[[[22.7372,44.694],[22.7233,44.6933],[22.7369,44.7025],[22.7372,44.694]]],[[[22.7497,44.6963],[22.7443,44.7053],[22.7532,44.6984],[22.7497,44.6963]]],[[[23.0543,44.701],[23.0399,44.7065],[23.0586,44.7009],[23.0543,44.701]]],[[[23.0065,44.7431],[22.9944,44.7484],[22.9956,44.7498],[23.0065,44.7431]]],[[[22.8401,44.7521],[22.8232,44.7461],[22.8119,44.7529],[22.8401,44.7521]]],[[[22.8064,44.8136],[22.7961,44.8058],[22.7937,44.8054],[22.8064,44.8136]]],[[[22.7875,44.8109],[22.7987,44.82],[22.8036,44.8202],[22.7875,44.8109]]],[[[22.93,44.8138],[22.9101,44.8283],[22.9314,44.8146],[22.93,44.8138]]],[[[22.7877,44.8268],[22.7881,44.8171],[22.7848,44.819],[22.7877,44.8268]]],[[[22.904,44.8312],[22.9136,44.8527],[22.9101,44.8317],[22.904,44.8312]]],[[[22.9298,45.0282],[22.9161,45.0383],[22.9211,45.0412],[22.9298,45.0282]]],[[[22.9989,45.547],[23.0225,45.5439],[23.0424,45.536],[23.0249,45.5342],[22.9989,45.547]]],[[[23.0642,46.9501],[23.058,46.9553],[23.0675,46.9518],[23.0642,46.9501]]],[[[22.9285,47.0963],[22.9162,47.0945],[22.9123,47.099],[22.9285,47.0963]]],[[[22.8415,47.127],[22.8381,47.1416],[22.8506,47.1317],[22.8415,47.127]]],[[[22.753,47.1344],[22.7603,47.1345],[22.7553,47.1318],[22.753,47.1344]]],[[[22.9989,47.146],[22.9893,47.1481],[22.9896,47.1512],[22.9989,47.146]]],[[[22.8972,47.1632],[22.8903,47.144],[22.8854,47.1403],[22.8784,47.1518],[22.8972,47.1632]]],[[[22.7356,47.1665],[22.7241,47.1653],[22.7205,47.171],[22.7356,47.1665]]],[[[22.969,47.1706],[22.9553,47.1735],[22.9703,47.1716],[22.969,47.1706]]],[[[22.8288,47.1798],[22.86,47.1767],[22.8604,47.1751],[22.8288,47.1798]]],[[[22.9596,47.1885],[22.9563,47.1848],[22.9561,47.1869],[22.9596,47.1885]]],[[[22.981,47.1994],[22.9661,47.1979],[22.9811,47.2001],[22.981,47.1994]]],[[[22.944,47.2233],[22.9256,47.2215],[22.9078,47.2221],[22.944,47.2233]]],[[[22.9015,47.2289],[22.8898,47.2268],[22.8925,47.2315],[22.9015,47.2289]]],[[[22.8806,47.2387],[22.8719,47.2383],[22.8545,47.2347],[22.8576,47.2405],[22.8806,47.2387]]],[[[22.7953,47.2344],[22.7919,47.2367],[22.7967,47.2394],[22.7953,47.2344]]],[[[22.869,47.2643],[22.8651,47.2487],[22.8573,47.2471],[22.869,47.2643]]],[[[22.8116,47.2834],[22.8304,47.2789],[22.8167,47.274],[22.8116,47.2834]]],[[[22.9462,47.2842],[22.9654,47.2874],[22.9672,47.2719],[22.9462,47.2842]]],[[[22.7388,47.2791],[22.7281,47.2816],[22.7418,47.2837],[22.7388,47.2791]]],[[[22.8415,47.2865],[22.8392,47.2812],[22.8378,47.2868],[22.8415,47.2865]]],[[[22.783,47.2884],[22.8036,47.2826],[22.7951,47.278],[22.783,47.2884]]],[[[22.9961,47.286],[22.9825,47.2815],[22.9795,47.2915],[22.9961,47.286]]],[[[22.9435,47.3007],[22.9383,47.2897],[22.934,47.2918],[22.9435,47.3007]]],[[[22.8548,47.298],[22.8737,47.2925],[22.8867,47.3013],[22.8727,47.291],[22.8548,47.298]]],[[[22.807,47.3051],[22.8002,47.2986],[22.8014,47.3074],[22.807,47.3051]]],[[[22.9282,47.3018],[22.9337,47.3076],[22.9406,47.3057],[22.9282,47.3018]]],[[[22.8085,47.3039],[22.819,47.3094],[22.8222,47.3091],[22.8174,47.305],[22.8085,47.3039]]],[[[22.949,47.3302],[22.9413,47.3339],[22.9645,47.3322],[22.949,47.3302]]],[[[22.9975,47.3325],[22.9964,47.3385],[22.9992,47.339],[22.9975,47.3325]]],[[[23.024,47.3312],[23.0181,47.3338],[23.0274,47.3395],[23.024,47.3312]]],[[[22.8438,47.3574],[22.8674,47.3305],[22.8304,47.35],[22.8438,47.3574]]],[[[22.9808,47.3486],[22.9616,47.3499],[22.9451,47.3509],[22.9581,47.3531],[22.9808,47.3486]]],[[[22.8446,47.3601],[22.8313,47.3608],[22.8265,47.3633],[22.8446,47.3601]]],[[[22.9718,47.3702],[22.9817,47.3767],[22.9819,47.3756],[22.9718,47.3702]]],[[[22.7637,47.3756],[22.734,47.3733],[22.7231,47.3744],[22.7637,47.3756]]],[[[23.059,47.3805],[23.0633,47.3849],[23.0721,47.3812],[23.059,47.3805]]],[[[23.0003,47.401],[23.011,47.3828],[23.0057,47.3837],[23.0003,47.401]]],[[[22.815,47.3914],[22.791,47.3939],[22.8013,47.3968],[22.815,47.3914]]],[[[22.794,47.4143],[22.7863,47.4223],[22.8031,47.4238],[22.794,47.4143]]],[[[22.9205,47.425],[22.9174,47.4278],[22.932,47.4325],[22.9205,47.425]]],[[[22.907,47.4547],[22.898,47.4624],[22.9083,47.4566],[22.907,47.4547]]],[[[22.7589,47.475],[22.7695,47.4764],[22.7696,47.4705],[22.7589,47.475]]],[[[22.8555,47.5117],[22.8435,47.469],[22.8267,47.4673],[22.8364,47.5155],[22.8555,47.5117]]],[[[22.7408,47.4916],[22.7168,47.4961],[22.7248,47.4987],[22.7408,47.4916]]],[[[22.9618,47.4992],[22.9491,47.5016],[22.9474,47.5059],[22.9618,47.4992]]],[[[22.9877,47.52],[22.9918,47.5082],[22.9832,47.5181],[22.9877,47.52]]],[[[22.9204,47.5227],[22.915,47.5305],[22.9232,47.5274],[22.9204,47.5227]]],[[[22.8641,47.537],[22.8445,47.5312],[22.8513,47.5569],[22.8641,47.537]]],[[[22.8894,47.5563],[22.8766,47.5518],[22.8755,47.5553],[22.8894,47.5563]]],[[[22.8975,47.5612],[22.9188,47.5544],[22.9025,47.5552],[22.8975,47.5612]]],[[[22.8849,47.5622],[22.8757,47.565],[22.8859,47.5674],[22.8849,47.5622]]],[[[22.9666,47.5707],[22.9409,47.573],[22.9395,47.5756],[22.9666,47.5707]]],[[[22.985,47.5815],[22.9873,47.5731],[22.9824,47.5829],[22.985,47.5815]]],[[[22.9506,47.5874],[22.9077,47.5965],[22.9075,47.6042],[22.9506,47.5874]]],[[[23.063,47.6133],[23.0586,47.6207],[23.0657,47.6169],[23.063,47.6133]]],[[[23.0226,47.6739],[23.0234,47.6844],[23.0274,47.6756],[23.0226,47.6739]]],[[[22.8113,47.9066],[22.8316,47.9091],[22.8119,47.9037],[22.8113,47.9066]]],[[[23.0406,48.0062],[23.0545,48.0124],[23.0558,48.0111],[23.0406,48.0062]]],[[[23.6301,42.9892],[23.6175,42.9945],[23.6304,42.9968],[23.6301,42.9892]]],[[[23.5312,43.0857],[23.5259,43.0827],[23.5244,43.0883],[23.5312,43.0857]]],[[[23.6128,43.1502],[23.6057,43.146],[23.6029,43.151],[23.6128,43.1502]]],[[[23.5992,43.1704],[23.5964,43.1572],[23.595,43.1649],[23.5992,43.1704]]],[[[23.2611,43.1772],[23.2596,43.1856],[23.2659,43.1861],[23.2611,43.1772]]],[[[23.1499,43.1928],[23.1557,43.1963],[23.1603,43.1972],[23.1499,43.1928]]],[[[23.4245,43.1982],[23.4174,43.1966],[23.4126,43.2002],[23.4245,43.1982]]],[[[23.1595,43.2007],[23.1509,43.2038],[23.1574,43.2095],[23.1595,43.2007]]],[[[23.5246,43.222],[23.5146,43.2162],[23.5148,43.2194],[23.5246,43.222]]],[[[23.3125,43.2191],[23.3083,43.223],[23.3181,43.2235],[23.3125,43.2191]]],[[[23.496,43.2326],[23.5073,43.2231],[23.4931,43.2303],[23.496,43.2326]]],[[[23.338,43.2414],[23.3261,43.2398],[23.3368,43.2461],[23.338,43.2414]]],[[[23.1211,43.2409],[23.1155,43.2467],[23.1236,43.2456],[23.1211,43.2409]]],[[[23.2694,43.2546],[23.2513,43.2505],[23.2606,43.2389],[23.242,43.2318],[23.2449,43.2531],[23.2694,43.2546]]],[[[23.4573,43.2622],[23.4465,43.2647],[23.4284,43.2693],[23.4573,43.2622]]],[[[23.276,43.2721],[23.288,43.2628],[23.2707,43.2693],[23.276,43.2721]]],[[[23.5778,43.2667],[23.5703,43.2725],[23.5785,43.2689],[23.5778,43.2667]]],[[[23.4809,43.2739],[23.4698,43.2714],[23.4682,43.2727],[23.4809,43.2739]]],[[[23.587,43.2803],[23.5875,43.2722],[23.582,43.2784],[23.587,43.2803]]],[[[23.4914,43.2806],[23.4868,43.2731],[23.4856,43.2777],[23.4914,43.2806]]],[[[23.5229,43.2871],[23.531,43.2904],[23.5347,43.2881],[23.5229,43.2871]]],[[[23.2777,43.2923],[23.2716,43.2881],[23.267,43.2893],[23.2777,43.2923]]],[[[23.2924,43.2889],[23.2872,43.2951],[23.2923,43.2952],[23.2924,43.2889]]],[[[23.2669,43.2936],[23.2644,43.2963],[23.2718,43.2964],[23.2669,43.2936]]],[[[23.3592,43.2949],[23.3499,43.2963],[23.3618,43.2986],[23.3592,43.2949]]],[[[23.4964,43.2964],[23.4875,43.3032],[23.4984,43.2975],[23.4964,43.2964]]],[[[23.4179,43.3023],[23.4331,43.303],[23.4364,43.3011],[23.4179,43.3023]]],[[[23.3528,43.3014],[23.3486,43.3065],[23.3546,43.3038],[23.3528,43.3014]]],[[[23.3455,43.3251],[23.3484,43.3124],[23.3443,43.3137],[23.3455,43.3251]]],[[[23.333,43.3412],[23.335,43.3476],[23.3472,43.3397],[23.333,43.3412]]],[[[23.1822,43.3878],[23.1757,43.3924],[23.1808,43.394],[23.1822,43.3878]]],[[[23.1055,43.3882],[23.0955,43.396],[23.1075,43.3925],[23.1055,43.3882]]],[[[23.4035,43.3976],[23.4143,43.3913],[23.4082,43.3884],[23.4035,43.3976]]],[[[23.3101,43.3976],[23.3021,43.3989],[23.3061,43.4043],[23.3101,43.3976]]],[[[23.1537,43.4317],[23.1463,43.4283],[23.1446,43.4344],[23.1537,43.4317]]],[[[23.1293,43.4367],[23.1193,43.4364],[23.1195,43.4411],[23.1293,43.4367]]],[[[23.4189,43.4423],[23.419,43.4473],[23.421,43.4439],[23.4189,43.4423]]],[[[23.2089,43.4465],[23.1898,43.4459],[23.1895,43.4485],[23.2089,43.4465]]],[[[23.5792,43.4495],[23.5751,43.4566],[23.5814,43.452],[23.5792,43.4495]]],[[[23.3721,43.4701],[23.3748,43.4657],[23.3682,43.4647],[23.3721,43.4701]]],[[[23.3637,43.484],[23.3596,43.478],[23.3598,43.4826],[23.3637,43.484]]],[[[23.3389,43.5144],[23.329,43.5143],[23.3303,43.5167],[23.3389,43.5144]]],[[[23.344,43.5203],[23.3457,43.5167],[23.3375,43.5193],[23.344,43.5203]]],[[[23.2772,43.5259],[23.2589,43.5217],[23.2567,43.5226],[23.2772,43.5259]]],[[[23.5596,43.5292],[23.563,43.5226],[23.5567,43.5258],[23.5596,43.5292]]],[[[23.2111,43.5451],[23.2033,43.5445],[23.2056,43.5477],[23.2111,43.5451]]],[[[23.2128,43.5746],[23.2153,43.5835],[23.2242,43.5808],[23.2128,43.5746]]],[[[23.1075,43.591],[23.0946,43.591],[23.0939,43.5953],[23.1075,43.591]]],[[[23.1504,43.629],[23.1467,43.6332],[23.1537,43.6312],[23.1504,43.629]]],[[[23.2694,43.6482],[23.2618,43.654],[23.2695,43.6519],[23.2694,43.6482]]],[[[23.0761,43.6828],[23.0641,43.686],[23.0758,43.686],[23.0761,43.6828]]],[[[23.2065,43.6887],[23.2022,43.6957],[23.2104,43.6966],[23.2065,43.6887]]],[[[23.1334,43.7017],[23.1264,43.694],[23.1217,43.6972],[23.1334,43.7017]]],[[[23.2521,43.706],[23.2454,43.7085],[23.2467,43.7097],[23.2521,43.706]]],[[[23.4743,43.7059],[23.4558,43.6973],[23.4736,43.7127],[23.4743,43.7059]]],[[[23.1822,43.7211],[23.1797,43.7116],[23.1641,43.7181],[23.1822,43.7211]]],[[[23.3771,43.7371],[23.3794,43.742],[23.3818,43.7382],[23.3771,43.7371]]],[[[23.5171,43.8043],[23.5059,43.7905],[23.4988,43.7912],[23.5171,43.8043]]],[[[23.457,43.8078],[23.4601,43.8108],[23.4649,43.8038],[23.457,43.8078]]],[[[23.3135,43.8343],[23.3027,43.8382],[23.313,43.839],[23.3135,43.8343]]],[[[23.4536,43.8868],[23.4605,43.8825],[23.4531,43.8847],[23.4536,43.8868]]],[[[23.2673,43.8936],[23.271,43.8879],[23.266,43.8881],[23.2673,43.8936]]],[[[23.1508,43.9002],[23.1333,43.9056],[23.1411,43.9049],[23.1508,43.9002]]],[[[23.6068,43.9064],[23.617,43.9103],[23.6212,43.9091],[23.6068,43.9064]]],[[[23.3502,43.9153],[23.3616,43.9185],[23.3612,43.9165],[23.3502,43.9153]]],[[[23.0995,43.9173],[23.0731,43.9278],[23.1008,43.9197],[23.0995,43.9173]]],[[[23.6214,43.9611],[23.6335,43.9684],[23.6285,43.9533],[23.6214,43.9611]]],[[[23.6223,43.9994],[23.6219,43.994],[23.6153,43.9995],[23.6223,43.9994]]],[[[23.6237,44.0178],[23.6239,44.0257],[23.6293,44.0243],[23.6237,44.0178]]],[[[23.632,44.0263],[23.6357,44.0162],[23.6306,44.0173],[23.632,44.0263]]],[[[23.3519,44.0508],[23.3559,44.0413],[23.3374,44.0539],[23.3519,44.0508]]],[[[23.4212,44.0657],[23.4272,44.0603],[23.4234,44.0603],[23.4212,44.0657]]],[[[23.0751,44.0794],[23.0985,44.064],[23.0885,44.0633],[23.0751,44.0794]]],[[[23.3279,44.0887],[23.3174,44.0871],[23.3208,44.0941],[23.3279,44.0887]]],[[[23.296,44.0852],[23.2939,44.095],[23.2978,44.0983],[23.296,44.0852]]],[[[23.4488,44.0924],[23.4597,44.0966],[23.4618,44.0932],[23.4488,44.0924]]],[[[23.3246,44.0945],[23.3281,44.1016],[23.334,44.099],[23.3246,44.0945]]],[[[23.3457,44.0953],[23.3485,44.1043],[23.3515,44.1032],[23.3457,44.0953]]],[[[23.6207,44.1144],[23.6204,44.1042],[23.6146,44.1075],[23.6207,44.1144]]],[[[23.5856,44.1148],[23.5909,44.1166],[23.5807,44.104],[23.5856,44.1148]]],[[[23.1629,44.1188],[23.1532,44.1243],[23.1662,44.1208],[23.1629,44.1188]]],[[[23.6305,44.1265],[23.6201,44.127],[23.6191,44.1304],[23.6305,44.1265]]],[[[23.2893,44.1306],[23.286,44.1434],[23.2971,44.1424],[23.2893,44.1306]]],[[[23.3273,44.1386],[23.3177,44.1448],[23.3312,44.1422],[23.3273,44.1386]]],[[[23.2889,44.1527],[23.313,44.1462],[23.3035,44.1402],[23.2889,44.1527]]],[[[23.6061,44.1653],[23.5918,44.1621],[23.6049,44.1669],[23.6061,44.1653]]],[[[23.0716,44.1719],[23.0873,44.165],[23.0869,44.1629],[23.0716,44.1719]]],[[[23.3177,44.1862],[23.3087,44.1808],[23.3116,44.1884],[23.3177,44.1862]]],[[[23.592,44.1919],[23.5951,44.1955],[23.6004,44.195],[23.592,44.1919]]],[[[23.2676,44.1994],[23.263,44.1925],[23.252,44.1983],[23.2676,44.1994]]],[[[23.2863,44.2034],[23.2922,44.2166],[23.3065,44.2095],[23.2863,44.2034]]],[[[23.2032,44.2166],[23.194,44.2335],[23.2009,44.2349],[23.2032,44.2166]]],[[[23.1444,44.2249],[23.125,44.2297],[23.1239,44.233],[23.1444,44.2249]]],[[[23.1357,44.2342],[23.1295,44.233],[23.1269,44.2351],[23.1357,44.2342]]],[[[23.5374,44.2312],[23.5497,44.2338],[23.5473,44.2284],[23.5374,44.2312]]],[[[23.4958,44.2322],[23.482,44.238],[23.497,44.2322],[23.4958,44.2322]]],[[[23.4294,44.241],[23.4365,44.2453],[23.4342,44.2396],[23.4294,44.241]]],[[[23.4217,44.2436],[23.4105,44.2492],[23.4236,44.2468],[23.4217,44.2436]]],[[[23.446,44.2565],[23.4561,44.2537],[23.4424,44.2569],[23.446,44.2565]]],[[[23.0896,44.2771],[23.0687,44.2748],[23.0954,44.2827],[23.0896,44.2771]]],[[[23.5078,44.3014],[23.4947,44.2881],[23.4798,44.3085],[23.5078,44.3014]]],[[[23.5403,44.3006],[23.5374,44.3009],[23.5298,44.3068],[23.5403,44.3006]]],[[[23.5396,44.3033],[23.5335,44.3122],[23.5406,44.305],[23.5396,44.3033]]],[[[23.075,44.3139],[23.0872,44.3156],[23.0959,44.3126],[23.075,44.3139]]],[[[23.0883,44.3275],[23.0887,44.3366],[23.1053,44.3353],[23.0883,44.3275]]],[[[23.1316,44.3756],[23.1513,44.3774],[23.1536,44.3724],[23.1316,44.3756]]],[[[23.1306,44.3872],[23.1125,44.3856],[23.1167,44.3961],[23.1306,44.3872]]],[[[23.0736,44.3897],[23.0606,44.4028],[23.0778,44.4097],[23.0736,44.3897]]],[[[23.1502,44.3949],[23.1479,44.4065],[23.1555,44.3962],[23.1502,44.3949]]],[[[23.1431,44.4077],[23.137,44.4058],[23.1392,44.4085],[23.1431,44.4077]]],[[[23.6027,44.4281],[23.6054,44.4324],[23.6136,44.4303],[23.6027,44.4281]]],[[[23.5534,44.5431],[23.5604,44.5353],[23.5491,44.5387],[23.5534,44.5431]]],[[[23.5756,44.551],[23.5694,44.558],[23.5742,44.558],[23.5756,44.551]]],[[[23.5757,44.5803],[23.5656,44.5797],[23.5659,44.5859],[23.5757,44.5803]]],[[[23.5072,44.5892],[23.5065,44.5847],[23.5057,44.5859],[23.5072,44.5892]]],[[[23.3585,44.5966],[23.3537,44.6022],[23.3575,44.603],[23.3585,44.5966]]],[[[23.1698,44.7265],[23.1648,44.7291],[23.1707,44.7281],[23.1698,44.7265]]],[[[23.1552,44.7264],[23.1577,44.7335],[23.163,44.7322],[23.1552,44.7264]]],[[[23.1381,44.7266],[23.1486,44.7335],[23.1541,44.7349],[23.1441,44.7276],[23.1392,44.7261],[23.1381,44.7266]]],[[[23.5702,44.8067],[23.5763,44.8187],[23.5802,44.8023],[23.5702,44.8067]]],[[[23.257,44.9344],[23.2565,44.9297],[23.239,44.9363],[23.257,44.9344]]],[[[23.2524,44.942],[23.2623,44.9357],[23.2503,44.939],[23.2524,44.942]]],[[[23.5234,44.9682],[23.5175,44.9703],[23.522,44.9774],[23.5234,44.9682]]],[[[23.4107,45.0537],[23.396,45.0336],[23.3805,45.033],[23.4,45.0534],[23.4107,45.0537]]],[[[23.1365,45.0592],[23.1151,45.0752],[23.1214,45.0902],[23.1365,45.0592]]],[[[23.2766,45.0802],[23.2647,45.0747],[23.2698,45.0807],[23.2766,45.0802]]],[[[23.1722,45.0825],[23.1947,45.0884],[23.1988,45.08],[23.1722,45.0825]]],[[[23.1602,45.0943],[23.166,45.0935],[23.1612,45.0883],[23.1602,45.0943]]],[[[23.4447,45.0991],[23.4394,45.1045],[23.442,45.1063],[23.4447,45.0991]]],[[[23.2141,45.1146],[23.2083,45.095],[23.2111,45.1177],[23.2141,45.1146]]],[[[23.1439,45.1236],[23.1246,45.1137],[23.1321,45.1265],[23.1439,45.1236]]],[[[23.1669,45.1356],[23.1608,45.1189],[23.1493,45.1249],[23.1669,45.1356]]],[[[23.1951,45.1459],[23.1874,45.1375],[23.1688,45.1347],[23.1902,45.148],[23.1951,45.1459]]],[[[23.2154,45.1359],[23.2054,45.1465],[23.21,45.1509],[23.2154,45.1359]]],[[[23.2198,45.1522],[23.2129,45.1521],[23.2137,45.1552],[23.2198,45.1522]]],[[[23.4059,45.155],[23.399,45.1425],[23.39,45.1706],[23.4059,45.155]]],[[[23.3858,45.1799],[23.3971,45.1734],[23.3884,45.1713],[23.3858,45.1799]]],[[[23.2097,45.7937],[23.1989,45.7913],[23.1958,45.7981],[23.2097,45.7937]]],[[[23.3028,45.8644],[23.3072,45.8591],[23.2997,45.8543],[23.3028,45.8644]]],[[[23.6172,45.9017],[23.6111,45.9071],[23.6202,45.9119],[23.6172,45.9017]]],[[[23.6443,45.9317],[23.6235,45.9323],[23.644,45.9414],[23.6443,45.9317]]],[[[23.5987,45.9548],[23.6108,45.9397],[23.5999,45.9476],[23.5987,45.9548]]],[[[23.517,46.1356],[23.5091,46.1343],[23.5236,46.1409],[23.517,46.1356]]],[[[23.536,46.1408],[23.5591,46.1331],[23.5408,46.1284],[23.536,46.1408]]],[[[23.5039,46.1569],[23.5006,46.1712],[23.5104,46.1653],[23.5039,46.1569]]],[[[23.565,46.1828],[23.5764,46.1872],[23.5745,46.1784],[23.565,46.1828]]],[[[23.6102,46.1905],[23.6073,46.2045],[23.615,46.1881],[23.6102,46.1905]]],[[[23.5757,46.2238],[23.5769,46.2154],[23.5711,46.2207],[23.5757,46.2238]]],[[[23.4468,46.7036],[23.4464,46.7094],[23.4501,46.7063],[23.4468,46.7036]]],[[[23.5088,46.7948],[23.4655,46.7688],[23.4489,46.7767],[23.4821,46.795],[23.5088,46.7948]]],[[[23.0843,47.2834],[23.0659,47.2829],[23.0704,47.2875],[23.0843,47.2834]]],[[[23.104,47.2965],[23.095,47.2938],[23.0858,47.2998],[23.104,47.2965]]],[[[23.1214,47.3186],[23.1033,47.3151],[23.0956,47.3098],[23.1084,47.3198],[23.1214,47.3186]]],[[[23.1191,47.3284],[23.1063,47.3267],[23.095,47.3314],[23.1191,47.3284]]],[[[23.1758,47.4032],[23.1753,47.4086],[23.1847,47.4078],[23.1758,47.4032]]],[[[23.1669,47.4125],[23.1727,47.4197],[23.1831,47.4174],[23.1669,47.4125]]],[[[23.4856,47.5116],[23.4945,47.5186],[23.4918,47.507],[23.4856,47.5116]]],[[[23.4406,47.5309],[23.4503,47.5264],[23.4386,47.5263],[23.4406,47.5309]]],[[[23.2937,47.8094],[23.2936,47.8213],[23.2969,47.8103],[23.2937,47.8094]]],[[[23.0799,48.0175],[23.0735,48.0174],[23.0735,48.0175],[23.0799,48.0175]]],[[[23.0914,48.0424],[23.092,48.0475],[23.0959,48.0442],[23.0914,48.0424]]],[[[23.1301,48.0566],[23.1237,48.0561],[23.119,48.0618],[23.1301,48.0566]]],[[[23.7142,43.1146],[23.7035,43.1185],[23.7193,43.1231],[23.7142,43.1146]]],[[[23.6612,43.1437],[23.6508,43.1424],[23.6623,43.1454],[23.6612,43.1437]]],[[[23.759,43.143],[23.7555,43.1477],[23.7678,43.1416],[23.759,43.143]]],[[[23.6977,43.1463],[23.6876,43.1549],[23.7026,43.1484],[23.6977,43.1463]]],[[[24.1246,43.1501],[24.1404,43.1515],[24.1466,43.1532],[24.1356,43.1484],[24.1246,43.1501]]],[[[23.97,43.1543],[23.9858,43.1569],[23.9842,43.1524],[23.97,43.1543]]],[[[23.9947,43.1751],[23.9953,43.1657],[23.9928,43.1672],[23.9947,43.1751]]],[[[23.6324,43.1793],[23.641,43.1775],[23.644,43.1716],[23.6324,43.1793]]],[[[23.6599,43.182],[23.6655,43.1826],[23.6672,43.1796],[23.6599,43.182]]],[[[23.6906,43.1809],[23.6827,43.1911],[23.6943,43.1823],[23.6906,43.1809]]],[[[23.9582,43.1823],[23.9637,43.19],[23.9662,43.188],[23.9582,43.1823]]],[[[23.7094,43.1909],[23.7057,43.1863],[23.7013,43.1942],[23.7094,43.1909]]],[[[23.9004,43.1873],[23.8741,43.1968],[23.9058,43.1902],[23.9004,43.1873]]],[[[23.6633,43.194],[23.6588,43.2014],[23.67,43.1941],[23.6633,43.194]]],[[[23.9356,43.2517],[23.9394,43.2382],[23.9303,43.2479],[23.9356,43.2517]]],[[[23.6568,43.2535],[23.6562,43.2595],[23.6594,43.2574],[23.6568,43.2535]]],[[[24.0999,43.2688],[24.0824,43.2703],[24.0996,43.2701],[24.0999,43.2688]]],[[[23.8607,43.2734],[23.8494,43.2754],[23.849,43.2775],[23.8607,43.2734]]],[[[24.0512,43.2772],[24.0423,43.2772],[24.0465,43.2828],[24.0512,43.2772]]],[[[23.6907,43.2886],[23.6987,43.2881],[23.7012,43.2843],[23.6907,43.2886]]],[[[24.1512,43.313],[24.1583,43.304],[24.1262,43.3108],[24.1512,43.313]]],[[[24.0032,43.3126],[24.0021,43.3078],[23.9961,43.3141],[24.0032,43.3126]]],[[[23.9393,43.3673],[23.9351,43.3632],[23.9351,43.3673],[23.9393,43.3673]]],[[[23.9135,43.3713],[23.9106,43.3639],[23.9042,43.3704],[23.9135,43.3713]]],[[[23.9164,43.3799],[23.9221,43.3887],[23.9262,43.3831],[23.9164,43.3799]]],[[[23.9681,43.4156],[23.9708,43.4217],[23.9653,43.4085],[23.9681,43.4156]]],[[[24.073,43.4719],[24.0773,43.4752],[24.0791,43.4711],[24.073,43.4719]]],[[[23.6974,43.4778],[23.6984,43.481],[23.7051,43.4762],[23.6974,43.4778]]],[[[23.8877,43.5132],[23.8745,43.5178],[23.8912,43.5189],[23.8877,43.5132]]],[[[23.8679,43.5187],[23.8365,43.5284],[23.851,43.5276],[23.8664,43.5226],[23.8679,43.5187]]],[[[23.8322,43.5356],[23.8329,43.5311],[23.8208,43.5366],[23.8322,43.5356]]],[[[23.6671,43.5787],[23.6678,43.5842],[23.6771,43.5819],[23.6671,43.5787]]],[[[23.6344,43.584],[23.6373,43.593],[23.6431,43.5909],[23.6344,43.584]]],[[[23.8727,43.7301],[23.8649,43.7208],[23.86,43.7202],[23.8727,43.7301]]],[[[24.0614,43.7613],[24.0795,43.7596],[24.0604,43.7582],[24.0614,43.7613]]],[[[23.9738,43.7836],[23.9862,43.7943],[24.0132,43.7873],[23.9738,43.7836]]],[[[23.9204,43.7855],[23.8912,43.7925],[23.8833,43.7944],[23.9204,43.7855]]],[[[23.9985,43.7964],[23.9804,43.8122],[24.0003,43.7988],[23.9985,43.7964]]],[[[23.9248,43.8121],[23.9353,43.8041],[23.9223,43.8072],[23.9248,43.8121]]],[[[24.149,43.8151],[24.1193,43.8058],[24.1119,43.8191],[24.149,43.8151]]],[[[23.9466,43.8087],[23.9217,43.8275],[23.951,43.8194],[23.9466,43.8087]]],[[[23.9722,43.8808],[23.9548,43.8742],[23.9435,43.8769],[23.9722,43.8808]]],[[[23.8521,43.9032],[23.8464,43.8966],[23.8572,43.9128],[23.8521,43.9032]]],[[[23.9458,43.9161],[23.9416,43.9209],[23.9511,43.9215],[23.9458,43.9161]]],[[[23.9958,43.9642],[23.9828,43.9688],[23.9964,43.9669],[23.9958,43.9642]]],[[[23.8703,44.0001],[23.8554,43.9855],[23.8609,44.0025],[23.8703,44.0001]]],[[[23.6423,44.0084],[23.6477,44.0117],[23.6558,44.0118],[23.6423,44.0084]]],[[[23.9487,44.0246],[23.9422,44.0182],[23.9437,44.0252],[23.9487,44.0246]]],[[[23.8391,44.0376],[23.8538,44.0393],[23.8546,44.0375],[23.8391,44.0376]]],[[[23.6706,44.0605],[23.68,44.0567],[23.6596,44.0556],[23.6706,44.0605]]],[[[23.9337,44.0745],[23.9345,44.0595],[23.9288,44.0779],[23.9337,44.0745]]],[[[23.7547,44.0925],[23.7457,44.0776],[23.7373,44.0788],[23.7547,44.0925]]],[[[23.6369,44.0952],[23.6392,44.089],[23.6344,44.0902],[23.6369,44.0952]]],[[[23.7335,44.0927],[23.6936,44.1064],[23.7123,44.0852],[23.6721,44.0937],[23.6763,44.0823],[23.6736,44.0785],[23.6616,44.1086],[23.6857,44.12],[23.7335,44.0927]]],[[[23.8618,44.1005],[23.8586,44.106],[23.8658,44.1022],[23.8618,44.1005]]],[[[23.6534,44.1053],[23.6429,44.1213],[23.6632,44.1149],[23.6534,44.1053]]],[[[23.6747,44.1245],[23.6697,44.1192],[23.6588,44.1182],[23.6747,44.1245]]],[[[23.9119,44.157],[23.9075,44.157],[23.9233,44.1602],[23.9119,44.157]]],[[[23.7563,44.1638],[23.7646,44.1575],[23.755,44.1624],[23.7563,44.1638]]],[[[24.0002,44.1779],[24.0042,44.1705],[23.9944,44.1771],[24.0002,44.1779]]],[[[23.813,44.1825],[23.8046,44.1781],[23.8074,44.1832],[23.7939,44.191],[23.7965,44.1952],[23.7903,44.1956],[23.7904,44.1982],[23.807,44.1923],[23.813,44.1825]]],[[[24.0171,44.1843],[24.0111,44.1935],[24.0204,44.1962],[24.0171,44.1843]]],[[[23.8948,44.1913],[23.9059,44.1956],[23.9098,44.1928],[23.8948,44.1913]]],[[[24.0006,44.1974],[23.9882,44.1922],[24.0108,44.1964],[24.0006,44.1974]]],[[[23.7825,44.2256],[23.7859,44.2324],[23.7881,44.2262],[23.7825,44.2256]]],[[[23.9016,44.2608],[23.8779,44.265],[23.9028,44.2626],[23.9016,44.2608]]],[[[23.9155,44.2783],[23.8956,44.2829],[23.9153,44.2856],[23.9155,44.2783]]],[[[23.8543,44.3099],[23.857,44.299],[23.8483,44.3081],[23.8543,44.3099]]],[[[23.8586,44.3104],[23.8717,44.3119],[23.8741,44.3072],[23.8586,44.3104]]],[[[23.9596,44.3369],[23.9621,44.3283],[23.9586,44.3283],[23.9596,44.3369]]],[[[23.8375,44.3422],[23.8487,44.3417],[23.8377,44.3405],[23.8375,44.3422]]],[[[23.6857,44.3545],[23.6654,44.3599],[23.6545,44.3696],[23.6683,44.3692],[23.6857,44.3545]]],[[[24.0587,44.4076],[24.0751,44.4189],[24.076,44.4094],[24.0587,44.4076]]],[[[23.7143,44.4425],[23.7176,44.4525],[23.7341,44.4261],[23.7143,44.4425]]],[[[24.1178,44.461],[24.1116,44.4666],[24.104,44.4674],[24.1151,44.4666],[24.1178,44.461]]],[[[23.689,44.4554],[23.6709,44.4766],[23.6855,44.4658],[23.689,44.4554]]],[[[23.771,44.4634],[23.781,44.475],[23.7854,44.4686],[23.771,44.4634]]],[[[23.9544,44.4899],[23.9646,44.4838],[23.9594,44.4826],[23.9544,44.4899]]],[[[23.9895,44.5304],[23.9902,44.5225],[23.9848,44.5309],[23.9895,44.5304]]],[[[23.7025,44.5521],[23.6846,44.5526],[23.7043,44.5599],[23.7025,44.5521]]],[[[23.6612,44.5601],[23.6862,44.56],[23.6777,44.5578],[23.6612,44.5601]]],[[[23.9775,44.5541],[23.9632,44.5652],[23.9631,44.5662],[23.9665,44.5663],[23.9775,44.5541]]],[[[24.037,44.5707],[24.0241,44.5754],[24.0307,44.5813],[24.037,44.5707]]],[[[24.1189,44.5808],[24.1168,44.5712],[24.1125,44.5789],[24.1189,44.5808]]],[[[23.9496,44.5882],[23.9411,44.5909],[23.948,44.5939],[23.9496,44.5882]]],[[[24.1034,44.6286],[24.1093,44.6151],[24.1049,44.6037],[24.1034,44.6286]]],[[[24.0788,44.6348],[24.077,44.6227],[24.0761,44.6352],[24.0788,44.6348]]],[[[23.9365,44.6318],[23.927,44.6394],[23.9404,44.6331],[23.9365,44.6318]]],[[[24.0222,44.6582],[24.0028,44.6482],[24.0204,44.6601],[24.0222,44.6582]]],[[[23.9736,44.6679],[23.9602,44.6816],[23.9706,44.6812],[23.9736,44.6679]]],[[[24.0473,44.6907],[24.0349,44.6849],[24.0393,44.6934],[24.0473,44.6907]]],[[[24.1348,44.6956],[24.1425,44.6891],[24.1322,44.6948],[24.1348,44.6956]]],[[[24.1342,44.72],[24.1313,44.7291],[24.1437,44.7158],[24.1342,44.72]]],[[[24.1218,44.7285],[24.1301,44.7319],[24.123,44.726],[24.1218,44.7285]]],[[[23.9447,44.7752],[23.9473,44.7528],[23.9309,44.7338],[23.9359,44.7674],[23.9447,44.7752]]],[[[24.0,44.7755],[23.9918,44.7725],[23.9956,44.779],[24.0,44.7755]]],[[[23.8953,44.7917],[23.8902,44.7878],[23.8878,44.7967],[23.8953,44.7917]]],[[[23.9229,44.8044],[23.9208,44.8137],[23.9245,44.8148],[23.9229,44.8044]]],[[[23.9415,44.8177],[23.9462,44.8066],[23.938,44.8174],[23.9415,44.8177]]],[[[23.8832,44.815],[23.8717,44.803],[23.8829,44.8223],[23.8832,44.815]]],[[[23.8418,44.8325],[23.8324,44.8196],[23.83,44.8321],[23.8418,44.8325]]],[[[23.7287,44.823],[23.7234,44.8339],[23.7294,44.8373],[23.7287,44.823]]],[[[23.9428,44.9309],[23.9443,44.9253],[23.9382,44.9181],[23.9428,44.9309]]],[[[24.007,45.792],[23.9927,45.7895],[23.9886,45.795],[24.007,45.792]]],[[[23.8352,45.847],[23.8525,45.8358],[23.8338,45.8454],[23.8352,45.847]]],[[[23.8568,45.8482],[23.8534,45.8543],[23.8585,45.8495],[23.8568,45.8482]]],[[[24.094,45.8616],[24.0733,45.8505],[24.0811,45.8709],[24.094,45.8616]]],[[[23.8765,45.8841],[23.8663,45.8785],[23.8599,45.8824],[23.8765,45.8841]]],[[[23.6752,45.8942],[23.6745,45.889],[23.6684,45.8933],[23.6752,45.8942]]],[[[23.6466,45.8875],[23.6431,45.8973],[23.6494,45.8941],[23.6466,45.8875]]],[[[23.8577,45.9146],[23.8529,45.9217],[23.8667,45.9194],[23.8577,45.9146]]],[[[23.9888,45.9317],[23.9766,45.9357],[23.996,45.9316],[23.9888,45.9317]]],[[[23.8119,45.9779],[23.8053,45.9755],[23.8051,45.9814],[23.8119,45.9779]]],[[[23.7758,45.9815],[23.7739,45.9904],[23.7835,45.9925],[23.7758,45.9815]]],[[[23.9226,45.9974],[23.935,46.0002],[23.9389,45.9983],[23.9302,45.9946],[23.9226,45.9974]]],[[[23.9831,46.03],[23.9898,46.0207],[23.9763,46.0286],[23.9831,46.03]]],[[[24.0757,46.0265],[24.0611,46.03],[24.062,46.0377],[24.0757,46.0265]]],[[[24.023,46.0319],[23.9856,46.0319],[23.9922,46.0385],[24.0198,46.0375],[24.023,46.0319]]],[[[24.0622,46.0432],[24.0512,46.0503],[24.0708,46.0526],[24.0622,46.0432]]],[[[23.9514,46.0515],[23.9585,46.0564],[23.9693,46.0558],[23.9514,46.0515]]],[[[24.0191,46.0567],[24.0089,46.0543],[24.0122,46.0633],[24.0191,46.0567]]],[[[24.1234,46.1645],[24.114,46.1387],[24.0998,46.1619],[24.1234,46.1645]],[[24.111,46.1593],[24.1157,46.1528],[24.1165,46.1634],[24.111,46.1593]]],[[[23.9413,46.175],[23.975,46.1524],[23.9628,46.1503],[23.9413,46.175]]],[[[23.8829,46.1716],[23.8675,46.1781],[23.8938,46.1737],[23.8829,46.1716]]],[[[23.8686,46.1714],[23.8475,46.1785],[23.8741,46.1866],[23.859,46.1761],[23.8686,46.1714]]],[[[23.9054,46.1805],[23.891,46.177],[23.8911,46.1823],[23.9054,46.1805]]],[[[23.8842,46.1816],[23.8823,46.1852],[23.8892,46.1807],[23.8842,46.1816]]],[[[24.095,46.2095],[24.1232,46.1852],[24.0782,46.192],[24.073,46.172],[24.0617,46.214],[24.1116,46.2279],[24.095,46.2095]],[[24.0805,46.2112],[24.09,46.2039],[24.0961,46.2199],[24.0805,46.2112]]],[[[24.1259,46.2168],[24.1466,46.2014],[24.1301,46.1907],[24.1259,46.2168]]],[[[24.0153,46.1975],[24.0193,46.2116],[24.0249,46.2107],[24.0153,46.1975]]],[[[24.0005,46.1988],[24.0051,46.2081],[24.0031,46.199],[24.0005,46.1988]]],[[[24.1404,46.2146],[24.1393,46.2218],[24.1438,46.2225],[24.1404,46.2146]]],[[[23.7478,46.2195],[23.74,46.2154],[23.7355,46.2175],[23.7478,46.2195]]],[[[23.7376,46.2361],[23.7511,46.2509],[23.7549,46.2521],[23.7376,46.2361]]],[[[24.0352,46.2509],[24.0201,46.2585],[24.0289,46.2597],[24.0352,46.2509]]],[[[23.8402,46.2935],[23.822,46.2921],[23.8422,46.2973],[23.8402,46.2935]]],[[[23.7634,46.2881],[23.7686,46.2924],[23.7814,46.2899],[23.7634,46.2881]]],[[[23.6977,46.2993],[23.6931,46.3041],[23.7074,46.3036],[23.6977,46.2993]]],[[[23.7476,46.3389],[23.7722,46.3159],[23.7649,46.3105],[23.7476,46.3389]]],[[[24.1127,46.3339],[24.1035,46.3281],[24.1043,46.3355],[24.1127,46.3339]]],[[[23.8974,46.3374],[23.8902,46.3417],[23.8979,46.3395],[23.8974,46.3374]]],[[[24.102,46.3813],[24.0899,46.3765],[24.0888,46.3788],[24.102,46.3813]]],[[[24.1394,46.4018],[24.1312,46.4095],[24.1409,46.4131],[24.1394,46.4018]]],[[[24.0002,46.4062],[24.0108,46.4132],[24.0134,46.4154],[24.011,46.4096],[24.0002,46.4062]]],[[[24.0177,46.4747],[24.0215,46.4796],[24.0255,46.4724],[24.0177,46.4747]]],[[[24.0335,46.5822],[24.0191,46.5886],[24.0458,46.5871],[24.0335,46.5822]]],[[[23.7763,46.5939],[23.79,46.5943],[23.7885,46.5906],[23.7763,46.5939]]],[[[23.7839,46.6019],[23.7939,46.5983],[23.7829,46.5992],[23.7839,46.6019]]],[[[24.1133,46.7089],[24.1211,46.7011],[24.104,46.7084],[24.1133,46.7089]]],[[[24.0432,46.7638],[24.0495,46.7526],[24.0432,46.7577],[24.0432,46.7638]]],[[[23.9681,46.7944],[23.9707,46.7868],[23.9535,46.7963],[23.9681,46.7944]]],[[[23.7286,46.8272],[23.7282,46.8156],[23.7132,46.8203],[23.7286,46.8272]]],[[[23.869,46.8411],[23.8494,46.8424],[23.8489,46.8426],[23.8632,46.8451],[23.869,46.8411]]],[[[23.8946,46.8555],[23.8855,46.8543],[23.8793,46.8576],[23.8946,46.8555]]],[[[23.9267,46.8794],[23.9202,46.8765],[23.9168,46.8768],[23.9267,46.8794]]],[[[24.0527,46.9124],[24.065,46.9072],[24.065,46.9051],[24.0558,46.9062],[24.0527,46.9124]]],[[[24.0535,46.9329],[24.0516,46.9269],[24.0457,46.93],[24.0535,46.9329]]],[[[23.7549,46.9446],[23.7403,46.9418],[23.7327,46.943],[23.7549,46.9446]]],[[[24.0772,47.0099],[24.0784,47.0181],[24.088,47.0106],[24.0772,47.0099]]],[[[24.091,47.0635],[24.0885,47.0473],[24.0781,47.0505],[24.091,47.0635]]],[[[24.0661,47.1191],[24.0686,47.1127],[24.0513,47.1135],[24.0661,47.1191]]],[[[23.8405,47.1586],[23.8487,47.1612],[23.8506,47.1558],[23.8405,47.1586]]],[[[24.548,42.7091],[24.5456,42.703],[24.5431,42.7063],[24.548,42.7091]]],[[[24.1637,43.1336],[24.1782,43.1209],[24.158,43.1319],[24.1637,43.1336]]],[[[24.1979,43.1891],[24.1842,43.1963],[24.1843,43.2008],[24.1979,43.1891]]],[[[24.1767,43.2205],[24.1871,43.2206],[24.1792,43.2162],[24.1767,43.2205]]],[[[24.6934,43.2291],[24.7117,43.22],[24.6927,43.2258],[24.6934,43.2291]]],[[[24.4887,43.2379],[24.4927,43.2419],[24.4947,43.2371],[24.4887,43.2379]]],[[[24.6905,43.2426],[24.692,43.2493],[24.6973,43.2455],[24.6905,43.2426]]],[[[24.2677,43.2568],[24.2587,43.2609],[24.2701,43.26],[24.2677,43.2568]]],[[[24.4328,43.2991],[24.4126,43.2989],[24.4009,43.2914],[24.3715,43.3001],[24.4328,43.2991]]],[[[24.4826,43.3046],[24.4672,43.3062],[24.4798,43.311],[24.4826,43.3046]]],[[[24.3272,43.3076],[24.3301,43.3023],[24.326,43.303],[24.3272,43.3076]]],[[[24.4561,43.3186],[24.4699,43.316],[24.4566,43.3071],[24.4561,43.3186]]],[[[24.6094,43.3483],[24.6001,43.3492],[24.5974,43.3528],[24.6094,43.3483]]],[[[24.6564,43.3478],[24.6599,43.3628],[24.6631,43.3495],[24.6564,43.3478]]],[[[24.6533,43.3788],[24.6621,43.3807],[24.6618,43.3789],[24.6533,43.3788]]],[[[24.5925,43.3797],[24.5992,43.3826],[24.5999,43.3808],[24.5925,43.3797]]],[[[24.664,43.4123],[24.6538,43.4069],[24.6543,43.4125],[24.664,43.4123]]],[[[24.579,43.4212],[24.5722,43.4082],[24.5674,43.4165],[24.579,43.4212]]],[[[24.5707,43.4308],[24.5562,43.4217],[24.562,43.4323],[24.5707,43.4308]]],[[[24.6083,43.4385],[24.6616,43.4237],[24.6034,43.4343],[24.6083,43.4385]]],[[[24.6097,43.4553],[24.6115,43.4493],[24.6084,43.4545],[24.6097,43.4553]]],[[[24.5955,43.4608],[24.5722,43.4557],[24.5726,43.4615],[24.5955,43.4608]]],[[[24.5082,43.4639],[24.4925,43.4617],[24.4913,43.4635],[24.5082,43.4639]]],[[[24.5952,43.4962],[24.5937,43.5017],[24.5985,43.4991],[24.5952,43.4962]]],[[[24.4574,43.5508],[24.4387,43.5447],[24.4385,43.5507],[24.4574,43.5508]]],[[[24.4391,43.5625],[24.458,43.5517],[24.4372,43.5622],[24.4391,43.5625]]],[[[24.3862,43.5811],[24.3871,43.5756],[24.3849,43.5803],[24.3862,43.5811]]],[[[24.6239,43.5866],[24.6195,43.5744],[24.6209,43.5867],[24.6239,43.5866]]],[[[24.2548,43.5906],[24.2653,43.5828],[24.2502,43.5873],[24.2548,43.5906]]],[[[24.6686,43.6213],[24.6673,43.6144],[24.6648,43.6153],[24.6686,43.6213]]],[[[24.61,43.6325],[24.6172,43.6355],[24.6183,43.6317],[24.61,43.6325]]],[[[24.5683,43.6408],[24.5642,43.6486],[24.5733,43.6472],[24.5683,43.6408]]],[[[24.4845,43.6705],[24.4936,43.6709],[24.4986,43.6702],[24.4845,43.6705]]],[[[24.2616,43.6701],[24.2548,43.6732],[24.2638,43.6724],[24.2616,43.6701]]],[[[24.2814,43.6705],[24.2665,43.6773],[24.2821,43.6745],[24.2814,43.6705]]],[[[24.3177,43.6816],[24.3043,43.6762],[24.2923,43.6808],[24.3177,43.6816]]],[[[24.2414,43.7564],[24.2241,43.7502],[24.2154,43.7534],[24.2238,43.7636],[24.2414,43.7564]]],[[[24.2095,43.8099],[24.2264,43.8012],[24.2076,43.8047],[24.2095,43.8099]]],[[[24.1721,43.816],[24.1504,43.8028],[24.1547,43.814],[24.1721,43.816]]],[[[24.1975,43.8057],[24.1927,43.8111],[24.1995,43.8095],[24.1975,43.8057]]],[[[24.6061,43.9279],[24.6139,43.9275],[24.6127,43.9222],[24.6061,43.9279]]],[[[24.389,43.995],[24.4102,43.9973],[24.414,43.9942],[24.389,43.995]]],[[[24.5802,44.1297],[24.5821,44.1241],[24.5764,44.127],[24.5802,44.1297]]],[[[24.4587,44.1311],[24.4643,44.1243],[24.4561,44.1286],[24.4587,44.1311]]],[[[24.4526,44.1349],[24.4535,44.1284],[24.4491,44.1319],[24.4526,44.1349]]],[[[24.4435,44.1376],[24.4267,44.1448],[24.4194,44.1533],[24.4435,44.1376]]],[[[24.656,44.15],[24.6507,44.1427],[24.6487,44.1516],[24.656,44.15]]],[[[24.5533,44.1594],[24.5577,44.1495],[24.5417,44.1572],[24.5533,44.1594]]],[[[24.5338,44.1753],[24.5447,44.1838],[24.5467,44.1797],[24.5338,44.1753]]],[[[24.2925,44.1847],[24.2888,44.1911],[24.2941,44.1869],[24.2925,44.1847]]],[[[24.5238,44.1944],[24.5371,44.1898],[24.5226,44.1841],[24.5238,44.1944]]],[[[24.5102,44.1915],[24.5076,44.1967],[24.5129,44.1942],[24.5102,44.1915]]],[[[24.5034,44.2063],[24.4984,44.1967],[24.4955,44.2038],[24.5034,44.2063]]],[[[24.5179,44.2005],[24.5049,44.2035],[24.5145,44.2109],[24.5179,44.2005]]],[[[24.3406,44.2251],[24.3391,44.2188],[24.3371,44.2243],[24.3406,44.2251]]],[[[24.4728,44.2485],[24.4519,44.2441],[24.4522,44.2501],[24.4728,44.2485]]],[[[24.529,44.2827],[24.5292,44.2753],[24.5247,44.2813],[24.529,44.2827]]],[[[24.2506,44.2903],[24.22,44.2968],[24.2335,44.2992],[24.2506,44.2903]]],[[[24.2115,44.3036],[24.2105,44.3114],[24.2144,44.3055],[24.2115,44.3036]]],[[[24.39,44.3423],[24.3904,44.3451],[24.402,44.3291],[24.39,44.3423]]],[[[24.3795,44.3565],[24.3854,44.3629],[24.3923,44.3556],[24.3795,44.3565]]],[[[24.1488,44.3825],[24.1639,44.3684],[24.1571,44.3701],[24.1488,44.3825]]],[[[24.5424,44.4294],[24.5511,44.4286],[24.5421,44.4243],[24.5424,44.4294]]],[[[24.2872,44.4325],[24.2751,44.4253],[24.2766,44.439],[24.2872,44.4325]]],[[[24.4459,44.4524],[24.4432,44.4641],[24.451,44.4496],[24.4459,44.4524]]],[[[24.4553,44.4576],[24.4564,44.4637],[24.4626,44.4654],[24.4553,44.4576]]],[[[24.2212,44.4719],[24.1995,44.4698],[24.1911,44.4819],[24.2212,44.4719]]],[[[24.2363,44.5202],[24.2281,44.5106],[24.2286,44.5228],[24.2363,44.5202]]],[[[24.2088,44.56],[24.1988,44.5568],[24.1985,44.5618],[24.2088,44.56]]],[[[24.587,44.5897],[24.5925,44.5693],[24.5912,44.5584],[24.5808,44.5792],[24.587,44.5897]]],[[[24.2177,44.5713],[24.2056,44.5808],[24.2076,44.5844],[24.2177,44.5713]]],[[[24.1977,44.6194],[24.217,44.6143],[24.2245,44.595],[24.1977,44.6194]]],[[[24.1841,44.6686],[24.2309,44.6299],[24.2204,44.6195],[24.1841,44.6686]]],[[[24.1365,44.6679],[24.1527,44.6624],[24.1509,44.6581],[24.1365,44.6679]]],[[[24.2378,44.6569],[24.2287,44.682],[24.2586,44.6756],[24.2378,44.6569]],[[24.2439,44.6703],[24.2398,44.6657],[24.2477,44.6664],[24.2439,44.6703]]],[[[24.1605,44.67],[24.1586,44.6733],[24.1524,44.6802],[24.1597,44.6763],[24.1605,44.67]]],[[[24.5961,44.6782],[24.5857,44.6841],[24.5994,44.6864],[24.5961,44.6782]]],[[[24.1606,44.7022],[24.1673,44.6897],[24.157,44.701],[24.1606,44.7022]]],[[[24.2126,44.7505],[24.2366,44.7186],[24.247,44.6798],[24.2272,44.6825],[24.2126,44.7505]]],[[[24.1618,44.7239],[24.1688,44.7013],[24.1524,44.7297],[24.1618,44.7239]]],[[[24.244,44.7085],[24.2397,44.7252],[24.2472,44.7082],[24.2505,44.7307],[24.2527,44.7064],[24.244,44.7085]]],[[[24.2524,44.7209],[24.252,44.7385],[24.2549,44.7212],[24.2524,44.7209]]],[[[24.2395,44.7288],[24.2326,44.7294],[24.2337,44.7392],[24.2395,44.7288]]],[[[24.1514,44.7436],[24.1523,44.7307],[24.1419,44.7406],[24.1514,44.7436]]],[[[24.3295,44.7415],[24.3188,44.747],[24.3344,44.7479],[24.3295,44.7415]]],[[[24.2238,44.7643],[24.2361,44.7669],[24.2373,44.7578],[24.2238,44.7643]]],[[[24.304,44.765],[24.2936,44.7591],[24.3002,44.7755],[24.304,44.765]]],[[[24.2315,44.7752],[24.2315,44.7672],[24.2266,44.7707],[24.2315,44.7752]]],[[[24.3472,44.7894],[24.3281,44.7825],[24.325,44.794],[24.3305,44.803],[24.3472,44.7894]]],[[[24.3883,44.8198],[24.3819,44.8065],[24.3617,44.7951],[24.3551,44.82],[24.3725,44.8146],[24.3815,44.8176],[24.3568,44.8247],[24.3883,44.8198]]],[[[24.5596,44.9393],[24.5657,44.9421],[24.5686,44.9383],[24.5596,44.9393]]],[[[24.2708,45.0137],[24.2649,45.0204],[24.2758,45.0181],[24.2708,45.0137]]],[[[24.6575,45.1251],[24.6596,45.1047],[24.6565,45.101],[24.6575,45.1251]]],[[[24.5697,45.1679],[24.5681,45.1534],[24.5582,45.1576],[24.5697,45.1679]]],[[[24.1782,45.9757],[24.1808,45.9679],[24.1742,45.9731],[24.1782,45.9757]]],[[[24.1597,46.0649],[24.1306,46.0555],[24.1269,46.0588],[24.1597,46.0649]]],[[[24.3374,46.0685],[24.311,46.0691],[24.3055,46.0756],[24.3374,46.0685]]],[[[24.2902,46.0754],[24.2825,46.0807],[24.3047,46.0745],[24.2902,46.0754]]],[[[24.4084,46.084],[24.4159,46.0785],[24.4255,46.0814],[24.4183,46.0779],[24.4123,46.0777],[24.4084,46.084]]],[[[24.2318,46.0841],[24.2111,46.0826],[24.2081,46.0837],[24.2176,46.0897],[24.2318,46.0841]]],[[[24.2695,46.0886],[24.2736,46.094],[24.2759,46.0891],[24.2695,46.0886]]],[[[24.2261,46.0924],[24.2186,46.0923],[24.2497,46.0993],[24.2261,46.0924]]],[[[24.4714,46.0933],[24.4781,46.106],[24.4813,46.1065],[24.4714,46.0933]]],[[[24.4952,46.1173],[24.4753,46.1117],[24.4618,46.1101],[24.4952,46.1173]]],[[[24.3134,46.1546],[24.3029,46.1414],[24.29,46.142],[24.3134,46.1546]]],[[[24.3149,46.1551],[24.3133,46.1626],[24.3239,46.1607],[24.3149,46.1551]]],[[[24.1922,46.1612],[24.1816,46.1701],[24.1937,46.1683],[24.1922,46.1612]]],[[[24.1502,46.1746],[24.1738,46.1715],[24.1543,46.1616],[24.1759,46.1684],[24.1741,46.1595],[24.1394,46.1507],[24.1259,46.17],[24.1502,46.1746]],[[24.148,46.1713],[24.1512,46.1587],[24.1528,46.1699],[24.148,46.1713]]],[[[24.3524,46.1744],[24.3381,46.1783],[24.3227,46.1847],[24.3524,46.1744]]],[[[24.3684,46.1795],[24.3493,46.1794],[24.3712,46.1861],[24.3684,46.1795]]],[[[24.3096,46.1854],[24.3003,46.1913],[24.3112,46.1858],[24.3096,46.1854]]],[[[24.1842,46.1982],[24.1719,46.2036],[24.1762,46.2077],[24.1842,46.1982]]],[[[24.155,46.2108],[24.1622,46.1986],[24.1479,46.1965],[24.155,46.2108]]],[[[24.3359,46.2083],[24.3341,46.216],[24.3407,46.2074],[24.3359,46.2083]]],[[[24.3562,46.215],[24.3677,46.2132],[24.359,46.2088],[24.3562,46.215]]],[[[24.1541,46.2127],[24.1429,46.2153],[24.1557,46.2158],[24.1541,46.2127]]],[[[24.1654,46.217],[24.1616,46.22],[24.168,46.2179],[24.1654,46.217]]],[[[24.6074,46.2317],[24.6044,46.2344],[24.6151,46.2423],[24.6074,46.2317]]],[[[24.6342,46.2368],[24.6447,46.2376],[24.6404,46.2352],[24.6342,46.2368]]],[[[24.1587,46.251],[24.1418,46.2466],[24.1382,46.2514],[24.1587,46.251]]],[[[24.3502,46.2739],[24.3411,46.2622],[24.34,46.2746],[24.3502,46.2739]]],[[[24.2263,46.282],[24.2354,46.2672],[24.2228,46.2817],[24.2263,46.282]]],[[[24.3798,46.2941],[24.3962,46.2729],[24.4126,46.2646],[24.3914,46.2681],[24.3798,46.2941]]],[[[24.2489,46.2836],[24.2546,46.2882],[24.2656,46.2883],[24.2489,46.2836]]],[[[24.1841,46.2912],[24.163,46.2901],[24.1889,46.2964],[24.1841,46.2912]]],[[[24.2593,46.3012],[24.2715,46.2976],[24.2721,46.294],[24.2593,46.3012]]],[[[24.3704,46.3011],[24.3606,46.2999],[24.3749,46.3063],[24.3704,46.3011]]],[[[24.4588,46.306],[24.4535,46.3088],[24.459,46.3096],[24.4588,46.306]]],[[[24.3694,46.3119],[24.3469,46.3029],[24.3708,46.3137],[24.3694,46.3119]]],[[[24.3305,46.3161],[24.3436,46.3086],[24.3211,46.3174],[24.3305,46.3161]]],[[[24.227,46.3163],[24.2214,46.3154],[24.2103,46.3182],[24.227,46.3163]]],[[[24.6301,46.3092],[24.6302,46.3433],[24.6414,46.3024],[24.6301,46.3092]]],[[[24.3678,46.3349],[24.3764,46.3101],[24.3646,46.3359],[24.3678,46.3349]]],[[[24.289,46.3514],[24.2862,46.3451],[24.2717,46.3439],[24.289,46.3514]]],[[[24.4523,46.336],[24.4428,46.3489],[24.4366,46.3523],[24.4468,46.3505],[24.4523,46.336]]],[[[24.4913,46.3434],[24.4821,46.3439],[24.48,46.3466],[24.4913,46.3434]]],[[[24.2423,46.3589],[24.2263,46.3523],[24.2137,46.3561],[24.2423,46.3589]]],[[[24.4085,46.3854],[24.4319,46.3777],[24.399,46.3761],[24.4085,46.3854]]],[[[24.2357,46.3852],[24.2532,46.3834],[24.2405,46.3824],[24.2357,46.3852]]],[[[24.392,46.4179],[24.3859,46.4184],[24.3795,46.4187],[24.384,46.422],[24.392,46.4179]]],[[[24.6159,46.4551],[24.5924,46.4421],[24.6087,46.4547],[24.6159,46.4551]]],[[[24.2948,46.4631],[24.2916,46.4702],[24.2977,46.4678],[24.2948,46.4631]]],[[[24.3275,46.4759],[24.3138,46.4745],[24.3111,46.4761],[24.3275,46.4759]]],[[[24.6343,46.5265],[24.6074,46.5223],[24.6137,46.5303],[24.6299,46.5295],[24.6343,46.5265]]],[[[24.4149,46.6011],[24.4162,46.5953],[24.4051,46.5969],[24.4149,46.6011]]],[[[24.297,46.6209],[24.2833,46.6282],[24.2896,46.6286],[24.297,46.6245],[24.297,46.6209]]],[[[24.1859,46.6314],[24.1795,46.6311],[24.1783,46.6388],[24.1859,46.6314]]],[[[24.5562,46.6374],[24.5512,46.6331],[24.5458,46.6394],[24.5562,46.6374]]],[[[24.4419,46.6483],[24.4251,46.6492],[24.4498,46.648],[24.4419,46.6483]]],[[[24.6761,46.7635],[24.6483,46.7435],[24.6463,46.7604],[24.6761,46.7635]]],[[[24.4861,46.769],[24.5006,46.7635],[24.5112,46.761],[24.4982,46.7608],[24.4861,46.769]]],[[[24.6462,46.7863],[24.6558,46.767],[24.6448,46.7629],[24.6462,46.7863]]],[[[24.3105,46.9113],[24.3411,46.9024],[24.3328,46.8979],[24.3105,46.9113]]],[[[24.3772,46.9683],[24.3661,46.9718],[24.3624,46.9784],[24.3772,46.9683]]],[[[24.3701,46.9813],[24.3735,46.9732],[24.3641,46.9825],[24.3701,46.9813]]],[[[24.352,46.9899],[24.3604,46.9776],[24.3445,46.9807],[24.352,46.9899]]],[[[24.5224,46.9869],[24.5132,46.9854],[24.5149,46.9936],[24.5224,46.9869]]],[[[24.3262,47.0009],[24.3376,47.0009],[24.3398,46.9969],[24.3262,47.0009]]],[[[24.3854,47.0916],[24.3943,47.0754],[24.3785,47.0895],[24.3854,47.0916]]],[[[24.4371,47.0979],[24.4312,47.0881],[24.4266,47.0895],[24.4371,47.0979]]],[[[24.401,47.1937],[24.3983,47.2022],[24.4089,47.194],[24.401,47.1937]]],[[[24.454,47.2393],[24.4492,47.2332],[24.4338,47.2344],[24.454,47.2393]]],[[[25.2711,42.6872],[25.2764,42.7023],[25.2801,42.6995],[25.2711,42.6872]]],[[[25.3049,42.6988],[25.3075,42.7126],[25.3091,42.7005],[25.3049,42.6988]]],[[[24.7752,42.9846],[24.7727,42.9777],[24.7677,42.9823],[24.7752,42.9846]]],[[[24.984,42.9802],[24.9857,42.9881],[24.9933,42.9797],[24.984,42.9802]]],[[[25.2395,43.1137],[25.2592,43.1158],[25.2595,43.1134],[25.2395,43.1137]]],[[[25.2061,43.1255],[25.1828,43.1253],[25.1813,43.1276],[25.2061,43.1255]]],[[[24.8798,43.1322],[24.8671,43.1236],[24.8651,43.1279],[24.8798,43.1322]]],[[[24.9842,43.1211],[24.9603,43.1318],[24.9598,43.1331],[24.9696,43.1343],[24.9842,43.1211]]],[[[25.1065,43.1313],[25.0922,43.1306],[25.0974,43.1338],[25.1065,43.1313]]],[[[25.1756,43.1327],[25.183,43.1318],[25.1777,43.1296],[25.1756,43.1327]]],[[[25.1067,43.139],[25.0965,43.1416],[25.1115,43.1402],[25.1067,43.139]]],[[[24.7888,43.1582],[24.7827,43.15],[24.78,43.153],[24.7888,43.1582]]],[[[25.1665,43.1526],[25.1708,43.1633],[25.1754,43.1575],[25.1665,43.1526]]],[[[25.109,43.1624],[25.0882,43.1688],[25.1116,43.1658],[25.109,43.1624]]],[[[25.3127,43.1746],[25.327,43.1786],[25.3348,43.1757],[25.3127,43.1746]]],[[[25.1995,43.1899],[25.1911,43.1781],[25.1808,43.1799],[25.1995,43.1899]]],[[[25.1089,43.1882],[25.0934,43.1813],[25.087,43.1856],[25.1089,43.1882]]],[[[25.2093,43.1948],[25.2189,43.1924],[25.2152,43.1908],[25.2093,43.1948]]],[[[25.2417,43.2009],[25.244,43.1952],[25.2384,43.197],[25.2417,43.2009]]],[[[25.207,43.1959],[25.2132,43.2035],[25.2172,43.2015],[25.207,43.1959]]],[[[24.8847,43.219],[24.8761,43.2196],[24.8763,43.2205],[24.8847,43.219]]],[[[25.1033,43.2219],[25.0732,43.2196],[25.0781,43.2219],[25.1033,43.2219]]],[[[25.2316,43.2211],[25.2213,43.2194],[25.2212,43.224],[25.2316,43.2211]]],[[[25.2422,43.2203],[25.2502,43.2235],[25.2506,43.2216],[25.2422,43.2203]]],[[[24.8282,43.2249],[24.8377,43.2278],[24.8382,43.2252],[24.8282,43.2249]]],[[[25.2417,43.2289],[25.2289,43.2356],[25.2431,43.2324],[25.2417,43.2289]]],[[[25.2129,43.23],[25.2069,43.2362],[25.2238,43.2324],[25.2129,43.23]]],[[[24.8296,43.2438],[24.8423,43.248],[24.8413,43.2446],[24.8296,43.2438]]],[[[25.0573,43.2492],[25.0464,43.2553],[25.0594,43.2527],[25.0573,43.2492]]],[[[25.3243,43.257],[25.3362,43.2597],[25.3331,43.253],[25.3243,43.257]]],[[[24.8379,43.2678],[24.8274,43.2714],[24.8396,43.27],[24.8379,43.2678]]],[[[25.0629,43.2877],[25.0673,43.2941],[25.0703,43.2882],[25.0629,43.2877]]],[[[25.2383,43.2925],[25.2336,43.2975],[25.2393,43.3013],[25.2383,43.2925]]],[[[25.0288,43.3207],[25.0377,43.3191],[25.0345,43.3172],[25.0288,43.3207]]],[[[24.7175,43.3209],[24.7434,43.3245],[24.7432,43.3206],[24.7175,43.3209]]],[[[24.7062,43.3232],[24.6947,43.3334],[24.7105,43.334],[24.7062,43.3232]]],[[[25.3157,43.3328],[25.3234,43.3386],[25.3274,43.3364],[25.3157,43.3328]]],[[[25.28,43.3609],[25.276,43.3469],[25.2764,43.3608],[25.28,43.3609]]],[[[24.847,43.3587],[24.8521,43.3501],[24.8469,43.3506],[24.847,43.3587]]],[[[24.7197,43.3748],[24.7233,43.3711],[24.7185,43.3716],[24.7197,43.3748]]],[[[25.2803,43.3757],[25.2973,43.3736],[25.2781,43.3714],[25.2803,43.3757]]],[[[24.7616,43.3809],[24.7549,43.3885],[24.7641,43.3841],[24.7616,43.3809]]],[[[25.3129,43.4168],[25.2915,43.4273],[25.3137,43.4223],[25.3129,43.4168]]],[[[24.7658,43.4499],[24.7596,43.444],[24.7596,43.4495],[24.7658,43.4499]]],[[[24.7224,43.4645],[24.721,43.4498],[24.7196,43.4431],[24.715,43.4622],[24.7224,43.4645]]],[[[24.8783,43.4844],[24.8688,43.4892],[24.8964,43.4868],[24.8783,43.4844]]],[[[25.3462,43.5013],[25.3134,43.4933],[25.313,43.4962],[25.3462,43.5013]]],[[[25.1438,43.5167],[25.1306,43.4879],[25.1015,43.4923],[25.1438,43.5167]]],[[[25.0896,43.5051],[25.0783,43.4921],[25.0468,43.4948],[25.0475,43.5128],[25.0896,43.5051]]],[[[24.7573,43.5135],[24.7544,43.5167],[24.7606,43.5144],[24.7573,43.5135]]],[[[24.7747,43.5181],[24.7653,43.5281],[24.7545,43.5299],[24.7681,43.5291],[24.7747,43.5181]]],[[[25.0912,43.5324],[25.0887,43.5372],[25.1029,43.5313],[25.0912,43.5324]]],[[[24.7337,43.5392],[24.717,43.53],[24.7199,43.5401],[24.7337,43.5392]]],[[[25.3268,43.5775],[25.3107,43.5649],[25.3029,43.5767],[25.3268,43.5775]]],[[[25.0239,43.5982],[25.0465,43.6062],[25.055,43.6059],[25.0239,43.5982]]],[[[25.0278,43.6231],[24.9714,43.6047],[24.9928,43.5892],[24.9688,43.5963],[24.9681,43.6068],[24.9793,43.6104],[24.9759,43.6143],[25.0278,43.6231]]],[[[24.7677,43.6144],[24.7642,43.6266],[24.7727,43.6297],[24.7677,43.6144]]],[[[25.0773,43.628],[25.0826,43.6216],[25.0755,43.624],[25.0773,43.628]]],[[[25.0327,43.6236],[25.0452,43.6251],[25.0521,43.6263],[25.0491,43.6233],[25.0327,43.6236]]],[[[25.1333,43.6301],[25.1254,43.6352],[25.1345,43.6333],[25.1333,43.6301]]],[[[24.9047,43.6624],[24.881,43.6694],[24.8854,43.6733],[24.9047,43.6624]]],[[[24.9313,43.6642],[24.9153,43.6681],[24.9156,43.6704],[24.9313,43.6642]]],[[[24.7912,43.6761],[24.7808,43.6809],[24.7923,43.6792],[24.7912,43.6761]]],[[[25.2852,43.7322],[25.3366,43.6945],[25.2831,43.7258],[25.2852,43.7322]]],[[[24.79,43.7223],[24.7815,43.7164],[24.7768,43.7183],[24.79,43.7223]]],[[[25.2698,43.7246],[25.2569,43.732],[25.273,43.7283],[25.2698,43.7246]]],[[[25.276,43.7346],[25.2638,43.7382],[25.256,43.739],[25.2616,43.7429],[25.276,43.7346]]],[[[25.258,43.7443],[25.2394,43.7446],[25.2356,43.7462],[25.258,43.7443]]],[[[25.0154,43.7621],[25.0123,43.7658],[25.0198,43.7658],[25.0154,43.7621]]],[[[25.0238,43.7718],[25.0091,43.7706],[25.0002,43.7784],[25.0238,43.7718]]],[[[25.1857,43.7721],[25.1801,43.7794],[25.1906,43.7781],[25.1857,43.7721]]],[[[25.1284,43.7965],[25.1249,43.8014],[25.1338,43.7996],[25.1284,43.7965]]],[[[25.1855,43.8072],[25.1608,43.824],[25.1917,43.8251],[25.1855,43.8072]]],[[[25.0254,43.8396],[25.0493,43.8449],[25.0502,43.8404],[25.0254,43.8396]]],[[[24.7871,43.836],[24.7824,43.8534],[24.7995,43.8456],[24.7871,43.836]]],[[[25.0548,43.8534],[25.0558,43.8476],[25.0465,43.8528],[25.0548,43.8534]]],[[[24.7439,43.855],[24.7372,43.855],[24.7384,43.8601],[24.7439,43.855]]],[[[24.7623,43.8612],[24.7467,43.8555],[24.7365,43.8651],[24.7623,43.8612]]],[[[25.1549,43.8585],[25.1482,43.8651],[25.1519,43.8651],[25.1549,43.8585]]],[[[25.15,43.8864],[25.1301,43.896],[25.15,43.9056],[25.15,43.8864]]],[[[25.0835,43.9156],[25.0926,43.9176],[25.0946,43.9154],[25.0835,43.9156]]],[[[25.1178,43.9127],[25.1109,43.9187],[25.1055,43.9226],[25.111,43.9209],[25.1178,43.9127]]],[[[24.7012,43.9175],[24.711,43.9262],[24.7157,43.9108],[24.7012,43.9175]]],[[[25.0596,43.9318],[25.0609,43.9414],[25.0718,43.9293],[25.0596,43.9318]]],[[[25.3443,43.9395],[25.3251,43.9348],[25.2925,43.9607],[25.3155,43.9686],[25.3443,43.9395]]],[[[25.054,43.9634],[25.0779,43.94],[25.0607,43.9449],[25.054,43.9634]]],[[[25.0492,43.962],[25.0467,43.9551],[25.0403,43.9586],[25.0492,43.962]]],[[[25.3023,43.9838],[25.2767,43.9815],[25.2614,43.9723],[25.2698,43.9841],[25.3023,43.9838]]],[[[25.2196,44.0025],[25.2147,43.9775],[25.2072,43.9818],[25.2196,44.0025]]],[[[25.3374,43.9883],[25.3166,43.9945],[25.3407,43.9902],[25.3374,43.9883]]],[[[25.008,44.0096],[25.0231,44.0066],[25.0291,43.9997],[25.008,44.0096]]],[[[25.1168,44.0334],[25.0853,44.0328],[25.1172,44.0472],[25.1168,44.0334]]],[[[25.0637,44.0664],[25.0798,44.0396],[25.0479,44.057],[25.0637,44.0664]]],[[[25.2571,44.0493],[25.2379,44.0528],[25.2372,44.063],[25.2571,44.0493]]],[[[25.13,44.0605],[25.1243,44.0669],[25.1226,44.0705],[25.1285,44.0676],[25.13,44.0605]]],[[[25.0138,44.0856],[24.9998,44.0848],[25.0062,44.0943],[25.0138,44.0856]]],[[[25.3518,44.0925],[25.3458,44.0894],[25.3403,44.0903],[25.3518,44.0925]]],[[[25.3241,44.0951],[25.3179,44.0854],[25.3183,44.0953],[25.3241,44.0951]]],[[[25.1099,44.0849],[25.0984,44.0968],[25.1066,44.0946],[25.1095,44.0913],[25.1099,44.0849]]],[[[25.2305,44.104],[25.2326,44.0901],[25.2232,44.103],[25.2305,44.104]]],[[[25.1854,44.1025],[25.1886,44.0951],[25.1821,44.1009],[25.1854,44.1025]]],[[[25.2015,44.1001],[25.1903,44.1052],[25.1954,44.107],[25.2015,44.1001]]],[[[25.1772,44.1184],[25.1721,44.1099],[25.1678,44.1153],[25.1772,44.1184]]],[[[25.3044,44.1204],[25.3094,44.1267],[25.3133,44.1218],[25.3044,44.1204]]],[[[25.0524,44.135],[25.0417,44.1179],[25.0394,44.1318],[25.0524,44.135]]],[[[25.3459,44.1191],[25.3328,44.1263],[25.3222,44.1513],[25.3459,44.1191]]],[[[25.2254,44.1249],[25.2192,44.1353],[25.2252,44.1396],[25.2254,44.1249]]],[[[25.1491,44.1479],[25.1823,44.1294],[25.1733,44.1256],[25.1491,44.1479]]],[[[25.14,44.1546],[25.1326,44.1661],[25.1436,44.157],[25.14,44.1546]]],[[[25.1002,44.1751],[25.1017,44.1682],[25.0964,44.1706],[25.1002,44.1751]]],[[[25.3119,44.1751],[25.2984,44.1876],[25.3032,44.1884],[25.3119,44.1751]]],[[[25.2947,44.1869],[25.2809,44.183],[25.2935,44.1887],[25.2947,44.1869]]],[[[25.1059,44.1946],[25.1059,44.1872],[25.102,44.1883],[25.1059,44.1946]]],[[[25.2009,44.2041],[25.1869,44.195],[25.1795,44.2012],[25.2009,44.2041]]],[[[25.2633,44.198],[25.2587,44.2059],[25.2647,44.1998],[25.2633,44.198]]],[[[25.2641,44.2149],[25.2677,44.1972],[25.2588,44.215],[25.2641,44.2149]]],[[[24.9761,44.2197],[24.9871,44.2157],[24.9825,44.2149],[24.9761,44.2197]]],[[[25.2584,44.2209],[25.253,44.2483],[25.2631,44.2518],[25.2716,44.2294],[25.2584,44.2209]]],[[[24.776,44.2516],[24.7853,44.2569],[24.7855,44.2452],[24.776,44.2516]]],[[[25.2833,44.2837],[25.2898,44.2731],[25.2776,44.2789],[25.2833,44.2837]]],[[[25.2981,44.2883],[25.2926,44.2925],[25.3017,44.2945],[25.2981,44.2883]]],[[[25.0959,44.4278],[25.0823,44.4471],[25.0906,44.4415],[25.0959,44.4278]]],[[[24.968,44.5609],[24.9622,44.5664],[24.9585,44.5709],[24.9601,44.5714],[24.968,44.5609]]],[[[24.8821,44.6282],[24.8666,44.6284],[24.8642,44.6393],[24.8771,44.637],[24.8821,44.6282]]],[[[25.0646,44.6352],[25.0635,44.642],[25.0679,44.6399],[25.0646,44.6352]]],[[[24.8928,44.6457],[24.8971,44.6524],[24.8936,44.6515],[24.8913,44.6558],[24.898,44.6524],[24.8928,44.6457]]],[[[24.8655,44.6593],[24.8704,44.6512],[24.8666,44.6482],[24.8655,44.6593]]],[[[24.7168,44.6698],[24.7235,44.6713],[24.7229,44.6664],[24.7168,44.6698]]],[[[25.2317,44.7753],[25.2187,44.7745],[25.2079,44.7782],[25.2317,44.7753]]],[[[25.2705,44.795],[25.2553,44.7687],[25.2767,44.7665],[25.2691,44.7624],[25.2532,44.7675],[25.2493,44.7742],[25.2705,44.795]]],[[[25.1556,44.7948],[25.1876,44.783],[25.16,44.7861],[25.1556,44.7948]]],[[[25.1317,44.7948],[25.1419,44.7897],[25.1299,44.7912],[25.1317,44.7948]]],[[[25.1228,44.8158],[25.1216,44.8041],[25.1064,44.8139],[25.1228,44.8158]]],[[[25.0643,44.833],[25.0701,44.817],[25.0519,44.8269],[25.0643,44.833]]],[[[25.0164,44.824],[25.0063,44.8342],[25.0205,44.8277],[25.0164,44.824]]],[[[25.0253,44.8447],[25.0356,44.8286],[25.0075,44.8389],[25.0253,44.8447]]],[[[25.0478,44.8311],[25.048,44.8469],[25.0494,44.8474],[25.0478,44.8311]]],[[[25.071,44.8412],[25.0667,44.8358],[25.0652,44.8471],[25.071,44.8412]]],[[[24.9589,44.8533],[24.9388,44.849],[24.9504,44.8561],[24.9589,44.8533]]],[[[25.0701,44.8513],[25.0806,44.8569],[25.081,44.8524],[25.0701,44.8513]]],[[[24.988,44.8544],[24.9672,44.8599],[24.9466,44.8611],[24.9574,44.8625],[24.9854,44.8588],[24.988,44.8544]]],[[[24.9244,44.8687],[24.9133,44.875],[24.9271,44.8739],[24.9244,44.8687]]],[[[24.9209,44.8783],[24.9037,44.8799],[24.9228,44.8801],[24.9209,44.8783]]],[[[24.9725,44.8844],[24.9669,44.8847],[24.9608,44.8848],[24.9664,44.8891],[24.9725,44.8844]]],[[[25.0985,44.872],[25.0966,44.8881],[25.1134,44.9054],[25.1103,44.885],[25.1061,44.8837],[25.1067,44.8787],[25.0985,44.872]]],[[[25.161,44.9093],[25.1641,44.8968],[25.1579,44.907],[25.161,44.9093]]],[[[24.9163,44.9323],[24.9065,44.9107],[24.8995,44.9124],[24.9163,44.9323]]],[[[25.0177,45.1049],[25.0109,45.1127],[25.0182,45.1113],[25.0177,45.1049]]],[[[24.8006,45.6997],[24.7955,45.7133],[24.8052,45.7109],[24.8006,45.6997]]],[[[24.7129,46.0523],[24.6971,46.0592],[24.6939,46.0634],[24.7112,46.056],[24.7129,46.0523]]],[[[24.9027,46.486],[24.8955,46.4791],[24.8776,46.4835],[24.8942,46.4915],[24.9027,46.486]]],[[[24.7799,46.5093],[24.7957,46.5049],[24.7857,46.5033],[24.7799,46.5093]]],[[[24.9039,46.5182],[24.8897,46.5129],[24.887,46.5143],[24.9039,46.5182]]],[[[24.7154,46.5196],[24.7209,46.52],[24.7278,46.5117],[24.7154,46.5196]]],[[[24.8283,46.5668],[24.8035,46.565],[24.8223,46.5696],[24.8283,46.5668]]],[[[24.9201,46.5758],[24.9124,46.5642],[24.9056,46.5649],[24.904,46.5663],[24.9201,46.5758]]],[[[25.0864,46.592],[25.0673,46.587],[25.0874,46.5962],[25.0864,46.592]]],[[[24.7328,46.5986],[24.7156,46.5986],[24.713,46.6009],[24.7238,46.6035],[24.7328,46.5986]]],[[[24.8638,46.6019],[24.8578,46.6038],[24.8677,46.6041],[24.8638,46.6019]]],[[[24.7919,46.6163],[24.7767,46.6274],[24.7695,46.632],[24.7786,46.629],[24.7919,46.6163]]],[[[24.7771,46.6605],[24.786,46.6664],[24.7883,46.6611],[24.7771,46.6605]]],[[[24.7477,46.7932],[24.8107,46.7919],[24.8055,46.7857],[24.7477,46.7932]]],[[[25.613,42.962],[25.6122,42.9682],[25.6194,42.9699],[25.613,42.962]]],[[[25.7789,43.0363],[25.7669,43.0315],[25.7448,43.0422],[25.7789,43.0363]]],[[[25.5007,43.0478],[25.4981,43.0422],[25.4944,43.0462],[25.5007,43.0478]]],[[[25.7954,43.0553],[25.8018,43.0503],[25.7982,43.0494],[25.7954,43.0553]]],[[[25.7719,43.0668],[25.75,43.0675],[25.7487,43.07],[25.7587,43.076],[25.7719,43.0668]]],[[[25.5431,43.0929],[25.5354,43.0882],[25.5347,43.0954],[25.5431,43.0929]]],[[[25.3907,43.0978],[25.3696,43.0909],[25.3808,43.0984],[25.3907,43.0978]]],[[[25.7584,43.0982],[25.7481,43.0918],[25.7471,43.0946],[25.7584,43.0982]]],[[[25.7248,43.0983],[25.732,43.092],[25.7251,43.0912],[25.7248,43.0983]]],[[[25.6795,43.1106],[25.665,43.1128],[25.6819,43.114],[25.6795,43.1106]]],[[[25.6987,43.1096],[25.6964,43.1171],[25.7006,43.1141],[25.6987,43.1096]]],[[[25.7708,43.1178],[25.7789,43.1258],[25.7814,43.1234],[25.7708,43.1178]]],[[[25.726,43.1217],[25.7312,43.1311],[25.7282,43.1206],[25.726,43.1217]]],[[[25.909,43.1261],[25.9209,43.1328],[25.9195,43.1241],[25.909,43.1261]]],[[[25.8342,43.1248],[25.839,43.1359],[25.8433,43.134],[25.8342,43.1248]]],[[[25.8867,43.1379],[25.8788,43.1423],[25.8835,43.1438],[25.8867,43.1379]]],[[[25.9845,43.149],[25.9712,43.1429],[25.9824,43.1512],[25.9845,43.149]]],[[[25.957,43.1512],[25.9495,43.1454],[25.9504,43.1509],[25.957,43.1512]]],[[[25.6457,43.1576],[25.6378,43.165],[25.65,43.1613],[25.6457,43.1576]]],[[[25.5327,43.1794],[25.5482,43.1776],[25.5309,43.1767],[25.5327,43.1794]]],[[[25.9613,43.2029],[25.9725,43.2013],[25.9603,43.2013],[25.9613,43.2029]]],[[[25.8274,43.2123],[25.8197,43.2097],[25.823,43.2143],[25.8274,43.2123]]],[[[25.5027,43.2339],[25.4837,43.2319],[25.4833,43.2337],[25.5027,43.2339]]],[[[25.4561,43.2347],[25.4373,43.2377],[25.471,43.2349],[25.4561,43.2347]]],[[[25.4337,43.2498],[25.4432,43.2469],[25.4343,43.2467],[25.4337,43.2498]]],[[[25.3593,43.2479],[25.3638,43.2528],[25.364,43.2471],[25.3593,43.2479]]],[[[25.3543,43.2702],[25.3599,43.2757],[25.3603,43.2706],[25.3543,43.2702]]],[[[25.6288,43.292],[25.6345,43.3064],[25.635,43.314],[25.6381,43.3047],[25.6288,43.292]]],[[[25.4779,43.2976],[25.4777,43.3137],[25.4831,43.3132],[25.4779,43.2976]]],[[[25.7842,43.3232],[25.7874,43.3262],[25.7878,43.3251],[25.7842,43.3232]]],[[[25.8284,43.3283],[25.8178,43.3291],[25.8284,43.3302],[25.8284,43.3283]]],[[[25.8281,43.3222],[25.8432,43.3435],[25.8365,43.3224],[25.8281,43.3222]]],[[[25.9699,43.3486],[25.9663,43.3548],[25.9704,43.3557],[25.9699,43.3486]]],[[[25.6189,43.4002],[25.6164,43.3877],[25.5927,43.3979],[25.6189,43.4002]]],[[[25.4784,43.3903],[25.4691,43.403],[25.4722,43.404],[25.4784,43.3903]]],[[[25.6061,43.4037],[25.5828,43.4064],[25.5806,43.4094],[25.6061,43.4037]]],[[[25.9619,43.4281],[25.9534,43.4255],[25.9636,43.4333],[25.9619,43.4281]]],[[[25.8243,43.4357],[25.8138,43.4313],[25.8128,43.4379],[25.8243,43.4357]]],[[[25.7757,43.445],[25.7642,43.4448],[25.7631,43.4458],[25.7757,43.445]]],[[[25.4375,43.4529],[25.4297,43.4554],[25.4468,43.4551],[25.4375,43.4529]]],[[[25.5956,43.4527],[25.5921,43.4609],[25.602,43.4615],[25.5956,43.4527]]],[[[25.4995,43.4622],[25.5068,43.4567],[25.4991,43.4565],[25.4995,43.4622]]],[[[25.6921,43.4641],[25.7058,43.4614],[25.7017,43.4588],[25.6921,43.4641]]],[[[25.8252,43.4622],[25.8138,43.4639],[25.8272,43.4641],[25.8252,43.4622]]],[[[25.6501,43.4861],[25.6356,43.4803],[25.6354,43.4854],[25.6501,43.4861]]],[[[25.8305,43.4861],[25.815,43.4862],[25.8318,43.4875],[25.8305,43.4861]]],[[[25.8182,43.4933],[25.8241,43.4899],[25.8163,43.4911],[25.8182,43.4933]]],[[[25.5139,43.5337],[25.5286,43.5355],[25.5193,43.5301],[25.5139,43.5337]]],[[[25.3585,43.5413],[25.3739,43.5411],[25.3735,43.5385],[25.3585,43.5413]]],[[[25.4287,43.5631],[25.436,43.5487],[25.4243,43.5475],[25.4287,43.5631]]],[[[25.8939,43.5616],[25.8981,43.5738],[25.9017,43.571],[25.8939,43.5616]]],[[[25.4137,43.5751],[25.4248,43.5736],[25.4142,43.5727],[25.4137,43.5751]]],[[[25.4505,43.6088],[25.4561,43.6008],[25.4454,43.6041],[25.4505,43.6088]]],[[[25.6591,43.649],[25.6612,43.6564],[25.6611,43.6488],[25.6591,43.649]]],[[[25.4223,43.6695],[25.3998,43.6586],[25.3978,43.6628],[25.4223,43.6695]]],[[[25.4742,43.6759],[25.4552,43.6706],[25.4524,43.675],[25.4742,43.6759]]],[[[25.3603,43.6775],[25.3676,43.684],[25.3617,43.6745],[25.3603,43.6775]]],[[[25.8154,43.6968],[25.805,43.6939],[25.8084,43.7017],[25.8154,43.6968]]],[[[25.8552,43.7008],[25.8538,43.6994],[25.8479,43.7007],[25.8552,43.7008]]],[[[25.3891,43.7178],[25.3857,43.6953],[25.369,43.6908],[25.3739,43.7121],[25.3891,43.7178]]],[[[25.8265,43.702],[25.8129,43.7085],[25.8175,43.7106],[25.8199,43.7098],[25.8265,43.702]]],[[[25.6136,43.7033],[25.5955,43.7071],[25.6144,43.7134],[25.6136,43.7033]]],[[[25.8967,43.7224],[25.8998,43.717],[25.8949,43.7217],[25.8967,43.7224]]],[[[25.6476,43.731],[25.6529,43.7224],[25.6495,43.7222],[25.6476,43.731]]],[[[25.5406,43.7405],[25.5379,43.7277],[25.5303,43.736],[25.5406,43.7405]]],[[[25.6995,43.7497],[25.7137,43.7286],[25.6638,43.724],[25.6995,43.7497]]],[[[25.8707,43.7399],[25.8906,43.7324],[25.8946,43.7289],[25.8707,43.7399]]],[[[25.7752,43.7687],[25.7613,43.7686],[25.7754,43.7717],[25.7752,43.7687]]],[[[25.5283,43.7516],[25.5008,43.779],[25.4991,43.799],[25.5386,43.8017],[25.5162,43.7937],[25.5471,43.7662],[25.5283,43.7516]]],[[[25.441,43.78],[25.4529,43.7805],[25.4398,43.7755],[25.441,43.78]]],[[[25.9262,43.7804],[25.9136,43.7843],[25.9285,43.7823],[25.9262,43.7804]]],[[[25.7939,43.7917],[25.7777,43.7762],[25.7654,43.7867],[25.7939,43.7917]]],[[[25.449,43.7875],[25.4359,43.7927],[25.4543,43.7956],[25.449,43.7875]]],[[[25.9853,43.7961],[25.9657,43.7985],[25.9535,43.7998],[25.9788,43.8022],[25.9853,43.7961]]],[[[25.8282,43.822],[25.812,43.8219],[25.8054,43.8009],[25.7979,43.8224],[25.8282,43.822]]],[[[25.3813,43.8317],[25.3837,43.8189],[25.3742,43.8219],[25.3813,43.8317]]],[[[25.4394,43.8279],[25.4352,43.8226],[25.4324,43.8264],[25.4394,43.8279]]],[[[25.5137,43.8295],[25.4911,43.8316],[25.5138,43.8375],[25.5137,43.8295]]],[[[25.483,43.8369],[25.4673,43.8391],[25.4895,43.8368],[25.483,43.8369]]],[[[25.4058,43.8381],[25.3792,43.8344],[25.377,43.8368],[25.4058,43.8381]]],[[[25.4281,43.847],[25.419,43.8371],[25.4152,43.847],[25.4281,43.847]]],[[[25.4658,43.8446],[25.4557,43.8495],[25.4665,43.8496],[25.4658,43.8446]]],[[[25.9194,43.8512],[25.8939,43.8589],[25.9288,43.8672],[25.9194,43.8512]]],[[[25.3816,43.8639],[25.4,43.8599],[25.3924,43.855],[25.3816,43.8639]]],[[[25.7127,43.8609],[25.7173,43.8699],[25.7207,43.8624],[25.7127,43.8609]]],[[[25.6547,43.8691],[25.6546,43.8785],[25.6597,43.878],[25.6547,43.8691]]],[[[25.6744,43.8813],[25.6667,43.8867],[25.6835,43.8849],[25.6744,43.8813]]],[[[25.6372,43.8947],[25.6523,43.8781],[25.6445,43.8794],[25.6372,43.8947]]],[[[25.7837,43.8956],[25.7996,43.8814],[25.808,43.8835],[25.8007,43.878],[25.7837,43.8956]]],[[[25.3581,43.9046],[25.3574,43.8833],[25.3334,43.8995],[25.3581,43.9046]]],[[[25.8143,43.8967],[25.8032,43.8997],[25.7923,43.9079],[25.8143,43.8967]]],[[[25.4647,43.9464],[25.4992,43.8839],[25.4723,43.861],[25.4502,43.8623],[25.468,43.8697],[25.4647,43.9464]]],[[[25.4435,43.9006],[25.4351,43.9088],[25.4469,43.9084],[25.4435,43.9006]]],[[[25.8343,43.9096],[25.8361,43.9021],[25.8238,43.8985],[25.8343,43.9096]]],[[[25.9498,43.9119],[25.9486,43.9035],[25.9421,43.9076],[25.9498,43.9119]]],[[[25.7672,43.9085],[25.7473,43.9144],[25.7306,43.9173],[25.752,43.9221],[25.7672,43.9085]]],[[[25.8543,43.9169],[25.8312,43.9318],[25.8308,43.9136],[25.8192,43.9121],[25.8148,43.9243],[25.8357,43.9352],[25.8543,43.9169]]],[[[25.8744,43.9212],[25.8745,43.9298],[25.8849,43.9237],[25.8744,43.9212]]],[[[25.879,43.9496],[25.8655,43.9562],[25.892,43.9555],[25.879,43.9496]]],[[[25.8933,43.9576],[25.8771,43.9561],[25.8706,43.961],[25.886,43.9627],[25.8933,43.9576]]],[[[25.4705,43.9672],[25.4678,43.9646],[25.4591,43.965],[25.4705,43.9672]]],[[[25.6159,43.971],[25.6231,43.9695],[25.6427,43.9726],[25.6286,43.9613],[25.6159,43.971]]],[[[25.6417,43.9741],[25.6499,43.9812],[25.6569,43.9788],[25.6417,43.9741]]],[[[25.4574,43.9907],[25.4504,43.966],[25.438,43.97],[25.4574,43.9907]]],[[[25.9752,43.9804],[25.9601,43.9802],[25.9764,43.9842],[25.9752,43.9804]]],[[[25.438,43.9759],[25.4394,43.9877],[25.4437,43.9781],[25.438,43.9759]]],[[[25.6346,43.9881],[25.6379,43.9812],[25.6295,43.9821],[25.6346,43.9881]]],[[[25.4845,44.002],[25.4584,43.992],[25.4572,43.9952],[25.4845,44.002]]],[[[25.8103,43.997],[25.8233,44.0024],[25.8259,43.9977],[25.8103,43.997]]],[[[25.4389,43.9928],[25.4184,44.0114],[25.4253,44.0152],[25.4389,43.9928]]],[[[25.5803,44.0021],[25.5751,44.0138],[25.5851,44.0011],[25.5803,44.0021]]],[[[25.4061,44.0304],[25.3941,44.0253],[25.3967,44.0462],[25.4061,44.0304]]],[[[25.7588,44.053],[25.7643,44.0269],[25.7887,44.0164],[25.7627,44.0196],[25.7588,44.053]]],[[[25.7814,44.04],[25.7911,44.0486],[25.7929,44.0464],[25.7814,44.04]]],[[[25.4056,44.0527],[25.4161,44.0608],[25.4218,44.0546],[25.4056,44.0527]]],[[[25.7297,44.0848],[25.7161,44.067],[25.7096,44.0688],[25.7143,44.0841],[25.7297,44.0848]]],[[[25.8415,44.0765],[25.8341,44.0822],[25.8424,44.082],[25.8415,44.0765]]],[[[25.7229,44.0678],[25.7362,44.0928],[25.7523,44.0797],[25.7229,44.0678]]],[[[25.5842,44.1055],[25.5916,44.1097],[25.5936,44.107],[25.5842,44.1055]]],[[[25.498,44.1111],[25.507,44.1063],[25.4941,44.1079],[25.498,44.1111]]],[[[25.6082,44.1063],[25.5926,44.1098],[25.6105,44.1078],[25.6082,44.1063]]],[[[25.6736,44.1161],[25.6828,44.119],[25.6852,44.1136],[25.6736,44.1161]]],[[[25.5116,44.1136],[25.5044,44.1221],[25.5149,44.1164],[25.5116,44.1136]]],[[[25.6925,44.1254],[25.6894,44.1285],[25.7054,44.1303],[25.6925,44.1254]]],[[[25.9708,44.1331],[25.9832,44.1411],[25.9832,44.1398],[25.9708,44.1331]]],[[[25.9178,44.1518],[25.8995,44.128],[25.8895,44.1418],[25.9178,44.1518]]],[[[25.4909,44.1465],[25.4893,44.1357],[25.4809,44.1415],[25.4909,44.1465]]],[[[25.7535,44.1521],[25.743,44.1397],[25.7379,44.1501],[25.7535,44.1521]]],[[[25.3896,44.1512],[25.3698,44.1559],[25.3905,44.1546],[25.3896,44.1512]]],[[[25.4882,44.1477],[25.4857,44.1559],[25.492,44.157],[25.4882,44.1477]]],[[[25.3727,44.1656],[25.3613,44.1669],[25.3634,44.1728],[25.3727,44.1656]]],[[[25.8534,44.1807],[25.8627,44.1605],[25.8528,44.1595],[25.8534,44.1807]]],[[[25.8266,44.1754],[25.8162,44.1783],[25.8196,44.1798],[25.8266,44.1754]]],[[[25.8404,44.1823],[25.8393,44.1758],[25.8378,44.1764],[25.8404,44.1823]]],[[[25.7488,44.1997],[25.7722,44.1879],[25.7607,44.1714],[25.7488,44.1997]]],[[[25.392,44.1848],[25.3804,44.1976],[25.3814,44.1986],[25.3953,44.2011],[25.392,44.1848]]],[[[25.4939,44.2014],[25.4923,44.1905],[25.4855,44.1997],[25.4939,44.2014]]],[[[25.7901,44.204],[25.7811,44.2083],[25.7705,44.2047],[25.7784,44.2127],[25.7901,44.204]]],[[[25.3761,44.2159],[25.3643,44.2266],[25.3715,44.2268],[25.3761,44.2159]]],[[[25.7501,44.2316],[25.7507,44.2412],[25.759,44.2352],[25.7501,44.2316]]],[[[25.3597,44.2442],[25.368,44.2537],[25.3733,44.2462],[25.3597,44.2442]]],[[[25.8694,44.265],[25.8897,44.2478],[25.8528,44.2652],[25.8694,44.265]]],[[[25.8231,44.2742],[25.8148,44.2756],[25.816,44.279],[25.8231,44.2742]]],[[[25.8076,44.2741],[25.7944,44.2836],[25.8095,44.2795],[25.8076,44.2741]]],[[[25.8192,44.2946],[25.8096,44.2964],[25.8032,44.2988],[25.8192,44.2946]]],[[[25.4085,44.2931],[25.3921,44.2975],[25.3869,44.3037],[25.4085,44.2931]]],[[[25.9339,44.3098],[25.9273,44.2993],[25.918,44.3012],[25.9339,44.3098]]],[[[25.3776,44.3045],[25.3718,44.3185],[25.3865,44.3032],[25.3776,44.3045]]],[[[25.3834,44.3156],[25.3868,44.318],[25.3853,44.3166],[25.3834,44.3156]]],[[[25.7988,44.3465],[25.7894,44.3457],[25.7939,44.3534],[25.7988,44.3465]]],[[[25.6772,44.3722],[25.6582,44.3731],[25.6589,44.3833],[25.6772,44.3722]]],[[[25.7882,44.3963],[25.7814,44.4019],[25.7845,44.4029],[25.7882,44.3963]]],[[[25.7693,44.3967],[25.7786,44.4032],[25.7791,44.3983],[25.7693,44.3967]]],[[[25.7612,44.4003],[25.7637,44.4069],[25.7703,44.4041],[25.7612,44.4003]]],[[[25.7615,44.414],[25.7535,44.4083],[25.7501,44.4121],[25.7615,44.414]]],[[[25.7866,44.4231],[25.7801,44.4084],[25.771,44.4202],[25.7866,44.4231]]],[[[25.7702,44.4296],[25.7742,44.4222],[25.7591,44.4204],[25.7702,44.4296]]],[[[25.8364,44.7997],[25.8146,44.802],[25.8168,44.807],[25.8364,44.7997]]],[[[25.7885,44.8122],[25.7689,44.8145],[25.7707,44.8202],[25.7885,44.8122]]],[[[25.4178,44.8686],[25.395,44.8657],[25.4055,44.8746],[25.4178,44.8686]]],[[[25.6709,44.862],[25.6648,44.8733],[25.677,44.871],[25.6709,44.862]]],[[[25.4384,44.9754],[25.4471,44.9702],[25.4591,44.9637],[25.4573,44.9619],[25.4384,44.9754]]],[[[26.7353,42.7099],[26.7316,42.7071],[26.7274,42.7103],[26.7353,42.7099]]],[[[26.6884,42.7065],[26.6838,42.7143],[26.6909,42.7077],[26.6884,42.7065]]],[[[26.6693,42.7244],[26.6655,42.7009],[26.6544,42.7074],[26.6693,42.7244]]],[[[26.6917,42.711],[26.6877,42.7248],[26.6949,42.7152],[26.6917,42.711]]],[[[26.7046,42.7148],[26.7103,42.7231],[26.7117,42.7194],[26.7046,42.7148]]],[[[26.7847,42.7333],[26.7414,42.7183],[26.736,42.7424],[26.7246,42.726],[26.705,42.7479],[26.7607,42.7491],[26.7847,42.7333]],[[26.7572,42.741],[26.7594,42.7332],[26.7641,42.7394],[26.7572,42.741]],[[26.7483,42.7341],[26.7443,42.7404],[26.7435,42.7334],[26.7483,42.7341]]],[[[26.7082,42.7379],[26.6889,42.7293],[26.6812,42.7352],[26.7082,42.7379]]],[[[26.6456,42.7452],[26.6637,42.7463],[26.642,42.7437],[26.6456,42.7452]]],[[[26.6991,42.7608],[26.6826,42.7519],[26.6816,42.7545],[26.6991,42.7608]]],[[[26.7632,42.7752],[26.7444,42.759],[26.739,42.7644],[26.7632,42.7752]]],[[[26.791,42.7707],[26.7981,42.77],[26.7886,42.7662],[26.791,42.7707]]],[[[26.7692,42.8007],[26.7698,42.7918],[26.7663,42.7995],[26.7692,42.8007]]],[[[26.8054,42.7875],[26.7967,42.7884],[26.7939,42.7956],[26.7733,42.8037],[26.7736,42.8055],[26.7873,42.8104],[26.8054,42.7875]]],[[[26.6761,42.8362],[26.6625,42.839],[26.6651,42.8419],[26.6761,42.8362]]],[[[26.7542,42.8765],[26.7531,42.8843],[26.7555,42.8775],[26.7542,42.8765]]],[[[26.6299,43.0968],[26.6224,43.1],[26.6354,43.0999],[26.6299,43.0968]]],[[[26.7195,43.1013],[26.7223,43.1073],[26.7229,43.1008],[26.7195,43.1013]]],[[[26.6167,43.1016],[26.613,43.1087],[26.6205,43.1044],[26.6167,43.1016]]],[[[26.6423,43.1194],[26.6341,43.1285],[26.6344,43.1328],[26.6423,43.1194]]],[[[26.5978,43.1258],[26.5945,43.1306],[26.5996,43.1303],[26.5978,43.1258]]],[[[26.5176,43.1398],[26.5045,43.1301],[26.4933,43.1358],[26.5176,43.1398]]],[[[26.5405,43.1586],[26.5329,43.1441],[26.5204,43.1551],[26.5405,43.1586]]],[[[26.7985,43.1567],[26.779,43.1584],[26.769,43.1638],[26.7985,43.1567]]],[[[26.7706,43.1726],[26.755,43.1615],[26.7651,43.1807],[26.7706,43.1726]]],[[[26.7404,43.1693],[26.7387,43.1759],[26.7423,43.1771],[26.7404,43.1693]]],[[[26.7283,43.1753],[26.7247,43.181],[26.7343,43.1775],[26.7283,43.1753]]],[[[26.7601,43.1803],[26.7547,43.1754],[26.764,43.1853],[26.7601,43.1803]]],[[[26.6656,43.1802],[26.677,43.1871],[26.678,43.1858],[26.6656,43.1802]]],[[[26.7135,43.1893],[26.7159,43.1816],[26.7095,43.1823],[26.7135,43.1893]]],[[[26.5921,43.1901],[26.5977,43.1915],[26.6057,43.1898],[26.5921,43.1901]]],[[[26.6283,43.1913],[26.6217,43.1971],[26.636,43.1946],[26.6283,43.1913]]],[[[26.6029,43.1953],[26.5832,43.192],[26.6034,43.1967],[26.6029,43.1953]]],[[[26.7221,43.2003],[26.7226,43.1925],[26.7114,43.1924],[26.7221,43.2003]]],[[[26.6707,43.2098],[26.6447,43.1835],[26.6316,43.1858],[26.6707,43.2098]]],[[[25.9764,43.2016],[25.9949,43.1982],[26.0202,43.1945],[25.9835,43.1966],[25.9764,43.2016]]],[[[26.5629,43.1982],[26.5537,43.204],[26.566,43.2045],[26.5629,43.1982]]],[[[26.6153,43.2147],[26.6083,43.2],[26.6054,43.212],[26.6153,43.2147]]],[[[26.7937,43.2109],[26.8031,43.2027],[26.7897,43.2039],[26.7937,43.2109]]],[[[26.7311,43.2083],[26.7522,43.2106],[26.7648,43.2179],[26.7575,43.2027],[26.7311,43.2083]]],[[[26.4856,43.2913],[26.4765,43.295],[26.4919,43.2919],[26.4856,43.2913]]],[[[26.1892,43.333],[26.2033,43.3281],[26.1905,43.3295],[26.1892,43.333]]],[[[26.7869,43.3449],[26.7859,43.3352],[26.7807,43.3375],[26.7869,43.3449]]],[[[26.6194,43.3426],[26.6111,43.3484],[26.6218,43.3546],[26.6194,43.3426]]],[[[26.4665,43.3513],[26.4732,43.3449],[26.4659,43.3452],[26.4665,43.3513]]],[[[26.5846,43.3668],[26.5869,43.3585],[26.5832,43.3494],[26.5846,43.3668]]],[[[26.305,43.3706],[26.3016,43.3676],[26.3021,43.374],[26.305,43.3706]]],[[[26.1893,43.3787],[26.213,43.3678],[26.2005,43.3685],[26.1893,43.3787]]],[[[26.5886,43.3826],[26.5925,43.3774],[26.5751,43.3787],[26.5886,43.3826]]],[[[26.637,43.3869],[26.6357,43.3852],[26.6327,43.3922],[26.637,43.3869]]],[[[26.5027,43.4037],[26.5013,43.3938],[26.489,43.3967],[26.5027,43.4037]]],[[[26.146,43.4032],[26.1511,43.3971],[26.1459,43.3974],[26.146,43.4032]]],[[[26.2903,43.4357],[26.2845,43.4303],[26.2889,43.4382],[26.2903,43.4357]]],[[[26.0677,43.4452],[26.0589,43.452],[26.0739,43.4455],[26.0677,43.4452]]],[[[26.2909,43.4586],[26.2952,43.4674],[26.2986,43.4682],[26.2909,43.4586]]],[[[26.2837,43.4637],[26.2726,43.4679],[26.2836,43.4695],[26.2837,43.4637]]],[[[26.1456,43.4931],[26.138,43.4842],[26.128,43.4948],[26.1456,43.4931]]],[[[26.1833,43.4913],[26.1878,43.4965],[26.1912,43.4903],[26.1833,43.4913]]],[[[26.1879,43.5091],[26.2024,43.5143],[26.203,43.5136],[26.1944,43.5072],[26.1879,43.5091]]],[[[26.2826,43.5106],[26.2747,43.5157],[26.2779,43.517],[26.2826,43.5106]]],[[[26.6317,43.5199],[26.6192,43.5073],[26.6248,43.5206],[26.6317,43.5199]]],[[[26.1684,43.5131],[26.1831,43.5171],[26.1828,43.5137],[26.1684,43.5131]]],[[[26.1592,43.5168],[26.1518,43.5132],[26.1553,43.5189],[26.1592,43.5168]]],[[[26.2643,43.5293],[26.2615,43.5353],[26.2674,43.5322],[26.2643,43.5293]]],[[[26.1192,43.572],[26.1152,43.572],[26.1062,43.5784],[26.1192,43.572]]],[[[26.3128,43.5704],[26.3149,43.5756],[26.3171,43.5708],[26.3128,43.5704]]],[[[26.3792,43.5831],[26.3854,43.5875],[26.3845,43.5825],[26.3792,43.5831]]],[[[26.2422,43.5978],[26.2333,43.5895],[26.2406,43.598],[26.2422,43.5978]]],[[[26.454,43.5933],[26.4632,43.5921],[26.4574,43.5902],[26.454,43.5933]]],[[[26.2339,43.5935],[26.2266,43.5922],[26.2214,43.5947],[26.2339,43.5935]]],[[[26.1403,43.5906],[26.1218,43.5969],[26.1408,43.5938],[26.1403,43.5906]]],[[[26.2515,43.5988],[26.2554,43.6065],[26.2666,43.6026],[26.2515,43.5988]]],[[[26.4571,43.6054],[26.463,43.6077],[26.4636,43.6064],[26.4571,43.6054]]],[[[26.2095,43.6207],[26.2057,43.6286],[26.2127,43.6264],[26.2095,43.6207]]],[[[25.9953,43.6181],[25.9845,43.6345],[26.0062,43.6335],[25.9953,43.6181]]],[[[26.1691,43.6493],[26.1705,43.6577],[26.1731,43.6504],[26.1691,43.6493]]],[[[26.4088,43.6597],[26.395,43.6556],[26.395,43.6595],[26.4088,43.6597]]],[[[26.1759,43.6619],[26.1823,43.6645],[26.1852,43.6609],[26.1759,43.6619]]],[[[26.2403,43.7203],[26.2532,43.72],[26.2407,43.7176],[26.2403,43.7203]]],[[[26.401,43.7265],[26.407,43.7354],[26.4088,43.7338],[26.401,43.7265]]],[[[26.039,43.7334],[26.0286,43.7351],[26.0369,43.7369],[26.039,43.7334]]],[[[26.0869,43.7409],[26.0918,43.7479],[26.0909,43.7394],[26.0869,43.7409]]],[[[26.2703,43.7545],[26.2604,43.759],[26.275,43.7578],[26.2703,43.7545]]],[[[26.5724,43.7825],[26.5772,43.7703],[26.5688,43.7807],[26.5724,43.7825]]],[[[26.5016,43.8083],[26.4976,43.8021],[26.4936,43.8085],[26.5016,43.8083]]],[[[26.5086,43.8469],[26.5129,43.851],[26.515,43.8514],[26.5086,43.8469]]],[[[26.0489,43.8486],[26.0503,43.8549],[26.0572,43.851],[26.0489,43.8486]]],[[[26.563,43.8572],[26.5662,43.8629],[26.5674,43.8571],[26.563,43.8572]]],[[[26.0552,43.8675],[26.0526,43.862],[26.0461,43.8621],[26.0552,43.8675]]],[[[26.106,43.9259],[26.106,43.9331],[26.1106,43.9255],[26.106,43.9259]]],[[[25.9906,43.9907],[25.9702,43.99],[25.9754,43.9929],[25.9906,43.9907]]],[[[26.4687,43.989],[26.4742,43.9968],[26.4811,43.9923],[26.4687,43.989]]],[[[26.5296,44.0019],[26.5169,43.9974],[26.528,44.0047],[26.5296,44.0019]]],[[[25.9813,44.0179],[25.9906,44.0223],[25.9921,44.013],[25.9813,44.0179]]],[[[26.6563,44.0425],[26.6485,44.0525],[26.6596,44.049],[26.6563,44.0425]]],[[[26.2356,44.0968],[26.2307,44.1016],[26.2364,44.0996],[26.2356,44.0968]]],[[[26.7124,44.1469],[26.7262,44.1561],[26.726,44.1481],[26.7124,44.1469]]],[[[26.7332,44.1513],[26.7436,44.1575],[26.7441,44.1527],[26.7332,44.1513]]],[[[26.386,44.1708],[26.3788,44.1734],[26.3863,44.1747],[26.386,44.1708]]],[[[26.4985,44.1919],[26.5254,44.1755],[26.4825,44.1918],[26.4985,44.1919]]],[[[26.7535,44.3769],[26.7514,44.3699],[26.7492,44.3732],[26.7535,44.3769]]],[[[26.362,44.4525],[26.3432,44.4591],[26.3611,44.4574],[26.362,44.4525]]],[[[26.3746,44.461],[26.3827,44.4644],[26.3824,44.4606],[26.3746,44.461]]],[[[26.7734,44.6008],[26.7689,44.5944],[26.767,44.601],[26.7734,44.6008]]],[[[26.637,44.6407],[26.6356,44.6339],[26.6287,44.6365],[26.637,44.6407]]],[[[26.572,44.6664],[26.5502,44.6681],[26.5398,44.68],[26.5506,44.6803],[26.572,44.6664]]],[[[26.4368,44.6847],[26.4334,44.6782],[26.4309,44.6826],[26.4368,44.6847]]],[[[26.4479,44.6833],[26.4399,44.6825],[26.4629,44.6849],[26.4479,44.6833]]],[[[26.5261,44.6956],[26.5197,44.6828],[26.5181,44.6945],[26.5261,44.6956]]],[[[26.6866,44.7045],[26.6827,44.719],[26.6933,44.71],[26.6866,44.7045]]],[[[26.5373,44.7483],[26.5444,44.7537],[26.5464,44.7528],[26.5373,44.7483]]],[[[26.5252,44.7639],[26.5153,44.7706],[26.5186,44.7733],[26.5252,44.7639]]],[[[26.7738,44.7742],[26.7789,44.7773],[26.7829,44.7738],[26.7738,44.7742]]],[[[26.7808,44.793],[26.7849,44.796],[26.7865,44.7954],[26.7808,44.793]]],[[[26.6257,44.8517],[26.6514,44.8688],[26.6557,44.8664],[26.6432,44.8574],[26.6257,44.8517]]],[[[26.6592,44.8773],[26.6684,44.8754],[26.6541,44.8695],[26.6592,44.8773]]],[[[26.6615,44.881],[26.6651,44.8887],[26.6695,44.8866],[26.6615,44.881]]],[[[26.1424,44.9516],[26.1354,44.9587],[26.145,44.9621],[26.1424,44.9516]]],[[[26.2009,44.9711],[26.2173,44.9784],[26.2299,44.9599],[26.1456,44.9627],[26.1251,44.9701],[26.1399,44.9794],[26.1387,44.9871],[26.1203,44.97],[26.103,44.9897],[26.1557,44.9875],[26.1605,44.9713],[26.1875,44.9878],[26.2009,44.9711]]],[[[26.2022,44.9797],[26.2037,44.9865],[26.2122,44.983],[26.2022,44.9797]]],[[[26.3013,45.0318],[26.3288,45.0033],[26.2534,44.979],[26.2331,44.9986],[26.2595,45.0179],[26.249,44.9961],[26.2884,45.0176],[26.2947,44.9996],[26.3013,45.0318]],[[26.2667,44.9944],[26.261,44.9957],[26.2504,44.9907],[26.2667,44.9944]],[[26.2796,44.9986],[26.275,44.995],[26.2682,44.9933],[26.2804,44.9914],[26.2796,44.9986]]],[[[26.0501,45.0321],[26.0718,45.0078],[26.0356,45.0296],[26.0501,45.0321]]],[[[26.1185,45.0233],[26.1076,45.0061],[26.1022,45.0138],[26.1109,45.0197],[26.1046,45.0243],[26.1022,45.0316],[26.1044,45.0328],[26.1185,45.0233]]],[[[26.0924,45.0128],[26.099,45.0263],[26.1045,45.0172],[26.0924,45.0128]]],[[[26.4374,45.0252],[26.4504,45.0204],[26.4391,45.017],[26.4374,45.0252]]],[[[26.3876,45.0309],[26.354,45.016],[26.3286,45.0252],[26.3404,45.0396],[26.3876,45.0309]]],[[[26.528,45.0398],[26.5366,45.0501],[26.5411,45.0474],[26.528,45.0398]]],[[[26.3867,45.0414],[26.3738,45.0546],[26.3913,45.0509],[26.3867,45.0414]]],[[[26.4283,45.0526],[26.4449,45.0635],[26.4341,45.0332],[26.3952,45.0225],[26.4179,45.0761],[26.4283,45.0526]]],[[[26.3879,45.0717],[26.388,45.0624],[26.3855,45.0709],[26.3879,45.0717]]],[[[26.6273,45.1068],[26.6368,45.0921],[26.5599,45.0501],[26.5335,45.0611],[26.5189,45.0386],[26.4424,45.0401],[26.4839,45.0872],[26.5039,45.0735],[26.5189,45.0833],[26.517,45.0853],[26.5207,45.0868],[26.5213,45.0901],[26.5263,45.0933],[26.5604,45.0643],[26.5547,45.09],[26.6273,45.1068]],[[26.5033,45.0479],[26.4975,45.0581],[26.4854,45.0413],[26.5033,45.0479]],[[26.6145,45.1006],[26.609,45.0897],[26.6187,45.0955],[26.6145,45.1006]],[[26.4904,45.0665],[26.4783,45.0731],[26.4702,45.0668],[26.4904,45.0665]],[[26.4924,45.075],[26.4837,45.0806],[26.4828,45.0745],[26.4924,45.075]]],[[[26.6896,45.079],[26.7022,45.0958],[26.7046,45.0686],[26.6896,45.079]]],[[[26.1919,45.1053],[26.2045,45.1082],[26.2064,45.1036],[26.1919,45.1053]]],[[[26.6853,45.2114],[26.7023,45.1382],[26.6721,45.1332],[26.6617,45.0994],[26.641,45.0975],[26.6895,45.1768],[26.6853,45.2114]]],[[[26.7799,45.1738],[26.8012,45.1633],[26.7919,45.1627],[26.7799,45.1738]]],[[[26.7043,45.1839],[26.7114,45.1817],[26.7029,45.1809],[26.7043,45.1839]]],[[[26.705,45.2121],[26.695,45.2189],[26.7081,45.2185],[26.705,45.2121]]],[[[26.6941,45.2413],[26.6711,45.226],[26.6674,45.2298],[26.6941,45.2413]]],[[[26.7478,45.2372],[26.7797,45.2616],[26.7511,45.2228],[26.7478,45.2372]]],[[[26.7256,45.3157],[26.7337,45.3186],[26.7334,45.3154],[26.7256,45.3157]]],[[[26.7511,45.3302],[26.7303,45.3263],[26.73,45.3272],[26.7511,45.3302]]],[[[26.7851,46.1892],[26.7761,46.1895],[26.7807,46.1961],[26.7851,46.1892]]],[[[26.6028,46.1928],[26.6532,46.2051],[26.6611,46.1977],[26.6028,46.1928]]],[[[26.6662,46.2536],[26.6643,46.2356],[26.6475,46.2326],[26.654,46.2477],[26.6662,46.2536]]],[[[26.6316,46.2842],[26.6204,46.2936],[26.6363,46.2947],[26.6316,46.2842]]],[[[26.7118,46.3015],[26.7003,46.291],[26.6949,46.2951],[26.7118,46.3015]]],[[[26.7067,46.3286],[26.695,46.3276],[26.7072,46.3301],[26.7067,46.3286]]],[[[26.678,46.3338],[26.6853,46.3308],[26.6788,46.3319],[26.678,46.3338]]],[[[26.6444,46.5921],[26.638,46.5775],[26.6362,46.5768],[26.6304,46.5862],[26.6444,46.5921]]],[[[26.7711,46.6987],[26.7863,46.6931],[26.755,46.6941],[26.7711,46.6987]]],[[[26.639,46.7891],[26.6351,46.7907],[26.6365,46.7966],[26.639,46.7891]]],[[[26.7698,46.7995],[26.7506,46.8116],[26.7509,46.8174],[26.7698,46.7995]]],[[[26.7012,47.0001],[26.7043,46.9893],[26.6989,47.0008],[26.7012,47.0001]]],[[[26.6868,47.1801],[26.6895,47.1875],[26.6972,47.1824],[26.6868,47.1801]]],[[[26.6941,47.1887],[26.7029,47.189],[26.7117,47.1894],[26.6998,47.1871],[26.6941,47.1887]]],[[[26.3948,47.5355],[26.3961,47.5243],[26.3921,47.5325],[26.3948,47.5355]]],[[[26.5073,47.6256],[26.5058,47.6172],[26.5029,47.6234],[26.5073,47.6256]]],[[[26.685,47.6539],[26.6862,47.6602],[26.7016,47.6461],[26.685,47.6539]]],[[[26.7734,47.6616],[26.7799,47.6677],[26.7819,47.6643],[26.7734,47.6616]]],[[[26.3201,47.6765],[26.3144,47.6831],[26.3208,47.6846],[26.3201,47.6765]]],[[[26.5907,47.8395],[26.5857,47.8513],[26.5907,47.8533],[26.5907,47.8395]]],[[[26.5734,47.8404],[26.5527,47.8457],[26.5453,47.8517],[26.5734,47.8404]]],[[[26.65,47.862],[26.6419,47.8668],[26.66,47.8656],[26.65,47.862]]],[[[26.8658,42.707],[26.874,42.7037],[26.8653,42.7039],[26.8658,42.707]]],[[[26.9329,42.7346],[26.911,42.7163],[26.9146,42.7324],[26.9329,42.7346]]],[[[26.8858,42.7324],[26.892,42.7422],[26.8958,42.732],[26.8858,42.7324]]],[[[26.9802,42.7398],[26.9739,42.7312],[26.9748,42.7438],[26.9802,42.7398]]],[[[26.9491,42.7358],[26.9682,42.7365],[26.9678,42.7334],[26.9491,42.7358]]],[[[26.7984,42.7597],[26.7984,42.7526],[26.7941,42.7545],[26.7984,42.7597]]],[[[26.8963,42.7449],[26.8928,42.7713],[26.9,42.7454],[26.8963,42.7449]]],[[[26.9504,42.7683],[26.9492,42.7512],[26.9463,42.7715],[26.9504,42.7683]]],[[[26.827,42.7759],[26.8192,42.7599],[26.8013,42.7707],[26.8028,42.7798],[26.827,42.7759]]],[[[26.9882,42.785],[26.9722,42.7749],[26.9628,42.7811],[26.9882,42.785]]],[[[26.8692,42.7875],[26.8434,42.7702],[26.8389,42.7863],[26.8692,42.7875]]],[[[26.9497,42.7852],[26.9198,42.7823],[26.9166,42.7851],[26.9497,42.7852]]],[[[26.8548,42.7884],[26.8659,42.7935],[26.8681,42.79],[26.8548,42.7884]]],[[[26.8896,42.8028],[26.8875,42.7958],[26.8859,42.8016],[26.8896,42.8028]]],[[[26.8083,42.8187],[26.8018,42.8203],[26.8066,42.8226],[26.8083,42.8187]]],[[[26.8509,42.8166],[26.85,42.8301],[26.8568,42.8192],[26.8509,42.8166]]],[[[26.8388,42.8411],[26.8278,42.8305],[26.823,42.8373],[26.8388,42.8411]]],[[[26.9098,42.8367],[26.9083,42.8491],[26.915,42.8413],[26.9098,42.8367]]],[[[27.0499,43.0491],[27.0413,43.0433],[27.0426,43.0549],[27.0499,43.0491]]],[[[26.9227,43.0714],[26.9185,43.076],[26.9261,43.0734],[26.9227,43.0714]]],[[[26.9498,43.0786],[26.959,43.0776],[26.9513,43.0758],[26.9498,43.0786]]],[[[26.9338,43.0901],[26.9407,43.0973],[26.9444,43.0945],[26.9338,43.0901]]],[[[26.8699,43.0957],[26.8818,43.1062],[26.8848,43.1054],[26.8699,43.0957]]],[[[26.8942,43.1046],[26.9047,43.1109],[26.9102,43.1046],[26.8942,43.1046]]],[[[26.8856,43.1068],[26.8861,43.1191],[26.8881,43.1171],[26.8856,43.1068]]],[[[26.9738,43.1161],[26.9596,43.1152],[26.9594,43.1159],[26.9738,43.1161]]],[[[26.851,43.1184],[26.856,43.1171],[26.8601,43.114],[26.851,43.1184]]],[[[27.0608,43.1357],[27.0437,43.1276],[27.0448,43.1345],[27.0608,43.1357]]],[[[26.8517,43.1219],[26.8576,43.1334],[26.8638,43.138],[26.8517,43.1219]]],[[[26.8842,43.1331],[26.8747,43.1272],[26.8716,43.129],[26.8842,43.1331]]],[[[26.9254,43.1348],[26.9239,43.1452],[26.9291,43.1381],[26.9254,43.1348]]],[[[26.8379,43.1363],[26.827,43.1445],[26.8399,43.1375],[26.8379,43.1363]]],[[[26.8467,43.1377],[26.8285,43.1458],[26.8286,43.148],[26.8481,43.1565],[26.8467,43.1377]]],[[[26.9278,43.1774],[26.9442,43.1662],[26.9198,43.1636],[26.9278,43.1774]]],[[[26.8798,43.1755],[26.8694,43.1662],[26.8699,43.1724],[26.8798,43.1755]]],[[[26.9255,43.1842],[26.9352,43.1821],[26.9258,43.1796],[26.9255,43.1842]]],[[[26.8529,43.1949],[26.858,43.1971],[26.861,43.196],[26.8529,43.1949]]],[[[26.841,43.2178],[26.8275,43.2045],[26.8309,43.2197],[26.841,43.2178]]],[[[26.8279,43.2109],[26.813,43.2191],[26.8209,43.222],[26.8279,43.2109]]],[[[26.809,43.2902],[26.8056,43.2957],[26.812,43.2991],[26.809,43.2902]]],[[[26.9385,43.3],[26.9438,43.3049],[26.9459,43.3005],[26.9385,43.3]]],[[[26.7989,43.3414],[26.7948,43.3335],[26.7916,43.3396],[26.7989,43.3414]]],[[[27.0194,43.3489],[27.0124,43.344],[27.0121,43.3486],[27.0194,43.3489]]],[[[26.8929,43.3856],[26.882,43.3788],[26.881,43.3835],[26.8929,43.3856]]],[[[26.9122,43.4284],[26.9141,43.4329],[26.9167,43.4315],[26.9122,43.4284]]],[[[27.0357,43.7485],[27.039,43.7568],[27.0465,43.751],[27.0357,43.7485]]],[[[26.8319,43.8954],[26.83,43.9015],[26.8337,43.9016],[26.8319,43.8954]]],[[[26.9976,43.954],[27.0071,43.9595],[27.0081,43.9578],[26.9976,43.954]]],[[[26.9778,43.9762],[26.9874,43.9734],[26.9769,43.9736],[26.9778,43.9762]]],[[[27.019,44.0152],[27.0134,44.0231],[27.0151,44.0235],[27.019,44.0152]]],[[[27.0443,44.117],[27.0398,44.1251],[27.0571,44.1259],[27.0443,44.117]]],[[[26.7948,44.1375],[26.8043,44.1438],[26.8055,44.1408],[26.7948,44.1375]]],[[[26.9079,44.2464],[26.889,44.2478],[26.8903,44.2566],[26.9079,44.2464]]],[[[26.9239,44.2667],[26.9225,44.2775],[26.93,44.2682],[26.9239,44.2667]]],[[[26.9925,44.64],[26.9934,44.6425],[26.9977,44.6452],[26.9925,44.64]]],[[[26.8401,44.7447],[26.8335,44.7513],[26.8426,44.7478],[26.8401,44.7447]]],[[[26.871,44.9198],[26.8716,44.9278],[26.8754,44.9261],[26.871,44.9198]]],[[[26.968,44.9504],[26.9577,44.9477],[26.9629,44.9549],[26.968,44.9504]]],[[[26.8756,44.9882],[26.8768,44.9949],[26.8797,44.9936],[26.8756,44.9882]]],[[[26.8368,45.0409],[26.8469,45.0446],[26.8434,45.0387],[26.8368,45.0409]]],[[[26.9983,45.0958],[26.9937,45.1087],[27.005,45.0964],[26.9983,45.0958]]],[[[26.8618,45.136],[26.8573,45.1422],[26.8672,45.1362],[26.8618,45.136]]],[[[26.9034,45.1512],[26.8919,45.1538],[26.8956,45.1566],[26.9034,45.1512]]],[[[26.8599,45.1492],[26.8497,45.1592],[26.8635,45.1518],[26.8599,45.1492]]],[[[26.8918,45.1612],[26.8948,45.1748],[26.9012,45.1672],[26.8918,45.1612]]],[[[26.8422,45.2433],[26.856,45.2479],[26.8535,45.2394],[26.8422,45.2433]]],[[[26.821,45.2496],[26.8254,45.2573],[26.8273,45.2524],[26.821,45.2496]]],[[[26.8275,45.2631],[26.8349,45.2704],[26.8371,45.2649],[26.8275,45.2631]]],[[[26.8193,45.2877],[26.804,45.2713],[26.8138,45.2973],[26.8193,45.2877]]],[[[26.8647,45.292],[26.8461,45.2924],[26.8468,45.3027],[26.8647,45.292]]],[[[26.9114,45.3114],[26.8983,45.2843],[26.8779,45.2737],[26.8848,45.3057],[26.8985,45.3183],[26.9114,45.3114]],[[26.8951,45.3004],[26.8995,45.3102],[26.8949,45.311],[26.8951,45.3004]]],[[[26.8752,45.3098],[26.8603,45.3022],[26.8541,45.3122],[26.8752,45.3098]]],[[[27.005,45.3472],[27.0082,45.3403],[27.0012,45.3449],[27.005,45.3472]]],[[[26.9228,45.3434],[26.9098,45.3569],[26.9277,45.3473],[26.9228,45.3434]]],[[[27.0394,45.3588],[27.0496,45.3496],[27.036,45.3519],[27.0394,45.3588]]],[[[27.0012,45.3537],[27.0135,45.3663],[27.0167,45.3639],[27.0012,45.3537]]],[[[26.966,45.3767],[26.9705,45.3605],[26.9454,45.374],[26.966,45.3767]]],[[[26.9482,45.3861],[26.9573,45.3835],[26.9618,45.384],[26.9635,45.3824],[26.9549,45.381],[26.9482,45.3861]]],[[[26.9625,45.4022],[27.0033,45.3806],[26.9665,45.3835],[26.9625,45.4022]]],[[[27.0048,45.4027],[26.9985,45.3847],[26.9955,45.3987],[27.0048,45.4027]]],[[[26.9894,45.415],[26.9795,45.4195],[26.9865,45.421],[26.9894,45.415]]],[[[27.0255,45.4292],[27.0419,45.412],[27.0407,45.3966],[27.0185,45.4298],[27.0436,45.4437],[27.0255,45.4292]]],[[[27.045,45.4523],[27.0248,45.4439],[27.0109,45.4619],[27.02,45.465],[27.045,45.4523]]],[[[27.0582,45.4634],[27.0365,45.481],[27.0485,45.4951],[27.0574,45.4741],[27.065,45.4749],[27.0582,45.4634]]],[[[27.0198,45.4862],[27.0282,45.4642],[27.0044,45.4868],[27.0198,45.4862]]],[[[27.0396,45.4906],[27.0154,45.4949],[27.0443,45.496],[27.0396,45.4906]]],[[[27.007,45.5203],[27.0431,45.5041],[27.016,45.5128],[27.007,45.5203]]],[[[27.0136,45.5424],[27.0203,45.5453],[27.0281,45.5358],[27.0136,45.5424]]],[[[27.0341,45.5534],[27.0367,45.5366],[27.0351,45.5294],[27.0293,45.5454],[27.0341,45.5534]]],[[[27.054,45.5557],[27.0464,45.5503],[27.044,45.5564],[27.054,45.5557]]],[[[27.0432,45.5598],[27.0439,45.5626],[27.0543,45.5605],[27.0432,45.5598]]],[[[27.0439,45.5981],[27.0259,45.6003],[27.0477,45.6082],[27.0439,45.5981]]],[[[27.034,45.7004],[27.0432,45.7067],[27.0412,45.6999],[27.034,45.7004]]],[[[27.0264,45.7612],[27.0325,45.7635],[27.0358,45.761],[27.0264,45.7612]]],[[[27.0702,45.8117],[27.0369,45.7959],[27.0187,45.8144],[27.0585,45.8099],[27.0367,45.8278],[27.0566,45.8324],[27.0473,45.8545],[27.0702,45.8117]]],[[[27.039,45.8485],[27.0131,45.854],[27.0376,45.8578],[27.039,45.8485]]],[[[27.0299,45.8792],[27.0503,45.8619],[27.0431,45.8652],[27.0299,45.8792]]],[[[27.0212,45.8786],[27.0108,45.8808],[27.002,45.8858],[27.009,45.8876],[27.0212,45.8786]]],[[[27.0462,45.9005],[27.0421,45.8929],[27.0221,45.8996],[27.0462,45.9005]]],[[[26.9764,45.9455],[26.9535,45.9355],[26.9528,45.9417],[26.9764,45.9455]]],[[[27.0126,45.9578],[27.0308,45.9257],[27.0112,45.9395],[27.0126,45.9578]]],[[[27.0307,45.9601],[27.022,45.9526],[27.017,45.9593],[27.0307,45.9601]]],[[[27.0511,45.9597],[27.0433,45.9582],[27.041,45.9639],[27.0511,45.9597]]],[[[27.028,45.982],[27.0658,45.9668],[27.0508,45.9613],[27.028,45.982]]],[[[27.005,46.1321],[26.9872,46.1382],[27.014,46.1362],[27.005,46.1321]]],[[[26.9312,46.201],[26.9325,46.2082],[26.9484,46.1989],[26.9312,46.201]]],[[[26.8471,46.1998],[26.8559,46.2156],[26.85,46.1984],[26.8471,46.1998]]],[[[27.0567,46.241],[27.0422,46.2297],[27.0377,46.2362],[27.0567,46.241]]],[[[27.0572,46.2455],[27.0387,46.2425],[27.0295,46.2458],[27.0387,46.2549],[27.0572,46.2455]]],[[[27.0425,46.2675],[27.0113,46.2629],[27.0253,46.2695],[26.9944,46.2785],[27.0425,46.2675]]],[[[27.012,46.3144],[27.019,46.3118],[27.02,46.3067],[27.012,46.3144]]],[[[26.8939,46.3721],[26.894,46.3588],[26.8748,46.364],[26.8939,46.3721]]],[[[27.0084,46.4267],[26.9978,46.4205],[26.9964,46.4326],[27.0084,46.4267]]],[[[26.8714,46.4545],[26.8712,46.4481],[26.8626,46.451],[26.8714,46.4545]]],[[[26.9976,46.4693],[26.9865,46.4554],[26.9941,46.4728],[26.9976,46.4693]]],[[[26.8844,46.4668],[26.867,46.4691],[26.857,46.4746],[26.8614,46.4811],[26.8844,46.4668]]],[[[26.8487,46.5209],[26.8408,46.5246],[26.8631,46.5225],[26.8487,46.5209]]],[[[26.8302,46.53],[26.8315,46.5414],[26.8365,46.5432],[26.8302,46.53]]],[[[26.9202,46.6449],[26.9357,46.6116],[26.9206,46.6253],[26.9177,46.6321],[26.9202,46.6449]]],[[[26.8672,46.6882],[26.869,46.6656],[26.8512,46.6821],[26.8672,46.6882]]],[[[26.8227,46.9095],[26.8428,46.9039],[26.8334,46.8992],[26.8227,46.9095]]],[[[26.9127,46.9501],[26.9049,46.9431],[26.9032,46.9454],[26.9127,46.9501]]],[[[26.9251,47.2039],[26.9354,47.2005],[26.9244,47.202],[26.9251,47.2039]]],[[[26.9827,47.2295],[26.9871,47.2294],[26.9932,47.2236],[26.9827,47.2295]]],[[[26.9367,47.2349],[26.9416,47.2376],[26.9487,47.2308],[26.9367,47.2349]]],[[[26.9356,47.2704],[26.9572,47.254],[26.948,47.2548],[26.9356,47.2704]]],[[[26.9722,47.2821],[26.9468,47.2817],[26.9517,47.2829],[26.9722,47.2821]]],[[[26.941,47.2819],[26.937,47.2892],[26.946,47.283],[26.941,47.2819]]],[[[26.9675,47.2931],[26.9698,47.2972],[26.9755,47.2883],[26.9675,47.2931]]],[[[26.9382,47.296],[26.9323,47.3038],[26.9445,47.2987],[26.9382,47.296]]],[[[27.0067,47.3287],[27.0042,47.2929],[27.0239,47.2808],[26.9916,47.2934],[26.9862,47.3195],[27.0067,47.3287]]],[[[26.9677,47.3012],[26.9294,47.3123],[26.9492,47.3142],[26.9677,47.3012]]],[[[26.956,47.3238],[26.9517,47.3169],[26.9492,47.3195],[26.956,47.3238]]],[[[26.9296,47.3214],[26.9053,47.325],[26.9163,47.3353],[26.9296,47.3214]]],[[[26.9478,47.3289],[26.9272,47.3483],[26.9873,47.3364],[26.9722,47.3196],[26.9478,47.3289]],[[26.9531,47.34],[26.9544,47.3364],[26.9611,47.3331],[26.9531,47.34]]],[[[26.9071,47.3407],[26.9162,47.3443],[26.9195,47.3393],[26.9071,47.3407]]],[[[26.9235,47.3541],[26.9155,47.3481],[26.9134,47.3531],[26.9235,47.3541]]],[[[26.996,47.3599],[26.9924,47.3482],[26.9868,47.3571],[26.996,47.3599]]],[[[27.0485,47.3482],[27.0337,47.3568],[27.0158,47.3639],[27.0235,47.3665],[27.0485,47.3482]]],[[[26.933,47.3616],[26.9337,47.3478],[26.9242,47.3568],[26.9176,47.3537],[26.9175,47.3584],[26.933,47.3616]]],[[[26.8285,47.358],[26.8249,47.3521],[26.8224,47.3573],[26.8285,47.358]]],[[[26.9497,47.3501],[26.9447,47.3659],[26.9515,47.3487],[26.9497,47.3501]]],[[[26.9602,47.3686],[26.9697,47.3489],[26.938,47.3769],[26.9602,47.3686]]],[[[26.9344,47.3685],[26.922,47.3627],[26.9165,47.3642],[26.9344,47.3685]]],[[[26.9796,47.3614],[26.9832,47.3714],[26.9861,47.3632],[26.9796,47.3614]]],[[[26.9811,47.3725],[26.9855,47.3786],[26.9893,47.3737],[26.9811,47.3725]]],[[[26.9047,47.383],[26.8945,47.3835],[26.8942,47.3861],[26.9047,47.383]]],[[[26.9428,47.4022],[26.9342,47.3865],[26.9228,47.4004],[26.9428,47.4022]]],[[[26.9137,47.4047],[26.8981,47.4058],[26.9246,47.4085],[26.9137,47.4047]]],[[[26.9622,47.4124],[26.9502,47.4065],[26.949,47.4122],[26.9622,47.4124]]],[[[26.915,47.4267],[26.9057,47.4281],[26.91,47.4324],[26.915,47.4267]]],[[[26.9051,47.4316],[26.9017,47.4443],[26.9113,47.4348],[26.9051,47.4316]]],[[[26.8946,47.4641],[26.8894,47.4457],[26.8853,47.4638],[26.8946,47.4641]]],[[[26.8901,47.5025],[26.8811,47.4967],[26.8752,47.5018],[26.8901,47.5025]]],[[[26.9117,47.558],[26.9141,47.5651],[26.9219,47.5519],[26.9117,47.558]]],[[[26.8369,47.6667],[26.8443,47.6607],[26.8405,47.6572],[26.8369,47.6667]]],[[[26.87,47.6741],[26.8741,47.6646],[26.8595,47.6732],[26.87,47.6741]]],[[[26.8439,47.7316],[26.8516,47.7236],[26.8408,47.7298],[26.8439,47.7316]]],[[[26.8894,47.7422],[26.8799,47.7475],[26.8912,47.745],[26.8894,47.7422]]],[[[26.8836,47.9152],[26.8825,47.9252],[26.8886,47.9167],[26.8836,47.9152]]],[[[26.8887,47.9204],[26.89,47.9298],[26.8979,47.9255],[26.8887,47.9204]]],[[[26.9538,48.1814],[26.9552,48.168],[26.9427,48.1683],[26.9538,48.1814]]],[[[27.1722,42.6992],[27.1796,42.695],[27.1748,42.6939],[27.1722,42.6992]]],[[[27.1658,42.7038],[27.178,42.7032],[27.1587,42.7024],[27.1658,42.7038]]],[[[27.132,42.7138],[27.1445,42.7154],[27.1443,42.7116],[27.132,42.7138]]],[[[27.196,42.7363],[27.2105,42.7166],[27.2001,42.719],[27.196,42.7363]]],[[[27.0833,42.7325],[27.0934,42.7292],[27.0873,42.7244],[27.0833,42.7325]]],[[[27.1668,42.7278],[27.1415,42.736],[27.1719,42.7369],[27.1668,42.7278]]],[[[27.1347,42.7437],[27.1379,42.736],[27.1299,42.7368],[27.1347,42.7437]]],[[[27.1335,42.8228],[27.1266,42.8311],[27.1209,42.8356],[27.1269,42.8331],[27.1335,42.8228]]],[[[27.0619,42.8742],[27.063,42.8813],[27.0651,42.8739],[27.0619,42.8742]]],[[[27.0937,42.8791],[27.084,42.8847],[27.0944,42.8842],[27.0937,42.8791]]],[[[27.2032,42.9321],[27.1944,42.9231],[27.1891,42.9253],[27.2032,42.9321]]],[[[27.1414,42.9721],[27.1413,42.9797],[27.1439,42.9726],[27.1414,42.9721]]],[[[27.2244,42.9965],[27.2292,43.0057],[27.2342,43.0014],[27.2244,42.9965]]],[[[27.1584,43.0048],[27.1534,43.0037],[27.1422,43.0041],[27.1441,43.0102],[27.1584,43.0048]]],[[[27.1353,43.013],[27.1311,43.0189],[27.1368,43.0177],[27.1353,43.013]]],[[[27.2306,43.0269],[27.237,43.0332],[27.2399,43.0309],[27.2306,43.0269]]],[[[27.1015,43.0624],[27.0946,43.0678],[27.1033,43.0687],[27.1015,43.0624]]],[[[27.2376,43.0996],[27.2446,43.0977],[27.2389,43.0946],[27.2376,43.0996]]],[[[27.2322,43.1266],[27.2102,43.1178],[27.1998,43.117],[27.2322,43.1266]]],[[[27.1977,43.1373],[27.2031,43.139],[27.2089,43.1389],[27.1977,43.1373]]],[[[27.1718,43.1459],[27.1861,43.151],[27.1867,43.1471],[27.1718,43.1459]]],[[[27.122,43.3062],[27.1045,43.3027],[27.1232,43.3081],[27.122,43.3062]]],[[[27.2202,43.3673],[27.214,43.3388],[27.2023,43.3592],[27.2202,43.3673]]],[[[27.1031,43.3575],[27.0994,43.3623],[27.0997,43.3665],[27.1031,43.3575]]],[[[27.2438,43.3681],[27.2293,43.3612],[27.2272,43.368],[27.2438,43.3681]]],[[[27.2011,43.3639],[27.1909,43.379],[27.2048,43.3744],[27.2011,43.3639]]],[[[27.2173,43.385],[27.2051,43.378],[27.2023,43.3803],[27.2173,43.385]]],[[[27.2054,43.406],[27.1919,43.3926],[27.1767,43.4002],[27.2054,43.406]]],[[[27.1588,43.4076],[27.1672,43.4022],[27.159,43.4002],[27.1588,43.4076]]],[[[27.1314,43.418],[27.1206,43.4171],[27.1235,43.425],[27.1314,43.418]]],[[[27.1279,43.4339],[27.1311,43.4373],[27.1375,43.435],[27.1279,43.4339]]],[[[27.1454,43.5075],[27.1376,43.5093],[27.1462,43.5106],[27.1454,43.5075]]],[[[27.2322,43.5651],[27.2405,43.5627],[27.2314,43.5606],[27.2322,43.5651]]],[[[27.158,43.7114],[27.1674,43.7148],[27.1668,43.7112],[27.158,43.7114]]],[[[27.1369,43.8027],[27.1338,43.8096],[27.1433,43.8099],[27.1369,43.8027]]],[[[27.1925,43.8143],[27.1975,43.8101],[27.191,43.8099],[27.1925,43.8143]]],[[[27.1355,43.8303],[27.1295,43.8232],[27.1295,43.8319],[27.1355,43.8303]]],[[[27.1003,43.9897],[27.087,43.9882],[27.0953,43.9928],[27.1003,43.9897]]],[[[27.1535,43.9957],[27.1505,43.9802],[27.1484,43.9805],[27.1535,43.9957]]],[[[27.1898,44.0331],[27.1869,44.0374],[27.1932,44.0416],[27.1898,44.0331]]],[[[27.1823,44.0395],[27.1744,44.046],[27.1868,44.0473],[27.1823,44.0395]]],[[[27.1993,44.09],[27.1833,44.0885],[27.1841,44.0914],[27.1993,44.09]]],[[[27.0578,44.0991],[27.0535,44.0922],[27.0519,44.0996],[27.0578,44.0991]]],[[[27.1072,44.1122],[27.1205,44.1014],[27.102,44.1029],[27.1072,44.1122]]],[[[27.1021,44.1196],[27.0905,44.1207],[27.084,44.1209],[27.0956,44.1217],[27.1021,44.1196]]],[[[27.1188,44.2682],[27.1154,44.2749],[27.1234,44.2721],[27.1188,44.2682]]],[[[27.1541,44.4853],[27.1504,44.4911],[27.1553,44.4902],[27.1541,44.4853]]],[[[27.1502,44.5248],[27.1547,44.5286],[27.1601,44.5277],[27.1502,44.5248]]],[[[27.1314,44.5333],[27.14,44.5262],[27.1284,44.5266],[27.1314,44.5333]]],[[[27.0809,44.5326],[27.0857,44.5273],[27.0802,44.5274],[27.0809,44.5326]]],[[[27.1987,44.6234],[27.1752,44.6275],[27.1737,44.628],[27.1987,44.6234]]],[[[27.0998,44.7229],[27.1083,44.7161],[27.0984,44.7199],[27.0998,44.7229]]],[[[27.2411,44.7329],[27.2404,44.7467],[27.2488,44.7442],[27.2411,44.7329]]],[[[27.1033,44.8735],[27.0826,44.8677],[27.0801,44.8707],[27.1033,44.8735]]],[[[27.2174,45.0121],[27.2033,45.009],[27.1997,44.9999],[27.1949,44.9999],[27.1958,45.0099],[27.2174,45.0121]]],[[[27.0664,45.0929],[27.0572,45.0885],[27.045,45.093],[27.0664,45.0929]]],[[[27.2104,45.1605],[27.1815,45.1573],[27.182,45.1609],[27.2104,45.1605]]],[[[27.0749,45.2157],[27.0671,45.2162],[27.0784,45.2175],[27.0749,45.2157]]],[[[27.1469,45.2426],[27.1418,45.2323],[27.1381,45.238],[27.1469,45.2426]]],[[[27.2207,45.2677],[27.2337,45.2635],[27.2132,45.2668],[27.2207,45.2677]]],[[[27.073,45.269],[27.0875,45.2643],[27.093,45.2671],[27.0881,45.2623],[27.073,45.269]]],[[[27.0657,45.2772],[27.0687,45.2701],[27.0631,45.2748],[27.0657,45.2772]]],[[[27.2104,45.2723],[27.196,45.2813],[27.2137,45.2747],[27.2104,45.2723]]],[[[27.1888,45.3033],[27.1667,45.32],[27.1711,45.3243],[27.1888,45.3033]]],[[[27.2597,45.3252],[27.2337,45.3274],[27.2403,45.3353],[27.2597,45.3252]]],[[[27.0837,45.3422],[27.067,45.3499],[27.0666,45.3527],[27.0837,45.3422]]],[[[27.0995,45.3676],[27.1093,45.369],[27.0978,45.3647],[27.0995,45.3676]]],[[[27.2245,45.3934],[27.2351,45.3941],[27.2249,45.3922],[27.2245,45.3934]]],[[[27.0726,45.41],[27.0621,45.4087],[27.0748,45.4126],[27.0726,45.41]]],[[[27.2156,45.4084],[27.2311,45.4147],[27.2333,45.4125],[27.2156,45.4084]]],[[[27.2245,45.4403],[27.235,45.4317],[27.2136,45.4393],[27.2245,45.4403]]],[[[27.1281,45.4379],[27.1222,45.4453],[27.1373,45.4452],[27.1281,45.4379]]],[[[27.0769,45.4957],[27.0609,45.4762],[27.051,45.4975],[27.0537,45.5005],[27.0769,45.4957]]],[[[27.2108,45.4883],[27.2049,45.4869],[27.1994,45.495],[27.2108,45.4883]]],[[[27.1018,45.4889],[27.091,45.4987],[27.103,45.4975],[27.1018,45.4889]]],[[[27.1352,45.4932],[27.155,45.4931],[27.1738,45.5035],[27.1584,45.4902],[27.1352,45.4932]]],[[[27.0811,45.5424],[27.0746,45.5284],[27.103,45.5393],[27.1229,45.5364],[27.0897,45.5213],[27.1117,45.4975],[27.0612,45.5033],[27.0616,45.5306],[27.0389,45.5326],[27.0811,45.5424]]],[[[27.0592,45.5564],[27.0678,45.5567],[27.0708,45.5533],[27.0592,45.5564]]],[[[27.0919,45.5516],[27.0901,45.5585],[27.0964,45.5558],[27.0919,45.5516]]],[[[27.0566,45.599],[27.1,45.5834],[27.1149,45.5546],[27.0542,45.5931],[27.045,45.5849],[27.0299,45.5923],[27.0566,45.599]]],[[[27.0576,45.5809],[27.0639,45.5733],[27.0526,45.5766],[27.0576,45.5809]]],[[[27.1494,45.5867],[27.1369,45.5744],[27.1006,45.5851],[27.1494,45.5867]]],[[[27.2056,45.6113],[27.2019,45.6023],[27.1972,45.6054],[27.2056,45.6113]]],[[[27.0885,45.6183],[27.0646,45.6052],[27.0506,45.6232],[27.073,45.6134],[27.0885,45.6183]]],[[[27.1155,45.6652],[27.1309,45.6345],[27.1116,45.6086],[27.137,45.5871],[27.0871,45.606],[27.0963,45.6223],[27.0723,45.6162],[27.0334,45.6422],[27.0845,45.6425],[27.0437,45.6551],[27.1032,45.6679],[27.098,45.6853],[27.1357,45.6866],[27.1155,45.6652]],[[27.0795,45.6289],[27.079,45.624],[27.093,45.6282],[27.0795,45.6289]],[[27.1036,45.6416],[27.103,45.6385],[27.1091,45.6435],[27.1036,45.6416]],[[27.0952,45.6289],[27.0985,45.6356],[27.0933,45.6352],[27.0952,45.6289]]],[[[27.0739,45.6763],[27.0649,45.662],[27.0312,45.6651],[27.0702,45.6771],[27.0452,45.6909],[27.0739,45.6763]]],[[[27.0849,45.6762],[27.0835,45.6808],[27.0876,45.6774],[27.0849,45.6762]]],[[[27.1549,45.6954],[27.1402,45.6867],[27.1297,45.6932],[27.1331,45.6998],[27.1549,45.6954]]],[[[27.114,45.7078],[27.1118,45.6867],[27.0808,45.6853],[27.114,45.7078]]],[[[27.1357,45.7033],[27.1241,45.704],[27.123,45.7127],[27.1357,45.7033]]],[[[27.1693,45.7113],[27.1485,45.7033],[27.1538,45.7166],[27.1693,45.7113]]],[[[27.0709,45.7457],[27.0733,45.7378],[27.092,45.7409],[27.1137,45.729],[27.1134,45.7104],[27.0541,45.6909],[27.033,45.7492],[27.0657,45.7432],[27.0353,45.7567],[27.0356,45.7582],[27.0709,45.7457]],[[27.0699,45.723],[27.0851,45.7338],[27.0695,45.7274],[27.0699,45.723]],[[27.0573,45.7293],[27.0567,45.7219],[27.0655,45.7292],[27.0573,45.7293]],[[27.087,45.737],[27.1069,45.7312],[27.0873,45.7379],[27.087,45.737]]],[[[27.2496,45.7303],[27.2357,45.7344],[27.2538,45.7333],[27.2496,45.7303]]],[[[27.0808,45.8257],[27.1175,45.7769],[27.1011,45.7604],[27.142,45.7462],[27.1311,45.7126],[27.1238,45.7349],[27.0689,45.7591],[27.0923,45.7627],[27.084,45.7791],[27.0554,45.7623],[27.0236,45.7794],[27.0627,45.7783],[27.0357,45.7937],[27.078,45.7911],[27.0915,45.8067],[27.0724,45.815],[27.0808,45.8257]],[[27.1213,45.7383],[27.1205,45.7489],[27.1138,45.7452],[27.1213,45.7383]]],[[[27.065,45.8587],[27.0876,45.8451],[27.096,45.8486],[27.094,45.8428],[27.1051,45.8431],[27.1147,45.832],[27.0759,45.8452],[27.065,45.8587]]],[[[27.2473,45.8638],[27.2399,45.8651],[27.239,45.8669],[27.2473,45.8638]]],[[[27.0461,45.8871],[27.1354,45.8603],[27.1064,45.8446],[27.0461,45.8871]]],[[[27.2096,45.9065],[27.2079,45.8668],[27.188,45.8666],[27.2096,45.9065]]],[[[27.2206,45.8964],[27.2138,45.8863],[27.2147,45.8953],[27.2206,45.8964]]],[[[27.0365,45.9456],[27.1575,45.9185],[27.1564,45.8951],[27.1157,45.8727],[27.0869,45.9042],[27.1101,45.8977],[27.1161,45.9129],[27.0927,45.9116],[27.0882,45.9241],[27.086,45.9159],[27.0832,45.9241],[27.0802,45.9199],[27.075,45.9264],[27.0689,45.9249],[27.0743,45.9005],[27.0365,45.9456]],[[27.1139,45.924],[27.1016,45.9181],[27.1238,45.923],[27.1139,45.924]]],[[[27.0562,45.9212],[27.0519,45.9121],[27.0469,45.9232],[27.0562,45.9212]]],[[[27.1414,45.9349],[27.1599,45.9282],[27.1398,45.931],[27.1414,45.9349]]],[[[27.1245,45.9402],[27.1296,45.9438],[27.1342,45.9435],[27.1245,45.9402]]],[[[27.0841,45.983],[27.1131,45.9849],[27.141,45.9514],[27.064,45.9856],[27.0841,45.983]]],[[[27.0926,45.9957],[27.0837,45.9862],[27.0729,45.9942],[27.0926,45.9957]]],[[[27.1747,45.9936],[27.1806,45.9987],[27.1812,45.9945],[27.1747,45.9936]]],[[[27.1221,46.0164],[27.1352,46.0093],[27.1361,46.0],[27.1221,46.0164]]],[[[27.1859,46.0157],[27.1859,46.029],[27.1909,46.0184],[27.1859,46.0157]]],[[[27.0859,46.0413],[27.0822,46.054],[27.0937,46.0456],[27.0859,46.0413]]],[[[27.1416,46.0433],[27.1056,46.043],[27.1009,46.0761],[27.1418,46.0648],[27.1416,46.0433]]],[[[27.068,46.0778],[27.066,46.0907],[27.0714,46.0795],[27.068,46.0778]]],[[[27.1494,46.0755],[27.1189,46.0916],[27.1528,46.0823],[27.1494,46.0755]]],[[[27.1035,46.0849],[27.1083,46.0885],[27.1181,46.0831],[27.1035,46.0849]]],[[[27.0507,46.1236],[27.0798,46.1083],[27.0443,46.1189],[27.0507,46.1236]]],[[[27.1276,46.1377],[27.132,46.15],[27.1379,46.1396],[27.1276,46.1377]]],[[[27.0744,46.1678],[27.0579,46.1637],[27.0616,46.1694],[27.0744,46.1678]]],[[[27.1101,46.184],[27.1203,46.1586],[27.1012,46.1818],[27.1101,46.184]]],[[[27.0701,46.172],[27.0514,46.1773],[27.0489,46.1837],[27.0701,46.172]]],[[[27.0835,46.2134],[27.0618,46.2112],[27.0398,46.217],[27.0782,46.2182],[27.0835,46.2134]]],[[[27.0739,46.2257],[27.0549,46.2204],[27.0371,46.223],[27.0739,46.2257]]],[[[27.1468,46.2502],[27.1468,46.2645],[27.1538,46.2638],[27.1468,46.2502]]],[[[27.1531,46.275],[27.144,46.2709],[27.1523,46.2779],[27.1531,46.275]]],[[[27.2039,46.3631],[27.2151,46.3543],[27.2238,46.3496],[27.2322,46.3385],[27.2039,46.3631]]],[[[27.123,46.4009],[27.1329,46.4038],[27.1189,46.3989],[27.123,46.4009]]],[[[27.0817,46.4363],[27.0874,46.4312],[27.083,46.431],[27.0817,46.4363]]],[[[27.1153,46.503],[27.1256,46.4898],[27.1246,46.4848],[27.1153,46.503]]],[[[27.1881,46.6204],[27.1932,46.6113],[27.1814,46.622],[27.1881,46.6204]]],[[[27.1127,46.644],[27.1032,46.6544],[27.1151,46.6458],[27.1127,46.644]]],[[[27.1509,46.6557],[27.1348,46.6599],[27.1653,46.6568],[27.1509,46.6557]]],[[[27.1784,46.8071],[27.1556,46.8102],[27.1523,46.8188],[27.1784,46.8071]]],[[[27.1834,46.8128],[27.1692,46.8197],[27.1781,46.8234],[27.1819,46.8201],[27.1834,46.8128]]],[[[27.2287,46.8627],[27.222,46.8651],[27.2238,46.8697],[27.2287,46.8627]]],[[[27.1539,46.8719],[27.1441,46.8707],[27.1518,46.8757],[27.1539,46.8719]]],[[[27.2519,46.8969],[27.2458,46.8931],[27.2461,46.8982],[27.2519,46.8969]]],[[[27.2424,46.8962],[27.2305,46.8973],[27.2403,46.9026],[27.2424,46.8962]]],[[[27.2355,46.9264],[27.2284,46.9258],[27.2265,46.9309],[27.2355,46.9264]]],[[[27.2287,47.1534],[27.224,47.1625],[27.2326,47.1552],[27.2287,47.1534]]],[[[27.0986,47.1666],[27.1106,47.1511],[27.1055,47.1458],[27.0986,47.1666]]],[[[27.2377,47.2061],[27.2374,47.2006],[27.2422,47.1933],[27.2295,47.2001],[27.2314,47.2028],[27.2377,47.2061]]],[[[27.0902,47.3348],[27.0695,47.3502],[27.0701,47.3522],[27.0902,47.3348]]],[[[27.1908,47.3556],[27.189,47.3395],[27.1836,47.3566],[27.1908,47.3556]]],[[[27.2412,47.3636],[27.2371,47.3745],[27.2452,47.3686],[27.2412,47.3636]]],[[[27.2185,47.3672],[27.2313,47.3772],[27.2392,47.3615],[27.2185,47.3672]]],[[[27.204,47.3747],[27.1985,47.3863],[27.205,47.3751],[27.204,47.3747]]],[[[27.1534,47.4039],[27.1481,47.3861],[27.1435,47.3925],[27.1534,47.4039]]],[[[27.1126,47.4072],[27.1065,47.4],[27.1016,47.4031],[27.1126,47.4072]]],[[[27.1957,47.4179],[27.2081,47.41],[27.1945,47.416],[27.1957,47.4179]]],[[[27.1125,47.4116],[27.1037,47.4153],[27.1161,47.4147],[27.1125,47.4116]]],[[[27.1592,47.4366],[27.151,47.4581],[27.162,47.4535],[27.1592,47.4366]]],[[[27.1089,47.4745],[27.107,47.4596],[27.1002,47.4667],[27.1089,47.4745]]],[[[27.1964,47.5491],[27.1963,47.556],[27.2016,47.549],[27.1964,47.5491]]],[[[27.1502,47.5463],[27.1478,47.5561],[27.1425,47.5663],[27.1534,47.5544],[27.1502,47.5463]]],[[[27.1771,47.5689],[27.177,47.5726],[27.1876,47.5668],[27.1771,47.5689]]],[[[27.1568,47.6128],[27.1402,47.6179],[27.1351,47.6302],[27.1568,47.6128]]],[[[27.1188,47.6538],[27.1189,47.6393],[27.1142,47.6525],[27.1188,47.6538]]],[[[27.2121,47.6459],[27.2076,47.6524],[27.216,47.6483],[27.2121,47.6459]]],[[[27.1106,47.6615],[27.1043,47.6746],[27.1126,47.662],[27.1106,47.6615]]],[[[27.2219,47.6944],[27.2242,47.7047],[27.2239,47.6942],[27.2219,47.6944]]],[[[27.1992,47.7568],[27.1972,47.7497],[27.1931,47.7536],[27.1992,47.7568]]],[[[27.2077,47.8272],[27.1952,47.8214],[27.1917,47.8241],[27.2061,47.828],[27.2077,47.8272]]],[[[27.1408,47.8576],[27.1366,47.8522],[27.1333,47.8539],[27.1408,47.8576]]],[[[27.217,47.9237],[27.2475,47.8732],[27.205,47.9197],[27.217,47.9237]]],[[[27.3169,42.7019],[27.3036,42.6915],[27.2948,42.6936],[27.3169,42.7019]]],[[[27.2634,42.7372],[27.2504,42.7153],[27.2486,42.7357],[27.2634,42.7372]]],[[[27.3725,42.7307],[27.3625,42.7269],[27.363,42.732],[27.3725,42.7307]]],[[[27.4395,42.7848],[27.4153,42.7846],[27.4254,42.7866],[27.4395,42.7848]]],[[[27.3849,42.7933],[27.361,42.7895],[27.358,42.7927],[27.3849,42.7933]]],[[[27.4337,42.8013],[27.4277,42.7879],[27.4214,42.7932],[27.4337,42.8013]]],[[[27.4015,42.7884],[27.4057,42.8069],[27.4283,42.8013],[27.4015,42.7884]]],[[[27.3193,42.8004],[27.3087,42.7967],[27.3079,42.8003],[27.3193,42.8004]]],[[[27.4358,43.0268],[27.423,43.0225],[27.4207,43.0318],[27.4358,43.0268]]],[[[27.3448,43.0309],[27.3376,43.0312],[27.348,43.0315],[27.3448,43.0309]]],[[[27.2759,43.0377],[27.2672,43.0455],[27.2785,43.0387],[27.2759,43.0377]]],[[[27.3292,43.07],[27.3307,43.0549],[27.3195,43.0637],[27.3292,43.07]]],[[[27.2601,43.0626],[27.2453,43.069],[27.2605,43.0635],[27.2601,43.0626]]],[[[27.3331,43.0969],[27.3279,43.0953],[27.322,43.1007],[27.3331,43.0969]]],[[[27.4478,43.1071],[27.4408,43.1102],[27.4488,43.1087],[27.4478,43.1071]]],[[[27.4001,43.1107],[27.3659,43.1065],[27.3627,43.1198],[27.4001,43.1107]]],[[[27.2499,43.1263],[27.2548,43.1313],[27.2623,43.1299],[27.2499,43.1263]]],[[[27.4392,43.1324],[27.4374,43.1421],[27.4404,43.1436],[27.4392,43.1324]]],[[[27.3989,43.2342],[27.3872,43.2426],[27.399,43.2514],[27.3989,43.2342]]],[[[27.3026,43.2781],[27.2996,43.2843],[27.3087,43.2808],[27.3026,43.2781]]],[[[27.4201,43.2757],[27.4195,43.2872],[27.4349,43.2816],[27.4201,43.2757]]],[[[27.4416,43.3134],[27.447,43.3082],[27.4404,43.3122],[27.4416,43.3134]]],[[[27.2618,43.3393],[27.2725,43.3275],[27.2578,43.3376],[27.2618,43.3393]]],[[[27.3131,43.3431],[27.3213,43.3253],[27.3088,43.3269],[27.3131,43.3431]]],[[[27.3906,43.3449],[27.374,43.3458],[27.3741,43.3473],[27.3906,43.3449]]],[[[27.2575,43.3488],[27.2522,43.3578],[27.2606,43.3555],[27.2575,43.3488]]],[[[27.3102,43.3573],[27.3169,43.3655],[27.3209,43.3575],[27.3102,43.3573]]],[[[27.331,43.5654],[27.3387,43.5631],[27.3332,43.5595],[27.331,43.5654]]],[[[27.3685,43.6258],[27.3729,43.6305],[27.3743,43.6259],[27.3685,43.6258]]],[[[27.3886,43.7387],[27.3946,43.7305],[27.3876,43.7377],[27.3886,43.7387]]],[[[27.3476,43.837],[27.3402,43.8418],[27.3476,43.8408],[27.3476,43.837]]],[[[27.4346,44.052],[27.4337,44.0439],[27.4294,44.048],[27.4346,44.052]]],[[[27.2868,44.0656],[27.2869,44.0742],[27.2932,44.0674],[27.2868,44.0656]]],[[[27.2784,44.0761],[27.2796,44.0875],[27.2835,44.0763],[27.2784,44.0761]]],[[[27.2812,44.1037],[27.2802,44.0955],[27.2766,44.1053],[27.2812,44.1037]]],[[[27.3247,44.116],[27.3521,44.099],[27.3095,44.0963],[27.3247,44.116]]],[[[27.3155,44.2832],[27.301,44.2793],[27.301,44.2833],[27.3155,44.2832]]],[[[27.3288,44.3419],[27.3323,44.3437],[27.3309,44.335],[27.3288,44.3419]]],[[[27.3541,44.5329],[27.3233,44.5313],[27.3541,44.5356],[27.3541,44.5329]]],[[[27.3692,44.6101],[27.3831,44.6174],[27.3834,44.6174],[27.3692,44.6101]]],[[[27.3038,44.6277],[27.2997,44.6386],[27.3272,44.6396],[27.3038,44.6277]]],[[[27.3504,44.7377],[27.3578,44.7297],[27.3466,44.732],[27.3504,44.7377]]],[[[27.2779,44.7541],[27.2767,44.7402],[27.2692,44.743],[27.2779,44.7541]]],[[[27.3399,44.7546],[27.3231,44.7541],[27.3273,44.7602],[27.3399,44.7546]]],[[[27.3537,44.7687],[27.3461,44.7789],[27.3551,44.77],[27.3537,44.7687]]],[[[27.2787,44.8074],[27.2772,44.8131],[27.2837,44.8101],[27.2787,44.8074]]],[[[27.4515,44.8504],[27.4408,44.8499],[27.4565,44.8527],[27.4515,44.8504]]],[[[27.4223,44.8902],[27.4282,44.884],[27.4228,44.8836],[27.4223,44.8902]]],[[[27.3443,44.9248],[27.3578,44.9119],[27.3423,44.9119],[27.3443,44.9248]]],[[[27.3465,44.9402],[27.3524,44.9332],[27.3458,44.9337],[27.3465,44.9402]]],[[[27.3325,44.9454],[27.3408,44.9344],[27.3324,44.9373],[27.3325,44.9454]]],[[[27.3155,44.9291],[27.3028,44.9506],[27.3194,44.9414],[27.3155,44.9291]]],[[[27.3848,44.9384],[27.3908,44.9443],[27.397,44.9375],[27.3848,44.9384]]],[[[27.3552,44.9402],[27.3522,44.9429],[27.3657,44.9439],[27.3552,44.9402]]],[[[27.4291,44.9442],[27.4393,44.9529],[27.4384,44.9443],[27.4291,44.9442]]],[[[27.3875,45.1117],[27.3842,45.1245],[27.3941,45.1124],[27.3875,45.1117]]],[[[27.3913,45.1447],[27.3994,45.1501],[27.3924,45.1428],[27.3913,45.1447]]],[[[27.2929,45.1588],[27.2874,45.1698],[27.2971,45.1695],[27.2929,45.1588]]],[[[27.3669,45.2267],[27.3672,45.2357],[27.3713,45.2347],[27.3669,45.2267]]],[[[27.28,45.2476],[27.2825,45.2414],[27.2768,45.2426],[27.28,45.2476]]],[[[27.3775,45.2533],[27.3803,45.2441],[27.3834,45.243],[27.3756,45.2416],[27.3698,45.2475],[27.3775,45.2533]]],[[[27.279,45.2544],[27.2725,45.2518],[27.2671,45.2539],[27.279,45.2544]]],[[[27.3811,45.2688],[27.3753,45.2642],[27.362,45.2636],[27.3811,45.2688]]],[[[27.4117,45.2852],[27.3964,45.2867],[27.3938,45.2892],[27.4117,45.2852]]],[[[27.4258,45.2921],[27.4383,45.3051],[27.4373,45.2932],[27.4258,45.2921]]],[[[27.3563,45.2977],[27.3595,45.3056],[27.3637,45.3027],[27.3563,45.2977]]],[[[27.3942,45.3146],[27.3861,45.3148],[27.3781,45.3277],[27.3942,45.3146]]],[[[27.3375,45.3254],[27.3561,45.3324],[27.3599,45.3311],[27.3509,45.3213],[27.3375,45.3254]]],[[[27.4439,45.3291],[27.425,45.3281],[27.4231,45.3358],[27.4439,45.3291]]],[[[27.3783,45.3316],[27.3683,45.3318],[27.3603,45.3328],[27.3783,45.3316]]],[[[27.328,45.4147],[27.3212,45.4239],[27.3304,45.4241],[27.328,45.4147]]],[[[27.3122,45.4392],[27.2934,45.4317],[27.2918,45.4352],[27.3122,45.4392]]],[[[27.3041,45.4511],[27.3166,45.4553],[27.308,45.4462],[27.3041,45.4511]]],[[[27.348,45.46],[27.3268,45.4545],[27.338,45.4642],[27.348,45.46]]],[[[27.434,45.4946],[27.4137,45.4863],[27.4362,45.5001],[27.434,45.4946]]],[[[27.3275,45.5024],[27.3207,45.4985],[27.3194,45.4995],[27.3275,45.5024]]],[[[27.2976,45.5147],[27.2972,45.505],[27.2923,45.513],[27.2976,45.5147]]],[[[27.4104,45.5066],[27.4125,45.5137],[27.4184,45.5117],[27.4104,45.5066]]],[[[27.4201,45.5262],[27.3961,45.5317],[27.4046,45.5318],[27.4201,45.5262]]],[[[27.3123,45.5432],[27.2912,45.5423],[27.3107,45.5532],[27.3123,45.5432]]],[[[27.4327,45.5632],[27.4226,45.5666],[27.4229,45.5701],[27.4327,45.5632]]],[[[27.4113,45.5734],[27.4102,45.5839],[27.4208,45.5741],[27.4113,45.5734]]],[[[27.2779,45.6256],[27.2777,45.6148],[27.2656,45.6177],[27.2779,45.6256]]],[[[27.446,45.6158],[27.4214,45.6249],[27.4167,45.6306],[27.446,45.6158]]],[[[27.2573,45.6468],[27.2471,45.6451],[27.2505,45.6517],[27.2573,45.6468]]],[[[27.2738,45.6505],[27.2815,45.6469],[27.2719,45.6403],[27.2738,45.6505]]],[[[27.2619,45.7116],[27.2655,45.703],[27.2573,45.7048],[27.2619,45.7116]]],[[[27.4185,45.8231],[27.4096,45.8148],[27.4069,45.8182],[27.4185,45.8231]]],[[[27.287,45.9044],[27.2795,45.904],[27.2817,45.9087],[27.287,45.9044]]],[[[27.3191,45.8872],[27.3337,45.9241],[27.3492,45.8895],[27.3191,45.8872]]],[[[27.2964,45.9703],[27.3127,45.9385],[27.2902,45.9319],[27.3176,45.9151],[27.2907,45.9177],[27.2968,45.9045],[27.2895,45.8974],[27.2911,45.9064],[27.2711,45.927],[27.2764,45.9314],[27.2645,45.9344],[27.2532,45.969],[27.2638,45.9636],[27.274,45.9362],[27.2913,45.9391],[27.2907,45.9418],[27.2785,45.9438],[27.2874,45.9496],[27.2757,45.954],[27.2749,45.97],[27.2583,45.9917],[27.2903,45.963],[27.2893,45.9708],[27.2964,45.9703]],[[27.2913,45.9612],[27.2783,45.9604],[27.2928,45.9508],[27.2947,45.941],[27.3013,45.9385],[27.2913,45.9612]],[[27.2628,45.9527],[27.2558,45.9632],[27.26,45.9525],[27.2628,45.9527]]],[[[27.4429,45.9385],[27.4303,45.9555],[27.4351,45.9563],[27.4429,45.9385]]],[[[27.3011,45.983],[27.332,45.9525],[27.3247,45.9305],[27.3011,45.983]]],[[[27.3618,45.9717],[27.3644,45.9618],[27.356,45.9707],[27.3618,45.9717]]],[[[27.2759,45.9784],[27.2727,45.9937],[27.2898,45.9653],[27.2759,45.9784]]],[[[27.2698,45.9733],[27.253,45.9805],[27.254,45.9893],[27.2698,45.9733]]],[[[27.3211,45.9915],[27.3209,45.9754],[27.3105,45.9942],[27.3211,45.9915]]],[[[27.2881,45.9914],[27.2946,45.9969],[27.2991,45.9936],[27.2881,45.9914]]],[[[27.4245,45.9872],[27.4237,46.0092],[27.428,45.9838],[27.4245,45.9872]]],[[[27.3868,45.9956],[27.3672,46.0034],[27.3665,46.0104],[27.3868,45.9956]]],[[[27.429,46.007],[27.4352,46.0156],[27.4336,46.0057],[27.429,46.007]]],[[[27.4268,46.0332],[27.4375,46.0292],[27.4279,46.0287],[27.4268,46.0332]]],[[[27.4159,46.0496],[27.4132,46.0566],[27.4191,46.0424],[27.4159,46.0496]]],[[[27.3732,46.0996],[27.3597,46.1077],[27.3709,46.1199],[27.3732,46.0996]]],[[[27.4294,46.1358],[27.4289,46.1385],[27.4582,46.1203],[27.4294,46.1358]]],[[[27.3943,46.2038],[27.3989,46.2149],[27.4074,46.2085],[27.3943,46.2038]]],[[[27.2714,46.2479],[27.27,46.2565],[27.2768,46.2501],[27.2714,46.2479]]],[[[27.2949,46.256],[27.2811,46.2634],[27.2811,46.272],[27.2949,46.256]]],[[[27.3438,46.2785],[27.3298,46.2656],[27.3338,46.281],[27.3438,46.2785]]],[[[27.3576,46.2904],[27.3716,46.2585],[27.3535,46.2894],[27.3576,46.2904]]],[[[27.4211,46.2907],[27.4249,46.2999],[27.4275,46.2956],[27.4211,46.2907]]],[[[27.3803,46.3226],[27.3827,46.3328],[27.3848,46.3218],[27.3803,46.3226]]],[[[27.2874,46.3928],[27.2854,46.3807],[27.2806,46.376],[27.2793,46.3851],[27.2874,46.3928]]],[[[27.3622,46.4623],[27.3601,46.4505],[27.3569,46.462],[27.3622,46.4623]]],[[[27.3044,46.5168],[27.2992,46.508],[27.2917,46.5186],[27.3044,46.5168]]],[[[27.3863,46.59],[27.3894,46.5681],[27.3828,46.5913],[27.3863,46.59]]],[[[27.3626,46.6244],[27.3562,46.6194],[27.3552,46.6217],[27.3626,46.6244]]],[[[27.2661,46.6604],[27.2428,46.675],[27.2496,46.678],[27.2661,46.6604]]],[[[27.4329,46.6681],[27.4393,46.676],[27.4419,46.6686],[27.4329,46.6681]]],[[[27.4301,46.6994],[27.4193,46.6836],[27.4224,46.6961],[27.4301,46.6994]]],[[[27.3903,46.6989],[27.3964,46.6896],[27.3945,46.6892],[27.3903,46.6989]]],[[[27.3005,46.7087],[27.3123,46.7034],[27.3198,46.7021],[27.3119,46.7006],[27.3005,46.7087]]],[[[27.4069,46.7146],[27.4096,46.7042],[27.4028,46.7155],[27.4069,46.7146]]],[[[27.3741,46.7078],[27.3706,46.7206],[27.3796,46.7089],[27.3741,46.7078]]],[[[27.4291,46.7495],[27.4366,46.7558],[27.4374,46.7543],[27.4291,46.7495]]],[[[27.4303,46.7678],[27.4358,46.7763],[27.4352,46.7619],[27.4303,46.7678]]],[[[27.3618,46.839],[27.3452,46.8377],[27.3624,46.8442],[27.3618,46.839]]],[[[27.2535,46.8586],[27.2478,46.8619],[27.2493,46.8685],[27.2535,46.8586]]],[[[27.2708,46.8832],[27.2656,46.8893],[27.2615,46.8972],[27.2708,46.8832]]],[[[27.3035,46.891],[27.307,46.8944],[27.3128,46.8912],[27.3035,46.891]]],[[[27.4532,47.0636],[27.4437,47.0666],[27.4411,47.0784],[27.4532,47.0636]]],[[[27.3775,47.1865],[27.4079,47.1666],[27.3731,47.1845],[27.3775,47.1865]]],[[[27.2951,47.1914],[27.2875,47.1978],[27.2911,47.1998],[27.2951,47.1914]]],[[[27.3873,47.2019],[27.3798,47.2244],[27.3821,47.2248],[27.3873,47.2019]]],[[[27.3335,47.2647],[27.3251,47.2567],[27.327,47.2708],[27.3335,47.2647]]],[[[27.353,47.302],[27.3631,47.3136],[27.3663,47.3044],[27.353,47.302]]],[[[27.4093,47.3093],[27.3908,47.3152],[27.391,47.3173],[27.4093,47.3093]]],[[[27.2957,47.3498],[27.2996,47.3406],[27.2979,47.3305],[27.2957,47.3498]]],[[[27.433,47.3865],[27.4297,47.3814],[27.4301,47.3873],[27.433,47.3865]]],[[[27.2819,47.3881],[27.2751,47.3852],[27.2674,47.3876],[27.2819,47.3881]]],[[[27.4238,47.396],[27.4077,47.4047],[27.4243,47.4032],[27.4238,47.396]]],[[[27.3149,47.4081],[27.2979,47.4138],[27.3097,47.4129],[27.3149,47.4081]]],[[[27.4447,47.4163],[27.4372,47.4195],[27.4471,47.4176],[27.4447,47.4163]]],[[[27.3838,47.4254],[27.3908,47.4208],[27.3888,47.4176],[27.3838,47.4254]]],[[[27.4315,47.4313],[27.4254,47.4239],[27.418,47.4306],[27.4315,47.4313]]],[[[27.4326,47.4362],[27.4331,47.4477],[27.4394,47.4539],[27.4326,47.4362]]],[[[27.266,47.4488],[27.2479,47.443],[27.2453,47.4543],[27.266,47.4488]]],[[[27.2775,47.4578],[27.3023,47.4451],[27.2745,47.456],[27.2775,47.4578]]],[[[27.4144,47.466],[27.4029,47.4596],[27.4055,47.4722],[27.4144,47.466]]],[[[27.4235,47.4608],[27.4166,47.4637],[27.4177,47.4706],[27.4235,47.4608]]],[[[27.4025,47.461],[27.3994,47.471],[27.3987,47.4796],[27.4025,47.461]]],[[[27.3675,47.488],[27.3568,47.4906],[27.3701,47.492],[27.3675,47.488]]],[[[27.3946,47.5002],[27.3936,47.5085],[27.3996,47.5041],[27.3946,47.5002]]],[[[27.256,47.515],[27.2484,47.5199],[27.2601,47.5168],[27.256,47.515]]],[[[27.3184,47.5182],[27.3065,47.5163],[27.3076,47.5249],[27.3184,47.5182]]],[[[27.3866,47.5238],[27.3855,47.5307],[27.3924,47.5233],[27.3866,47.5238]]],[[[27.2994,47.5502],[27.2956,47.5384],[27.2977,47.551],[27.2994,47.5502]]],[[[27.3683,47.5436],[27.3704,47.5505],[27.373,47.5494],[27.3683,47.5436]]],[[[27.333,47.5635],[27.3164,47.5429],[27.3109,47.5483],[27.333,47.5635]]],[[[27.2806,47.5947],[27.2809,47.6016],[27.2864,47.5952],[27.2806,47.5947]]],[[[27.292,47.6504],[27.2912,47.6335],[27.2833,47.6384],[27.292,47.6504]]],[[[27.2488,47.7079],[27.2517,47.707],[27.2461,47.6981],[27.2488,47.7079]]],[[[27.5815,42.7237],[27.5717,42.7201],[27.5721,42.7227],[27.5815,42.7237]]],[[[27.6338,42.7186],[27.626,42.7204],[27.609,42.7288],[27.6338,42.7186]]],[[[27.5187,42.7439],[27.5099,42.7437],[27.5157,42.7474],[27.5187,42.7439]]],[[[27.5356,42.7671],[27.5569,42.7334],[27.5144,42.7382],[27.5261,42.7379],[27.5356,42.7671]]],[[[27.492,42.7663],[27.5015,42.7489],[27.4849,42.7447],[27.492,42.7663]]],[[[27.6212,42.7716],[27.6211,42.7564],[27.6104,42.7628],[27.6212,42.7716]]],[[[27.5199,42.7652],[27.5111,42.7703],[27.5215,42.7703],[27.5199,42.7652]]],[[[27.4853,42.7654],[27.4953,42.7708],[27.4953,42.7685],[27.4853,42.7654]]],[[[27.6031,42.7672],[27.6106,42.7727],[27.608,42.7645],[27.6031,42.7672]]],[[[27.5406,42.7682],[27.5356,42.7741],[27.5474,42.7728],[27.5406,42.7682]]],[[[27.5994,42.7801],[27.5942,42.7766],[27.5937,42.7796],[27.5994,42.7801]]],[[[27.5917,42.7809],[27.5785,42.7712],[27.5811,42.7864],[27.5917,42.7809]]],[[[27.4856,42.777],[27.4697,42.7772],[27.4635,42.7815],[27.4722,42.7856],[27.4856,42.777]]],[[[27.5404,42.7861],[27.5584,42.7935],[27.5613,42.7886],[27.5404,42.7861]]],[[[27.471,42.7972],[27.4788,42.792],[27.4675,42.7924],[27.471,42.7972]]],[[[27.4868,42.7959],[27.5049,42.7967],[27.5067,42.7947],[27.4868,42.7959]]],[[[27.5617,42.8451],[27.5535,42.8372],[27.5564,42.8506],[27.5617,42.8451]]],[[[27.5144,42.9066],[27.5185,42.8986],[27.5076,42.9051],[27.5144,42.9066]]],[[[27.6428,42.9166],[27.6394,42.9237],[27.6464,42.9175],[27.6428,42.9166]]],[[[27.5771,42.9173],[27.5633,42.9217],[27.5798,42.9184],[27.5771,42.9173]]],[[[27.5526,43.0195],[27.5454,43.0158],[27.5443,43.023],[27.5526,43.0195]]],[[[27.5274,43.0258],[27.517,43.0166],[27.5139,43.0205],[27.5274,43.0258]]],[[[27.5695,43.1634],[27.5635,43.1638],[27.5662,43.1695],[27.5695,43.1634]]],[[[27.4939,43.1709],[27.5069,43.1726],[27.5081,43.1674],[27.4939,43.1709]]],[[[27.4806,43.1731],[27.4775,43.1802],[27.481,43.1764],[27.4806,43.1731]]],[[[27.53,43.1868],[27.5367,43.1823],[27.5323,43.1813],[27.53,43.1868]]],[[[27.4658,43.1932],[27.4603,43.1889],[27.4582,43.1963],[27.4658,43.1932]]],[[[27.5666,43.2133],[27.5739,43.1931],[27.5593,43.2112],[27.5666,43.2133]]],[[[27.6571,43.2149],[27.6437,43.2166],[27.6422,43.2228],[27.6537,43.2227],[27.6571,43.2149]]],[[[27.468,43.2305],[27.4717,43.2367],[27.4743,43.2331],[27.468,43.2305]]],[[[27.6872,43.2495],[27.6795,43.2201],[27.6528,43.2283],[27.6872,43.2495]]],[[[27.6632,43.2453],[27.6554,43.237],[27.6553,43.2424],[27.6632,43.2453]]],[[[27.6144,43.2671],[27.6204,43.2701],[27.6196,43.2642],[27.6144,43.2671]]],[[[27.6077,43.3324],[27.5982,43.337],[27.5971,43.3399],[27.6077,43.3324]]],[[[27.584,43.3363],[27.5815,43.3442],[27.5902,43.3427],[27.584,43.3363]]],[[[27.5647,43.4275],[27.5655,43.4186],[27.5535,43.4231],[27.5647,43.4275]]],[[[27.5495,43.4448],[27.5479,43.4568],[27.5525,43.4446],[27.5495,43.4448]]],[[[27.4602,43.5247],[27.4594,43.5347],[27.463,43.5317],[27.4602,43.5247]]],[[[27.6197,43.7373],[27.6152,43.7451],[27.622,43.7391],[27.6197,43.7373]]],[[[27.4904,44.0071],[27.4943,43.9978],[27.4888,44.0057],[27.4904,44.0071]]],[[[27.4971,44.0124],[27.4932,44.0204],[27.498,44.0202],[27.4971,44.0124]]],[[[27.5697,44.0644],[27.563,44.0695],[27.5718,44.0681],[27.5697,44.0644]]],[[[27.4748,44.0825],[27.4968,44.0812],[27.4919,44.0697],[27.4748,44.0825]]],[[[27.6045,44.0861],[27.594,44.0835],[27.5976,44.0882],[27.6045,44.0861]]],[[[27.5798,44.0726],[27.5435,44.0859],[27.5455,44.0966],[27.578,44.0877],[27.5798,44.0726]]],[[[27.5243,44.1219],[27.528,44.0975],[27.5093,44.1185],[27.5243,44.1219]]],[[[27.5039,44.1255],[27.4891,44.1102],[27.4866,44.126],[27.5039,44.1255]]],[[[27.5142,44.153],[27.5203,44.1393],[27.5078,44.1475],[27.5142,44.153]]],[[[27.666,44.1499],[27.6616,44.1544],[27.6669,44.1546],[27.666,44.1499]]],[[[27.5017,44.2271],[27.4848,44.2295],[27.5026,44.2315],[27.5017,44.2271]]],[[[27.467,44.2286],[27.4567,44.2379],[27.468,44.2382],[27.467,44.2286]]],[[[27.6057,44.2787],[27.6161,44.2784],[27.6104,44.2712],[27.6057,44.2787]]],[[[27.6555,44.588],[27.6456,44.5996],[27.6558,44.6022],[27.6555,44.588]]],[[[27.6531,44.9047],[27.6556,44.8958],[27.6496,44.8973],[27.6531,44.9047]]],[[[27.5448,44.9193],[27.5478,44.9417],[27.5605,44.9399],[27.5448,44.9193]]],[[[27.4819,44.9405],[27.456,44.9514],[27.491,44.948],[27.4819,44.9405]]],[[[27.4629,44.9546],[27.4674,44.96],[27.4756,44.9562],[27.4629,44.9546]]],[[[27.5604,45.2295],[27.5687,45.2251],[27.5634,45.2236],[27.5604,45.2295]]],[[[27.4483,45.2328],[27.4609,45.264],[27.4658,45.2627],[27.4483,45.2328]]],[[[27.5029,45.3739],[27.4913,45.3754],[27.4897,45.3818],[27.5029,45.3739]]],[[[27.4539,45.386],[27.4568,45.3986],[27.4638,45.388],[27.4539,45.386]]],[[[27.6366,45.4024],[27.6188,45.4015],[27.62,45.4044],[27.6366,45.4024]]],[[[27.5973,45.4014],[27.5978,45.4116],[27.6128,45.4079],[27.5973,45.4014]]],[[[27.5137,45.4235],[27.522,45.4214],[27.518,45.4194],[27.5137,45.4235]]],[[[27.5518,45.5099],[27.5524,45.5125],[27.557,45.5219],[27.5518,45.5099]]],[[[27.4619,45.5087],[27.453,45.5257],[27.4655,45.5101],[27.4619,45.5087]]],[[[27.5775,45.5292],[27.5749,45.5363],[27.5807,45.5315],[27.5775,45.5292]]],[[[27.6174,45.5415],[27.6151,45.5355],[27.6123,45.5387],[27.6174,45.5415]]],[[[27.6244,45.5473],[27.595,45.5378],[27.6089,45.5514],[27.6244,45.5473]]],[[[27.668,45.539],[27.644,45.5481],[27.6199,45.5557],[27.6212,45.5594],[27.668,45.539]]],[[[27.5362,45.5466],[27.5246,45.5536],[27.5269,45.5545],[27.5362,45.5466]]],[[[27.5202,45.5523],[27.5099,45.5556],[27.5105,45.5563],[27.5202,45.5523]]],[[[27.5715,45.5756],[27.569,45.566],[27.5656,45.5745],[27.5715,45.5756]]],[[[27.5293,45.5763],[27.5174,45.5674],[27.5152,45.5766],[27.5293,45.5763]]],[[[27.6476,45.5795],[27.6413,45.5879],[27.649,45.5895],[27.6476,45.5795]]],[[[27.5611,45.5999],[27.5527,45.5831],[27.5352,45.6086],[27.5611,45.5999]]],[[[27.6696,45.5894],[27.6523,45.5892],[27.6711,45.6048],[27.6696,45.5894]]],[[[27.4921,45.6011],[27.5016,45.5934],[27.4964,45.5906],[27.4921,45.6011]]],[[[27.5546,45.6275],[27.5497,45.6131],[27.5454,45.627],[27.5546,45.6275]]],[[[27.5773,45.6321],[27.5786,45.6506],[27.5914,45.6376],[27.5773,45.6321]]],[[[27.5457,45.659],[27.5365,45.6417],[27.5321,45.6548],[27.5457,45.659]]],[[[27.6353,45.6677],[27.6371,45.6552],[27.6366,45.6439],[27.6353,45.6677]]],[[[27.573,45.6502],[27.5604,45.6736],[27.5646,45.6746],[27.573,45.6502]]],[[[27.5351,45.6878],[27.527,45.6657],[27.5209,45.6841],[27.5351,45.6878]]],[[[27.6442,45.6857],[27.6405,45.6875],[27.6571,45.6992],[27.6442,45.6857]]],[[[27.5507,45.6957],[27.5618,45.6843],[27.5622,45.6789],[27.556,45.6784],[27.5507,45.6957]]],[[[27.6492,45.6968],[27.6387,45.705],[27.6439,45.7065],[27.6492,45.6968]]],[[[27.5423,45.7189],[27.5198,45.6871],[27.487,45.7331],[27.528,45.7435],[27.5423,45.7189]]],[[[27.4923,45.7123],[27.4974,45.7115],[27.4955,45.7092],[27.4923,45.7123]]],[[[27.5434,45.7537],[27.4975,45.7533],[27.5387,45.7692],[27.5434,45.7537]]],[[[27.6756,45.794],[27.6746,45.7756],[27.6637,45.7751],[27.6842,45.7606],[27.6811,45.748],[27.6557,45.7683],[27.6756,45.794]]],[[[27.5172,45.8377],[27.5248,45.8225],[27.5055,45.8206],[27.5172,45.8377]]],[[[27.4762,45.8441],[27.456,45.8407],[27.4635,45.8631],[27.4762,45.8441]]],[[[27.5709,45.8882],[27.5419,45.8365],[27.5361,45.8363],[27.5596,45.8846],[27.5709,45.8882]]],[[[27.5947,45.8844],[27.6043,45.8778],[27.6153,45.8756],[27.5993,45.8762],[27.5947,45.8844]]],[[[27.6075,45.8849],[27.5895,45.8856],[27.5863,45.8887],[27.5881,45.8916],[27.6068,45.8879],[27.6075,45.8849]]],[[[27.4753,45.8922],[27.4594,45.8867],[27.4595,45.8909],[27.4753,45.8922]]],[[[27.6303,45.8931],[27.6321,45.887],[27.6307,45.8862],[27.6303,45.8931]]],[[[27.6317,45.8832],[27.6643,45.8982],[27.6367,45.8782],[27.6081,45.8821],[27.6317,45.8832]]],[[[27.6278,45.9089],[27.6189,45.9128],[27.6268,45.9177],[27.6278,45.9089]]],[[[27.5116,45.9436],[27.5007,45.9392],[27.5135,45.9478],[27.5116,45.9436]]],[[[27.6501,45.949],[27.6416,45.9347],[27.6416,45.9547],[27.6501,45.949]]],[[[27.4808,46.0054],[27.4886,45.9779],[27.4773,45.9792],[27.4808,46.0054]]],[[[27.6048,46.0036],[27.6136,45.995],[27.602,46.0011],[27.5937,45.9984],[27.6048,46.0036]]],[[[27.5638,46.0503],[27.5681,46.0569],[27.5698,46.0542],[27.5638,46.0503]]],[[[27.5667,46.0608],[27.5598,46.072],[27.5604,46.0748],[27.5667,46.0608]]],[[[27.5574,46.1215],[27.5663,46.1326],[27.5746,46.1301],[27.5574,46.1215]]],[[[27.5416,46.1405],[27.5389,46.1547],[27.5438,46.1415],[27.5416,46.1405]]],[[[27.6795,46.1924],[27.6702,46.1832],[27.664,46.187],[27.6795,46.1924]]],[[[27.5525,46.2181],[27.5651,46.1886],[27.5442,46.1807],[27.5525,46.2181]]],[[[27.6307,46.2202],[27.6246,46.2208],[27.6184,46.2304],[27.6307,46.2202]]],[[[27.6274,46.2765],[27.6301,46.2632],[27.615,46.2766],[27.6274,46.2765]]],[[[27.6257,46.3032],[27.613,46.3228],[27.6344,46.2964],[27.6257,46.3032]]],[[[27.6119,46.3213],[27.6083,46.3119],[27.6064,46.3166],[27.6119,46.3213]]],[[[27.6402,46.3534],[27.6219,46.3306],[27.616,46.3417],[27.6402,46.3534]]],[[[27.6128,46.3589],[27.6176,46.3643],[27.621,46.3575],[27.6128,46.3589]]],[[[27.5317,46.4177],[27.5242,46.4167],[27.528,46.4249],[27.5317,46.4177]]],[[[27.6044,46.4315],[27.6242,46.4127],[27.6209,46.4112],[27.6044,46.4315]]],[[[27.5247,46.4361],[27.5186,46.4268],[27.5176,46.4361],[27.5247,46.4361]]],[[[27.5662,46.4456],[27.5627,46.4657],[27.5685,46.4523],[27.5662,46.4456]]],[[[27.5331,46.6118],[27.5291,46.608],[27.5276,46.6139],[27.5331,46.6118]]],[[[27.6345,46.6162],[27.6371,46.6224],[27.6381,46.6203],[27.6345,46.6162]]],[[[27.4957,46.627],[27.4962,46.638],[27.5037,46.6326],[27.4957,46.627]]],[[[27.6169,46.6348],[27.6408,46.6396],[27.6486,46.6318],[27.6169,46.6348]]],[[[27.5916,46.6411],[27.5809,46.6507],[27.5815,46.6522],[27.5916,46.6411]]],[[[27.4725,46.6502],[27.4775,46.6558],[27.478,46.6468],[27.4725,46.6502]]],[[[27.4591,46.6639],[27.4616,46.6549],[27.4545,46.6629],[27.4591,46.6639]]],[[[27.4701,46.6659],[27.4699,46.6573],[27.4668,46.6641],[27.4701,46.6659]]],[[[27.6247,46.6839],[27.6043,46.6917],[27.6054,46.6946],[27.6247,46.6839]]],[[[27.6387,46.713],[27.6523,46.704],[27.6346,46.712],[27.6387,46.713]]],[[[27.5462,46.723],[27.563,46.7136],[27.5636,46.711],[27.5462,46.723]]],[[[27.6566,46.7375],[27.6565,46.7082],[27.6468,46.7398],[27.6566,46.7375]]],[[[27.5768,46.7229],[27.5866,46.7267],[27.5845,46.72],[27.5768,46.7229]]],[[[27.4544,46.7312],[27.4496,46.7405],[27.4574,46.7333],[27.4544,46.7312]]],[[[27.5616,46.7376],[27.572,46.7377],[27.5826,46.7381],[27.5733,46.736],[27.5616,46.7376]]],[[[27.653,46.7637],[27.6578,46.7689],[27.6614,46.7662],[27.653,46.7637]]],[[[27.6175,46.775],[27.614,46.7642],[27.6084,46.7728],[27.6175,46.775]]],[[[27.4864,46.7686],[27.4899,46.7769],[27.4905,46.7681],[27.4864,46.7686]]],[[[27.5115,46.7847],[27.4967,46.785],[27.5129,46.7855],[27.5115,46.7847]]],[[[27.5351,46.8202],[27.5385,46.8299],[27.5418,46.822],[27.5351,46.8202]]],[[[27.5684,46.8519],[27.5715,46.8527],[27.573,46.8377],[27.5684,46.8519]]],[[[27.5146,46.8637],[27.5048,46.8732],[27.5135,46.8752],[27.5146,46.8637]]],[[[27.6112,46.9133],[27.6148,46.9177],[27.6172,46.9128],[27.6112,46.9133]]],[[[27.5256,46.9198],[27.532,46.9232],[27.5411,46.9123],[27.5256,46.9198]]],[[[27.4792,46.9396],[27.4971,46.9339],[27.4863,46.9326],[27.4792,46.9396]]],[[[27.6015,46.9454],[27.6105,46.9357],[27.5997,46.9393],[27.6015,46.9454]]],[[[27.4859,47.0533],[27.4757,47.0522],[27.4846,47.0614],[27.4859,47.0533]]],[[[27.5667,47.0784],[27.5635,47.0677],[27.5611,47.0775],[27.5665,47.0785],[27.5667,47.0784]]],[[[27.577,47.1026],[27.5771,47.09],[27.5754,47.0909],[27.577,47.1026]]],[[[27.5921,47.1081],[27.5849,47.1055],[27.5741,47.1051],[27.5921,47.1081]]],[[[27.6086,47.1305],[27.6031,47.0869],[27.588,47.0882],[27.6086,47.1305]]],[[[27.6253,47.118],[27.6404,47.1054],[27.6257,47.1035],[27.6253,47.118]]],[[[27.5874,47.1241],[27.5973,47.1142],[27.5863,47.1127],[27.5874,47.1241]]],[[[27.6154,47.1302],[27.651,47.1261],[27.6686,47.1083],[27.6154,47.1302]]],[[[27.5863,47.1256],[27.5839,47.1322],[27.5917,47.1304],[27.5863,47.1256]]],[[[27.5661,47.2078],[27.5967,47.1931],[27.5982,47.1755],[27.5723,47.1925],[27.5661,47.2078]]],[[[27.4874,47.1838],[27.4688,47.1823],[27.4534,47.2079],[27.4767,47.1882],[27.4771,47.2079],[27.4874,47.1838]]],[[[27.5244,47.2246],[27.5346,47.2154],[27.552,47.211],[27.5403,47.1793],[27.5244,47.2246]]],[[[27.4741,47.22],[27.4674,47.2152],[27.4659,47.2226],[27.4741,47.22]]],[[[27.5642,47.2248],[27.5697,47.2191],[27.5864,47.2073],[27.5659,47.215],[27.5642,47.2248]]],[[[27.5463,47.2589],[27.5459,47.2661],[27.5516,47.2619],[27.5463,47.2589]]],[[[27.4875,47.386],[27.5031,47.373],[27.4922,47.3736],[27.4875,47.386]]],[[[27.6795,42.7086],[27.6727,42.7069],[27.6792,42.7116],[27.6795,42.7086]]],[[[27.6769,42.7227],[27.6917,42.7474],[27.6993,42.7456],[27.6769,42.7227]]],[[[27.8528,42.7649],[27.841,42.7658],[27.8265,42.7732],[27.8528,42.7649]]],[[[27.7802,42.8982],[27.8006,42.8846],[27.7789,42.897],[27.7802,42.8982]]],[[[27.794,42.9381],[27.7861,42.9393],[27.7728,42.9466],[27.794,42.9381]]],[[[27.806,43.0604],[27.7993,43.057],[27.7971,43.059],[27.806,43.0604]]],[[[27.7867,43.0984],[27.7813,43.0935],[27.7811,43.1112],[27.7867,43.0984]]],[[[27.8303,43.1014],[27.8215,43.1025],[27.8192,43.1072],[27.8303,43.1014]]],[[[27.7748,43.1075],[27.7683,43.1],[27.7821,43.1134],[27.7748,43.1075]]],[[[27.7401,43.118],[27.732,43.1061],[27.7304,43.1127],[27.7401,43.118]]],[[[27.8353,43.1163],[27.8299,43.1134],[27.8237,43.1176],[27.8353,43.1163]]],[[[27.6754,43.1227],[27.6764,43.1305],[27.6799,43.1253],[27.6754,43.1227]]],[[[27.7724,43.1307],[27.7899,43.124],[27.7798,43.1197],[27.7724,43.1307]]],[[[27.8391,43.1482],[27.8468,43.1428],[27.8396,43.1433],[27.8391,43.1482]]],[[[27.8097,43.1444],[27.8329,43.1424],[27.8182,43.139],[27.8097,43.1444]]],[[[27.7738,43.1619],[27.7645,43.1662],[27.7729,43.168],[27.7738,43.1619]]],[[[27.8099,43.1766],[27.7975,43.1711],[27.7968,43.1806],[27.8099,43.1766]]],[[[27.7881,43.1849],[27.7905,43.1807],[27.7886,43.1702],[27.7793,43.1727],[27.7881,43.1849]]],[[[27.7538,43.1686],[27.7361,43.1837],[27.7803,43.1834],[27.7538,43.1686]]],[[[27.7279,43.1988],[27.7294,43.2087],[27.7336,43.2001],[27.7279,43.1988]]],[[[27.7804,43.203],[27.7637,43.2019],[27.7556,43.2125],[27.7804,43.203]]],[[[27.7268,43.2158],[27.7441,43.2219],[27.7488,43.2127],[27.7268,43.2158]]],[[[27.7354,43.2288],[27.7241,43.2329],[27.7379,43.2346],[27.7354,43.2288]]],[[[27.762,43.2404],[27.7419,43.2512],[27.7671,43.2452],[27.762,43.2404]]],[[[27.8346,43.2568],[27.8386,43.2404],[27.8254,43.2479],[27.8346,43.2568]]],[[[27.7366,43.2622],[27.7394,43.2371],[27.7116,43.2561],[27.7366,43.2622]]],[[[27.6773,43.2521],[27.6802,43.2581],[27.6842,43.2556],[27.6773,43.2521]]],[[[27.7907,43.2579],[27.7807,43.2533],[27.7784,43.2563],[27.7907,43.2579]]],[[[27.8039,43.2574],[27.793,43.2606],[27.7975,43.2681],[27.8039,43.2574]]],[[[27.8225,43.276],[27.8154,43.2677],[27.8072,43.2611],[27.8045,43.2736],[27.8225,43.276]]],[[[27.7279,43.7589],[27.7303,43.7626],[27.7317,43.7601],[27.7279,43.7589]]],[[[27.762,43.8135],[27.7683,43.8147],[27.7644,43.8119],[27.762,43.8135]]],[[[27.8306,44.0648],[27.8249,44.075],[27.8349,44.0714],[27.8306,44.0648]]],[[[27.8038,44.1103],[27.8038,44.0966],[27.7997,44.1031],[27.8038,44.1103]]],[[[27.7812,44.1105],[27.7888,44.1033],[27.7782,44.1089],[27.7812,44.1105]]],[[[27.7309,44.1588],[27.7619,44.1558],[27.76,44.1478],[27.7309,44.1588]]],[[[27.6972,44.1875],[27.6827,44.1738],[27.6765,44.1543],[27.6758,44.1808],[27.6972,44.1875]]],[[[27.796,44.2083],[27.8435,44.1921],[27.8337,44.1629],[27.796,44.2083]]],[[[27.7537,44.3555],[27.7423,44.3404],[27.7046,44.3202],[27.697,44.3224],[27.7537,44.3555]]],[[[27.7962,44.358],[27.7812,44.3589],[27.8133,44.3654],[27.7962,44.358]]],[[[27.7087,44.5431],[27.6987,44.5494],[27.7052,44.5508],[27.7087,44.5431]]],[[[27.7302,44.8238],[27.7268,44.8122],[27.7265,44.8235],[27.7302,44.8238]]],[[[27.7299,44.8723],[27.7376,44.8598],[27.7305,44.86],[27.7299,44.8723]]],[[[27.6702,44.8677],[27.6954,44.8807],[27.695,44.8676],[27.6702,44.8677]]],[[[27.7392,45.3543],[27.7244,45.3486],[27.7245,45.3517],[27.7392,45.3543]]],[[[27.6973,45.3826],[27.7024,45.3841],[27.7028,45.3776],[27.6973,45.3826]]],[[[27.821,45.4536],[27.8133,45.4437],[27.8147,45.4544],[27.821,45.4536]]],[[[27.7999,45.4621],[27.8074,45.4562],[27.7966,45.4567],[27.7999,45.4621]]],[[[27.794,45.4756],[27.7614,45.4818],[27.7632,45.5035],[27.794,45.4756]]],[[[27.7868,45.498],[27.7926,45.4921],[27.7883,45.4904],[27.7868,45.498]]],[[[27.7411,45.5265],[27.7386,45.506],[27.734,45.51],[27.7411,45.5265]]],[[[27.719,45.5132],[27.7298,45.5254],[27.7267,45.5108],[27.719,45.5132]]],[[[27.7584,45.5221],[27.7513,45.5049],[27.761,45.5313],[27.7584,45.5221]]],[[[27.7561,45.5594],[27.752,45.5553],[27.7632,45.5844],[27.7561,45.5594]]],[[[27.8305,45.5491],[27.8384,45.594],[27.834,45.5484],[27.8305,45.5491]]],[[[27.7742,45.5446],[27.7683,45.5738],[27.8065,45.6077],[27.7742,45.5446]]],[[[27.7788,45.5998],[27.7637,45.5857],[27.7636,45.6018],[27.7788,45.5998]]],[[[27.8136,45.6235],[27.8272,45.6053],[27.8263,45.5735],[27.8136,45.6235]]],[[[27.7745,45.6265],[27.7865,45.6152],[27.7743,45.6128],[27.7745,45.6265]]],[[[27.8401,45.6415],[27.8348,45.6288],[27.8336,45.6291],[27.8372,45.6408],[27.8401,45.6415]]],[[[27.8271,45.692],[27.8179,45.6846],[27.8221,45.6949],[27.8271,45.692]]],[[[27.7314,45.6888],[27.7195,45.6892],[27.7237,45.6952],[27.7314,45.6888]]],[[[27.7971,45.7038],[27.8057,45.6779],[27.7996,45.653],[27.7895,45.6794],[27.7949,45.6805],[27.7934,45.716],[27.8048,45.7442],[27.7971,45.7038]]],[[[27.8062,45.7139],[27.8091,45.6932],[27.8026,45.6944],[27.8062,45.7139]]],[[[27.7215,45.711],[27.7319,45.7191],[27.7264,45.7098],[27.7215,45.711]]],[[[27.6994,45.7285],[27.6939,45.7154],[27.6962,45.7285],[27.6994,45.7285]]],[[[27.7319,45.7161],[27.7456,45.7284],[27.7391,45.717],[27.7319,45.7161]]],[[[27.8277,45.714],[27.8287,45.7401],[27.833,45.7518],[27.8357,45.7499],[27.8311,45.7165],[27.8277,45.714]]],[[[27.8321,45.7775],[27.8383,45.7677],[27.8332,45.7674],[27.8321,45.7775]]],[[[27.7465,45.7786],[27.7326,45.7635],[27.7553,45.8011],[27.7465,45.7786]]],[[[27.6951,45.7779],[27.6932,45.7956],[27.7078,45.7856],[27.6951,45.7779]]],[[[27.7411,45.8039],[27.7469,45.8001],[27.7407,45.7833],[27.7411,45.8039]]],[[[27.6931,45.8119],[27.6839,45.7963],[27.6915,45.8236],[27.6931,45.8119]]],[[[27.8216,45.7926],[27.8062,45.8475],[27.8107,45.8486],[27.8216,45.7926]]],[[[27.8323,45.8256],[27.8358,45.8454],[27.8341,45.823],[27.8323,45.8256]]],[[[27.8262,45.8309],[27.8275,45.8498],[27.8275,45.8298],[27.8262,45.8309]]],[[[27.7403,45.8455],[27.7603,45.8491],[27.7595,45.8245],[27.7403,45.8455]]],[[[27.6879,45.8477],[27.6776,45.8466],[27.696,45.8511],[27.6879,45.8477]]],[[[27.7787,45.8499],[27.7794,45.8623],[27.7836,45.85],[27.7787,45.8499]]],[[[27.7901,45.8505],[27.787,45.8651],[27.7943,45.8513],[27.7901,45.8505]]],[[[27.71,45.8725],[27.6883,45.8599],[27.6784,45.8688],[27.71,45.8725]]],[[[27.804,45.8641],[27.7966,45.8639],[27.7882,45.8826],[27.7952,45.9069],[27.804,45.8641]]],[[[27.7825,45.9128],[27.766,45.9051],[27.7628,45.9222],[27.7768,45.9207],[27.7825,45.9128]]],[[[27.6898,45.9134],[27.6968,45.9059],[27.6937,45.9049],[27.6898,45.9134]]],[[[27.7769,45.9316],[27.7843,45.9178],[27.7833,45.9173],[27.7769,45.9316]]],[[[27.8183,45.9077],[27.7838,45.934],[27.7759,45.9536],[27.795,45.9508],[27.8183,45.9077]]],[[[27.7455,45.9376],[27.744,45.9288],[27.7391,45.9385],[27.7455,45.9376]]],[[[27.7227,45.9337],[27.7294,45.9343],[27.7254,45.931],[27.7227,45.9337]]],[[[27.8222,45.9383],[27.8142,45.9464],[27.8211,45.9476],[27.8222,45.9383]]],[[[27.7585,45.9434],[27.77,45.9353],[27.7586,45.9363],[27.7585,45.9434]]],[[[27.6839,45.9497],[27.6767,45.954],[27.6885,45.957],[27.6839,45.9497]]],[[[27.7595,45.9719],[27.751,45.9593],[27.7533,45.9749],[27.7595,45.9719]]],[[[27.7927,45.9626],[27.7908,46.0064],[27.8002,45.9448],[27.7927,45.9626]]],[[[27.738,45.9808],[27.7337,45.9899],[27.7366,45.9911],[27.738,45.9808]]],[[[27.7228,45.9814],[27.7286,45.988],[27.7274,45.9805],[27.7228,45.9814]]],[[[27.6948,46.0978],[27.6742,46.0804],[27.6677,46.0879],[27.672,46.0959],[27.6837,46.1004],[27.6948,46.0978]]],[[[27.7017,46.1122],[27.7375,46.0933],[27.7305,46.0901],[27.7017,46.1122]]],[[[27.7585,46.1407],[27.7579,46.1336],[27.7529,46.1313],[27.7585,46.1407]]],[[[27.7297,46.1445],[27.7303,46.131],[27.7257,46.1298],[27.7297,46.1445]]],[[[27.7371,46.1512],[27.7462,46.1361],[27.7399,46.1358],[27.7371,46.1512]]],[[[27.8316,46.1532],[27.8401,46.1621],[27.8374,46.1447],[27.8316,46.1532]]],[[[27.8283,46.147],[27.8137,46.1586],[27.8159,46.1628],[27.8283,46.147]]],[[[27.6857,46.1702],[27.6851,46.1425],[27.6718,46.1487],[27.6857,46.1702]]],[[[27.8361,46.1889],[27.828,46.1722],[27.8254,46.1929],[27.8361,46.1889]]],[[[27.7862,46.2105],[27.7722,46.2093],[27.754,46.2038],[27.7651,46.2163],[27.7862,46.2105]]],[[[27.7527,46.2583],[27.7474,46.2679],[27.7538,46.2596],[27.7527,46.2583]]],[[[27.6875,46.2678],[27.6934,46.2808],[27.6897,46.2662],[27.6875,46.2678]]],[[[27.8072,46.2908],[27.8115,46.2947],[27.8125,46.2912],[27.8072,46.2908]]],[[[27.6901,46.31],[27.6843,46.3038],[27.6845,46.3118],[27.6901,46.31]]],[[[27.7751,46.303],[27.7695,46.3116],[27.7758,46.3145],[27.7751,46.303]]],[[[27.8274,46.329],[27.8304,46.3183],[27.8193,46.3315],[27.8274,46.329]]],[[[27.8058,46.3427],[27.8037,46.331],[27.7949,46.3374],[27.8058,46.3427]]],[[[27.6982,46.3342],[27.6929,46.3384],[27.6936,46.3477],[27.6982,46.3342]]],[[[27.6751,46.3643],[27.6773,46.3644],[27.6813,46.3638],[27.6751,46.3643]]],[[[27.8312,46.459],[27.8559,46.4571],[27.8438,46.4298],[27.8312,46.459]]],[[[27.7108,46.462],[27.7111,46.4467],[27.7046,46.4605],[27.7108,46.462]]],[[[27.7337,46.4621],[27.7212,46.4679],[27.7342,46.4652],[27.7337,46.4621]]],[[[27.8409,46.4684],[27.8425,46.4756],[27.846,46.4713],[27.8409,46.4684]]],[[[27.7745,46.5516],[27.7523,46.5459],[27.7401,46.561],[27.7533,46.561],[27.7745,46.5516]]],[[[27.7501,46.5826],[27.7475,46.5727],[27.7401,46.5837],[27.7501,46.5826]]],[[[27.7218,46.5764],[27.706,46.5853],[27.694,46.5874],[27.7054,46.5881],[27.7218,46.5764]]],[[[27.8042,46.5911],[27.8109,46.586],[27.8059,46.5833],[27.8042,46.5911]]],[[[27.6837,46.6],[27.6703,46.6027],[27.6858,46.6067],[27.6837,46.6]]],[[[27.8199,46.6007],[27.8099,46.6155],[27.8231,46.6019],[27.8199,46.6007]]],[[[27.7997,46.6067],[27.7913,46.6114],[27.8028,46.6104],[27.7997,46.6067]]],[[[27.8018,46.6372],[27.7943,46.6282],[27.7918,46.6395],[27.8018,46.6372]]],[[[27.697,46.6253],[27.6904,46.6346],[27.6807,46.6427],[27.6914,46.6356],[27.6921,46.6324],[27.6946,46.6313],[27.6944,46.6297],[27.696,46.6285],[27.697,46.6253]]],[[[27.8482,46.6439],[27.8299,46.6651],[27.8277,46.6666],[27.833,46.6682],[27.8482,46.6439]]],[[[27.7107,46.6517],[27.6964,46.6713],[27.7108,46.6564],[27.7107,46.6517]]],[[[27.8231,46.6579],[27.8173,46.6707],[27.8236,46.6582],[27.8231,46.6579]]],[[[27.7338,46.6685],[27.7267,46.6548],[27.7221,46.676],[27.7338,46.6685]]],[[[27.7971,46.6948],[27.7846,46.6888],[27.7859,46.6926],[27.7971,46.6948]]],[[[27.7239,46.708],[27.7306,46.6877],[27.7091,46.7145],[27.7239,46.708]]],[[[27.8339,46.7249],[27.8436,46.7162],[27.8459,46.7097],[27.8339,46.7249]]],[[[27.7791,46.7331],[27.7875,46.7491],[27.7834,46.7291],[27.7791,46.7331]]],[[[27.7406,46.7483],[27.7547,46.7439],[27.7398,46.746],[27.7406,46.7483]]],[[[27.6952,46.7915],[27.6825,46.7952],[27.681,46.8018],[27.6952,46.7915]]],[[[27.7817,46.815],[27.7709,46.822],[27.7781,46.8267],[27.7817,46.815]]],[[[27.7281,46.8506],[27.7223,46.8566],[27.7263,46.8574],[27.7281,46.8506]]],[[[27.6957,46.8715],[27.6906,46.8707],[27.6877,46.8773],[27.6957,46.8715]]],[[[27.7429,46.8737],[27.7544,46.8721],[27.7404,46.8714],[27.7429,46.8737]]],[[[27.8426,46.9011],[27.8388,46.9025],[27.854,46.9028],[27.8426,46.9011]]],[[[27.7964,46.8971],[27.7811,46.9197],[27.7826,46.9249],[27.7958,46.9074],[27.7964,46.8971]]],[[[27.8333,46.9293],[27.8277,46.9226],[27.8257,46.9233],[27.8333,46.9293]]],[[[27.6937,46.9368],[27.7025,46.9259],[27.7005,46.9231],[27.6937,46.9368]]],[[[27.8432,47.0047],[27.8367,46.992],[27.8186,46.9956],[27.8322,47.0007],[27.8371,47.0104],[27.8357,47.0162],[27.8432,47.0047]]],[[[27.8251,47.0144],[27.8351,47.0132],[27.8293,47.0055],[27.8251,47.0144]]],[[[27.7827,47.0237],[27.7845,47.0325],[27.79,47.0267],[27.7827,47.0237]]],[[[27.8603,47.0327],[27.8138,47.0299],[27.8099,47.035],[27.8603,47.0327]]],[[[27.8262,47.043],[27.8155,47.0402],[27.8038,47.0423],[27.8262,47.043]]],[[[27.8036,47.0481],[27.789,47.036],[27.7774,47.0441],[27.8036,47.0481]]],[[[27.7734,47.0562],[27.7698,47.0443],[27.7635,47.0446],[27.7734,47.0562]]],[[[27.7633,47.0545],[27.7464,47.0562],[27.764,47.056],[27.7633,47.0545]]],[[[27.7966,47.054],[27.8047,47.0568],[27.8263,47.0464],[27.7966,47.054]]],[[[27.7884,47.0737],[27.7685,47.0847],[27.7655,47.0849],[27.7744,47.0844],[27.7884,47.0737]]],[[[27.7706,47.1011],[27.7806,47.0831],[27.7553,47.0963],[27.7706,47.1011]]],[[[27.7285,47.1002],[27.7222,47.1076],[27.7453,47.1027],[27.7285,47.1002]]],[[[27.7652,47.1117],[27.7934,47.0975],[27.7482,47.1055],[27.7652,47.1117]]],[[[27.7225,47.1102],[27.7035,47.1108],[27.6918,47.1075],[27.7012,47.1229],[27.7225,47.1102]]],[[[27.7333,47.1231],[27.7112,47.12],[27.7028,47.1269],[27.7333,47.1231]]],[[[27.7146,47.2076],[27.7232,47.1928],[27.7213,47.1728],[27.7056,47.2025],[27.7146,47.2076]]],[[[27.679,47.2259],[27.6843,47.2228],[27.6844,47.2168],[27.679,47.2259]]],[[[27.8893,42.7565],[27.8721,42.7595],[27.8667,42.7626],[27.8893,42.7565]]],[[[27.8821,42.8031],[27.8831,42.809],[27.8855,42.8053],[27.8821,42.8031]]],[[[27.9005,42.8568],[27.8866,42.8657],[27.8961,42.8677],[27.9005,42.8568]]],[[[27.8743,42.8806],[27.8648,42.8876],[27.8565,42.894],[27.8743,42.8806]]],[[[27.8912,42.8972],[27.8941,42.8798],[27.8737,42.8883],[27.8912,42.8972]]],[[[27.8883,42.8988],[27.8598,42.8982],[27.8564,42.9015],[27.8655,42.9047],[27.8883,42.8988]]],[[[27.8568,43.0917],[27.873,43.0906],[27.8564,43.0904],[27.8568,43.0917]]],[[[27.8495,43.1353],[27.8614,43.1312],[27.8615,43.1267],[27.8495,43.1353]]],[[[27.8814,43.1424],[27.9078,43.1375],[27.9171,43.1302],[27.905,43.1235],[27.8814,43.1424]]],[[[27.9237,43.1466],[27.9273,43.1374],[27.9193,43.1449],[27.9237,43.1466]]],[[[27.9065,43.1405],[27.8987,43.1434],[27.8925,43.1513],[27.9065,43.1405]]],[[[27.9326,43.1578],[27.9341,43.1486],[27.9274,43.1482],[27.9326,43.1578]]],[[[27.9311,43.1551],[27.9204,43.1577],[27.9289,43.1623],[27.9311,43.1551]]],[[[27.8507,43.2358],[27.8422,43.2322],[27.836,43.2381],[27.8507,43.2358]]],[[[27.8697,43.2619],[27.8729,43.2539],[27.8672,43.2606],[27.8697,43.2619]]],[[[28.0091,43.3279],[27.9922,43.3305],[28.0086,43.3335],[28.0091,43.3279]]],[[[28.0075,43.349],[27.9985,43.3535],[28.0078,43.3533],[28.0075,43.349]]],[[[28.0153,43.36],[27.992,43.3576],[28.0147,43.3625],[28.0153,43.36]]],[[[28.02,43.359],[28.0282,43.3631],[28.0205,43.3561],[28.02,43.359]]],[[[27.893,44.112],[27.897,44.1039],[27.8923,44.1049],[27.893,44.112]]],[[[28.0187,44.1299],[28.0104,44.1323],[28.017,44.1364],[28.0187,44.1299]]],[[[28.0262,44.1422],[28.018,44.1513],[28.0375,44.1424],[28.0262,44.1422]]],[[[27.8651,44.1879],[27.8678,44.1999],[27.8696,44.1963],[27.8651,44.1879]]],[[[27.9079,44.2163],[27.9298,44.2198],[27.9276,44.2053],[27.9079,44.2163]]],[[[27.9477,44.2198],[27.9319,44.2142],[27.9398,44.2427],[27.9477,44.2198]]],[[[27.9626,44.2546],[27.9906,44.2027],[27.9443,44.2516],[27.9626,44.2546]]],[[[27.9266,44.2309],[27.9003,44.2263],[27.8998,44.2341],[27.9266,44.2309]]],[[[28.0323,44.2488],[28.0325,44.255],[28.0392,44.2499],[28.0323,44.2488]]],[[[27.9985,44.2412],[28.0197,44.2456],[28.0029,44.2317],[27.9577,44.2587],[27.9796,44.2779],[27.9985,44.2412]]],[[[28.0509,44.2814],[28.0237,44.2721],[27.9846,44.2844],[28.0257,44.2925],[28.0294,44.3253],[28.0359,44.2959],[28.0509,44.2814]]],[[[28.0515,44.3182],[28.0468,44.3128],[28.0416,44.3205],[28.0515,44.3182]]],[[[28.0467,44.3094],[28.0385,44.3102],[28.0301,44.3338],[28.0467,44.3094]]],[[[27.841,44.4026],[27.8554,44.3965],[27.8455,44.3863],[27.841,44.4026]]],[[[28.0414,44.5665],[28.0356,44.5581],[28.0337,44.5673],[28.0414,44.5665]]],[[[27.9385,45.4236],[27.9283,45.4162],[27.9246,45.4252],[27.9385,45.4236]]],[[[27.8784,45.4258],[27.8702,45.437],[27.8799,45.4293],[27.8784,45.4258]]],[[[27.8398,45.4445],[27.8504,45.4548],[27.8506,45.4386],[27.8398,45.4445]]],[[[27.931,45.4742],[27.9387,45.4817],[27.9374,45.4751],[27.931,45.4742]]],[[[28.014,45.5042],[28.0061,45.4832],[27.9981,45.499],[28.014,45.5042]]],[[[27.9474,45.5218],[27.9439,45.4862],[27.9415,45.486],[27.9436,45.5214],[27.9474,45.5218]]],[[[27.9542,45.5126],[27.9608,45.5221],[27.9533,45.5069],[27.9505,45.4924],[27.9487,45.4927],[27.9542,45.5126]]],[[[27.992,45.557],[27.961,45.5117],[27.9533,45.4819],[27.9482,45.4777],[27.956,45.5107],[27.984,45.5583],[27.992,45.557]]],[[[27.8694,45.5297],[27.8698,45.5197],[27.8634,45.5205],[27.8694,45.5297]]],[[[28.0298,45.586],[28.0387,45.5628],[28.0187,45.5667],[28.0298,45.586]]],[[[28.0118,45.5919],[28.0214,45.5915],[28.0244,45.5909],[28.0143,45.5808],[28.0102,45.5826],[28.0118,45.5919]]],[[[28.0342,45.6196],[28.0336,45.5915],[28.0187,45.6171],[28.0342,45.6196]]],[[[27.9983,45.5877],[27.9866,45.6049],[28.0157,45.6233],[27.9983,45.5877]]],[[[28.0531,45.6251],[28.0415,45.6082],[28.0369,45.6188],[28.0531,45.6251]]],[[[28.0332,45.627],[28.0253,45.6426],[28.0232,45.6498],[28.0332,45.627]]],[[[28.0453,45.6601],[28.0461,45.6471],[28.029,45.6675],[28.0453,45.6601]]],[[[27.9869,45.6745],[27.9955,45.6662],[27.9885,45.6666],[27.9869,45.6745]]],[[[27.8559,45.6749],[27.8648,45.6854],[27.8505,45.6646],[27.8559,45.6749]]],[[[27.9789,45.6785],[27.9594,45.6804],[27.9789,45.6826],[27.9789,45.6785]]],[[[27.9983,45.6825],[27.998,45.6864],[27.9998,45.6845],[27.9983,45.6825]]],[[[27.8787,45.6895],[27.8872,45.693],[27.8868,45.6887],[27.8787,45.6895]]],[[[27.8823,45.6973],[27.8944,45.7214],[27.8928,45.6968],[27.8823,45.6973]]],[[[27.9725,45.7279],[27.9977,45.6948],[27.9782,45.6964],[27.9725,45.7279]]],[[[27.8844,45.7378],[27.8849,45.7038],[27.8809,45.6986],[27.8805,45.7194],[27.8844,45.7378]]],[[[27.8476,45.722],[27.856,45.729],[27.8505,45.7183],[27.8476,45.722]]],[[[27.9347,45.7256],[27.9158,45.7201],[27.927,45.7521],[27.9347,45.7256]]],[[[27.8583,45.7327],[27.8513,45.7365],[27.8553,45.7458],[27.8583,45.7327]]],[[[27.8933,45.7423],[27.8945,45.7489],[27.8956,45.7438],[27.8933,45.7423]]],[[[28.037,45.7561],[28.0434,45.7385],[28.0319,45.7378],[28.037,45.7561]]],[[[28.0255,45.7828],[28.0235,45.7735],[28.0139,45.7789],[28.0255,45.7828]]],[[[28.0335,45.8108],[28.0371,45.7739],[28.032,45.7967],[28.0335,45.8108]]],[[[28.0451,45.7993],[28.0528,45.7994],[28.0472,45.7912],[28.0451,45.7993]]],[[[27.8529,45.7972],[27.8617,45.8051],[27.8586,45.7968],[27.8529,45.7972]]],[[[27.9866,45.8184],[28.0085,45.7819],[27.9976,45.7876],[27.9908,45.801],[27.9866,45.8184]]],[[[27.9867,45.7983],[27.9845,45.8178],[27.9893,45.7996],[27.9867,45.7983]]],[[[27.9062,45.8086],[27.9055,45.8121],[27.9094,45.8065],[27.9062,45.8086]]],[[[27.9532,45.8183],[27.9714,45.8223],[27.9613,45.8069],[27.973,45.812],[27.9852,45.796],[27.9642,45.8004],[27.9432,45.8156],[27.9244,45.8477],[27.9529,45.8504],[27.9532,45.8183]]],[[[27.8548,45.8169],[27.849,45.831],[27.8544,45.8312],[27.8548,45.8169]]],[[[27.96,45.8517],[27.971,45.8238],[27.9621,45.8205],[27.96,45.8517]]],[[[27.855,45.834],[27.8546,45.8445],[27.8648,45.8434],[27.855,45.834]]],[[[27.9157,45.8802],[27.9055,45.8558],[27.942,45.8101],[27.8971,45.8505],[27.8909,45.8925],[27.9157,45.8802]]],[[[27.9691,45.8944],[27.9685,45.8817],[27.9645,45.8819],[27.9691,45.8944]]],[[[27.8615,45.9],[27.8376,45.9002],[27.862,45.8933],[27.8615,45.8792],[27.8546,45.8783],[27.8333,45.9042],[27.8479,45.9133],[27.8615,45.9]]],[[[28.0252,45.9075],[28.0384,45.9274],[28.036,45.8962],[28.0252,45.9075]]],[[[27.9389,45.9122],[27.9371,45.9372],[27.9403,45.9375],[27.9389,45.9122]]],[[[28.0067,45.9319],[28.0086,45.9457],[28.0126,45.9266],[28.0067,45.9319]]],[[[27.8926,45.9377],[27.8952,45.945],[27.898,45.9381],[27.8926,45.9377]]],[[[27.8739,45.9579],[27.8807,45.9477],[27.8769,45.947],[27.8739,45.9579]]],[[[27.9444,45.946],[27.9409,45.9604],[27.9471,45.9606],[27.9444,45.946]]],[[[27.9291,45.9523],[27.9311,45.9587],[27.935,45.9508],[27.9291,45.9523]]],[[[27.9244,45.9802],[27.9226,45.9702],[27.9201,45.9797],[27.9244,45.9802]]],[[[27.8879,45.9581],[27.8749,45.9814],[27.8845,45.9929],[27.8879,45.9581]]],[[[28.0176,46.0047],[28.0246,45.9899],[28.0232,45.9825],[28.0166,45.9818],[28.0176,46.0047]]],[[[28.0019,46.018],[28.0054,45.995],[27.9998,45.9885],[27.9937,45.988],[28.0019,46.018]]],[[[28.0333,46.0029],[28.0123,46.0217],[28.0108,46.0346],[28.0333,46.0029]]],[[[28.0362,46.0426],[28.0363,46.0259],[28.0205,46.0522],[28.0362,46.0426]]],[[[27.8809,46.0863],[27.9019,46.0599],[27.9003,46.0547],[27.8809,46.0863]]],[[[28.0188,46.0747],[28.0263,46.0778],[28.037,46.0643],[28.0188,46.0747]]],[[[27.8985,46.0697],[27.8949,46.0847],[27.9003,46.0698],[27.8985,46.0697]]],[[[27.935,46.0879],[27.9352,46.0717],[27.9223,46.0866],[27.935,46.0879]]],[[[28.0074,46.0839],[27.9945,46.1001],[28.0147,46.0843],[28.0074,46.0839]]],[[[28.0108,46.0931],[28.0074,46.0985],[28.0163,46.0938],[28.0108,46.0931]]],[[[27.8979,46.0879],[27.8866,46.1032],[27.8948,46.1038],[27.8979,46.0879]]],[[[27.8735,46.0971],[27.8637,46.0997],[27.8687,46.1025],[27.8735,46.0971]]],[[[27.9904,46.0983],[27.9778,46.1072],[27.9734,46.1132],[27.9835,46.1169],[27.9904,46.0983]]],[[[28.0205,46.1275],[28.0277,46.1158],[28.0294,46.1037],[28.0205,46.1275]]],[[[28.019,46.1233],[28.0001,46.1198],[27.9972,46.131],[28.0061,46.1336],[28.019,46.1233]]],[[[27.8951,46.1445],[27.897,46.1393],[27.8934,46.1431],[27.8951,46.1445]]],[[[28.0077,46.1554],[28.0021,46.1529],[27.9976,46.1588],[28.0077,46.1554]]],[[[27.9835,46.1518],[27.99,46.1609],[27.9948,46.1566],[27.9835,46.1518]]],[[[27.9456,46.1831],[27.9565,46.1651],[27.9362,46.1847],[27.9456,46.1831]]],[[[27.9223,46.1963],[27.9182,46.1898],[27.9201,46.202],[27.9223,46.1963]]],[[[27.9413,46.1973],[27.9344,46.1928],[27.9298,46.2047],[27.9413,46.1973]]],[[[27.9494,46.1933],[27.9562,46.2069],[27.9668,46.199],[27.9494,46.1933]]],[[[28.0209,46.2385],[28.0255,46.2505],[28.0226,46.2316],[28.0209,46.2385]]],[[[27.9484,46.2628],[27.9186,46.2909],[27.9364,46.2862],[27.9484,46.2628]]],[[[27.9012,46.2711],[27.8869,46.294],[27.9124,46.2745],[27.9012,46.2711]]],[[[27.8768,46.2989],[27.8827,46.2909],[27.8822,46.2874],[27.8768,46.2989]]],[[[27.9033,46.303],[27.9121,46.3004],[27.9121,46.299],[27.9033,46.303]]],[[[27.86,46.3418],[27.866,46.3475],[27.866,46.3399],[27.86,46.3418]]],[[[27.9062,46.3387],[27.8791,46.3455],[27.8831,46.3558],[27.9062,46.3387]]],[[[27.9717,46.3947],[27.9633,46.4047],[27.9748,46.3954],[27.9717,46.3947]]],[[[27.9817,46.4349],[27.9977,46.4183],[27.9921,46.409],[27.9817,46.4349]]],[[[27.9692,46.4268],[27.9647,46.4265],[27.9543,46.4419],[27.9592,46.4441],[27.9657,46.4357],[27.9692,46.4268]]],[[[27.8711,46.4345],[27.883,46.4442],[27.8762,46.4331],[27.8711,46.4345]]],[[[28.0273,46.4418],[28.0235,46.4498],[28.0299,46.4451],[28.0273,46.4418]]],[[[27.9533,46.4466],[27.9269,46.4561],[27.9237,46.4659],[27.9533,46.4466]]],[[[27.9753,46.4676],[27.9805,46.4523],[27.971,46.4665],[27.9753,46.4676]]],[[[28.0133,46.4692],[28.0216,46.4653],[28.015,46.4622],[28.0133,46.4692]]],[[[27.948,46.4861],[27.9638,46.4723],[27.9669,46.4611],[27.948,46.4861]]],[[[27.9351,46.4811],[27.9347,46.4679],[27.9282,46.4817],[27.9351,46.4811]]],[[[27.978,46.4925],[27.9865,46.4886],[27.9838,46.4852],[27.978,46.4925]]],[[[27.8746,46.5201],[27.8676,46.5229],[27.885,46.5221],[27.8746,46.5201]]],[[[27.8624,46.5304],[27.8565,46.5193],[27.8397,46.5185],[27.8418,46.5262],[27.8624,46.5304]]],[[[27.9538,46.5435],[27.9789,46.5216],[27.979,46.5167],[27.9538,46.5435]]],[[[27.8647,46.5585],[27.867,46.5641],[27.8744,46.5554],[27.8647,46.5585]]],[[[28.0066,46.5798],[28.03,46.5608],[27.9984,46.5753],[28.0066,46.5798]]],[[[27.8548,46.5714],[27.8436,46.5685],[27.8666,46.5811],[27.8548,46.5714]]],[[[27.8904,46.5792],[27.9057,46.5791],[27.9051,46.5718],[27.8904,46.5792]]],[[[27.9507,46.6184],[27.9535,46.622],[27.9638,46.6159],[27.9507,46.6184]]],[[[27.9728,46.6383],[27.9728,46.6278],[27.9593,46.6248],[27.9654,46.6268],[27.9674,46.6358],[27.9728,46.6383]]],[[[27.8586,46.6353],[27.8548,46.632],[27.8578,46.6428],[27.8586,46.6353]]],[[[27.9268,46.6555],[27.9369,46.6659],[27.9276,46.6537],[27.9268,46.6555]]],[[[27.9318,46.6835],[27.9397,46.6845],[27.9373,46.675],[27.9318,46.6835]]],[[[28.0211,46.7238],[28.052,46.699],[28.0293,46.7145],[28.0544,46.6829],[28.0103,46.6814],[28.0211,46.7238]],[[28.0188,46.6855],[28.0131,46.6851],[28.0144,46.6837],[28.0188,46.6855]]],[[[28.03,46.7596],[28.0455,46.727],[28.0204,46.7358],[28.03,46.7596]]],[[[27.8913,46.7623],[27.8744,46.7584],[27.8713,46.7631],[27.8913,46.7623]]],[[[27.8847,46.7862],[27.8887,46.7733],[27.8769,46.785],[27.8847,46.7862]]],[[[28.0501,46.773],[28.0296,46.7701],[28.0193,46.7792],[28.035,46.7942],[28.0501,46.773]]],[[[27.9826,46.8137],[28.008,46.7961],[28.011,46.7895],[28.0073,46.7827],[28.0107,46.7741],[28.0039,46.7758],[28.0112,46.762],[28.0004,46.7622],[27.9826,46.8137]]],[[[27.8951,46.7913],[27.8969,46.7987],[27.9023,46.7939],[27.8951,46.7913]]],[[[28.0066,46.811],[28.0173,46.7853],[28.0109,46.781],[28.0141,46.7905],[28.0066,46.811]]],[[[27.9602,46.8302],[27.9538,46.8389],[27.9498,46.8452],[27.9526,46.8472],[27.9602,46.8302]]],[[[28.0301,46.8503],[28.0196,46.8383],[28.0079,46.8421],[28.008,46.8495],[28.0272,46.8522],[28.0301,46.8503]]],[[[27.9276,46.8408],[27.9111,46.8443],[27.9035,46.8501],[27.9276,46.8408]]],[[[27.9694,46.8441],[27.9771,46.8522],[27.9801,46.8476],[27.9694,46.8441]]],[[[27.8565,46.8534],[27.8553,46.8491],[27.8443,46.8479],[27.8565,46.8534]]],[[[27.9656,46.8776],[27.9841,46.8592],[27.9678,46.8695],[27.9656,46.8776]]],[[[28.0315,46.8735],[27.9757,46.9028],[27.974,46.9136],[28.0315,46.8735]]],[[[27.8663,46.8985],[27.8587,46.907],[27.8629,46.9089],[27.8663,46.8985]]],[[[27.9669,46.9116],[27.951,46.9055],[27.9477,46.9128],[27.9669,46.9116]]],[[[28.0237,46.9462],[28.0153,46.9414],[27.9999,46.9438],[28.0237,46.9462]]],[[[27.8546,46.9515],[27.8456,46.9379],[27.8374,46.9413],[27.8546,46.9515]]],[[[27.9378,46.9496],[27.9203,46.9532],[27.9403,46.9526],[27.9378,46.9496]]],[[[27.9734,46.968],[27.9389,46.965],[27.9415,46.9747],[27.9734,46.968]]],[[[27.9025,47.0006],[27.8794,46.9953],[27.8783,46.9981],[27.9025,47.0006]]],[[[27.8441,47.0183],[27.8668,47.0072],[27.8675,47.004],[27.8441,47.0183]]],[[[27.8867,47.022],[27.9004,47.0072],[27.8842,47.0196],[27.8867,47.022]]],[[[28.4393,43.4056],[28.4273,43.4084],[28.4425,43.4072],[28.4393,43.4056]]],[[[28.4626,43.4208],[28.4577,43.4019],[28.4518,43.4187],[28.4626,43.4208]]],[[[28.4026,43.4204],[28.3976,43.4148],[28.3978,43.4166],[28.4026,43.4204]]],[[[28.3951,43.4226],[28.389,43.4177],[28.3887,43.4218],[28.3951,43.4226]]],[[[28.3248,43.4356],[28.3158,43.4332],[28.3076,43.4343],[28.3248,43.4356]]],[[[28.1468,43.4282],[28.1484,43.4349],[28.1506,43.4344],[28.1468,43.4282]]],[[[28.1753,43.4397],[28.1596,43.4394],[28.1726,43.4433],[28.1753,43.4397]]],[[[28.3957,43.4485],[28.3766,43.4293],[28.3718,43.4421],[28.3957,43.4485]]],[[[28.3564,43.4478],[28.3544,43.4557],[28.3607,43.4538],[28.3564,43.4478]]],[[[28.524,43.5406],[28.5125,43.5338],[28.5126,43.5411],[28.524,43.5406]]],[[[28.5722,43.5507],[28.5782,43.5664],[28.5815,43.5665],[28.5722,43.5507]]],[[[28.0533,43.7138],[28.0516,43.7064],[28.0491,43.7084],[28.0533,43.7138]]],[[[28.5616,43.8754],[28.5748,43.863],[28.5544,43.8578],[28.5616,43.8754]]],[[[28.5589,43.8861],[28.546,43.8835],[28.5459,43.8864],[28.5589,43.8861]]],[[[28.6137,43.902],[28.6071,43.9098],[28.6182,43.9044],[28.6137,43.902]]],[[[28.2012,43.9435],[28.2157,43.9111],[28.1915,43.9049],[28.2012,43.9435]]],[[[28.4377,44.1383],[28.4104,44.1384],[28.4086,44.1664],[28.4377,44.1383]]],[[[28.1821,44.1609],[28.1606,44.1675],[28.1752,44.166],[28.1821,44.1609]]],[[[28.4319,44.1684],[28.4265,44.1566],[28.4175,44.1678],[28.4319,44.1684]]],[[[28.4484,44.1718],[28.4552,44.1789],[28.4595,44.1742],[28.4484,44.1718]]],[[[28.1154,44.191],[28.1058,44.1859],[28.1109,44.1926],[28.1154,44.191]]],[[[28.4632,44.1832],[28.4031,44.1781],[28.4009,44.2027],[28.4551,44.2018],[28.4632,44.1832]]],[[[28.3731,44.2244],[28.3858,44.2117],[28.394,44.1708],[28.3691,44.1712],[28.3824,44.184],[28.3466,44.2341],[28.348,44.2352],[28.3518,44.232],[28.3663,44.2291],[28.3151,44.2467],[28.3377,44.2492],[28.3284,44.246],[28.3437,44.2467],[28.3731,44.2244]]],[[[28.0641,44.218],[28.063,44.2052],[28.0574,44.2162],[28.0641,44.218]]],[[[28.3872,44.2184],[28.376,44.2255],[28.3691,44.2308],[28.3872,44.2184]]],[[[28.3941,44.2195],[28.3864,44.2228],[28.3764,44.2342],[28.3864,44.2302],[28.3853,44.2286],[28.391,44.2247],[28.3941,44.2195]]],[[[28.2411,44.2301],[28.2333,44.2237],[28.2326,44.2315],[28.2411,44.2301]]],[[[28.3849,44.2371],[28.3994,44.2413],[28.3986,44.2306],[28.3849,44.2371]]],[[[28.4357,44.2394],[28.4361,44.2503],[28.4439,44.2441],[28.4357,44.2394]]],[[[28.2556,44.2509],[28.2238,44.2346],[28.2085,44.2524],[28.2556,44.2509]]],[[[28.201,44.2481],[28.1592,44.2516],[28.153,44.2368],[28.1586,44.258],[28.201,44.2481]]],[[[28.0772,44.2698],[28.1,44.2591],[28.1114,44.2515],[28.0848,44.2565],[28.0772,44.2698]]],[[[28.2452,44.2696],[28.2721,44.2875],[28.2828,44.2831],[28.2452,44.2696]]],[[[28.0634,44.2863],[28.0697,44.2623],[28.0412,44.2915],[28.0634,44.2863]]],[[[28.5021,44.2846],[28.4882,44.2723],[28.4781,44.2787],[28.5021,44.2846]]],[[[28.144,44.2912],[28.1592,44.2796],[28.168,44.2794],[28.168,44.2757],[28.1615,44.2717],[28.1444,44.2725],[28.144,44.2912]]],[[[28.5235,44.2817],[28.5196,44.2863],[28.524,44.286],[28.5235,44.2817]]],[[[28.1378,44.2949],[28.1286,44.2786],[28.1297,44.2949],[28.1378,44.2949]]],[[[28.2176,44.3256],[28.2559,44.3104],[28.2416,44.2916],[28.2176,44.3256]]],[[[28.3396,44.3255],[28.3622,44.327],[28.3424,44.3024],[28.3396,44.3255]]],[[[28.2335,44.3482],[28.2354,44.3567],[28.2393,44.3512],[28.2335,44.3482]]],[[[28.0749,44.3829],[28.0666,44.3894],[28.0757,44.3869],[28.0749,44.3829]]],[[[28.0768,44.3922],[28.0792,44.3835],[28.0771,44.3834],[28.0768,44.3922]]],[[[28.1979,44.398],[28.1935,44.3876],[28.1703,44.3899],[28.1979,44.398]]],[[[28.1848,44.4072],[28.2033,44.4242],[28.2214,44.432],[28.1848,44.4072]]],[[[28.1898,44.4975],[28.1875,44.5048],[28.1904,44.5023],[28.1898,44.4975]]],[[[28.22,44.5249],[28.2149,44.5053],[28.1951,44.5023],[28.22,44.5249]]],[[[28.2157,44.5354],[28.225,44.5335],[28.2183,44.5305],[28.2157,44.5354]]],[[[28.0629,44.5424],[28.0633,44.5325],[28.0578,44.5405],[28.0629,44.5424]]],[[[28.5677,44.5497],[28.5932,44.5243],[28.5734,44.5232],[28.5677,44.5497]]],[[[28.1626,44.5672],[28.1482,44.5703],[28.1458,44.5738],[28.1601,44.5745],[28.1626,44.5672]]],[[[28.6796,44.6294],[28.67,44.613],[28.6426,44.6257],[28.6526,44.6344],[28.6796,44.6294]]],[[[28.2811,44.6348],[28.283,44.6273],[28.2802,44.6344],[28.2811,44.6348]]],[[[28.1063,44.7246],[28.113,44.7332],[28.1175,44.7246],[28.1063,44.7246]]],[[[28.6514,44.7347],[28.6602,44.7275],[28.6636,44.7239],[28.6514,44.7347]]],[[[28.9069,44.7703],[28.8962,44.7654],[28.8915,44.7705],[28.9069,44.7703]]],[[[28.9,44.7821],[28.8896,44.7777],[28.8859,44.7818],[28.9,44.7821]]],[[[28.7868,44.8668],[28.7962,44.8578],[28.7739,44.8642],[28.7868,44.8668]]],[[[28.7884,44.8791],[28.7345,44.8844],[28.7949,44.8934],[28.7884,44.8791]]],[[[28.1418,44.8986],[28.2013,44.8919],[28.1791,44.8933],[28.186,44.8864],[28.1981,44.8893],[28.2211,44.8838],[28.1575,44.8858],[28.1418,44.8986]]],[[[28.1917,44.9078],[28.173,44.9067],[28.182,44.9116],[28.1845,44.9095],[28.1912,44.9085],[28.1917,44.9078]]],[[[28.1623,44.9122],[28.1577,44.9245],[28.1662,44.9224],[28.1623,44.9122]]],[[[28.1657,44.9325],[28.169,44.9181],[28.161,44.9315],[28.1657,44.9325]]],[[[28.7474,44.966],[28.7541,44.9634],[28.7488,44.9611],[28.7474,44.966]]],[[[28.8606,44.9833],[28.8541,44.9885],[28.8618,44.9882],[28.8606,44.9833]]],[[[28.169,45.0044],[28.1716,45.0149],[28.1711,45.0048],[28.169,45.0044]]],[[[28.9821,45.0174],[28.9692,45.0194],[28.9819,45.0205],[28.9821,45.0174]]],[[[28.175,45.0173],[28.1684,45.0236],[28.1765,45.0267],[28.175,45.0173]]],[[[28.9921,45.0256],[28.9735,45.0242],[28.9705,45.0355],[28.9921,45.0256]]],[[[28.9587,45.0577],[28.9492,45.0634],[28.958,45.0617],[28.9587,45.0577]]],[[[28.9154,45.0649],[28.9263,45.0625],[28.9275,45.061],[28.9154,45.0649]]],[[[28.4426,45.0632],[28.4418,45.0705],[28.4464,45.0683],[28.4426,45.0632]]],[[[29.0785,45.0844],[29.0631,45.0826],[29.0525,45.0831],[29.0785,45.0844]]],[[[28.5058,45.0966],[28.4904,45.1089],[28.5069,45.1088],[28.5058,45.0966]]],[[[28.4792,45.1261],[28.4725,45.1064],[28.4673,45.1222],[28.4792,45.1261]]],[[[28.2923,45.1083],[28.2753,45.1167],[28.2559,45.1312],[28.2923,45.1083]]],[[[28.7894,45.1233],[28.7811,45.1165],[28.7818,45.1235],[28.7894,45.1233]]],[[[28.8313,45.1149],[28.8412,45.1272],[28.844,45.1146],[28.8313,45.1149]]],[[[28.6593,45.1264],[28.6638,45.1363],[28.676,45.1312],[28.6593,45.1264]]],[[[28.747,45.1466],[28.8038,45.1506],[28.7731,45.1264],[28.7787,45.0999],[28.7739,45.0928],[28.7539,45.1091],[28.747,45.1466]],[[28.7605,45.1116],[28.7735,45.1119],[28.7578,45.1142],[28.7605,45.1116]]],[[[28.9139,45.1395],[28.9111,45.1363],[28.9108,45.14],[28.9139,45.1395]]],[[[28.8688,45.1488],[28.8592,45.1535],[28.8737,45.1489],[28.8688,45.1488]]],[[[28.6962,45.1768],[28.6851,45.1554],[28.6681,45.1629],[28.6962,45.1768]]],[[[28.6693,45.1765],[28.656,45.1732],[28.6645,45.1802],[28.6693,45.1765]]],[[[28.6421,45.186],[28.6419,45.169],[28.6184,45.1743],[28.6421,45.186]]],[[[28.5661,45.1747],[28.5115,45.1735],[28.4858,45.2111],[28.5515,45.192],[28.5661,45.1747]],[[28.5611,45.1792],[28.5536,45.1857],[28.5513,45.1842],[28.5611,45.1792]]],[[[28.6458,45.1929],[28.623,45.1859],[28.6094,45.1962],[28.615,45.2047],[28.6458,45.1929]],[[28.6337,45.1948],[28.6254,45.1966],[28.6257,45.1918],[28.6337,45.1948]]],[[[28.1644,45.2027],[28.1861,45.1946],[28.1575,45.1906],[28.1644,45.2027]]],[[[28.579,45.2018],[28.5816,45.2085],[28.5833,45.2022],[28.579,45.2018]]],[[[28.464,45.1988],[28.4413,45.1976],[28.4286,45.2153],[28.4327,45.2236],[28.4459,45.22],[28.4562,45.2214],[28.464,45.1988]],[[28.4404,45.2154],[28.4372,45.2204],[28.4338,45.2156],[28.4404,45.2154]]],[[[28.4551,45.2231],[28.4288,45.2252],[28.417,45.2233],[28.395,45.2366],[28.4182,45.2527],[28.4551,45.2231]]],[[[28.4884,45.2503],[28.493,45.2338],[28.4893,45.2342],[28.4884,45.2503]]],[[[28.4784,45.2513],[28.4831,45.2358],[28.4773,45.2369],[28.4784,45.2513]]],[[[28.1389,45.2604],[28.115,45.2736],[28.135,45.2711],[28.1389,45.2604]]],[[[28.2925,45.2798],[28.295,45.2573],[28.288,45.2562],[28.2925,45.2798]]],[[[28.2228,45.2983],[28.2201,45.3109],[28.2213,45.3123],[28.2228,45.2983]]],[[[28.1768,45.4935],[28.1754,45.5068],[28.1792,45.4939],[28.1768,45.4935]]],[[[28.0561,45.6271],[28.0412,45.6336],[28.0631,45.6269],[28.0561,45.6271]]],[[[28.05,45.6969],[28.063,45.6552],[28.0588,45.655],[28.05,45.6969]]],[[[28.0566,45.781],[28.0468,45.772],[28.0494,45.7864],[28.0566,45.781]]],[[[28.066,45.8046],[28.0796,45.8032],[28.0686,45.8002],[28.066,45.8046]]],[[[28.0859,45.838],[28.0769,45.8218],[28.0749,45.8426],[28.0859,45.838]]],[[[28.0972,45.8526],[28.0891,45.8455],[28.0818,45.856],[28.0972,45.8526]]],[[[28.1013,45.8909],[28.0754,45.9018],[28.107,45.8979],[28.1013,45.8909]]],[[[28.104,45.9258],[28.0725,45.9361],[28.0892,45.9367],[28.104,45.9258]]],[[[28.09,45.9578],[28.1139,45.9242],[28.081,45.9554],[28.09,45.9578]]],[[[28.0738,45.9813],[28.0638,45.9725],[28.0531,45.9878],[28.0738,45.9813]]],[[[28.0701,46.0181],[28.0463,46.0656],[28.0569,46.0712],[28.0701,46.0181]]],[[[28.0836,46.0633],[28.081,46.0556],[28.0692,46.0647],[28.0836,46.0633]]],[[[28.1107,46.1351],[28.1101,46.1226],[28.0933,46.1069],[28.107,46.1325],[28.0757,46.1471],[28.1107,46.1351]]],[[[28.0875,46.2118],[28.083,46.2062],[28.0743,46.2104],[28.0875,46.2118]]],[[[28.0938,46.2318],[28.0899,46.242],[28.0985,46.2326],[28.0938,46.2318]]],[[[28.1255,46.3041],[28.1367,46.2956],[28.1231,46.3011],[28.1255,46.3041]]],[[[28.0971,46.3327],[28.0863,46.3286],[28.0876,46.3333],[28.0971,46.3327]]],[[[28.1053,46.3453],[28.0954,46.3399],[28.0954,46.3446],[28.1053,46.3453]]],[[[28.1443,46.3436],[28.1362,46.3441],[28.1393,46.3541],[28.1443,46.3436]]],[[[28.0633,46.3435],[28.066,46.3479],[28.0687,46.3407],[28.0633,46.3435]]],[[[28.0681,46.3604],[28.0744,46.3607],[28.0712,46.3578],[28.0681,46.3604]]],[[[28.1359,46.3655],[28.1423,46.3728],[28.1433,46.365],[28.1359,46.3655]]],[[[28.1491,46.383],[28.1319,46.3866],[28.126,46.3961],[28.1491,46.383]]],[[[28.0912,46.396],[28.0812,46.3919],[28.088,46.3977],[28.0912,46.396]]],[[[28.1487,46.3889],[28.1463,46.3949],[28.1539,46.3909],[28.1487,46.3889]]],[[[28.0856,46.397],[28.0828,46.4083],[28.086,46.4061],[28.0856,46.397]]],[[[28.2043,46.427],[28.2073,46.4372],[28.2085,46.4312],[28.2043,46.427]]],[[[28.0853,46.4291],[28.0846,46.436],[28.0883,46.4312],[28.0853,46.4291]]],[[[28.1615,46.4242],[28.1631,46.4444],[28.1769,46.437],[28.1615,46.4242]]],[[[28.0633,46.4952],[28.0612,46.5123],[28.065,46.5131],[28.0633,46.4952]]],[[[28.1315,46.5464],[28.1337,46.5598],[28.1414,46.5433],[28.1315,46.5464]]],[[[28.079,46.5529],[28.0749,46.5669],[28.086,46.5559],[28.079,46.5529]]],[[[28.1512,46.5633],[28.1495,46.5762],[28.1599,46.5575],[28.1512,46.5633]]],[[[28.0918,46.5931],[28.0643,46.6044],[28.0582,46.588],[28.047,46.6066],[28.0624,46.6129],[28.0918,46.5931]]],[[[28.1684,46.6045],[28.1581,46.5991],[28.1601,46.6028],[28.1684,46.6045]]],[[[28.0568,46.623],[28.0813,46.6127],[28.0617,46.6154],[28.0568,46.623]]],[[[28.1275,46.6166],[28.1139,46.6143],[28.1146,46.627],[28.1275,46.6166]]],[[[28.1763,46.6057],[28.1388,46.6095],[28.145,46.6403],[28.1529,46.6386],[28.1763,46.6057]]],[[[28.1657,46.6335],[28.1672,46.6234],[28.1606,46.6341],[28.1657,46.6335]]],[[[28.0319,46.6788],[28.1038,46.6594],[28.1021,46.6501],[28.0765,46.6387],[28.041,46.6481],[28.0199,46.6644],[28.0319,46.6788]],[[28.0475,46.6565],[28.0393,46.6528],[28.0457,46.6539],[28.0475,46.6565]],[[28.0773,46.6572],[28.0652,46.6528],[28.0733,46.6541],[28.0773,46.6572]],[[28.0978,46.6551],[28.0831,46.6508],[28.0957,46.6527],[28.0978,46.6551]]],[[[28.0972,46.6985],[28.1364,46.6722],[28.087,46.6913],[28.0972,46.6985]]],[[[28.1386,46.6752],[28.1391,46.697],[28.1428,46.679],[28.1386,46.6752]]],[[[28.1684,46.7036],[28.1598,46.6958],[28.1641,46.6703],[28.1534,46.69],[28.1559,46.7023],[28.1684,46.7036]]],[[[28.0635,46.6972],[28.0859,46.6867],[28.053,46.6927],[28.0635,46.6972]]],[[[28.0524,46.7425],[28.048,46.7517],[28.0563,46.7428],[28.0524,46.7425]]],[[[28.0608,46.7528],[28.0599,46.7436],[28.0526,46.7532],[28.0608,46.7528]]],[[[28.1018,46.805],[28.1322,46.7929],[28.1352,46.7805],[28.1018,46.805]]],[[[28.0917,46.8484],[28.0928,46.8305],[28.0781,46.8394],[28.0917,46.8484]]],[[[28.0868,46.8682],[28.0733,46.8795],[28.0784,46.8909],[28.0868,46.8682]]],[[[28.0792,46.8922],[28.0487,46.9039],[28.0413,46.9135],[28.0792,46.8922]]]]}}
]
}
