{
"type": "FeatureCollection",
"name": "SELECT",
"crs": { "type": "name", "properties": { "name": "urn:ogc:def:crs:OGC:1.3:CRS84" } },
"xy_coordinate_resolution": 0.0001,
"features": [
{"type":"Feature","properties":{"klasse":"steppe"},"geometry":{"type":"MultiPolygon","coordinates":[[[[19.6105,42.7008],[19.6358,42.6915],[19.6243,42.6645],[19.6434,42.672],[19.6459,42.6362],[19.5874,42.6754],[19.6247,42.6758],[19.5889,42.7073],[19.6088,42.7323],[19.6105,42.7008]]],[[[19.6524,42.6932],[19.6402,42.6929],[19.6514,42.7102],[19.6524,42.6932]]],[[[19.6797,42.7139],[19.6866,42.7176],[19.675,42.6981],[19.6797,42.7139]]],[[[19.7309,42.7009],[19.7052,42.7174],[19.7296,42.7073],[19.7698,42.7091],[19.7309,42.7009]]],[[[19.6883,42.7661],[19.6733,42.759],[19.6979,42.7732],[19.6883,42.7661]]],[[[19.6616,42.7804],[19.6597,42.7878],[19.6706,42.7907],[19.6616,42.7804]]],[[[19.7325,42.7865],[19.7351,42.7917],[19.7402,42.787],[19.7325,42.7865]]],[[[19.7148,42.7879],[19.7296,42.7925],[19.7295,42.7891],[19.7148,42.7879]]],[[[19.723,42.7926],[19.7176,42.79],[19.7079,42.7972],[19.723,42.7926]]],[[[19.5398,42.8011],[19.5337,42.8006],[19.5467,42.8031],[19.5398,42.8011]]],[[[19.6471,42.8292],[19.6592,42.801],[19.6866,42.8061],[19.6988,42.7952],[19.5949,42.8023],[19.6088,42.8095],[19.5842,42.823],[19.6471,42.8292]]],[[[19.5757,42.8264],[19.5708,42.8232],[19.5648,42.8253],[19.576,42.8293],[19.5757,42.8264]]],[[[19.5591,42.8392],[19.555,42.837],[19.5582,42.8413],[19.5658,42.8413],[19.5591,42.8392]]],[[[19.5932,42.8535],[19.588,42.8611],[19.6007,42.8624],[19.5932,42.8535]]],[[[19.681,42.8579],[19.6425,42.8812],[19.6524,42.8978],[19.6286,42.8973],[19.6173,42.9107],[19.5978,42.9119],[19.5931,42.9201],[19.6474,42.9085],[19.6701,42.8861],[19.686,42.8913],[19.6929,42.8676],[19.7342,42.8664],[19.7457,42.8611],[19.6887,42.8585],[19.7066,42.8384],[19.6685,42.8317],[19.64,42.855],[19.6245,42.8428],[19.6022,42.8771],[19.681,42.8579]],[[19.6949,42.8662],[19.6853,42.8657],[19.6923,42.8624],[19.6949,42.8662]]],[[[19.596,42.876],[19.5766,42.8743],[19.5774,42.8756],[19.596,42.876]]],[[[19.4948,42.8781],[19.5024,42.8841],[19.5027,42.8768],[19.4948,42.8781]]],[[[19.6759,42.8998],[19.6909,42.8938],[19.6779,42.8933],[19.6759,42.8998]]],[[[19.4993,42.8927],[19.4765,42.9009],[19.4807,42.9133],[19.4993,42.8927]]],[[[19.6987,42.9452],[19.6885,42.9158],[19.7587,42.9134],[19.7663,42.8963],[19.6704,42.9078],[19.6449,42.9312],[19.6689,42.9271],[19.6759,42.9351],[19.6387,42.9495],[19.6987,42.9452]],[[19.6775,42.9274],[19.6874,42.9246],[19.6837,42.9321],[19.6775,42.9274]]],[[[19.6377,42.9274],[19.6367,42.9337],[19.6414,42.9309],[19.6377,42.9274]]],[[[19.4967,42.9287],[19.4945,42.9318],[19.5081,42.93],[19.4967,42.9287]]],[[[19.6656,42.9304],[19.6661,42.9363],[19.6723,42.9363],[19.6656,42.9304]]],[[[19.6386,42.9379],[19.6455,42.9365],[19.6361,42.9366],[19.6386,42.9379]]],[[[19.5429,42.951],[19.544,42.9418],[19.5341,42.9434],[19.5429,42.951]]],[[[19.5223,42.9404],[19.4001,42.9365],[19.3879,42.9557],[19.4028,42.974],[19.429,42.9485],[19.4973,42.9705],[19.5223,42.9404]]],[[[19.6378,42.9508],[19.6125,42.9576],[19.6355,42.957],[19.6378,42.9508]]],[[[19.5594,42.9989],[19.5533,43.0044],[19.5751,43.006],[19.5594,42.9989]]],[[[19.5995,43.0056],[19.5936,43.011],[19.6058,43.0139],[19.5995,43.0056]]],[[[19.5504,43.0069],[19.5443,43.0176],[19.5719,43.0274],[19.5504,43.0069]]],[[[19.5801,43.0204],[19.5725,43.034],[19.5837,43.032],[19.5801,43.0204]]],[[[19.5648,43.0377],[19.562,43.0349],[19.5557,43.0363],[19.5648,43.0377]]],[[[19.5861,43.0351],[19.5831,43.0348],[19.586,43.0422],[19.5861,43.0351]]],[[[19.5517,43.0532],[19.5426,43.0514],[19.5365,43.0552],[19.5517,43.0532]]],[[[19.5033,43.0779],[19.5074,43.0797],[19.5146,43.073],[19.5033,43.0779]]],[[[19.5297,43.0803],[19.5309,43.0772],[19.5248,43.0737],[19.5297,43.0803]]],[[[19.6747,43.0962],[19.6697,43.0958],[19.6714,43.1048],[19.6747,43.0962]]],[[[19.5641,43.1066],[19.5736,43.1079],[19.5648,43.1037],[19.5641,43.1066]]],[[[19.5766,43.1115],[19.5726,43.117],[19.5849,43.118],[19.5766,43.1115]]],[[[19.6474,43.1164],[19.6399,43.1156],[19.6516,43.1177],[19.6474,43.1164]]],[[[19.6153,43.1279],[19.6159,43.1248],[19.5972,43.1345],[19.6153,43.1279]]],[[[19.555,43.1334],[19.5514,43.1377],[19.5601,43.1393],[19.555,43.1334]]],[[[19.5934,43.1364],[19.5827,43.1379],[19.5862,43.1429],[19.5934,43.1364]]],[[[19.5872,43.1535],[19.5806,43.161],[19.589,43.1625],[19.5872,43.1535]]],[[[19.6418,43.1675],[19.6382,43.1722],[19.6544,43.1733],[19.6418,43.1675]]],[[[19.5513,43.1665],[19.5321,43.1765],[19.543,43.1942],[19.5513,43.1665]]],[[[19.6244,43.1902],[19.6158,43.1816],[19.6103,43.1897],[19.6244,43.1902]]],[[[19.6026,43.1867],[19.5973,43.1907],[19.596,43.2015],[19.6026,43.1867]]],[[[19.5029,43.1976],[19.4991,43.2007],[19.503,43.2042],[19.5029,43.1976]]],[[[19.5589,43.198],[19.5532,43.2017],[19.5634,43.207],[19.5589,43.198]]],[[[19.6367,43.2011],[19.6288,43.2036],[19.6287,43.2081],[19.6367,43.2011]]],[[[19.5689,43.2028],[19.566,43.2043],[19.5682,43.2079],[19.5808,43.2045],[19.5689,43.2028]]],[[[19.5171,43.2072],[19.5254,43.2088],[19.5212,43.2021],[19.5171,43.2072]]],[[[19.5832,43.2066],[19.5933,43.212],[19.5963,43.2029],[19.5832,43.2066]]],[[[19.5601,43.2098],[19.5425,43.2149],[19.5483,43.2193],[19.5601,43.2098]]],[[[19.6336,43.2102],[19.6096,43.2186],[19.6254,43.2203],[19.6336,43.2102]]],[[[19.5986,43.2212],[19.5988,43.2169],[19.5919,43.2152],[19.5986,43.2212]]],[[[19.5724,43.2347],[19.5901,43.2317],[19.5852,43.2268],[19.5724,43.2347]]],[[[19.6279,43.2351],[19.6273,43.2307],[19.6139,43.2304],[19.6175,43.2257],[19.597,43.2327],[19.6279,43.2351]]],[[[19.5535,43.2367],[19.5536,43.2386],[19.5685,43.2337],[19.5535,43.2367]]],[[[19.6363,43.2453],[19.6144,43.2403],[19.6151,43.2486],[19.6363,43.2453]]],[[[19.5793,43.2573],[19.5681,43.2675],[19.5863,43.2672],[19.5793,43.2573]]],[[[19.6577,43.2675],[19.6573,43.2688],[19.6756,43.2675],[19.6577,43.2675]]],[[[19.4959,43.2673],[19.4996,43.2733],[19.5019,43.2718],[19.4959,43.2673]]],[[[19.6533,43.2728],[19.6504,43.2762],[19.654,43.2781],[19.6533,43.2728]]],[[[19.6623,43.2749],[19.6656,43.2864],[19.6861,43.2727],[19.6623,43.2749]]],[[[19.6993,43.2771],[19.6938,43.2824],[19.6958,43.286],[19.704,43.283],[19.6993,43.2771]]],[[[19.5416,43.2863],[19.5483,43.2875],[19.5518,43.277],[19.5416,43.2863]]],[[[19.6755,43.2908],[19.6767,43.2884],[19.6648,43.2874],[19.6755,43.2908]]],[[[19.6827,43.2863],[19.6747,43.2935],[19.6899,43.2951],[19.6827,43.2863]]],[[[19.5111,43.2925],[19.5096,43.297],[19.5162,43.2969],[19.5111,43.2925]]],[[[19.5714,43.3295],[19.5546,43.3333],[19.5597,43.3338],[19.5714,43.3295]]],[[[19.5053,43.3346],[19.4969,43.3324],[19.5069,43.3363],[19.5053,43.3346]]],[[[19.7011,43.3487],[19.7046,43.3462],[19.6998,43.3463],[19.7008,43.3559],[19.7144,43.3547],[19.7011,43.3487]]],[[[19.4829,43.3502],[19.4828,43.3633],[19.5036,43.3538],[19.4829,43.3502]]],[[[19.508,43.3563],[19.5125,43.355],[19.5074,43.3531],[19.4985,43.3611],[19.508,43.3563]]],[[[19.5143,43.366],[19.5276,43.3627],[19.5243,43.3551],[19.5143,43.366]]],[[[19.5004,43.364],[19.4914,43.3699],[19.4952,43.3718],[19.5004,43.364]]],[[[19.5458,43.3821],[19.5321,43.3651],[19.504,43.372],[19.5288,43.3893],[19.5084,43.38],[19.4967,43.3825],[19.5288,43.393],[19.4976,43.4164],[19.5458,43.3821]]],[[[19.5537,43.3898],[19.5512,43.3952],[19.5637,43.3897],[19.5537,43.3898]]],[[[19.5854,43.4011],[19.6135,43.4124],[19.6138,43.4099],[19.5854,43.4011]]],[[[19.6455,43.4167],[19.6559,43.4153],[19.6556,43.4139],[19.6455,43.4167]]],[[[19.6904,43.447],[19.6857,43.4474],[19.6839,43.4499],[19.6957,43.4487],[19.6904,43.447]]],[[[19.5638,43.4757],[19.5453,43.4697],[19.5491,43.4791],[19.5666,43.4761],[19.5638,43.4757]]],[[[19.5333,43.4813],[19.527,43.4726],[19.5253,43.4755],[19.5331,43.4832],[19.5333,43.4813]]],[[[19.6372,43.4796],[19.6319,43.4805],[19.637,43.4877],[19.6372,43.4796]]],[[[19.7019,43.4819],[19.7081,43.49],[19.7196,43.4864],[19.7019,43.4819]]],[[[19.7264,43.4896],[19.7172,43.4918],[19.7286,43.4941],[19.7264,43.4896]]],[[[19.5443,43.4911],[19.5248,43.5044],[19.5352,43.5098],[19.5443,43.4911]]],[[[19.6476,43.5018],[19.6593,43.5048],[19.6597,43.4973],[19.6476,43.5018]]],[[[19.6708,43.5275],[19.6862,43.533],[19.6814,43.5225],[19.6708,43.5275]]],[[[19.7315,43.5306],[19.7305,43.5295],[19.7291,43.544],[19.7315,43.5306]]],[[[19.6839,43.5379],[19.6797,43.5411],[19.6885,43.543],[19.6839,43.5379]]],[[[19.6722,43.5451],[19.6811,43.5448],[19.6745,43.5421],[19.6624,43.5471],[19.6722,43.5451]]],[[[19.6953,43.5427],[19.683,43.5519],[19.6931,43.5522],[19.6953,43.5427]]],[[[19.6597,43.551],[19.6674,43.5505],[19.6645,43.5487],[19.6522,43.5525],[19.6597,43.551]]],[[[19.7216,43.5603],[19.7318,43.5522],[19.7116,43.551],[19.7216,43.5603]]],[[[19.6959,43.5658],[19.7046,43.564],[19.7008,43.5609],[19.6959,43.5658]]],[[[19.6808,43.5557],[19.6432,43.556],[19.6201,43.5706],[19.6808,43.5557]]],[[[19.7181,43.5659],[19.7147,43.5702],[19.7284,43.57],[19.7181,43.5659]]],[[[19.6004,43.5707],[19.6152,43.5733],[19.6156,43.571],[19.6004,43.5707]]],[[[19.6769,43.5778],[19.6841,43.5803],[19.689,43.576],[19.6769,43.5778]]],[[[19.7259,43.5798],[19.7328,43.5802],[19.729,43.5752],[19.7259,43.5798]]],[[[19.6043,43.5815],[19.602,43.5781],[19.5976,43.581],[19.6043,43.5815]]],[[[19.697,43.5721],[19.6903,43.5875],[19.7024,43.5939],[19.7163,43.586],[19.697,43.5721]]],[[[19.6087,43.5831],[19.6046,43.5856],[19.618,43.5861],[19.6087,43.5831]]],[[[19.5953,43.5893],[19.5878,43.592],[19.5999,43.5895],[19.5953,43.5893]]],[[[19.6525,43.5886],[19.6505,43.601],[19.6695,43.6008],[19.6525,43.5886]]],[[[19.6736,43.6031],[19.6608,43.608],[19.6621,43.6133],[19.6902,43.6006],[19.6736,43.6031]]],[[[19.7074,43.5931],[19.6991,43.599],[19.7105,43.6027],[19.7074,43.5931]]],[[[19.6417,43.5987],[19.6303,43.6066],[19.6428,43.6119],[19.6417,43.5987]]],[[[19.7145,43.6146],[19.72,43.6131],[19.7072,43.6115],[19.7145,43.6146]]],[[[19.6481,43.6146],[19.612,43.6132],[19.6427,43.6315],[19.6481,43.6146]]],[[[19.5783,43.6234],[19.5866,43.6355],[19.5917,43.6233],[19.5783,43.6234]]],[[[19.6048,43.617],[19.5952,43.6308],[19.6257,43.6348],[19.6048,43.617]]],[[[19.7231,43.6195],[19.7126,43.6262],[19.7113,43.6314],[19.7531,43.6177],[19.7231,43.6195]]],[[[19.6673,43.6253],[19.6825,43.6194],[19.6582,43.6212],[19.6585,43.632],[19.6673,43.6253]]],[[[19.5624,43.6205],[19.5426,43.6437],[19.5719,43.6513],[19.5858,43.6377],[19.5624,43.6205]]],[[[19.5321,43.6309],[19.5086,43.6295],[19.5297,43.659],[19.5214,43.6556],[19.5103,43.6589],[19.5235,43.659],[19.5284,43.6642],[19.5408,43.6675],[19.5502,43.6645],[19.5321,43.6309]]],[[[19.7187,43.6398],[19.72,43.6424],[19.7257,43.6333],[19.7187,43.6398]]],[[[19.7187,43.6439],[19.7058,43.6279],[19.6989,43.6473],[19.7187,43.6439]]],[[[19.4953,43.643],[19.5041,43.6465],[19.5009,43.639],[19.4953,43.643]]],[[[19.6361,43.6391],[19.6369,43.652],[19.637,43.647],[19.6361,43.6391]]],[[[19.4917,43.6468],[19.4984,43.6458],[19.4924,43.6442],[19.4917,43.643],[19.4898,43.6418],[19.4886,43.6417],[19.4858,43.652],[19.4917,43.6468]]],[[[19.6331,43.6477],[19.6154,43.6631],[19.6248,43.6653],[19.6331,43.6477]]],[[[19.5262,43.6648],[19.5129,43.6606],[19.5011,43.669],[19.5262,43.6648]]],[[[19.4797,43.6629],[19.5015,43.662],[19.5082,43.6547],[19.4809,43.6546],[19.4578,43.6813],[19.4797,43.6629]],[[19.4805,43.6573],[19.4913,43.6601],[19.4842,43.6617],[19.4805,43.6573]]],[[[19.528,43.6694],[19.5254,43.672],[19.5371,43.6709],[19.528,43.6694]]],[[[19.5383,43.6762],[19.5344,43.6765],[19.5352,43.6784],[19.5464,43.6758],[19.5383,43.6762]]],[[[19.6645,43.6751],[19.6689,43.6752],[19.6626,43.6661],[19.6645,43.6751]]],[[[19.7053,43.6746],[19.6899,43.7105],[19.7038,43.7082],[19.7014,43.7154],[19.7248,43.6829],[19.7664,43.6781],[19.7128,43.67],[19.764,43.6642],[19.7063,43.6504],[19.7071,43.6663],[19.6938,43.6701],[19.6906,43.6514],[19.6583,43.6604],[19.6907,43.6603],[19.6538,43.6935],[19.6244,43.6725],[19.6135,43.6753],[19.6225,43.6929],[19.6322,43.6868],[19.6441,43.6934],[19.6622,43.6947],[19.6616,43.7003],[19.6893,43.69],[19.6647,43.7022],[19.6793,43.7207],[19.7053,43.6746]]],[[[19.578,43.6902],[19.5857,43.6919],[19.5823,43.6832],[19.578,43.6902]]],[[[19.5631,43.6913],[19.5546,43.6988],[19.5656,43.6957],[19.5631,43.6913]]],[[[19.5895,43.6929],[19.5775,43.6958],[19.5711,43.7015],[19.5895,43.6929]]],[[[19.6389,43.6987],[19.6594,43.7039],[19.6547,43.6969],[19.6389,43.6987]]],[[[19.6094,43.7063],[19.6164,43.704],[19.6135,43.6975],[19.6094,43.7063]]],[[[19.5345,43.699],[19.531,43.7041],[19.5424,43.7073],[19.5345,43.699]]],[[[19.5553,43.7078],[19.5604,43.7131],[19.5639,43.7067],[19.5553,43.7078]]],[[[19.6613,43.7063],[19.6552,43.707],[19.649,43.7194],[19.6613,43.7063]]],[[[19.6935,43.7176],[19.7,43.7165],[19.6968,43.7153],[19.6935,43.7176]]],[[[19.5203,43.7147],[19.4888,43.724],[19.5142,43.7235],[19.5203,43.7147]]],[[[19.5633,43.7129],[19.5581,43.7149],[19.5797,43.7243],[19.5633,43.7129]]],[[[19.6325,43.7207],[19.6272,43.7229],[19.6327,43.7274],[19.6325,43.7207]]],[[[19.5764,43.7337],[19.5953,43.7336],[19.5618,43.7252],[19.5764,43.7337]]],[[[19.4981,43.7328],[19.4924,43.7345],[19.4995,43.7352],[19.4981,43.7328]]],[[[19.5553,43.7343],[19.5583,43.7411],[19.5681,43.7394],[19.5553,43.7343]]],[[[19.6001,43.7363],[19.5952,43.7411],[19.6596,43.7467],[19.6318,43.7532],[19.6367,43.7751],[19.7087,43.7541],[19.6815,43.7525],[19.6834,43.7228],[19.6001,43.7363]]],[[[19.5359,43.7403],[19.5448,43.7535],[19.5334,43.756],[19.5451,43.7625],[19.5568,43.7445],[19.5359,43.7403]]],[[[19.5289,43.7541],[19.5396,43.7502],[19.5101,43.7483],[19.5289,43.7541]]],[[[19.623,43.7462],[19.6084,43.7524],[19.6205,43.7597],[19.6256,43.7595],[19.6268,43.7543],[19.623,43.7462]]],[[[19.5982,43.7531],[19.5928,43.7563],[19.5977,43.7592],[19.5982,43.7531]]],[[[19.7405,43.7524],[19.7234,43.7528],[19.7446,43.775],[19.7405,43.7524]]],[[[19.7195,43.7586],[19.7105,43.767],[19.7375,43.7777],[19.734,43.7667],[19.7195,43.7586]],[[19.7327,43.7697],[19.7244,43.7705],[19.7254,43.7658],[19.7327,43.7697]]],[[[19.5606,43.773],[19.5653,43.771],[19.5549,43.771],[19.5538,43.7648],[19.5481,43.7645],[19.5511,43.7755],[19.5606,43.773]]],[[[19.6119,43.7704],[19.5909,43.7796],[19.6033,43.7863],[19.6119,43.7704]]],[[[19.6699,43.7801],[19.6711,43.7773],[19.6629,43.7751],[19.6699,43.7801]]],[[[19.7209,43.7739],[19.7176,43.7797],[19.7373,43.787],[19.7209,43.7739]]],[[[19.6548,43.7757],[19.6495,43.7826],[19.6709,43.7855],[19.6548,43.7757]]],[[[19.6211,43.7862],[19.6153,43.7839],[19.6123,43.7954],[19.6211,43.7862]]],[[[19.6598,43.7944],[19.6691,43.7963],[19.6743,43.7899],[19.6598,43.7944]]],[[[19.6068,43.7951],[19.5872,43.7826],[19.5912,43.799],[19.5926,43.8048],[19.6068,43.7951]]],[[[19.5912,43.799],[19.5756,43.8031],[19.5799,43.8085],[19.5912,43.799]]],[[[19.5363,43.7977],[19.5341,43.8033],[19.545,43.8072],[19.5363,43.7977]]],[[[19.6443,43.8155],[19.641,43.8031],[19.6411,43.8194],[19.6443,43.8155]]],[[[19.626,43.8101],[19.5929,43.8134],[19.6102,43.8263],[19.617,43.8263],[19.626,43.8101]]],[[[19.622,43.8206],[19.6172,43.8293],[19.6298,43.826],[19.622,43.8206]]],[[[19.579,43.8234],[19.575,43.8287],[19.582,43.8297],[19.579,43.8234]]],[[[19.7327,43.8266],[19.7212,43.8281],[19.7392,43.8367],[19.7327,43.8266]]],[[[19.6589,43.8239],[19.645,43.8291],[19.6604,43.8379],[19.6589,43.8239]]],[[[19.6171,43.8348],[19.6272,43.8329],[19.6243,43.8307],[19.6171,43.8348]]],[[[19.7181,43.8446],[19.7266,43.8419],[19.7264,43.8385],[19.7181,43.8446]]],[[[19.5543,43.8437],[19.5476,43.8451],[19.5664,43.8588],[19.5543,43.8437]]],[[[19.5023,43.8595],[19.5055,43.8584],[19.4896,43.8565],[19.5023,43.8595]]],[[[19.494,43.8689],[19.5135,43.869],[19.4985,43.8644],[19.494,43.8689]]],[[[19.5904,43.8685],[19.5878,43.8715],[19.591,43.8772],[19.5904,43.8685]]],[[[19.5114,43.8831],[19.5119,43.876],[19.4841,43.8696],[19.4903,43.89],[19.5114,43.8831]]],[[[19.494,43.9266],[19.4977,43.9281],[19.505,43.9244],[19.494,43.9266]]],[[[19.5506,44.008],[19.5389,44.0196],[19.5462,44.0203],[19.5506,44.008]]],[[[19.7209,44.0978],[19.73,44.0965],[19.7108,44.0946],[19.7209,44.0978]]],[[[19.6994,44.1007],[19.6833,44.1111],[19.6847,44.1119],[19.6994,44.1007]]],[[[19.6216,44.2042],[19.6098,44.2108],[19.6198,44.2075],[19.6216,44.2042]]],[[[19.6643,44.2085],[19.6552,44.2066],[19.6475,44.2131],[19.6643,44.2085]]],[[[19.6465,44.2192],[19.6493,44.2172],[19.6399,44.2132],[19.6465,44.2192]]],[[[19.5161,44.9392],[19.5043,44.9487],[19.5253,44.9583],[19.5161,44.9392]]],[[[19.5436,46.3833],[19.5404,46.401],[19.5592,46.399],[19.5436,46.3833]]],[[[19.4968,46.4885],[19.4669,46.5061],[19.5129,46.5158],[19.5194,46.5258],[19.4968,46.4885]],[[19.4971,46.4941],[19.4993,46.4949],[19.4988,46.5014],[19.4971,46.4941]]],[[[19.5462,46.5185],[19.5479,46.5295],[19.5584,46.5252],[19.5462,46.5185]]],[[[19.5282,46.5314],[19.5062,46.5239],[19.5042,46.5325],[19.5229,46.5397],[19.5194,46.5323],[19.5251,46.5355],[19.5398,46.5283],[19.5282,46.5314]]],[[[19.5491,46.535],[19.532,46.5329],[19.5229,46.5377],[19.5553,46.5488],[19.5491,46.535]]],[[[19.6423,46.6253],[19.6203,46.6371],[19.626,46.6408],[19.6423,46.6253]]],[[[19.4921,46.6229],[19.4839,46.6518],[19.5024,46.6529],[19.5292,46.6323],[19.4921,46.6229]]],[[[19.5928,46.6548],[19.5857,46.6637],[19.6008,46.6567],[19.5928,46.6548]]],[[[19.5791,46.6535],[19.5757,46.6511],[19.5629,46.658],[19.5791,46.6535]]],[[[19.4852,46.6551],[19.4841,46.6654],[19.5052,46.6606],[19.4852,46.6551]]],[[[19.6426,46.6747],[19.6366,46.6411],[19.5533,46.7214],[19.6426,46.6747]],[[19.6395,46.6629],[19.6337,46.6685],[19.6294,46.6665],[19.6395,46.6629]]],[[[19.585,46.6786],[19.5375,46.6856],[19.5434,46.7],[19.585,46.6786]]],[[[19.5309,46.8216],[19.5111,46.8144],[19.5307,46.7775],[19.5143,46.7502],[19.5007,46.7493],[19.49,46.7701],[19.4908,46.7831],[19.4994,46.761],[19.5139,46.765],[19.4916,46.7968],[19.5,46.8314],[19.4781,46.8418],[19.5309,46.8216]]],[[[19.4647,47.0638],[19.5028,47.0284],[19.4386,47.073],[19.4647,47.0638]]],[[[19.5902,47.3772],[19.61,47.3743],[19.5866,47.3867],[19.589,47.3896],[19.636,47.3748],[19.581,47.3673],[19.5902,47.3772]]],[[[19.7042,47.397],[19.716,47.3842],[19.6415,47.422],[19.7042,47.397]]],[[[19.6467,47.4363],[19.6427,47.4353],[19.6438,47.4372],[19.6583,47.4353],[19.6467,47.4363]]],[[[19.6324,47.5174],[19.6535,47.5146],[19.6292,47.5071],[19.5782,47.5481],[19.6324,47.5174]]],[[[19.729,48.0075],[19.7315,48.0048],[19.7297,48.0013],[19.729,48.0075]]],[[[19.723,48.9144],[19.7246,48.9113],[19.721,48.9063],[19.723,48.9144]]],[[[19.6163,48.9107],[19.6137,48.9158],[19.6422,48.9137],[19.6163,48.9107]]],[[[19.5341,48.9102],[19.5319,48.9135],[19.5426,48.915],[19.5341,48.9102]]],[[[19.6539,48.9264],[19.7123,48.9233],[19.6785,48.9016],[19.6161,48.9396],[19.5391,48.9429],[19.5396,48.9172],[19.4951,48.912],[19.507,48.9362],[19.4097,48.9137],[19.3933,48.9236],[19.3206,48.8681],[19.3046,48.8792],[19.3825,48.9263],[19.5387,48.9475],[19.5412,48.9754],[19.549,48.9446],[19.5891,48.9592],[19.673,48.9344],[19.6539,48.9264]]],[[[19.7037,48.935],[19.6899,48.9263],[19.7012,48.9364],[19.7303,48.9353],[19.7037,48.935]]],[[[19.7071,48.9468],[19.7237,48.946],[19.7218,48.9436],[19.7071,48.9468]]],[[[19.6917,48.974],[19.7153,48.974],[19.7115,48.9722],[19.6917,48.974]]],[[[19.6493,48.9739],[19.6331,48.9747],[19.6345,48.9766],[19.6493,48.9739]]],[[[19.7105,48.9827],[19.7208,48.9817],[19.7174,48.9798],[19.7105,48.9827]]],[[[19.6052,48.9966],[19.6257,48.9985],[19.6215,48.9937],[19.6052,48.9966]]],[[[19.6346,49.1758],[19.6158,49.1766],[19.6396,49.1952],[19.6346,49.1758]]],[[[19.7643,49.1901],[19.7499,49.1955],[19.7642,49.1982],[19.7581,49.2154],[19.7318,49.2262],[19.7678,49.2367],[19.7865,49.2021],[19.8047,49.2135],[19.7839,49.2216],[19.7979,49.2341],[19.8136,49.2075],[19.8347,49.2255],[19.8344,49.2004],[19.8411,49.1951],[19.8555,49.1965],[19.9044,49.2209],[19.8705,49.2446],[19.9161,49.2481],[19.9987,49.2388],[20.0086,49.2049],[20.0398,49.1973],[20.0467,49.1896],[19.9822,49.1989],[19.9553,49.1608],[19.9596,49.1771],[19.9368,49.1748],[19.9616,49.1892],[19.9565,49.215],[20.0024,49.2098],[19.9141,49.2379],[19.902,49.2336],[19.9065,49.2172],[19.9345,49.2087],[19.8793,49.1974],[19.8956,49.1685],[19.8632,49.1896],[19.8675,49.1664],[19.8457,49.1806],[19.85,49.1628],[19.8204,49.1588],[19.8485,49.1899],[19.8106,49.1931],[19.795,49.1626],[19.7754,49.2003],[19.7484,49.1477],[19.7208,49.176],[19.7386,49.1876],[19.6916,49.17],[19.6756,49.1822],[19.7003,49.1957],[19.6638,49.2006],[19.7142,49.218],[19.7602,49.2073],[19.7104,49.1978],[19.7643,49.1901]],[[19.9867,49.2338],[19.9795,49.235],[19.9822,49.2327],[19.9867,49.2338]],[[19.7944,49.1739],[19.8007,49.1865],[19.7948,49.1854],[19.7944,49.1739]]],[[[19.637,49.2139],[19.6463,49.2124],[19.6421,49.21],[19.637,49.2139]]],[[[19.6698,49.2108],[19.659,49.217],[19.6859,49.2138],[19.6698,49.2108]]],[[[19.6872,49.219],[19.6611,49.2257],[19.6722,49.2313],[19.684,49.2235],[19.6989,49.2286],[19.6872,49.219]]],[[[19.6755,49.2293],[19.6763,49.2423],[19.6862,49.2365],[19.6755,49.2293]]],[[[19.944,42.6849],[19.9009,42.6876],[19.9134,42.7023],[19.944,42.6849]]],[[[19.8925,42.6992],[19.8938,42.6949],[19.8541,42.6999],[19.8925,42.6992]]],[[[19.905,42.6972],[19.8991,42.7039],[19.9037,42.7038],[19.905,42.6972]]],[[[19.9864,42.7051],[19.9793,42.6959],[19.9507,42.7155],[19.9864,42.7051]]],[[[19.9215,42.7108],[19.9159,42.7108],[19.9199,42.7186],[19.9215,42.7108]]],[[[19.8864,42.7254],[19.8902,42.7145],[19.8474,42.7302],[19.8864,42.7254]]],[[[19.8361,42.7284],[19.8358,42.7342],[19.8448,42.7231],[19.8361,42.7284]]],[[[19.8849,42.7277],[19.8714,42.7374],[19.876,42.7397],[19.8849,42.7277]]],[[[19.9938,42.7387],[19.9933,42.7327],[19.9538,42.7495],[19.9938,42.7387]]],[[[19.8293,42.7408],[19.8299,42.7399],[19.8105,42.7433],[19.8293,42.7408]]],[[[19.8456,42.7546],[19.8484,42.7503],[19.8442,42.7487],[19.8456,42.7546]]],[[[19.8681,42.7563],[19.8563,42.7652],[19.8715,42.7714],[19.8681,42.7563]]],[[[19.928,42.7529],[19.9334,42.7676],[19.9443,42.7657],[19.9472,42.7491],[19.9087,42.7471],[19.8867,42.7844],[19.928,42.7529]]],[[[19.7596,42.7621],[19.7528,42.7489],[19.7236,42.7675],[19.7439,42.7722],[19.7292,42.7822],[19.731,42.7843],[19.7596,42.7621]]],[[[19.9525,42.7788],[19.9482,42.7816],[19.978,42.7846],[19.9525,42.7788]]],[[[19.7896,42.7841],[19.7641,42.7767],[19.7637,42.7922],[19.7896,42.7841]]],[[[19.8459,42.7924],[19.8491,42.7864],[19.8432,42.7862],[19.8459,42.7924]]],[[[19.7593,42.7829],[19.7437,42.793],[19.7597,42.8032],[19.7593,42.7829]]],[[[19.7863,42.7937],[19.7898,42.7877],[19.7723,42.796],[19.7863,42.7937]]],[[[19.9771,42.7963],[19.9414,42.7928],[19.9603,42.8098],[19.9771,42.7963]]],[[[19.742,42.807],[19.7502,42.8077],[19.7559,42.8037],[19.742,42.807]]],[[[19.9185,42.803],[19.8978,42.8076],[19.9222,42.8178],[19.9294,42.8116],[19.9185,42.803]]],[[[19.7871,42.8136],[19.7812,42.8178],[19.7918,42.8206],[19.7871,42.8136]]],[[[19.972,42.8176],[19.964,42.8246],[19.9826,42.8307],[19.972,42.8176]]],[[[19.7279,42.831],[19.7274,42.8389],[19.7501,42.8276],[19.7279,42.831]]],[[[19.9716,42.8556],[19.9755,42.8639],[19.9796,42.8621],[19.9716,42.8556]]],[[[19.8098,42.8756],[19.8291,42.8759],[19.8171,42.8694],[19.802,42.8773],[19.8005,42.8886],[19.8098,42.8756]]],[[[19.8176,42.8901],[19.8199,42.8849],[19.8127,42.8832],[19.8176,42.8901]]],[[[19.7785,42.8868],[19.7631,42.8937],[19.7814,42.8923],[19.7785,42.8868]]],[[[19.7437,42.9268],[19.7428,42.916],[19.7249,42.9214],[19.7386,42.9304],[19.7628,42.9154],[19.7437,42.9268]]],[[[19.7411,42.9338],[19.7447,42.939],[19.7541,42.9347],[19.7411,42.9338]]],[[[20.0088,42.951],[20.0039,42.9412],[19.9766,42.9404],[19.9549,42.9568],[20.0088,42.951]]],[[[19.9877,42.968],[19.9904,42.9619],[19.951,42.9609],[19.9877,42.968]]],[[[19.9683,42.9833],[19.9785,42.9785],[19.9312,42.9762],[19.9256,42.9902],[19.9683,42.9833]]],[[[19.9554,42.9859],[19.9334,43.0146],[19.9998,42.984],[20.0249,43.0006],[20.0481,42.9981],[20.0249,42.9897],[20.0405,42.976],[19.9554,42.9859]]],[[[19.9846,43.011],[19.9921,43.0023],[19.9774,43.0063],[19.9846,43.011]]],[[[19.9005,43.0127],[19.8906,43.0153],[19.9015,43.0149],[19.9165,43.007],[19.9005,43.0127]]],[[[19.9285,43.0004],[19.9093,43.0017],[19.9247,43.0094],[19.9088,43.0256],[19.9289,43.0234],[19.9285,43.0004]]],[[[19.9103,43.018],[19.8921,43.0179],[19.8869,43.0251],[19.9103,43.018]]],[[[19.8127,43.0266],[19.8163,43.033],[19.8145,43.0264],[19.8127,43.0266]]],[[[19.884,43.0273],[19.8785,43.0369],[19.9153,43.0317],[19.884,43.0273]]],[[[19.8662,43.0591],[19.8627,43.0677],[19.8749,43.0576],[19.8662,43.0591]]],[[[19.9771,43.061],[19.9728,43.0663],[19.9828,43.0631],[19.9771,43.061]]],[[[19.8969,43.0861],[19.8985,43.081],[19.8918,43.0827],[19.8969,43.0861]]],[[[19.9005,43.0895],[19.9074,43.0829],[19.9037,43.0809],[19.9005,43.0895]]],[[[19.8783,43.1054],[19.8989,43.0929],[19.8866,43.0881],[19.8783,43.1054]]],[[[19.9102,43.1002],[19.9157,43.104],[19.9194,43.097],[19.9102,43.1002]]],[[[19.9149,43.1125],[19.9409,43.1129],[19.9565,43.1052],[19.9149,43.1125]]],[[[19.8019,43.132],[19.795,43.1354],[19.8142,43.1417],[19.8019,43.132]]],[[[19.8507,43.1466],[19.8386,43.1463],[19.8533,43.148],[19.8701,43.14],[19.8507,43.1466]]],[[[19.8275,43.1539],[19.8275,43.1549],[19.835,43.1556],[19.8275,43.1539]]],[[[19.8446,43.1538],[19.854,43.1496],[19.8423,43.1525],[19.8428,43.1582],[19.8446,43.1538]]],[[[19.9246,43.1971],[19.961,43.2048],[19.9279,43.1997],[19.9306,43.2095],[19.9953,43.219],[19.9899,43.1966],[20.039,43.1934],[20.0422,43.1774],[20.0481,43.1901],[20.0801,43.1945],[20.0884,43.177],[20.0546,43.1777],[20.0655,43.1693],[20.0711,43.1449],[20.1094,43.1523],[20.1101,43.1162],[20.0793,43.1294],[20.0639,43.1144],[20.0799,43.107],[20.0105,43.0966],[20.0688,43.0624],[20.0551,43.0472],[20.0354,43.0731],[19.9904,43.0681],[19.9703,43.0911],[19.9525,43.0675],[19.9879,43.0321],[19.9594,43.0133],[19.9283,43.0522],[19.9592,43.0588],[19.9318,43.0725],[19.9771,43.0986],[19.9379,43.1237],[19.9021,43.1148],[19.9082,43.1305],[19.8952,43.1349],[19.9037,43.1404],[19.8923,43.1429],[19.9016,43.1543],[19.9246,43.1971]],[[19.9344,43.1651],[19.9197,43.1689],[19.9358,43.1621],[19.9344,43.1651]],[[19.9052,43.147],[19.9021,43.1439],[19.913,43.1413],[19.9052,43.147]],[[20.0333,43.0746],[20.035,43.076],[20.0278,43.0832],[20.0333,43.0746]],[[20.0557,43.1617],[20.0444,43.159],[20.0599,43.1315],[20.0557,43.1617]],[[19.9886,43.1395],[20.0271,43.12],[20.0374,43.1385],[20.0037,43.1696],[19.9886,43.1395]],[[19.9823,43.1673],[20.0071,43.1758],[20.0015,43.1835],[19.9823,43.1673]],[[19.9656,43.1503],[19.9847,43.1399],[19.9865,43.1544],[19.9656,43.1503]],[[19.9574,43.1604],[19.9479,43.1454],[19.9613,43.1481],[19.9687,43.1396],[19.9574,43.1604]],[[19.9615,43.1616],[19.9862,43.1581],[19.9783,43.1683],[19.9615,43.1616]],[[19.9811,43.1046],[19.9903,43.101],[19.9656,43.111],[19.9811,43.1046]],[[19.9527,43.1434],[19.9502,43.132],[19.9638,43.1359],[19.9527,43.1434]],[[19.9568,43.0315],[19.9623,43.0332],[19.959,43.0434],[19.9568,43.0315]],[[20.0557,43.1732],[20.0469,43.1652],[20.0502,43.1626],[20.0557,43.1732]],[[19.9274,43.1713],[19.933,43.1787],[19.9304,43.1801],[19.9274,43.1713]],[[20.0133,43.1822],[20.0152,43.1867],[20.0085,43.1935],[20.0133,43.1822]],[[19.9647,43.1896],[19.9573,43.1851],[19.9574,43.1814],[19.9647,43.1896]],[[19.9856,43.1159],[19.9711,43.1172],[19.9718,43.1143],[19.9856,43.1159]],[[19.9778,43.1235],[19.9792,43.1253],[19.9675,43.1269],[19.9778,43.1235]],[[19.9277,43.1685],[19.9404,43.1676],[19.9384,43.1695],[19.9277,43.1685]]],[[[19.8863,43.1663],[19.9028,43.1713],[19.8972,43.1541],[19.8863,43.1663]]],[[[19.8509,43.1703],[19.8627,43.1692],[19.8597,43.1674],[19.8509,43.1703]]],[[[19.8224,43.1705],[19.8098,43.1719],[19.8206,43.1757],[19.8224,43.1705]]],[[[19.8252,43.1758],[19.8567,43.1875],[19.8702,43.1846],[19.8252,43.1758]]],[[[19.8068,43.1679],[19.7971,43.183],[19.8036,43.1828],[19.8068,43.1679]]],[[[19.8709,43.1793],[19.8741,43.1786],[19.8695,43.1729],[19.8709,43.1793]]],[[[19.8977,43.1808],[19.9005,43.1825],[19.8932,43.1841],[19.9037,43.1831],[19.8977,43.1808]]],[[[19.8747,43.1859],[19.8633,43.192],[19.8947,43.1907],[19.8747,43.1859]]],[[[19.8496,43.1868],[19.8262,43.1888],[19.8521,43.1973],[19.8496,43.1868]]],[[[19.8428,43.1963],[19.8083,43.1965],[19.8218,43.212],[19.8428,43.1963]]],[[[19.8975,43.2059],[19.9102,43.2043],[19.9018,43.1973],[19.8975,43.2059]]],[[[19.8723,43.2046],[19.8508,43.2006],[19.8658,43.2094],[19.8547,43.2063],[19.8344,43.2179],[19.8745,43.2117],[19.8723,43.2046]]],[[[19.9046,43.2113],[19.8806,43.2201],[19.8997,43.2321],[19.9046,43.2113]]],[[[19.8492,43.221],[19.8452,43.2243],[19.8541,43.2291],[19.8492,43.221]]],[[[19.8321,43.2237],[19.8484,43.2295],[19.847,43.2283],[19.8321,43.2237]]],[[[19.8337,43.2298],[19.8257,43.2238],[19.8278,43.2337],[19.8337,43.2298]]],[[[19.8931,43.2335],[19.8752,43.2295],[19.8768,43.2317],[19.8931,43.2335]]],[[[19.7496,43.2346],[19.7471,43.2377],[19.7636,43.2349],[19.7496,43.2346]]],[[[19.9168,43.2377],[19.9197,43.2434],[19.9138,43.2304],[19.9086,43.2311],[19.9168,43.2377]]],[[[19.9864,43.2319],[19.9748,43.2483],[19.9897,43.2485],[19.9864,43.2319]]],[[[19.8569,43.2431],[19.8512,43.2395],[19.8399,43.2421],[19.8755,43.2474],[19.8569,43.2431]]],[[[19.7473,43.2421],[19.7379,43.252],[19.749,43.2571],[19.7473,43.2421]]],[[[19.7834,43.3044],[19.8872,43.2629],[19.8743,43.2488],[19.8194,43.2494],[19.7834,43.3044]]],[[[19.9155,43.2527],[19.9077,43.2518],[19.9174,43.2566],[19.9155,43.2527]]],[[[19.9697,43.2488],[19.9638,43.2484],[19.9695,43.2552],[19.976,43.2555],[19.9697,43.2488]]],[[[19.9088,43.2585],[19.9118,43.2567],[19.9041,43.249],[19.8872,43.2498],[19.9088,43.2585]]],[[[19.8974,43.2655],[19.9041,43.2591],[19.8872,43.2538],[19.8974,43.2655]]],[[[19.7631,43.2571],[19.7599,43.2619],[19.7703,43.2607],[19.7631,43.2571]]],[[[19.9583,43.2614],[19.9435,43.2561],[19.9329,43.2629],[19.9583,43.2614]]],[[[19.9117,43.2655],[19.9266,43.2625],[19.9233,43.2592],[19.9117,43.2655]]],[[[19.9219,43.2652],[19.9189,43.2691],[19.9232,43.2716],[19.9219,43.2652]]],[[[19.7638,43.2745],[19.7591,43.2835],[19.7808,43.2889],[19.7979,43.2636],[19.7638,43.2745]]],[[[19.7573,43.2864],[19.7541,43.2904],[19.7711,43.2916],[19.7573,43.2864]]],[[[19.9892,43.2971],[19.98,43.3075],[19.9925,43.31],[19.9892,43.2971]]],[[[19.9653,43.3167],[19.9715,43.3152],[19.9714,43.3132],[19.9653,43.3167]]],[[[19.7651,43.3231],[19.7603,43.3269],[19.7718,43.3248],[19.7651,43.3231]]],[[[19.7722,43.3294],[19.7659,43.3321],[19.7729,43.3345],[19.7722,43.3294]]],[[[19.8,43.3307],[19.7956,43.3347],[19.8068,43.3403],[19.8,43.3307]]],[[[19.8965,43.3417],[19.9043,43.3379],[19.8901,43.3427],[19.8949,43.3524],[19.8965,43.3417]]],[[[19.9249,43.3515],[19.9414,43.3579],[19.9249,43.3667],[19.9423,43.3686],[19.9744,43.3315],[19.9249,43.3515]]],[[[19.8146,43.3624],[19.8183,43.3614],[19.8176,43.3511],[19.8146,43.3624]]],[[[19.7912,43.352],[19.7907,43.3494],[19.7791,43.3563],[19.7854,43.365],[19.7912,43.352]]],[[[19.9834,43.3532],[19.9838,43.3599],[19.9954,43.3589],[19.9834,43.3532]]],[[[19.9753,43.3641],[19.9801,43.3599],[19.9727,43.3504],[19.9753,43.3641]]],[[[19.8926,43.3579],[19.893,43.3644],[19.8976,43.3643],[19.8926,43.3579]]],[[[19.8698,43.3608],[19.8685,43.3624],[19.8769,43.3653],[19.8698,43.3608]]],[[[19.9127,43.36],[19.9194,43.368],[19.9236,43.3661],[19.9127,43.36]]],[[[19.7755,43.3641],[19.7694,43.3656],[19.7791,43.3739],[19.7755,43.3641]]],[[[19.9575,43.3765],[19.958,43.3718],[19.9527,43.3744],[19.9453,43.3857],[19.9575,43.3765]]],[[[19.9093,43.3747],[19.9015,43.3805],[19.9073,43.3855],[19.9093,43.3747]]],[[[19.7948,43.3871],[19.8092,43.3825],[19.801,43.3807],[19.7948,43.3871]]],[[[19.9165,43.3896],[19.9148,43.3913],[19.9224,43.3944],[19.9165,43.3896]]],[[[19.955,43.3843],[19.9413,43.396],[19.9481,43.4032],[19.955,43.3843]]],[[[19.8263,43.4005],[19.8432,43.4003],[19.8389,43.3979],[19.8263,43.4005]]],[[[19.7579,43.4048],[19.7718,43.3975],[19.7662,43.3956],[19.7579,43.4048]]],[[[19.9236,43.4065],[19.9357,43.4041],[19.934,43.3965],[19.9236,43.4065]]],[[[19.9202,43.41],[19.9143,43.412],[19.9198,43.421],[19.9202,43.41]]],[[[19.953,43.4188],[19.9726,43.4238],[19.989,43.4067],[19.9454,43.4144],[19.9362,43.4261],[19.953,43.4188]]],[[[19.9922,43.4349],[19.9937,43.4242],[19.9837,43.4245],[19.9623,43.437],[19.9922,43.4349]]],[[[19.9472,43.458],[19.941,43.4614],[19.9553,43.458],[19.9472,43.458]]],[[[19.926,43.4686],[19.932,43.4672],[19.9268,43.462],[19.926,43.4686]]],[[[19.9135,43.473],[19.9056,43.4788],[19.9141,43.4798],[19.9135,43.473]]],[[[19.9321,43.4803],[19.9246,43.4809],[19.9349,43.4833],[19.9321,43.4803]]],[[[19.8077,43.4798],[19.7988,43.4829],[19.8032,43.4839],[19.8077,43.4798]]],[[[19.7474,43.484],[19.7455,43.4823],[19.7355,43.4866],[19.76,43.4815],[19.7474,43.484]]],[[[19.7798,43.4886],[19.7889,43.4838],[19.7805,43.4816],[19.7798,43.4886]]],[[[19.9312,43.4891],[19.9314,43.4864],[19.9266,43.4846],[19.9312,43.4891]]],[[[19.7603,43.4882],[19.7527,43.4904],[19.7632,43.489],[19.7603,43.4882]]],[[[19.7845,43.4905],[19.798,43.4884],[19.7979,43.4867],[19.7845,43.4905]]],[[[19.933,43.4872],[19.9313,43.4924],[19.9389,43.493],[19.933,43.4872]]],[[[19.9402,43.4965],[19.9348,43.5008],[19.9597,43.5041],[19.9402,43.4965]]],[[[19.9482,43.5152],[19.9527,43.5183],[19.9463,43.5167],[19.9432,43.5186],[19.952,43.5245],[19.9536,43.5145],[19.9482,43.5152]]],[[[19.9243,43.5149],[19.8931,43.5161],[19.8966,43.5273],[19.9271,43.5292],[19.9243,43.5149]]],[[[19.7539,43.5248],[19.7538,43.5271],[19.7659,43.5248],[19.7539,43.5248]]],[[[19.7945,43.5376],[19.805,43.5416],[19.8059,43.5392],[19.7945,43.5376]]],[[[19.9813,43.545],[19.9706,43.5487],[19.9868,43.5476],[19.9813,43.545]]],[[[19.7969,43.5442],[19.7896,43.545],[19.792,43.5544],[19.7969,43.5442]]],[[[19.9458,43.545],[19.9325,43.5519],[19.9473,43.5577],[19.9458,43.545]]],[[[19.8124,43.5576],[19.8165,43.5599],[19.8166,43.5507],[19.8124,43.5576]]],[[[19.8391,43.55],[19.8327,43.5632],[19.8414,43.5642],[19.8391,43.55]]],[[[19.9161,43.5543],[19.9118,43.5582],[19.9165,43.5652],[19.9357,43.5561],[19.9161,43.5543]]],[[[19.8223,43.5697],[19.816,43.5738],[19.8217,43.5764],[19.8278,43.5638],[19.8223,43.5697]]],[[[19.8038,43.5637],[19.7963,43.5642],[19.8086,43.5763],[19.8038,43.5637]]],[[[19.9241,43.5746],[19.9114,43.5759],[19.9124,43.5832],[19.9241,43.5746]]],[[[19.8993,43.5815],[19.8884,43.5949],[19.8982,43.5958],[19.8993,43.5815]]],[[[19.9307,43.592],[19.9406,43.5887],[19.9394,43.5864],[19.9307,43.592]]],[[[19.9648,43.588],[19.9604,43.593],[19.9707,43.5938],[19.9648,43.588]]],[[[19.7331,43.5911],[19.7459,43.5998],[19.7424,43.5903],[19.7331,43.5911]]],[[[19.7535,43.5949],[19.7528,43.6005],[19.7635,43.6006],[19.7535,43.5949]]],[[[19.7379,43.6017],[19.7429,43.6005],[19.7408,43.5966],[19.7379,43.6017]]],[[[19.8854,43.5954],[19.8693,43.5932],[19.8715,43.6017],[19.8797,43.6048],[19.8854,43.5954]]],[[[19.8557,43.5917],[19.8447,43.5995],[19.8586,43.6087],[19.8557,43.5917]]],[[[19.8437,43.5944],[19.8137,43.6007],[19.8387,43.6158],[19.8437,43.5944]]],[[[19.7931,43.6048],[19.7903,43.6086],[19.7943,43.6116],[19.7931,43.6048]]],[[[19.7597,43.6228],[19.7778,43.6186],[19.7672,43.6186],[19.7597,43.6228]]],[[[19.933,43.6216],[19.9338,43.6199],[19.9266,43.616],[19.933,43.6216]]],[[[19.8576,43.6233],[19.8491,43.6313],[19.8537,43.6369],[19.8576,43.6233]]],[[[19.7393,43.6279],[19.7293,43.6342],[19.7483,43.6295],[19.7597,43.6313],[19.7751,43.6375],[19.7628,43.6268],[19.7393,43.6279]]],[[[19.8022,43.6336],[19.8006,43.6397],[19.8088,43.6379],[19.8022,43.6336]]],[[[19.8075,43.6418],[19.8187,43.6339],[19.8152,43.6339],[19.8075,43.6418]]],[[[19.7529,43.6416],[19.7704,43.6426],[19.7712,43.6402],[19.7529,43.6416]]],[[[19.7494,43.6472],[19.7592,43.6445],[19.7331,43.6405],[19.7189,43.6459],[19.7494,43.6472]]],[[[19.8344,43.6519],[19.8295,43.6494],[19.8345,43.6544],[19.8478,43.6491],[19.8344,43.6519]]],[[[19.8398,43.663],[19.8386,43.6657],[19.848,43.6725],[19.8398,43.663]]],[[[19.8617,43.6682],[19.8494,43.6827],[19.8525,43.6837],[19.8617,43.6682]]],[[[19.8663,43.6825],[19.872,43.6815],[19.8709,43.6749],[19.8663,43.6825]]],[[[19.8018,43.704],[19.7897,43.7105],[19.8013,43.7091],[19.8018,43.704]]],[[[19.7675,43.7317],[19.7542,43.7117],[19.7894,43.6993],[19.7977,43.6884],[19.7263,43.6869],[19.7074,43.7271],[19.7515,43.7359],[19.7675,43.7317]],[[19.7486,43.723],[19.7416,43.7321],[19.7373,43.7314],[19.7486,43.723]],[[19.7542,43.6936],[19.7445,43.692],[19.7453,43.6912],[19.7542,43.6936]]],[[[19.7662,43.7413],[19.7494,43.751],[19.7675,43.7618],[19.7662,43.7413]]],[[[19.7567,43.7568],[19.7414,43.7499],[19.7451,43.7558],[19.7567,43.7568]]],[[[19.9746,44.0518],[19.9831,44.0559],[19.9918,44.0491],[19.9746,44.0518]]],[[[19.8913,44.054],[19.8998,44.056],[19.904,44.0548],[19.8913,44.054]]],[[[19.9647,44.0498],[19.9644,44.0507],[19.9777,44.0567],[19.9711,44.0532],[19.9647,44.0498]]],[[[19.9767,44.0675],[19.9655,44.0653],[19.9807,44.0765],[19.9767,44.0675]]],[[[19.9268,44.0741],[19.9165,44.0774],[19.9433,44.0698],[19.9268,44.0741]]],[[[19.9565,44.0774],[19.9714,44.088],[19.9722,44.0786],[19.9629,44.0681],[19.9565,44.0774]]],[[[19.9882,45.9829],[19.9539,46.0027],[19.9872,46.0105],[19.9882,45.9829]]],[[[19.9982,46.0341],[19.9881,46.019],[19.957,46.0051],[19.9423,46.0147],[19.955,46.0532],[19.9387,46.0552],[20.0067,46.0809],[19.9767,46.0425],[19.9982,46.0341]]],[[[19.9682,46.104],[19.9563,46.1082],[19.9943,46.1011],[19.9682,46.104]]],[[[19.9351,46.1315],[19.9269,46.1374],[19.9585,46.1464],[19.9351,46.1315]]],[[[19.8434,46.1818],[19.8319,46.2024],[19.8368,46.2042],[19.8434,46.1818]]],[[[19.8624,46.5577],[19.8314,46.5826],[19.8676,46.5742],[19.8548,46.592],[19.8871,46.5872],[19.8624,46.5577]]],[[[19.9042,46.5781],[19.9096,46.5692],[19.9037,46.5672],[19.9008,46.579],[19.9073,46.5877],[19.9175,46.5773],[19.9042,46.5781]]],[[[19.9851,46.6544],[19.9781,46.6568],[19.9847,46.664],[19.9851,46.6544]]],[[[19.9684,47.311],[19.9685,47.3378],[20.0035,47.318],[19.9684,47.311]]],[[[19.8569,47.3768],[19.8351,47.358],[19.853,47.3342],[19.8266,47.3565],[19.8405,47.3695],[19.8372,47.3755],[19.8323,47.3697],[19.8158,47.3887],[19.8569,47.3768]]],[[[19.8209,47.3917],[19.8167,47.4152],[19.7943,47.4165],[19.81,47.409],[19.8044,47.3886],[19.7775,47.4355],[19.8254,47.417],[19.8209,47.3917]]],[[[19.7584,47.4444],[19.7327,47.4438],[19.7207,47.4571],[19.7584,47.4444]]],[[[19.9711,47.7933],[19.9739,47.7918],[19.9635,47.7832],[19.9645,47.7773],[19.9606,47.7758],[19.9626,47.7943],[19.9928,47.8063],[19.9711,47.7933]]],[[[19.9056,48.0237],[19.9157,48.0244],[19.9139,48.0214],[19.9056,48.0237]]],[[[19.902,48.1165],[19.9154,48.1232],[19.9173,48.1169],[19.902,48.1165]]],[[[19.8849,48.1355],[19.8983,48.1327],[19.8913,48.127],[19.8849,48.1355]]],[[[19.7406,48.8996],[19.7533,48.9001],[19.7409,48.8971],[19.7406,48.8996]]],[[[19.8773,48.9137],[19.8922,48.9087],[19.8721,48.9042],[19.8773,48.9137]]],[[[19.9365,48.9374],[19.9523,48.9481],[19.9428,48.9409],[19.9365,48.9374]]],[[[19.9044,48.9381],[19.8801,48.9343],[19.8685,48.947],[19.9044,48.9381]]],[[[19.9308,48.9606],[19.9168,48.958],[19.9222,48.9644],[19.9308,48.9606]]],[[[19.8571,49.1556],[19.8543,49.1589],[19.8619,49.1637],[19.8571,49.1556]]],[[[19.8451,49.1988],[19.8423,49.1989],[19.8491,49.2001],[19.8526,49.1999],[19.8451,49.1988]]],[[[19.9165,49.2225],[19.9045,49.2293],[19.9275,49.2241],[19.9165,49.2225]]],[[[19.7947,49.2397],[19.8012,49.2375],[19.7969,49.2355],[19.7947,49.2397]]],[[[19.835,49.2351],[19.8248,49.2404],[19.833,49.2431],[19.8627,49.2391],[19.835,49.2351]]],[[[19.776,49.2418],[19.7829,49.2464],[19.8082,49.2453],[19.776,49.2418]]],[[[19.9821,49.2508],[19.979,49.2535],[19.9957,49.2479],[19.9821,49.2508]]],[[[19.924,49.2519],[19.9494,49.2538],[19.9438,49.2533],[19.924,49.2519]]],[[[19.796,49.2534],[19.7948,49.2529],[19.7957,49.2548],[19.8024,49.2547],[19.796,49.2534]]],[[[19.805,49.2598],[19.7958,49.2555],[19.7947,49.261],[19.805,49.2598]]],[[[19.8207,49.2548],[19.8143,49.2585],[19.8146,49.2621],[19.8207,49.2548]]],[[[20.0579,42.6894],[20.0396,42.6979],[20.0441,42.7016],[20.0579,42.6894]]],[[[20.0069,42.6934],[20.0,42.6983],[20.0037,42.7079],[20.0069,42.6934]]],[[[20.246,42.7101],[20.2546,42.7031],[20.2478,42.7012],[20.246,42.7101]]],[[[20.2173,42.7017],[20.2102,42.707],[20.212,42.7093],[20.2173,42.7017]]],[[[20.206,42.7048],[20.2054,42.6975],[20.1889,42.71],[20.206,42.7048]]],[[[20.2576,42.7053],[20.2478,42.7089],[20.2589,42.718],[20.2576,42.7053]]],[[[20.0672,42.7166],[20.08,42.7204],[20.0954,42.7146],[20.0672,42.7166]]],[[[20.0192,42.7246],[20.0186,42.7244],[20.0173,42.7263],[20.0192,42.7246]]],[[[19.9901,42.7242],[19.9887,42.726],[19.9931,42.7294],[19.9901,42.7242]]],[[[20.1008,42.7253],[20.0897,42.7247],[20.0914,42.7343],[20.1008,42.7253]]],[[[20.0057,42.725],[20.001,42.7332],[20.0121,42.732],[20.0057,42.725]]],[[[20.235,42.7353],[20.2293,42.7606],[20.2267,42.7299],[20.2526,42.718],[20.1891,42.7437],[20.2211,42.7566],[20.2076,42.7721],[20.2358,42.7686],[20.2487,42.7381],[20.2816,42.7515],[20.2842,42.7219],[20.235,42.7353]],[[20.2134,42.7488],[20.2239,42.7532],[20.2219,42.7536],[20.2134,42.7488]],[[20.2107,42.7472],[20.2102,42.747],[20.2129,42.7462],[20.2107,42.7472]]],[[[20.0604,42.7309],[20.0166,42.7099],[20.0529,42.738],[20.0378,42.7635],[20.0604,42.7309]]],[[[20.0963,42.7329],[20.102,42.7461],[20.0963,42.7397],[20.0882,42.7451],[20.103,42.7493],[20.1025,42.7349],[20.0963,42.7329]]],[[[20.0636,42.7284],[20.0692,42.754],[20.0794,42.7551],[20.0636,42.7284]]],[[[20.1759,42.7396],[20.1685,42.7381],[20.1813,42.746],[20.1759,42.7396]]],[[[20.0152,42.728],[20.0072,42.7438],[19.9807,42.7513],[20.0195,42.7579],[20.0152,42.728]]],[[[20.1351,42.7661],[20.1583,42.7515],[20.1398,42.7388],[20.146,42.7484],[20.1057,42.7462],[20.1091,42.7567],[20.0846,42.7524],[20.0766,42.7651],[20.1351,42.7661]]],[[[20.1884,42.7569],[20.1951,42.7515],[20.1908,42.7512],[20.1884,42.7569]]],[[[19.9897,42.7549],[19.9929,42.7639],[19.9919,42.7575],[19.9897,42.7549]]],[[[20.163,42.758],[20.1628,42.7508],[20.1437,42.7719],[20.163,42.758]]],[[[20.0823,42.7747],[20.0515,42.7584],[20.052,42.7767],[20.0823,42.7747]]],[[[20.0024,42.7872],[20.0004,42.7902],[20.0145,42.789],[20.0024,42.7872]]],[[[20.0502,42.7892],[20.0263,42.7797],[20.0258,42.7997],[20.0502,42.7892]]],[[[20.2499,42.7909],[20.2349,42.7902],[20.2366,42.8028],[20.2499,42.7909]]],[[[20.0976,42.8037],[20.0795,42.8037],[20.0745,42.8061],[20.0976,42.8037]]],[[[20.1839,42.8138],[20.1887,42.8162],[20.1936,42.8045],[20.1839,42.8138]]],[[[20.0022,42.8037],[19.9985,42.8149],[20.0168,42.8141],[20.0022,42.8037]]],[[[20.0542,42.8128],[20.0504,42.8141],[20.057,42.8145],[20.0542,42.8128]]],[[[20.0307,42.8007],[20.0125,42.8227],[20.02,42.816],[20.0453,42.818],[20.0307,42.8007]]],[[[20.1844,42.8295],[20.1765,42.827],[20.1796,42.8347],[20.1844,42.8295]]],[[[20.011,42.8456],[20.0317,42.835],[20.0316,42.8282],[19.9779,42.8436],[19.989,42.861],[20.0019,42.8414],[20.011,42.8456]]],[[[20.0094,42.853],[19.9963,42.8549],[19.995,42.8643],[20.0094,42.853]]],[[[20.0251,42.8618],[20.0251,42.8599],[20.018,42.862],[20.0251,42.8618]]],[[[20.0351,42.8711],[20.0371,42.8751],[20.0429,42.8707],[20.0351,42.8711]]],[[[20.168,42.8675],[20.1641,42.8847],[20.1819,42.874],[20.168,42.8675]]],[[[20.2193,42.8963],[20.2416,42.8872],[20.2322,42.8834],[20.2193,42.8963]]],[[[20.2458,42.889],[20.2293,42.9062],[20.2519,42.9022],[20.2458,42.889]]],[[[20.1254,42.8967],[20.1214,42.9035],[20.1258,42.9033],[20.1254,42.8967]]],[[[20.1881,42.8982],[20.1937,42.9041],[20.1962,42.8965],[20.176,42.8969],[20.1881,42.8982]]],[[[20.1349,42.9355],[20.1109,42.9281],[20.0999,42.935],[20.095,42.8778],[20.0776,42.8823],[20.0949,42.9053],[20.0729,42.8898],[20.0622,42.9061],[20.0747,42.8941],[20.0819,42.8982],[20.0835,42.9444],[20.1349,42.9355]]],[[[20.2005,42.9097],[20.1737,42.9101],[20.2011,42.9171],[20.207,42.9113],[20.2005,42.9097]]],[[[20.1039,42.9162],[20.106,42.9246],[20.1234,42.9089],[20.1039,42.9162]]],[[[20.0574,42.9207],[20.0417,42.9248],[20.057,42.9347],[20.0574,42.9207]]],[[[20.1954,42.9296],[20.1832,42.9247],[20.1828,42.935],[20.1954,42.9296]]],[[[20.0427,42.94],[20.0492,42.9398],[20.0434,42.9274],[20.0427,42.94]]],[[[20.1555,42.9429],[20.1474,42.9549],[20.1662,42.9507],[20.1555,42.9429]]],[[[20.14,42.9551],[20.15,42.9505],[20.1425,42.951],[20.14,42.9551]]],[[[20.0531,42.9584],[20.0381,42.946],[20.0463,42.9624],[20.0105,42.9594],[20.0455,42.9696],[20.0531,42.9584]]],[[[20.1511,42.9571],[20.1086,42.9572],[20.1159,42.9403],[20.0642,42.9519],[20.1172,42.9625],[20.0902,42.9669],[20.0965,42.975],[20.1197,42.965],[20.1449,42.9756],[20.1511,42.9571]]],[[[20.002,42.9656],[19.9792,42.9726],[20.0085,42.9684],[20.002,42.9656]]],[[[20.1137,42.9731],[20.1137,42.9742],[20.1232,42.9739],[20.1137,42.9731]]],[[[20.1604,42.9686],[20.1548,42.9735],[20.1666,42.9754],[20.1604,42.9686]]],[[[20.2575,42.9821],[20.2593,42.9859],[20.2684,42.9818],[20.2575,42.9821]]],[[[20.1964,42.9841],[20.1386,42.9813],[20.1701,43.0005],[20.1964,42.9841]]],[[[20.1004,42.9959],[20.1168,42.9922],[20.1223,43.0001],[20.137,42.9975],[20.1125,42.9876],[20.1004,42.9959]]],[[[20.0492,42.9933],[20.0564,43.0176],[20.0752,43.0177],[20.0412,43.0496],[20.0597,43.0436],[20.0689,43.0602],[20.1002,43.0661],[20.1273,43.0228],[20.0665,42.9957],[20.0492,42.9933]],[[20.0949,43.0101],[20.1166,43.023],[20.111,43.028],[20.0833,43.0284],[20.0949,43.0101]],[[20.0724,43.0553],[20.0742,43.0423],[20.0912,43.0388],[20.091,43.0611],[20.0724,43.0553]],[[20.1039,43.0332],[20.0934,43.0425],[20.0994,43.0355],[20.1039,43.0332]]],[[[20.1966,43.0101],[20.1713,43.021],[20.1863,43.019],[20.1966,43.0101]]],[[[20.048,43.0152],[20.0475,43.0136],[20.0249,43.0204],[20.048,43.0152]]],[[[20.0564,43.0177],[20.0469,43.0223],[20.051,43.0238],[20.0564,43.0177]]],[[[20.1704,43.022],[20.1221,43.0057],[20.1354,43.038],[20.1704,43.022]]],[[[20.0082,43.04],[20.0222,43.0259],[19.99,43.037],[19.985,43.0536],[20.0296,43.0405],[20.0082,43.04]],[[19.9924,43.0373],[19.9992,43.0417],[19.9931,43.0423],[19.9924,43.0373]]],[[[20.2085,43.0426],[20.2028,43.0461],[20.2074,43.0487],[20.2085,43.0426]]],[[[20.236,43.0483],[20.2315,43.0458],[20.2275,43.0512],[20.236,43.0483]]],[[[20.2497,43.049],[20.2479,43.0526],[20.2639,43.0483],[20.2497,43.049]]],[[[20.0263,43.0543],[20.0067,43.0678],[20.0418,43.0572],[20.0321,43.0459],[20.0263,43.0543]],[[20.0342,43.0494],[20.0304,43.0588],[20.022,43.0601],[20.0342,43.0494]]],[[[20.0154,43.0496],[19.9959,43.0629],[19.9996,43.0637],[20.0154,43.0496]]],[[[20.1233,43.06],[20.1302,43.0578],[20.1237,43.0549],[20.1233,43.06]]],[[[20.1869,43.0852],[20.1511,43.0537],[20.1899,43.0568],[20.2093,43.0222],[20.1326,43.0588],[20.1308,43.0807],[20.101,43.0689],[20.1208,43.0926],[20.1715,43.0952],[20.1284,43.1018],[20.1256,43.125],[20.167,43.1092],[20.1869,43.0852]],[[20.1506,43.0592],[20.1556,43.0764],[20.15,43.0787],[20.1506,43.0592]]],[[[20.2413,43.1111],[20.2182,43.1133],[20.2204,43.1186],[20.2413,43.1111]]],[[[20.2342,43.1505],[20.245,43.1399],[20.2406,43.1365],[20.2342,43.1505]]],[[[20.0736,43.1582],[20.0688,43.1637],[20.0802,43.1597],[20.0736,43.1582]]],[[[20.2593,43.1603],[20.2122,43.1526],[20.2516,43.186],[20.2593,43.1603]]],[[[20.2408,43.2281],[20.2139,43.1762],[20.1857,43.1582],[20.2164,43.1322],[20.1749,43.1405],[20.1931,43.2039],[20.2077,43.2043],[20.2132,43.2096],[20.1958,43.2189],[20.2203,43.2413],[20.2408,43.2281]],[[20.1913,43.1735],[20.1967,43.182],[20.1877,43.181],[20.1913,43.1735]]],[[[20.1652,43.2138],[20.1792,43.2249],[20.1925,43.2224],[20.1584,43.1976],[20.1629,43.1895],[20.1843,43.203],[20.1893,43.2027],[20.1517,43.1726],[20.1708,43.165],[20.1082,43.1542],[20.1502,43.1809],[20.1166,43.2086],[20.1475,43.2408],[20.1652,43.2138]]],[[[20.2398,43.2033],[20.2426,43.2006],[20.2399,43.1963],[20.2398,43.2033]]],[[[20.1033,43.2148],[20.1136,43.2112],[20.1,43.2126],[20.1033,43.2148]]],[[[20.0372,43.2274],[20.0271,43.2367],[20.0583,43.2334],[20.0372,43.2274]]],[[[20.1122,43.2315],[20.1073,43.2315],[20.13,43.2489],[20.1122,43.2315]]],[[[20.2107,43.253],[20.1784,43.2533],[20.2086,43.2742],[20.2107,43.253]]],[[[20.0888,43.2614],[20.077,43.2725],[20.1009,43.277],[20.0888,43.2614]]],[[[20.2251,43.2744],[20.227,43.3093],[20.2022,43.285],[20.2024,43.3001],[20.2359,43.3243],[20.2497,43.3206],[20.2251,43.2744]]],[[[20.1735,43.3042],[20.1685,43.3023],[20.163,43.3057],[20.163,43.307],[20.1788,43.3113],[20.1735,43.3042]]],[[[20.0859,43.3104],[20.0852,43.3131],[20.0984,43.3151],[20.0859,43.3104]]],[[[20.1183,43.3239],[20.1223,43.3202],[20.1168,43.3155],[20.1183,43.3239]]],[[[20.0348,43.3359],[20.0384,43.3365],[20.0459,43.3171],[20.0552,43.3317],[20.0873,43.3323],[20.0779,43.3156],[20.09,43.303],[20.0977,43.3047],[20.093,43.3014],[20.0741,43.3034],[20.0601,43.3094],[20.0795,43.3096],[20.0733,43.33],[20.0522,43.3021],[20.0092,43.3083],[20.0425,43.3211],[20.0148,43.3378],[20.0348,43.3359]]],[[[20.2645,43.3138],[20.2561,43.3118],[20.2596,43.3304],[20.2645,43.3138]]],[[[20.2281,43.3259],[20.2163,43.312],[20.2076,43.3171],[20.2484,43.3347],[20.2281,43.3259]]],[[[20.003,43.3262],[19.9829,43.3211],[19.9883,43.3525],[20.003,43.3262]]],[[[20.0493,43.3361],[20.0401,43.3368],[20.0682,43.3476],[20.0493,43.3361]]],[[[20.082,43.3426],[20.0789,43.3446],[20.0847,43.3483],[20.082,43.3426]]],[[[20.0192,43.3524],[20.0347,43.3478],[20.0477,43.3535],[20.0626,43.3514],[20.02,43.3401],[20.0185,43.3554],[20.0315,43.3583],[20.0403,43.3554],[20.0192,43.3524]]],[[[20.1043,43.3537],[20.1068,43.3515],[20.0986,43.3468],[20.1043,43.3537]]],[[[20.2215,43.3494],[20.2183,43.3549],[20.2224,43.3551],[20.2215,43.3494]]],[[[20.0636,43.3562],[20.057,43.3632],[20.067,43.3562],[20.0636,43.3562]]],[[[20.0048,43.3664],[20.0215,43.359],[20.014,43.3554],[20.0048,43.3664]]],[[[20.114,43.3703],[20.1049,43.3663],[20.1078,43.3625],[20.1141,43.3644],[20.1183,43.3621],[20.1088,43.356],[20.0902,43.3662],[20.1232,43.3734],[20.114,43.3703]]],[[[20.1398,43.3624],[20.1244,43.3683],[20.1272,43.3704],[20.1398,43.3624]]],[[[20.0695,43.3886],[20.0932,43.3896],[20.0851,43.3867],[20.0695,43.3886]]],[[[19.9934,43.3951],[19.9808,43.3957],[20.0136,43.3973],[20.0224,43.3897],[19.9934,43.3951]]],[[[19.9837,43.401],[19.9815,43.4026],[20.0065,43.4047],[19.9837,43.401]]],[[[19.9998,43.4074],[19.9931,43.4167],[20.0018,43.4181],[19.9998,43.4074]]],[[[20.0054,43.4313],[19.9997,43.4366],[20.0049,43.4366],[20.0054,43.4313]]],[[[19.9971,43.4472],[19.9847,43.4466],[19.988,43.4511],[19.9971,43.4472]]],[[[19.9911,43.4835],[19.982,43.4936],[20.0023,43.4953],[19.9911,43.4835]]],[[[20.0212,43.4887],[20.0108,43.4961],[20.0312,43.4979],[20.0212,43.4887]]],[[[19.9745,43.5037],[19.973,43.5089],[20.0103,43.5108],[19.9745,43.5037]]],[[[20.0635,43.5292],[20.0604,43.5315],[20.0738,43.5308],[20.0635,43.5292]]],[[[20.0061,43.5375],[20.0176,43.5355],[20.0154,43.532],[20.0061,43.5375]]],[[[20.0554,43.5394],[20.047,43.5326],[20.027,43.5367],[20.0554,43.5394]]],[[[19.9961,43.542],[19.9926,43.547],[20.0049,43.5426],[19.9961,43.542]]],[[[20.0567,43.5634],[20.0557,43.5639],[20.0665,43.5701],[20.0567,43.5634]]],[[[19.9947,43.5848],[20.0052,43.5712],[19.9796,43.5681],[19.9744,43.5794],[19.9947,43.5848]]],[[[20.0075,43.6218],[20.0077,43.6286],[20.0265,43.6239],[20.0075,43.6218]]],[[[19.9964,43.6287],[20.0073,43.6245],[20.0058,43.6227],[19.9964,43.6287]]],[[[20.2303,43.6604],[20.232,43.6584],[20.2202,43.6534],[20.2303,43.6604]]],[[[20.1269,43.9136],[20.1259,43.9146],[20.1461,43.9127],[20.1269,43.9136]]],[[[20.0973,43.9383],[20.1076,43.9389],[20.1033,43.9339],[20.0973,43.9383]]],[[[20.2542,43.9724],[20.2491,43.9687],[20.2434,43.9755],[20.2589,43.9722],[20.2542,43.9724]]],[[[20.2254,43.9846],[20.2216,43.9885],[20.2229,43.9953],[20.2254,43.9846]]],[[[20.0755,44.0309],[20.0501,44.0551],[20.0389,44.0342],[20.0246,44.0336],[20.0046,44.0169],[19.9923,44.0146],[20.0448,44.0469],[20.0027,44.0324],[20.0264,44.0665],[19.9952,44.0721],[20.0109,44.0829],[20.0667,44.0557],[20.0651,44.1148],[20.0826,44.1147],[20.1068,44.1083],[20.0992,44.0936],[20.1213,44.1024],[20.1095,44.0885],[20.1227,44.074],[20.1628,44.0778],[20.1556,44.0912],[20.1707,44.0843],[20.1642,44.0646],[20.1292,44.0727],[20.099,44.05],[20.1445,44.0616],[20.1283,44.0563],[20.1637,44.0414],[20.1624,44.0373],[20.115,44.0319],[20.1088,44.04],[20.0942,44.039],[20.0948,44.0474],[20.0808,44.0355],[20.1216,44.0258],[20.0755,44.0309]],[[20.1286,44.0401],[20.1382,44.0391],[20.1398,44.0502],[20.1286,44.0401]],[[20.0842,44.0425],[20.1026,44.0595],[20.0819,44.067],[20.0842,44.0425]],[[20.1161,44.0751],[20.106,44.0724],[20.1061,44.0801],[20.0881,44.0808],[20.1158,44.0667],[20.1161,44.0751]],[[20.0804,44.1038],[20.0983,44.1012],[20.0911,44.1084],[20.0804,44.1038]],[[20.0926,44.0927],[20.0971,44.0947],[20.0914,44.1019],[20.0926,44.0927]],[[20.0262,44.0601],[20.0363,44.0613],[20.0348,44.0666],[20.0262,44.0601]]],[[[20.0452,44.0319],[20.06,44.0329],[20.0537,44.0314],[20.0452,44.0319]]],[[[20.0483,44.0862],[20.0583,44.0863],[20.0568,44.0782],[20.0483,44.0862]]],[[[20.151,44.0839],[20.1526,44.0805],[20.1453,44.0815],[20.151,44.0839]]],[[[20.1404,44.0809],[20.1326,44.0824],[20.1373,44.098],[20.1404,44.0809]]],[[[20.1775,44.0898],[20.1832,44.0889],[20.1771,44.0838],[20.1775,44.0898]]],[[[20.0206,44.0838],[20.0184,44.0896],[20.03,44.0888],[20.0206,44.0838]]],[[[20.1195,44.0917],[20.1267,44.0849],[20.118,44.0855],[20.1195,44.0917]]],[[[20.036,44.0859],[20.0274,44.0978],[20.0378,44.0959],[20.036,44.0859]]],[[[20.0042,44.0913],[20.0042,44.0949],[20.0148,44.091],[20.0042,44.0913]]],[[[20.0105,44.097],[20.0065,44.1],[20.012,44.1012],[20.0105,44.097]]],[[[20.0465,44.0955],[20.0373,44.0981],[20.0551,44.104],[20.0465,44.0955]]],[[[20.1369,44.0988],[20.121,44.1098],[20.1258,44.1086],[20.1369,44.0988]]],[[[20.158,44.115],[20.1713,44.1172],[20.1647,44.114],[20.158,44.115]]],[[[20.0493,44.1247],[20.0578,44.1259],[20.0676,44.1182],[20.0493,44.1247]]],[[[20.142,44.1234],[20.1488,44.1317],[20.1533,44.1289],[20.142,44.1234]]],[[[20.1131,44.1247],[20.1096,44.1263],[20.1214,44.1284],[20.126,44.1252],[20.1131,44.1247]]],[[[20.0315,44.1376],[20.0466,44.1254],[20.043,44.124],[20.0315,44.1376]]],[[[20.0772,44.1704],[20.0879,44.1704],[20.0854,44.1661],[20.0772,44.1704]]],[[[20.1033,45.178],[20.1136,45.1731],[20.0959,45.1727],[20.1033,45.178]]],[[[20.0848,45.4289],[20.0814,45.4346],[20.0835,45.4352],[20.0848,45.4289]]],[[[20.2772,45.464],[20.2471,45.4525],[20.2839,45.4431],[20.2276,45.4431],[20.2169,45.4603],[20.2495,45.4829],[20.2458,45.4678],[20.2772,45.464]]],[[[20.2544,45.4821],[20.255,45.4825],[20.2641,45.4782],[20.2544,45.4821]]],[[[20.2145,45.4845],[20.1971,45.474],[20.2267,45.4909],[20.2339,45.4833],[20.2113,45.4624],[20.1726,45.4827],[20.1739,45.5033],[20.2145,45.4845]],[[20.2117,45.4745],[20.2005,45.4734],[20.2126,45.4732],[20.2117,45.4745]]],[[[20.1541,45.4955],[20.1485,45.501],[20.1535,45.5034],[20.1541,45.4955]]],[[[20.2114,45.5398],[20.2355,45.5246],[20.2059,45.5168],[20.2331,45.4988],[20.2451,45.4967],[20.2509,45.4949],[20.252,45.4935],[20.19,45.4993],[20.1828,45.5304],[20.1525,45.5392],[20.1885,45.548],[20.1915,45.5248],[20.2114,45.5398]]],[[[20.1429,45.5446],[20.1328,45.5566],[20.1542,45.5636],[20.1429,45.5446]]],[[[20.1447,45.6767],[20.1749,45.6885],[20.1907,45.6806],[20.2152,45.6784],[20.2264,45.6758],[20.1447,45.6767]]],[[[20.2385,45.6879],[20.2545,45.6893],[20.2368,45.6798],[20.1958,45.6814],[20.1738,45.6921],[20.2567,45.7053],[20.2786,45.7173],[20.285,45.726],[20.2539,45.7374],[20.3032,45.7382],[20.2852,45.7175],[20.2385,45.6879]]],[[[20.2933,45.7444],[20.2462,45.7462],[20.2109,45.7657],[20.2342,45.7735],[20.2664,45.7604],[20.2933,45.7444]],[[20.2506,45.754],[20.268,45.7563],[20.257,45.7563],[20.2315,45.7641],[20.2506,45.754]],[[20.2504,45.7504],[20.2324,45.7571],[20.2331,45.7556],[20.2504,45.7504]],[[20.2699,45.7503],[20.2734,45.7546],[20.2687,45.7555],[20.2609,45.7518],[20.2699,45.7503]]],[[[20.1975,45.7658],[20.1965,45.7765],[20.213,45.7782],[20.1975,45.7658]]],[[[20.2018,45.7927],[20.2145,45.793],[20.2236,45.8002],[20.2295,45.789],[20.1969,45.7861],[20.2088,45.8049],[20.2018,45.7927]]],[[[20.2249,45.8152],[20.2268,45.8159],[20.23,45.8121],[20.2267,45.8053],[20.2249,45.8152]]],[[[20.2454,45.8101],[20.2369,45.8365],[20.2524,45.8356],[20.2454,45.8101]]],[[[20.2033,45.8377],[20.1534,45.8215],[20.1128,45.8391],[20.1331,45.8315],[20.1281,45.8595],[20.1434,45.8325],[20.1323,45.8581],[20.1906,45.8373],[20.2015,45.8423],[20.2037,45.893],[20.2208,45.8699],[20.2033,45.8377]],[[20.1784,45.8362],[20.1889,45.8361],[20.166,45.8424],[20.1784,45.8362]]],[[[20.2175,45.9235],[20.226,45.9377],[20.2299,45.9298],[20.2175,45.9235]]],[[[20.0062,45.9692],[19.9952,45.9766],[19.9985,45.9796],[20.0062,45.9692]]],[[[20.2187,46.0837],[20.1886,46.0677],[20.1818,46.097],[20.1459,46.1059],[20.2194,46.096],[20.2187,46.0837]]],[[[19.9878,46.0885],[19.9869,46.0908],[19.9988,46.093],[19.9878,46.0885]]],[[[20.1184,46.3441],[20.1118,46.3503],[20.1397,46.3434],[20.1184,46.3441]]],[[[20.0613,46.3473],[20.0603,46.359],[20.1066,46.3514],[20.0613,46.3473]]],[[[20.1306,46.3518],[20.1201,46.3725],[20.1477,46.3692],[20.1306,46.3518]]],[[[20.1282,46.3871],[20.1233,46.3878],[20.1222,46.4029],[20.1253,46.4045],[20.1282,46.3871]]],[[[20.2081,46.402],[20.1979,46.409],[20.2023,46.4129],[20.2081,46.402]]],[[[20.196,46.4108],[20.194,46.4122],[20.2022,46.4186],[20.2107,46.4163],[20.196,46.4108]]],[[[20.212,46.4275],[20.2038,46.4306],[20.2217,46.431],[20.212,46.4275]]],[[[20.1532,46.4501],[20.1577,46.4539],[20.1685,46.4421],[20.1532,46.4501]]],[[[20.0555,46.5002],[20.0362,46.515],[20.0471,46.5171],[20.0555,46.5002]]],[[[20.065,46.5113],[20.0557,46.5192],[20.0651,46.5315],[20.065,46.5113]]],[[[20.0899,46.5571],[20.0813,46.5329],[20.0459,46.5341],[20.0357,46.5159],[20.0183,46.532],[20.0243,46.5574],[20.0589,46.5745],[20.0775,46.5459],[20.0899,46.5571]],[[20.0294,46.5509],[20.0263,46.5432],[20.0369,46.5416],[20.0294,46.5509]]],[[[19.9962,46.5516],[20.0021,46.56],[20.0065,46.5563],[19.9962,46.5516]]],[[[20.0692,46.5694],[20.0602,46.5745],[20.0675,46.576],[20.0722,46.5659],[20.0692,46.5694]]],[[[20.0537,46.5902],[20.0381,46.5959],[20.0518,46.5884],[20.044,46.5746],[20.0279,46.6114],[20.0537,46.5902]]],[[[20.0257,46.7036],[20.0561,46.6939],[20.0252,46.6892],[20.0257,46.7036]]],[[[20.1992,46.7327],[20.2079,46.7358],[20.2081,46.7319],[20.1992,46.7327]]],[[[20.1973,46.7617],[20.2079,46.7728],[20.2109,46.7636],[20.1973,46.7617]]],[[[20.2254,46.7967],[20.2209,46.7773],[20.2091,46.7771],[20.2131,46.8033],[20.2392,46.8161],[20.2254,46.7967]]],[[[20.2631,46.8198],[20.2413,46.812],[20.2713,46.8411],[20.2631,46.8198]]],[[[20.1575,46.9882],[20.1654,46.9939],[20.1668,46.9872],[20.1575,46.9882]]],[[[20.1089,47.8344],[20.0908,47.8397],[20.0973,47.8437],[20.1089,47.8344]]],[[[20.1308,47.8544],[20.1267,47.8475],[20.1178,47.8464],[20.1292,47.8615],[20.1308,47.8544]]],[[[20.2019,47.9821],[20.1946,47.9852],[20.2187,47.9825],[20.2019,47.9821]]],[[[20.1609,48.1666],[20.1511,48.171],[20.164,48.1731],[20.1609,48.1666]]],[[[20.1058,48.192],[20.1055,48.1924],[20.1157,48.1968],[20.1058,48.192]]],[[[20.2377,48.6413],[20.2342,48.6332],[20.2246,48.6388],[20.2377,48.6413]]],[[[20.2215,48.7788],[20.208,48.7757],[20.2211,48.7864],[20.2279,48.7854],[20.2215,48.7788]]],[[[20.1042,48.8687],[20.0563,48.8911],[20.1615,48.8941],[20.1042,48.8687]]],[[[19.9967,48.9051],[19.9694,48.9226],[19.9915,48.9094],[20.0133,48.9144],[19.9967,48.9051]]],[[[20.0186,49.142],[20.0069,49.1454],[20.0185,49.1565],[20.0186,49.142]]],[[[19.9973,49.1348],[19.9783,49.1566],[19.9953,49.1599],[19.9973,49.1348]]],[[[20.0618,49.1489],[20.0603,49.1557],[20.0667,49.154],[20.0618,49.1489]]],[[[20.0425,49.1491],[20.0424,49.1603],[20.0594,49.1487],[20.0425,49.1491]]],[[[20.1042,49.1408],[20.0809,49.1445],[20.0961,49.1657],[20.112,49.1655],[20.0921,49.151],[20.1025,49.1444],[20.1472,49.1486],[20.1042,49.1408]]],[[[20.1937,49.1541],[20.1767,49.1574],[20.1982,49.1701],[20.1937,49.1541]]],[[[20.1526,49.1544],[20.1409,49.1683],[20.1636,49.1643],[20.1526,49.1544]]],[[[20.0623,49.1586],[20.0511,49.1772],[20.081,49.1674],[20.0623,49.1586]]],[[[20.0071,49.1648],[20.0012,49.1665],[20.005,49.1726],[20.0071,49.1648]]],[[[20.1278,49.1786],[20.1191,49.1723],[20.1126,49.1747],[20.1278,49.1786]]],[[[20.1762,49.1729],[20.1496,49.177],[20.164,49.1862],[20.1762,49.1729]]],[[[20.1306,49.1774],[20.1243,49.1884],[20.1308,49.1882],[20.1306,49.1774]]],[[[20.0198,49.1898],[20.0476,49.1797],[20.0222,49.1769],[20.0198,49.1898]]],[[[20.2055,49.1755],[20.1823,49.1803],[20.1945,49.1954],[20.2302,49.182],[20.2055,49.1755]]],[[[20.1001,49.1788],[20.0842,49.1959],[20.0992,49.2079],[20.1001,49.1788]]],[[[20.1727,49.2041],[20.1338,49.1889],[20.111,49.222],[20.1496,49.2247],[20.1535,49.1983],[20.1727,49.2041]]],[[[20.2446,49.2093],[20.2351,49.1861],[20.2181,49.1923],[20.2379,49.2056],[20.2046,49.2085],[20.2192,49.2293],[20.1922,49.2348],[20.2084,49.2328],[20.2123,49.2385],[20.1702,49.2523],[20.2783,49.2287],[20.2283,49.2339],[20.2202,49.214],[20.2446,49.2093]]],[[[20.0408,49.2033],[20.0167,49.2067],[20.0397,49.2133],[20.0408,49.2033]]],[[[20.1971,49.2099],[20.1977,49.2052],[20.1847,49.2101],[20.1971,49.2099]]],[[[20.004,49.2429],[19.9808,49.2657],[20.0083,49.257],[20.004,49.2429]]],[[[20.2873,42.7618],[20.2901,42.7584],[20.2803,42.7559],[20.2873,42.7618]]],[[[20.266,42.7699],[20.2769,42.7707],[20.2769,42.7683],[20.266,42.7699]]],[[[20.3926,42.7676],[20.3783,42.777],[20.415,42.7802],[20.3926,42.7676]]],[[[20.4403,42.7823],[20.4374,42.7887],[20.452,42.7828],[20.4403,42.7823]]],[[[20.2983,42.7827],[20.277,42.8015],[20.2846,42.8212],[20.2983,42.7827]]],[[[20.4041,42.7924],[20.3929,42.7982],[20.4069,42.8052],[20.4053,42.8121],[20.4112,42.8143],[20.4253,42.804],[20.4041,42.7924]]],[[[20.3851,42.7892],[20.3026,42.7927],[20.3091,42.8046],[20.3724,42.8216],[20.3851,42.7892]],[[20.3503,42.8016],[20.3426,42.8015],[20.3634,42.7995],[20.3503,42.8016]]],[[[20.4573,42.8101],[20.4639,42.806],[20.4645,42.7991],[20.4573,42.8101]]],[[[20.3973,42.8105],[20.4018,42.8107],[20.3983,42.8067],[20.3973,42.8105]]],[[[20.4749,42.8038],[20.4785,42.8162],[20.4875,42.8037],[20.4749,42.8038]]],[[[20.4947,42.8139],[20.4872,42.8083],[20.4827,42.8205],[20.4947,42.8139]]],[[[20.5043,42.8167],[20.5177,42.821],[20.5076,42.8103],[20.5043,42.8167]]],[[[20.457,42.8134],[20.444,42.8155],[20.4505,42.8174],[20.4551,42.8239],[20.4584,42.8242],[20.457,42.8134]]],[[[20.4725,42.8232],[20.4793,42.8193],[20.4621,42.8158],[20.4725,42.8232]]],[[[20.5397,42.8166],[20.5279,42.8141],[20.5213,42.8219],[20.5397,42.8166]]],[[[20.4005,42.8143],[20.4048,42.8307],[20.413,42.8327],[20.4005,42.8143]]],[[[20.4597,42.8267],[20.4473,42.8245],[20.4494,42.8302],[20.4597,42.8267]]],[[[20.3546,42.8294],[20.3613,42.8331],[20.3615,42.8296],[20.3546,42.8294]]],[[[20.5207,42.8264],[20.5165,42.8334],[20.5276,42.8358],[20.5207,42.8264]]],[[[20.4905,42.8215],[20.4651,42.8251],[20.4891,42.8419],[20.4905,42.8215]]],[[[20.534,42.8331],[20.5338,42.8404],[20.5374,42.8466],[20.534,42.8331]]],[[[20.405,42.8377],[20.3998,42.839],[20.425,42.8441],[20.405,42.8377]]],[[[20.5633,42.8431],[20.5575,42.8401],[20.5502,42.8474],[20.5633,42.8431]]],[[[20.2606,42.8436],[20.2589,42.8473],[20.2691,42.85],[20.2606,42.8436]]],[[[20.2994,42.8468],[20.2878,42.8477],[20.3011,42.8482],[20.2994,42.8468]]],[[[20.5865,42.8563],[20.5921,42.8458],[20.5758,42.8501],[20.5714,42.8588],[20.5865,42.8563]]],[[[20.5364,42.85],[20.5303,42.8408],[20.5304,42.8526],[20.5527,42.8656],[20.5364,42.85]]],[[[20.6042,42.8518],[20.604,42.8624],[20.6105,42.8589],[20.6042,42.8518]]],[[[20.5898,42.8581],[20.585,42.859],[20.5868,42.8678],[20.5944,42.8628],[20.5898,42.8581]]],[[[20.3786,42.8603],[20.3739,42.8655],[20.3849,42.8629],[20.3786,42.8603]]],[[[20.4028,42.8663],[20.3861,42.8616],[20.3911,42.8745],[20.4028,42.8663]]],[[[20.4299,42.8602],[20.4075,42.8802],[20.419,42.8813],[20.4299,42.8602]]],[[[20.3306,42.8826],[20.3409,42.8801],[20.3353,42.876],[20.3306,42.8826]]],[[[20.5588,42.8774],[20.5511,42.8715],[20.5442,42.8889],[20.5588,42.8774]]],[[[20.5955,42.885],[20.6027,42.8779],[20.5826,42.8863],[20.5955,42.885]]],[[[20.4501,42.8894],[20.4488,42.8917],[20.4771,42.8939],[20.4501,42.8894]]],[[[20.5637,42.893],[20.5764,42.892],[20.5576,42.8894],[20.5637,42.893]]],[[[20.5882,42.8988],[20.5761,42.8985],[20.5821,42.9012],[20.5882,42.8988]]],[[[20.5306,42.9126],[20.5429,42.9105],[20.5411,42.9062],[20.5306,42.9126]]],[[[20.4751,42.9005],[20.4531,42.9047],[20.48,42.9187],[20.4751,42.9005]]],[[[20.5855,42.91],[20.5798,42.9094],[20.5786,42.9154],[20.5855,42.91]]],[[[20.5168,42.9138],[20.5132,42.9187],[20.5254,42.9159],[20.5168,42.9138]]],[[[20.5132,42.9247],[20.5304,42.9209],[20.53,42.92],[20.5132,42.9247]]],[[[20.4703,42.9214],[20.4631,42.9218],[20.476,42.9278],[20.4703,42.9214]]],[[[20.599,42.9274],[20.6023,42.9334],[20.6245,42.9244],[20.599,42.9274]]],[[[20.2687,42.9236],[20.2606,42.9309],[20.2681,42.9315],[20.2687,42.9236]]],[[[20.5008,42.9347],[20.4983,42.9292],[20.4804,42.9405],[20.5008,42.9347]]],[[[20.5394,42.9417],[20.5438,42.9386],[20.5261,42.9323],[20.5394,42.9417]]],[[[20.4503,42.9415],[20.436,42.9478],[20.4515,42.9538],[20.4503,42.9415]]],[[[20.499,42.9572],[20.4975,42.9637],[20.5061,42.9637],[20.499,42.9572]]],[[[20.2988,42.9577],[20.2804,42.963],[20.2862,42.9669],[20.2988,42.9577]]],[[[20.6194,42.9696],[20.616,42.9739],[20.6197,42.9769],[20.6194,42.9696]]],[[[20.5584,42.9789],[20.5566,42.98],[20.5623,42.9859],[20.572,42.9867],[20.5742,42.9844],[20.5584,42.9789]]],[[[20.3716,42.981],[20.3662,42.9845],[20.3663,42.9855],[20.3716,42.981]]],[[[20.391,42.9935],[20.382,42.9966],[20.3896,42.9964],[20.3986,42.9904],[20.391,42.9935]]],[[[20.3343,42.9964],[20.3481,42.9909],[20.3416,42.9916],[20.3343,42.9964]]],[[[20.6232,42.9907],[20.6156,42.9945],[20.6145,43.0013],[20.6232,42.9907]]],[[[20.2954,43.0283],[20.2758,43.0317],[20.2835,43.0373],[20.2954,43.0283]]],[[[20.3533,43.0961],[20.3475,43.1069],[20.3569,43.0989],[20.3533,43.0961]]],[[[20.6301,43.0999],[20.6046,43.1126],[20.6232,43.1133],[20.6301,43.0999]]],[[[20.6135,43.1237],[20.6153,43.1157],[20.6112,43.1168],[20.6135,43.1237]]],[[[20.3661,43.1234],[20.3478,43.1349],[20.3574,43.1471],[20.3661,43.1234]]],[[[20.6028,43.1417],[20.6152,43.1293],[20.6119,43.1286],[20.6028,43.1417]]],[[[20.3463,43.1535],[20.2681,43.1332],[20.313,43.1309],[20.3693,43.1067],[20.3122,43.1224],[20.2723,43.1174],[20.2502,43.1302],[20.2452,43.1254],[20.2185,43.1246],[20.2032,43.1301],[20.2452,43.1295],[20.2512,43.1338],[20.2889,43.1608],[20.311,43.1488],[20.3234,43.1615],[20.3192,43.1733],[20.3463,43.1535]],[[20.256,43.1271],[20.2651,43.1283],[20.2512,43.1338],[20.256,43.1271]],[[20.283,43.1422],[20.2973,43.1489],[20.2869,43.1569],[20.283,43.1422]]],[[[20.5922,43.1298],[20.5732,43.1461],[20.5817,43.1466],[20.5922,43.1298]]],[[[20.631,43.1343],[20.6071,43.1454],[20.6089,43.1487],[20.631,43.1343]]],[[[20.5048,43.1427],[20.4909,43.1405],[20.4947,43.1508],[20.5048,43.1427]]],[[[20.6009,43.1452],[20.5864,43.1447],[20.5877,43.1515],[20.6009,43.1452]]],[[[20.5925,43.156],[20.5778,43.1594],[20.5935,43.1609],[20.5925,43.156]]],[[[20.5741,43.1536],[20.5701,43.1477],[20.5461,43.1724],[20.5741,43.1536]]],[[[20.2834,43.1604],[20.2758,43.1605],[20.2771,43.1644],[20.2834,43.1604]]],[[[20.3204,43.1603],[20.3016,43.1677],[20.3116,43.1696],[20.3204,43.1603]]],[[[20.5146,43.1705],[20.5236,43.1782],[20.5254,43.1703],[20.5146,43.1705]]],[[[20.3719,43.178],[20.3607,43.1813],[20.3783,43.1817],[20.3719,43.178]]],[[[20.4188,43.1897],[20.4224,43.1728],[20.3923,43.1935],[20.4188,43.1897]]],[[[20.5525,43.2019],[20.5486,43.2095],[20.564,43.2066],[20.5525,43.2019]]],[[[20.5795,43.2216],[20.5825,43.2265],[20.5878,43.2228],[20.5795,43.2216]]],[[[20.3441,43.2239],[20.342,43.2313],[20.3511,43.2297],[20.3441,43.2239]]],[[[20.331,43.2302],[20.3225,43.2363],[20.328,43.2472],[20.331,43.2302]]],[[[20.5833,43.2389],[20.5738,43.2357],[20.5729,43.2445],[20.5833,43.2389]]],[[[20.5169,43.248],[20.5375,43.2471],[20.5399,43.2396],[20.5169,43.248]]],[[[20.5432,43.2552],[20.5556,43.2462],[20.5548,43.2456],[20.5432,43.2552]]],[[[20.5393,43.2529],[20.5247,43.2529],[20.5252,43.2535],[20.5393,43.2529]]],[[[20.5008,43.2502],[20.4978,43.2554],[20.5046,43.2543],[20.5008,43.2502]]],[[[20.352,43.2499],[20.3246,43.2521],[20.3446,43.2625],[20.3457,43.2725],[20.352,43.2499]]],[[[20.3384,43.2635],[20.3289,43.258],[20.3366,43.273],[20.3467,43.2749],[20.3384,43.2635]]],[[[20.3826,43.2731],[20.3711,43.2758],[20.3768,43.2873],[20.3826,43.2731]]],[[[20.5016,43.2789],[20.4982,43.2842],[20.5125,43.2811],[20.5016,43.2789]]],[[[20.2718,43.2868],[20.2688,43.2863],[20.273,43.2886],[20.2773,43.2875],[20.2718,43.2868]]],[[[20.4051,43.29],[20.3871,43.2945],[20.4072,43.3009],[20.4051,43.29]]],[[[20.6127,43.2897],[20.5983,43.2728],[20.5539,43.2915],[20.5904,43.3182],[20.6127,43.2897]],[[20.5968,43.3002],[20.5888,43.3092],[20.5818,43.2978],[20.5968,43.3002]]],[[[20.3661,43.29],[20.3606,43.2926],[20.3684,43.3019],[20.3661,43.29]]],[[[20.4923,43.2895],[20.4654,43.3128],[20.4803,43.3034],[20.4923,43.2895]]],[[[20.4517,43.3107],[20.4535,43.3004],[20.4499,43.3201],[20.4517,43.3107]]],[[[20.5147,43.3136],[20.523,43.3111],[20.5205,43.308],[20.5147,43.3136]]],[[[20.4977,43.3071],[20.4909,43.3272],[20.5089,43.3177],[20.52,43.305],[20.4977,43.3071]]],[[[20.5304,43.3197],[20.5317,43.3148],[20.525,43.314],[20.5287,43.3211],[20.5351,43.3222],[20.5499,43.3196],[20.552,43.3175],[20.5304,43.3197]]],[[[20.3555,43.3278],[20.3489,43.3164],[20.3464,43.3267],[20.3555,43.3278]]],[[[20.2709,43.3128],[20.2751,43.3317],[20.2922,43.3289],[20.2709,43.3128]]],[[[20.4672,43.3269],[20.4773,43.3296],[20.4758,43.325],[20.4672,43.3269]]],[[[20.5036,43.3211],[20.4907,43.335],[20.5413,43.3356],[20.5036,43.3211]]],[[[20.5657,43.328],[20.5406,43.3565],[20.5491,43.363],[20.5657,43.328]]],[[[20.3204,43.3504],[20.3212,43.3553],[20.3308,43.3551],[20.3204,43.3504]]],[[[20.5182,43.3943],[20.4999,43.4043],[20.5102,43.4062],[20.5182,43.3943]]],[[[20.3864,43.4215],[20.381,43.4248],[20.3923,43.4333],[20.3864,43.4215]]],[[[20.5759,43.4399],[20.5761,43.4425],[20.5929,43.4409],[20.5759,43.4399]]],[[[20.4022,43.4584],[20.415,43.459],[20.4154,43.4541],[20.4022,43.4584]]],[[[20.6308,43.4569],[20.6064,43.4525],[20.6088,43.4635],[20.6308,43.4569]]],[[[20.4874,43.4699],[20.4787,43.4731],[20.4924,43.4732],[20.4874,43.4699]]],[[[20.4477,43.4684],[20.4421,43.4717],[20.446,43.4816],[20.4477,43.4684]]],[[[20.4285,43.4733],[20.4364,43.4727],[20.4269,43.4712],[20.4215,43.4823],[20.4285,43.4733]]],[[[20.5484,43.471],[20.5424,43.476],[20.5614,43.4783],[20.5484,43.471]]],[[[20.3515,43.488],[20.3636,43.4926],[20.3577,43.4872],[20.3515,43.488]]],[[[20.5965,43.4959],[20.5716,43.5047],[20.5878,43.5051],[20.5965,43.4959]]],[[[20.4617,43.5051],[20.4582,43.5086],[20.4692,43.505],[20.4691,43.5013],[20.4617,43.5051]]],[[[20.3711,43.5093],[20.3528,43.5165],[20.3639,43.5177],[20.3711,43.5093]]],[[[20.5398,43.518],[20.5471,43.5163],[20.5494,43.5095],[20.5398,43.518]]],[[[20.3609,43.5192],[20.3469,43.5204],[20.3561,43.5255],[20.3609,43.5192]]],[[[20.4356,43.5239],[20.4408,43.527],[20.4399,43.518],[20.4356,43.5239]]],[[[20.3453,43.5302],[20.3463,43.5239],[20.3387,43.5236],[20.3453,43.5302]]],[[[20.5466,43.5308],[20.5481,43.5172],[20.5314,43.5324],[20.5317,43.5392],[20.5432,43.5379],[20.5466,43.5308]]],[[[20.3631,43.5241],[20.3545,43.5347],[20.3708,43.5349],[20.3631,43.5241]]],[[[20.4036,43.53],[20.409,43.5382],[20.4161,43.535],[20.4036,43.53]]],[[[20.4666,43.5348],[20.4732,43.5388],[20.469,43.5324],[20.4666,43.5348]]],[[[20.387,43.5362],[20.3926,43.5389],[20.3959,43.5346],[20.387,43.5362]]],[[[20.5536,43.5415],[20.5654,43.5414],[20.5647,43.534],[20.5536,43.5415]]],[[[20.4201,43.5333],[20.4232,43.5444],[20.428,43.5392],[20.4201,43.5333]]],[[[20.5057,43.5392],[20.5163,43.5442],[20.5119,43.5362],[20.5057,43.5392]]],[[[20.6158,43.5477],[20.6173,43.5439],[20.608,43.5427],[20.6158,43.5477]]],[[[20.532,43.5493],[20.5362,43.5415],[20.5167,43.5452],[20.5048,43.5534],[20.532,43.5493]]],[[[20.356,43.5505],[20.3549,43.5579],[20.358,43.5596],[20.356,43.5505]]],[[[20.6204,43.5579],[20.6205,43.5601],[20.5571,43.5827],[20.5479,43.5973],[20.6026,43.5895],[20.6247,43.5643],[20.6237,43.5513],[20.6204,43.5579]],[[20.5946,43.5785],[20.5992,43.5858],[20.5983,43.586],[20.5946,43.5785]]],[[[20.5869,43.5597],[20.5789,43.5581],[20.5855,43.5649],[20.6136,43.5565],[20.5869,43.5597]]],[[[20.4035,43.5614],[20.4008,43.5612],[20.3966,43.5643],[20.4013,43.5685],[20.4035,43.5614]]],[[[20.358,43.5621],[20.3563,43.5671],[20.3671,43.5628],[20.358,43.5621]]],[[[20.3278,43.5748],[20.373,43.5789],[20.3417,43.5574],[20.3278,43.5748]]],[[[20.563,43.5715],[20.576,43.5715],[20.575,43.569],[20.563,43.5715]]],[[[20.5009,43.5742],[20.4963,43.581],[20.5029,43.5862],[20.5009,43.5742]]],[[[20.4628,43.5774],[20.4213,43.5779],[20.4107,43.5856],[20.4628,43.5774]]],[[[20.372,43.5839],[20.3534,43.5874],[20.3676,43.5958],[20.3888,43.5971],[20.372,43.5839]]],[[[20.5431,43.5965],[20.5088,43.6069],[20.5354,43.6113],[20.5431,43.5965]]],[[[20.3826,43.6041],[20.3729,43.6174],[20.3747,43.6184],[20.3826,43.6041]]],[[[20.5623,43.6218],[20.5566,43.6114],[20.5694,43.6098],[20.5582,43.6034],[20.5504,43.6242],[20.5623,43.6218]]],[[[20.3541,43.6186],[20.3526,43.6271],[20.3677,43.6288],[20.3541,43.6186]]],[[[20.5068,43.6304],[20.5022,43.6331],[20.5166,43.6251],[20.5068,43.6304]]],[[[20.468,43.6237],[20.4488,43.6314],[20.4613,43.6344],[20.468,43.6237]]],[[[20.3455,43.6355],[20.3373,43.6482],[20.3469,43.6499],[20.3455,43.6355]]],[[[20.3924,43.6467],[20.3947,43.6536],[20.3995,43.6521],[20.3924,43.6467]]],[[[20.5219,43.6529],[20.5056,43.651],[20.518,43.6606],[20.5219,43.6529]]],[[[20.3883,43.6611],[20.3917,43.6588],[20.3858,43.6513],[20.3883,43.6611]]],[[[20.5314,43.6526],[20.5219,43.6587],[20.5326,43.664],[20.5314,43.6526]]],[[[20.6076,43.6605],[20.6039,43.6641],[20.6185,43.6603],[20.6076,43.6605]]],[[[20.4254,43.6676],[20.4394,43.6663],[20.4239,43.6605],[20.4254,43.6676]]],[[[20.4437,43.6726],[20.437,43.6789],[20.4446,43.6759],[20.4487,43.683],[20.4595,43.6811],[20.4437,43.6726]]],[[[20.4755,43.6834],[20.4651,43.68],[20.4409,43.687],[20.4755,43.6834]]],[[[20.2946,43.6932],[20.2928,43.6998],[20.3042,43.6978],[20.2946,43.6932]]],[[[20.2681,43.9652],[20.2644,43.9664],[20.2741,43.9682],[20.2681,43.9652]]],[[[20.5224,43.966],[20.5172,43.9699],[20.5233,43.9742],[20.5311,43.97],[20.5224,43.966]]],[[[20.2931,43.994],[20.2872,43.9888],[20.2856,43.9967],[20.2931,43.994]]],[[[20.3722,43.9943],[20.3822,44.0001],[20.3867,43.9972],[20.3722,43.9943]]],[[[20.5981,44.1042],[20.594,44.1107],[20.6007,44.1137],[20.5981,44.1042]]],[[[20.5623,44.119],[20.5552,44.1232],[20.5616,44.1275],[20.5623,44.119]]],[[[20.5735,44.1308],[20.5716,44.1345],[20.5828,44.1354],[20.5735,44.1308]]],[[[20.5984,44.1445],[20.6058,44.1338],[20.5949,44.1331],[20.5984,44.1445]]],[[[20.448,45.1058],[20.4445,45.109],[20.4575,45.1089],[20.448,45.1058]]],[[[20.3988,45.1079],[20.4193,45.1137],[20.4193,45.1067],[20.3988,45.1079]]],[[[20.3917,45.1231],[20.4226,45.1393],[20.4286,45.127],[20.3917,45.1231]]],[[[20.4614,45.1323],[20.4524,45.1384],[20.4597,45.1447],[20.4614,45.1323]]],[[[20.4324,45.1584],[20.4435,45.155],[20.4422,45.152],[20.4324,45.1584]]],[[[20.4238,45.1581],[20.4311,45.159],[20.4309,45.1539],[20.4238,45.1581]]],[[[20.435,45.1647],[20.4398,45.1726],[20.4466,45.1631],[20.435,45.1647]]],[[[20.458,45.1716],[20.4472,45.1767],[20.4658,45.1836],[20.458,45.1716]]],[[[20.54,45.2136],[20.5631,45.1991],[20.4723,45.1713],[20.4993,45.2233],[20.5241,45.2227],[20.5185,45.2062],[20.54,45.2136]],[[20.505,45.2006],[20.5057,45.1954],[20.5104,45.1968],[20.505,45.2006]]],[[[20.5718,45.1955],[20.578,45.2027],[20.5815,45.1968],[20.5718,45.1955]]],[[[20.6034,45.1954],[20.58,45.1934],[20.5982,45.2095],[20.6034,45.1954]]],[[[20.3998,45.3262],[20.3486,45.3535],[20.4276,45.3211],[20.398,45.3048],[20.3541,45.3244],[20.3789,45.2965],[20.3049,45.2883],[20.3491,45.3043],[20.3252,45.3326],[20.3249,45.3629],[20.3543,45.3293],[20.3998,45.3262]],[[20.3399,45.3298],[20.3467,45.3322],[20.3445,45.3352],[20.3399,45.3298]],[[20.3672,45.297],[20.3553,45.3008],[20.3553,45.3005],[20.3672,45.297]]],[[[20.2988,45.338],[20.2636,45.3451],[20.2782,45.3881],[20.2988,45.338]]],[[[20.2601,45.4182],[20.2939,45.4292],[20.2921,45.4183],[20.2601,45.4182]]],[[[20.2871,45.4881],[20.2685,45.4727],[20.2644,45.4734],[20.285,45.4895],[20.3051,45.483],[20.2871,45.4881]]],[[[20.2963,45.5113],[20.2805,45.5136],[20.2832,45.5189],[20.2963,45.5113]]],[[[20.2816,45.5543],[20.2988,45.5492],[20.2942,45.544],[20.2816,45.5543]]],[[[20.3405,45.5658],[20.3951,45.5832],[20.3867,45.5766],[20.3405,45.5658]]],[[[20.3242,45.6266],[20.2695,45.6169],[20.3071,45.5909],[20.3223,45.6124],[20.3364,45.5963],[20.3234,45.6131],[20.3268,45.6156],[20.3366,45.605],[20.3392,45.5886],[20.2604,45.5911],[20.2794,45.602],[20.2626,45.6063],[20.2443,45.635],[20.2629,45.6291],[20.297,45.6318],[20.303,45.6379],[20.2804,45.6318],[20.273,45.635],[20.2677,45.6391],[20.3064,45.6572],[20.302,45.6291],[20.3242,45.6266]],[[20.2569,45.6209],[20.2657,45.6216],[20.2614,45.6284],[20.2569,45.6209]]],[[[20.305,45.6759],[20.2865,45.6578],[20.2529,45.6751],[20.305,45.6759]]],[[[20.2667,45.7043],[20.29,45.7068],[20.2849,45.7026],[20.2667,45.7043]]],[[[20.2451,45.787],[20.2318,45.792],[20.2299,45.8043],[20.2398,45.8141],[20.2427,45.7966],[20.2543,45.7918],[20.31,45.8153],[20.3057,45.7884],[20.2761,45.7859],[20.2874,45.7968],[20.2451,45.787]],[[20.2351,45.8072],[20.2335,45.8016],[20.2446,45.789],[20.2351,45.8072]]],[[[20.2785,45.8048],[20.2466,45.7986],[20.2617,45.8323],[20.2785,45.8048]]],[[[20.3191,45.8533],[20.3129,45.8719],[20.3317,45.875],[20.3191,45.8533]]],[[[20.3237,45.8956],[20.3423,45.8919],[20.2915,45.8617],[20.2385,45.884],[20.2607,45.8943],[20.2424,45.908],[20.3277,45.9258],[20.3237,45.8956]],[[20.2991,45.9039],[20.3037,45.9064],[20.2915,45.9083],[20.2991,45.9039]],[[20.2611,45.8985],[20.2609,45.8972],[20.2753,45.8983],[20.2611,45.8985]]],[[[20.3604,45.9194],[20.3729,45.9008],[20.3302,45.9094],[20.3451,45.9259],[20.3824,45.9244],[20.3604,45.9194]]],[[[20.287,45.9296],[20.2543,45.9197],[20.2407,45.9234],[20.287,45.9296]]],[[[20.2904,45.9293],[20.266,45.9458],[20.2896,45.9484],[20.3057,45.9979],[20.3145,45.9593],[20.2904,45.9293]]],[[[20.3202,45.9867],[20.3159,45.9996],[20.3194,45.999],[20.3202,45.9867]]],[[[20.5297,46.4179],[20.5225,46.4483],[20.5304,46.4491],[20.5289,46.4557],[20.5416,46.4603],[20.5934,46.4463],[20.5297,46.4179]],[[20.533,46.4394],[20.5541,46.4416],[20.5521,46.4463],[20.533,46.4394]]],[[[20.5783,46.5177],[20.5834,46.4904],[20.6302,46.4921],[20.6344,46.4725],[20.605,46.4687],[20.6172,46.4551],[20.6007,46.4493],[20.5995,46.4813],[20.5761,46.4696],[20.5387,46.4698],[20.5534,46.5147],[20.5924,46.5247],[20.5963,46.5037],[20.5783,46.5177]],[[20.5522,46.4828],[20.5711,46.4899],[20.5563,46.4937],[20.5522,46.4828]]],[[[20.4856,46.7918],[20.5083,46.7732],[20.5177,46.7911],[20.5366,46.8],[20.5431,46.7992],[20.5221,46.7911],[20.5342,46.7731],[20.5175,46.7631],[20.4916,46.7765],[20.4658,46.7466],[20.3845,46.6981],[20.3652,46.7474],[20.4856,46.7918]],[[20.4159,46.721],[20.4289,46.736],[20.4123,46.7432],[20.3898,46.7312],[20.4159,46.721]],[[20.448,46.7725],[20.4541,46.7765],[20.4434,46.774],[20.448,46.7725]],[[20.4616,46.7576],[20.462,46.764],[20.454,46.7601],[20.4616,46.7576]]],[[[20.2871,46.8622],[20.2932,46.8705],[20.2967,46.8661],[20.2871,46.8622]]],[[[20.5015,46.8886],[20.4403,46.9037],[20.4262,46.9157],[20.4929,46.8925],[20.5332,46.902],[20.5478,46.9207],[20.5549,46.9196],[20.5454,46.9068],[20.5015,46.8886]]],[[[20.3319,46.9104],[20.3153,46.92],[20.3408,46.9148],[20.3163,46.8937],[20.3319,46.9104]]],[[[20.3737,46.9187],[20.3739,46.9192],[20.3931,46.9165],[20.3737,46.9187]]],[[[20.3648,46.9315],[20.3692,46.9242],[20.3465,46.9156],[20.3648,46.9315]]],[[[20.6053,46.9352],[20.6056,46.9176],[20.5767,46.9137],[20.6053,46.9352]]],[[[20.4067,47.4272],[20.3963,47.4298],[20.4008,47.4364],[20.4241,47.4349],[20.4067,47.4272]]],[[[20.3705,47.4846],[20.3394,47.5061],[20.3181,47.4887],[20.2458,47.4988],[20.2908,47.5239],[20.2774,47.5333],[20.2927,47.5436],[20.3451,47.5084],[20.3148,47.5434],[20.3221,47.5496],[20.3881,47.5201],[20.3846,47.5408],[20.3894,47.5372],[20.4106,47.5519],[20.3568,47.5583],[20.3831,47.5712],[20.3703,47.5893],[20.449,47.5456],[20.408,47.5471],[20.396,47.5215],[20.3766,47.5172],[20.3905,47.5033],[20.3705,47.4846]],[[20.3065,47.4969],[20.324,47.5007],[20.2908,47.5239],[20.3065,47.4969]],[[20.3982,47.5578],[20.4023,47.5615],[20.3878,47.5741],[20.3982,47.5578]],[[20.3488,47.5086],[20.3574,47.5107],[20.3501,47.5162],[20.3488,47.5086]],[[20.3595,47.511],[20.3659,47.5098],[20.36,47.5207],[20.3595,47.511]]],[[[20.4593,47.554],[20.4545,47.5776],[20.477,47.5631],[20.4593,47.554]]],[[[20.4048,47.5951],[20.3895,47.6022],[20.3828,47.5924],[20.3744,47.5962],[20.3863,47.6092],[20.4048,47.5951]]],[[[20.5691,47.6037],[20.5593,47.6068],[20.546,47.6318],[20.5564,47.6079],[20.5271,47.6215],[20.5479,47.6357],[20.5691,47.6037]]],[[[20.6371,47.6328],[20.6062,47.6303],[20.6157,47.6097],[20.5667,47.6563],[20.5837,47.6614],[20.614,47.652],[20.6371,47.6328]],[[20.5965,47.646],[20.591,47.6495],[20.5904,47.642],[20.5965,47.646]],[[20.6031,47.651],[20.6013,47.6462],[20.6104,47.6438],[20.6031,47.651]]],[[[20.5879,47.897],[20.5844,47.9121],[20.6015,47.9149],[20.5879,47.897]]],[[[20.5553,47.9694],[20.5695,47.964],[20.5676,47.9614],[20.5553,47.9694]]],[[[20.5998,48.0358],[20.6022,48.0435],[20.6054,48.0429],[20.5998,48.0358]]],[[[20.3222,48.0341],[20.3224,48.0517],[20.3299,48.052],[20.3206,48.0224],[20.2568,48.0532],[20.2668,48.0728],[20.2966,48.0849],[20.2871,48.0789],[20.3222,48.0341]],[[20.2733,48.0591],[20.2822,48.0479],[20.2996,48.0549],[20.2733,48.0591]],[[20.2914,48.0383],[20.3042,48.0364],[20.305,48.042],[20.2914,48.0383]],[[20.3068,48.0397],[20.3128,48.0417],[20.3055,48.0519],[20.3068,48.0397]],[[20.2816,48.0604],[20.2842,48.0623],[20.2761,48.0661],[20.2816,48.0604]]],[[[20.4636,48.0647],[20.4575,48.0717],[20.4605,48.073],[20.4636,48.0647]]],[[[20.3116,48.0854],[20.3176,48.0663],[20.2956,48.0759],[20.3116,48.0854]]],[[[20.3592,48.1066],[20.3533,48.1035],[20.3493,48.1032],[20.3592,48.1066]]],[[[20.4136,48.1678],[20.4022,48.1682],[20.4028,48.1711],[20.4136,48.1678]]],[[[20.4112,48.1731],[20.4055,48.1803],[20.4153,48.1844],[20.4112,48.1731]]],[[[20.6347,48.1893],[20.6378,48.1861],[20.6066,48.195],[20.6347,48.1893]]],[[[20.4743,48.2109],[20.4694,48.219],[20.4727,48.2194],[20.4743,48.2109]]],[[[20.5943,48.4484],[20.5855,48.4449],[20.5792,48.4453],[20.609,48.462],[20.5943,48.4484]]],[[[20.5931,48.4621],[20.6074,48.4697],[20.6109,48.4682],[20.5931,48.4621]]],[[[20.5176,48.4627],[20.509,48.4731],[20.5215,48.4722],[20.5176,48.4627]]],[[[20.4974,48.4705],[20.4936,48.4719],[20.5046,48.48],[20.4974,48.4705]]],[[[20.4611,48.4807],[20.4756,48.4765],[20.4745,48.4755],[20.4611,48.4807]]],[[[20.5972,48.4856],[20.6067,48.4888],[20.6117,48.4826],[20.5972,48.4856]]],[[[20.5745,48.492],[20.5332,48.4918],[20.5409,48.5046],[20.5745,48.492]]],[[[20.5688,48.5028],[20.5655,48.5048],[20.5761,48.5096],[20.5688,48.5028]]],[[[20.3533,48.5673],[20.3599,48.566],[20.358,48.5594],[20.3533,48.5673]]],[[[20.4189,48.5566],[20.402,48.5657],[20.4475,48.5721],[20.4189,48.5566]]],[[[20.4572,48.5864],[20.4495,48.5806],[20.4629,48.595],[20.4572,48.5864]]],[[[20.5667,49.1386],[20.5581,49.1429],[20.5704,49.1401],[20.5667,49.1386]]],[[[20.5307,49.16],[20.5547,49.1605],[20.5358,49.1378],[20.5129,49.1425],[20.5307,49.16]],[[20.5243,49.1523],[20.5222,49.1469],[20.5273,49.1456],[20.5243,49.1523]]],[[[20.5248,49.1737],[20.5432,49.1622],[20.5411,49.1609],[20.5248,49.1737]]],[[[20.3929,49.2101],[20.3773,49.2132],[20.3802,49.2198],[20.3929,49.2101]]],[[[20.8963,42.6836],[20.8921,42.6847],[20.8947,42.704],[20.8963,42.6836]]],[[[20.8553,42.7989],[20.8719,42.7903],[20.8695,42.7878],[20.8553,42.7989]]],[[[20.7855,42.8092],[20.7751,42.8077],[20.7753,42.8099],[20.7855,42.8092]]],[[[20.7759,42.818],[20.7806,42.8242],[20.7826,42.8234],[20.7759,42.818]]],[[[20.654,42.8267],[20.6588,42.8221],[20.655,42.8186],[20.654,42.8267]]],[[[20.7432,42.8196],[20.7299,42.8288],[20.7403,42.8263],[20.7432,42.8196]]],[[[20.6681,42.8334],[20.6742,42.833],[20.6793,42.8279],[20.6681,42.8334]]],[[[20.8142,42.8341],[20.8127,42.8419],[20.8245,42.8314],[20.8203,42.8256],[20.8142,42.8341]]],[[[20.7252,42.8322],[20.7259,42.838],[20.7367,42.8358],[20.7252,42.8322]]],[[[20.6689,42.8554],[20.6772,42.8551],[20.6769,42.8509],[20.6689,42.8554]]],[[[20.6178,42.86],[20.6234,42.8669],[20.6389,42.8539],[20.6178,42.86]]],[[[20.7089,42.8597],[20.7056,42.852],[20.6947,42.8542],[20.7089,42.8597]]],[[[20.8045,42.8512],[20.7944,42.8546],[20.7888,42.87],[20.8045,42.8512]]],[[[20.6461,42.8552],[20.6388,42.8647],[20.6513,42.8657],[20.6461,42.8552]]],[[[20.637,42.8703],[20.6311,42.8714],[20.653,42.8731],[20.637,42.8703]]],[[[20.6654,42.8782],[20.673,42.8823],[20.6752,42.8761],[20.6654,42.8782]]],[[[20.6592,42.8841],[20.658,42.8887],[20.6714,42.888],[20.6592,42.8841]]],[[[20.6503,42.9005],[20.6506,42.8978],[20.6367,42.9054],[20.6503,42.9005]]],[[[20.7772,42.9029],[20.7826,42.9087],[20.7868,42.9013],[20.7772,42.9029]]],[[[20.8768,42.9074],[20.8923,42.9237],[20.8925,42.9002],[20.8768,42.9074]]],[[[20.7723,42.9164],[20.7834,42.9227],[20.7851,42.918],[20.7723,42.9164]]],[[[20.7547,42.9256],[20.7585,42.9123],[20.7558,42.9148],[20.7547,42.9256]]],[[[20.765,42.9328],[20.7574,42.9329],[20.7681,42.9346],[20.765,42.9328]]],[[[20.8937,42.945],[20.8981,42.9451],[20.8975,42.9403],[20.8937,42.945]]],[[[20.7415,42.9441],[20.74,42.9489],[20.7532,42.9435],[20.7415,42.9441]]],[[[20.7661,42.9415],[20.7566,42.9479],[20.7583,42.9497],[20.7661,42.9415]]],[[[20.7437,42.9634],[20.7551,42.9493],[20.7507,42.95],[20.7437,42.9634]]],[[[20.9438,42.9621],[20.9503,42.9564],[20.9393,42.9558],[20.9351,42.9584],[20.9438,42.9621]]],[[[20.8403,42.9456],[20.8239,42.9785],[20.8045,42.9719],[20.8149,42.9888],[20.7983,42.9693],[20.7776,42.9756],[20.7768,42.9865],[20.7907,42.9759],[20.8039,42.9813],[20.7961,42.9793],[20.7808,42.9897],[20.7883,43.002],[20.7924,42.9863],[20.8096,42.9966],[20.8184,42.9843],[20.8398,42.9787],[20.8516,42.9971],[20.8704,42.9805],[20.8403,42.9456]]],[[[20.8148,42.9629],[20.8089,42.9643],[20.8183,42.9701],[20.8329,42.9567],[20.8148,42.9629]]],[[[20.787,42.9621],[20.7752,42.97],[20.7794,42.9725],[20.787,42.9621]]],[[[20.6708,42.9886],[20.6792,42.9886],[20.6809,42.986],[20.6637,42.9796],[20.6671,42.9915],[20.6768,42.9924],[20.6794,42.9905],[20.6708,42.9886]]],[[[20.6271,42.9903],[20.6247,42.9928],[20.6414,42.988],[20.6271,42.9903]]],[[[20.7735,42.9829],[20.7619,42.9893],[20.7612,42.9946],[20.7735,42.9829]]],[[[20.8763,42.9917],[20.8718,42.9845],[20.8688,42.9886],[20.8763,42.9917]]],[[[20.701,43.0026],[20.7187,42.9955],[20.7332,42.9787],[20.701,43.0026]]],[[[20.8354,42.9867],[20.8286,42.9846],[20.836,42.997],[20.8432,42.9965],[20.8354,42.9867]]],[[[20.7987,43.0041],[20.8359,43.015],[20.8486,42.9978],[20.8199,43.0044],[20.7987,43.0041]]],[[[20.8697,42.9945],[20.8621,42.9902],[20.856,42.9975],[20.8697,42.9945]]],[[[20.7865,43.0072],[20.7707,43.0012],[20.7632,43.0089],[20.7865,43.0072]]],[[[20.9407,43.0009],[20.9689,43.001],[20.9403,42.9959],[20.9093,43.0195],[20.9407,43.0009]]],[[[20.8168,43.0142],[20.7786,43.0096],[20.8105,43.0166],[20.8064,43.0227],[20.8168,43.0142]]],[[[20.6473,43.0193],[20.6542,43.0148],[20.639,43.0146],[20.6473,43.0193]]],[[[20.7271,43.0241],[20.7221,43.0127],[20.7165,43.021],[20.7271,43.0241]]],[[[20.7807,43.0228],[20.7878,43.0175],[20.7764,43.0166],[20.7807,43.0228]]],[[[20.7638,43.0137],[20.7434,43.0177],[20.7476,43.0242],[20.7705,43.0255],[20.7638,43.0137]]],[[[20.9474,43.0219],[20.956,43.0247],[20.9587,43.0163],[20.9474,43.0219]]],[[[20.7989,43.0227],[20.8003,43.0164],[20.7716,43.0263],[20.7989,43.0227]]],[[[20.7409,43.0273],[20.7503,43.0287],[20.7459,43.0236],[20.7409,43.0273]]],[[[20.9523,43.0272],[20.9346,43.0213],[20.9559,43.0349],[20.9523,43.0272]]],[[[20.8798,43.028],[20.8749,43.03],[20.8731,43.034],[20.8856,43.0234],[20.8798,43.028]]],[[[20.8967,43.028],[20.9301,43.0288],[20.9294,43.0229],[20.8967,43.028]]],[[[20.759,43.0265],[20.7461,43.0351],[20.7812,43.0384],[20.759,43.0265]]],[[[20.6915,43.0314],[20.6834,43.032],[20.6656,43.0494],[20.6915,43.0314]]],[[[20.7145,43.0403],[20.7153,43.0489],[20.7228,43.0427],[20.7145,43.0403]]],[[[20.8691,43.0414],[20.8689,43.0469],[20.8814,43.0439],[20.8691,43.0414]]],[[[20.7758,43.0406],[20.7651,43.0413],[20.7599,43.049],[20.7758,43.0406]]],[[[20.7333,43.0531],[20.7446,43.0481],[20.7443,43.0421],[20.7333,43.0531]]],[[[20.9446,43.0659],[20.9498,43.0376],[20.8871,43.0312],[20.9054,43.0777],[20.9084,43.0533],[20.9446,43.0659]],[[20.9294,43.0435],[20.9125,43.0485],[20.9138,43.0466],[20.9294,43.0435]]],[[[20.7197,43.0524],[20.7085,43.062],[20.7043,43.056],[20.7061,43.0629],[20.7288,43.0586],[20.7197,43.0524]]],[[[20.7789,43.0605],[20.7757,43.0672],[20.7848,43.0654],[20.7789,43.0605]]],[[[20.8765,43.064],[20.8774,43.0675],[20.8906,43.0636],[20.8765,43.064]]],[[[20.8728,43.0621],[20.8611,43.0668],[20.8692,43.0682],[20.8728,43.0621]]],[[[20.9654,43.1018],[20.9896,43.0894],[20.9581,43.083],[20.9643,43.0686],[20.9894,43.0678],[20.9781,43.0646],[20.9291,43.0772],[20.9654,43.1018]]],[[[20.8511,43.0849],[20.8517,43.0881],[20.8696,43.0775],[20.8511,43.0849]]],[[[20.9121,43.079],[20.9073,43.084],[20.924,43.0825],[20.9121,43.079]]],[[[20.8861,43.0869],[20.8989,43.0843],[20.8707,43.0797],[20.8861,43.0869]]],[[[20.8582,43.089],[20.8584,43.0958],[20.8717,43.093],[20.8582,43.089]]],[[[20.6652,43.0948],[20.6702,43.0992],[20.6763,43.096],[20.6652,43.0948]]],[[[20.8631,43.1057],[20.8778,43.1126],[20.8728,43.0992],[20.8631,43.1057]]],[[[20.9084,43.1349],[20.9337,43.1245],[20.9247,43.1464],[20.9588,43.1258],[20.9382,43.1282],[20.9289,43.0983],[20.9154,43.1011],[20.904,43.1203],[20.9084,43.1349]],[[20.9122,43.1136],[20.914,43.1228],[20.907,43.1243],[20.9122,43.1136]]],[[[20.6534,43.1047],[20.629,43.1255],[20.6382,43.1317],[20.6534,43.1047]]],[[[20.7421,43.1241],[20.7451,43.121],[20.7355,43.1212],[20.7269,43.1275],[20.7421,43.1241]]],[[[20.8905,43.1291],[20.894,43.1227],[20.8909,43.1233],[20.8905,43.1291]]],[[[20.6519,43.135],[20.6551,43.129],[20.6456,43.1316],[20.6519,43.135]]],[[[20.6816,43.1296],[20.6539,43.1366],[20.6574,43.138],[20.6816,43.1296]]],[[[20.8871,43.1324],[20.8911,43.1365],[20.8963,43.1326],[20.8871,43.1324]]],[[[20.8976,43.1346],[20.8968,43.1387],[20.9064,43.1345],[20.8976,43.1346]]],[[[20.874,43.1445],[20.8674,43.1438],[20.8639,43.1465],[20.877,43.1459],[20.874,43.1445]]],[[[20.9037,43.1458],[20.9213,43.1477],[20.9187,43.146],[20.9037,43.1458]]],[[[20.7962,43.146],[20.7891,43.1481],[20.8018,43.1522],[20.7962,43.146]]],[[[20.8777,43.1536],[20.8775,43.1489],[20.8662,43.1499],[20.8777,43.1536]]],[[[20.8923,43.1549],[20.898,43.1576],[20.9067,43.15],[20.8923,43.1549]]],[[[20.7082,43.1564],[20.6896,43.1592],[20.6958,43.1628],[20.7082,43.1564]]],[[[20.9317,43.1577],[20.9053,43.1562],[20.9167,43.1761],[20.9317,43.1577]]],[[[20.9001,43.1913],[20.9125,43.1759],[20.905,43.1709],[20.9001,43.1913]]],[[[20.8989,43.1975],[20.8934,43.2025],[20.9061,43.2055],[20.8989,43.1975]]],[[[20.8704,43.2198],[20.8737,43.2326],[20.8806,43.2232],[20.8704,43.2198]]],[[[20.7798,43.2259],[20.7593,43.2318],[20.8451,43.2512],[20.7798,43.2259]]],[[[20.8539,43.2352],[20.8419,43.2473],[20.8504,43.2516],[20.8539,43.2352]]],[[[20.7361,43.2299],[20.7269,43.2686],[20.7595,43.2443],[20.7873,43.2583],[20.7361,43.2299]]],[[[20.8699,43.2456],[20.8648,43.2515],[20.8883,43.2457],[20.8699,43.2456]]],[[[20.887,43.2518],[20.8748,43.2593],[20.8902,43.2535],[20.887,43.2518]]],[[[20.7972,43.2569],[20.8046,43.2646],[20.8056,43.2606],[20.7972,43.2569]]],[[[20.8594,43.2721],[20.8692,43.274],[20.8762,43.2717],[20.8594,43.2721]]],[[[20.9473,43.288],[20.9592,43.2666],[20.9501,43.2735],[20.9473,43.288]]],[[[20.6351,43.2824],[20.6551,43.2835],[20.647,43.2802],[20.6351,43.2824]]],[[[20.7201,43.2952],[20.7322,43.2941],[20.7265,43.2697],[20.7201,43.2952]]],[[[20.6368,43.2921],[20.6375,43.2856],[20.6344,43.2839],[20.6368,43.2921]]],[[[20.618,43.2998],[20.6258,43.3012],[20.6285,43.2939],[20.618,43.2998]]],[[[20.8155,43.3058],[20.8022,43.3243],[20.8233,43.3172],[20.8155,43.3058]]],[[[20.9089,43.3118],[20.876,43.3174],[20.8837,43.3192],[20.9089,43.3118]]],[[[20.8946,43.3174],[20.8929,43.3192],[20.9133,43.3169],[20.8946,43.3174]]],[[[20.9523,43.306],[20.9399,43.3326],[20.9453,43.3316],[20.9523,43.306]]],[[[20.7566,43.3148],[20.7275,43.3015],[20.7299,43.347],[20.7566,43.3148]]],[[[20.9019,43.3233],[20.8946,43.3246],[20.9035,43.3283],[20.9081,43.3241],[20.9019,43.3233]]],[[[20.8739,43.3331],[20.8497,43.3234],[20.8643,43.344],[20.8739,43.3331]]],[[[20.8313,43.3394],[20.837,43.3362],[20.835,43.3325],[20.8313,43.3394]]],[[[20.941,43.3458],[20.9363,43.3546],[20.9494,43.3546],[20.941,43.3458]]],[[[20.9344,43.3783],[20.9417,43.3744],[20.9126,43.3668],[20.9406,43.3632],[20.8771,43.3307],[20.887,43.3641],[20.9344,43.3783]]],[[[20.7216,43.3557],[20.7177,43.3607],[20.7257,43.361],[20.7216,43.3557]]],[[[20.7003,43.3664],[20.7042,43.3642],[20.6979,43.3598],[20.7003,43.3664]]],[[[20.8871,43.368],[20.863,43.3717],[20.8655,43.375],[20.8871,43.368]]],[[[20.7061,43.3676],[20.6807,43.3742],[20.713,43.3801],[20.7061,43.3676]]],[[[20.6946,43.3831],[20.7045,43.3794],[20.6746,43.3815],[20.6946,43.3831]]],[[[20.916,43.4133],[20.9157,43.4185],[20.924,43.4177],[20.916,43.4133]]],[[[20.7787,43.4255],[20.7875,43.4293],[20.7748,43.4211],[20.7787,43.4255]]],[[[20.9217,43.4289],[20.9277,43.4373],[20.9299,43.4342],[20.9217,43.4289]]],[[[20.9145,43.4313],[20.9115,43.4361],[20.9151,43.4392],[20.9145,43.4313]]],[[[20.7209,43.4353],[20.7182,43.4316],[20.6724,43.4351],[20.7209,43.4353]]],[[[20.6542,43.4457],[20.6665,43.4431],[20.6555,43.4362],[20.6467,43.4372],[20.6542,43.4457]]],[[[20.7606,43.4371],[20.7501,43.4385],[20.7623,43.4521],[20.7606,43.4371]]],[[[20.7726,43.4474],[20.7689,43.4577],[20.7807,43.4567],[20.7726,43.4474]]],[[[20.6687,43.4582],[20.6741,43.4553],[20.6726,43.4522],[20.6687,43.4582]]],[[[20.8135,43.4597],[20.7933,43.4528],[20.7889,43.4546],[20.8135,43.4597]]],[[[20.6926,43.4729],[20.7107,43.474],[20.7131,43.4708],[20.6926,43.4729]]],[[[20.8086,43.4779],[20.8106,43.4729],[20.8047,43.4734],[20.8086,43.4779]]],[[[20.6483,43.4793],[20.6445,43.4791],[20.6582,43.4838],[20.6483,43.4793]]],[[[20.626,43.4865],[20.6442,43.4827],[20.6329,43.4763],[20.626,43.4865]]],[[[20.687,43.488],[20.6897,43.4815],[20.6945,43.4767],[20.6842,43.4851],[20.687,43.488]]],[[[20.6966,43.4814],[20.689,43.4841],[20.6915,43.4924],[20.6966,43.4814]]],[[[20.8262,43.4929],[20.8294,43.4923],[20.8268,43.4837],[20.8262,43.4929]]],[[[20.6642,43.4988],[20.6507,43.499],[20.6543,43.5054],[20.6642,43.4988]]],[[[20.8482,43.5024],[20.8321,43.5091],[20.853,43.5119],[20.8366,43.5167],[20.8436,43.5356],[20.8337,43.5287],[20.8247,43.5365],[20.8527,43.5363],[20.8614,43.5321],[20.8628,43.5156],[20.8482,43.5024]],[[20.8442,43.5236],[20.8391,43.5204],[20.8503,43.5205],[20.8442,43.5236]]],[[[20.6666,43.5101],[20.6646,43.513],[20.6783,43.5143],[20.6666,43.5101]]],[[[20.7441,43.5218],[20.7446,43.5242],[20.7461,43.5188],[20.7441,43.5218]]],[[[20.9232,43.5278],[20.933,43.5265],[20.9205,43.5181],[20.9232,43.5278]]],[[[20.6595,43.5273],[20.6623,43.5249],[20.6549,43.5206],[20.6595,43.5273]]],[[[20.6762,43.518],[20.6639,43.5156],[20.666,43.5353],[20.6762,43.518]]],[[[20.8244,43.5229],[20.8161,43.5352],[20.8223,43.5348],[20.8277,43.529],[20.8244,43.5229]]],[[[20.6945,43.5326],[20.7111,43.5378],[20.7082,43.531],[20.6945,43.5326]]],[[[20.9082,43.533],[20.8987,43.5362],[20.9018,43.5441],[20.9082,43.533]]],[[[20.8871,43.5412],[20.8856,43.5421],[20.8925,43.5454],[20.8985,43.5389],[20.8871,43.5412]]],[[[20.6652,43.5372],[20.6591,43.5376],[20.644,43.5447],[20.6652,43.5372]]],[[[20.6354,43.5477],[20.641,43.546],[20.6241,43.5429],[20.6354,43.5477]]],[[[20.6445,43.5804],[20.6591,43.5815],[20.6571,43.5785],[20.6445,43.5804]]],[[[20.6427,43.5827],[20.6326,43.5796],[20.6636,43.5916],[20.678,43.5836],[20.6427,43.5827]]],[[[20.6544,43.5964],[20.6748,43.5987],[20.6531,43.5889],[20.5998,43.5961],[20.6544,43.5964]]],[[[20.6681,43.6086],[20.6426,43.6077],[20.6492,43.6251],[20.6853,43.6113],[20.6681,43.6086]]],[[[20.6673,43.6279],[20.6595,43.6304],[20.6686,43.6315],[20.6673,43.6279]]],[[[20.6354,43.6491],[20.6325,43.6519],[20.6498,43.6489],[20.6354,43.6491]]],[[[20.9402,43.6986],[20.9403,43.6999],[20.9479,43.7023],[20.9402,43.6986]]],[[[20.9166,43.7534],[20.9222,43.7453],[20.9374,43.7502],[20.9281,43.7359],[20.9166,43.7534]]],[[[20.9001,43.7916],[20.8971,43.7922],[20.8997,43.8008],[20.9001,43.7916]]],[[[20.9242,43.9475],[20.9221,43.9493],[20.9281,43.9567],[20.9242,43.9475]]],[[[20.7649,45.0012],[20.772,44.9967],[20.7666,44.9925],[20.7649,45.0012]]],[[[20.9614,45.0176],[20.936,45.0376],[20.9388,45.0387],[20.9614,45.0176]]],[[[20.8996,45.0897],[20.9217,45.0958],[20.9134,45.0814],[20.8996,45.0897]]],[[[20.7867,45.2617],[20.7747,45.2718],[20.8169,45.277],[20.7867,45.2617]]],[[[20.8159,45.2781],[20.7947,45.2789],[20.7943,45.2834],[20.7992,45.2805],[20.8046,45.2879],[20.8155,45.2894],[20.8159,45.2781]]],[[[20.8491,45.2798],[20.8164,45.2809],[20.889,45.3003],[20.8491,45.2798]]],[[[20.8858,45.3044],[20.8607,45.303],[20.8797,45.3361],[20.8858,45.3044]]],[[[20.792,45.3246],[20.7209,45.3125],[20.7831,45.3355],[20.7731,45.357],[20.8005,45.3523],[20.792,45.3246]]],[[[20.7581,45.3687],[20.7454,45.3838],[20.7601,45.3924],[20.7581,45.3687]]],[[[20.9171,45.3927],[20.9052,45.402],[20.9243,45.3976],[20.9171,45.3927]]],[[[20.8957,45.4072],[20.8985,45.4045],[20.8945,45.4008],[20.8957,45.4072]]],[[[20.8835,45.4119],[20.8853,45.4097],[20.8917,45.4094],[20.9001,45.413],[20.902,45.4131],[20.8787,45.3956],[20.8754,45.4129],[20.8915,45.4121],[20.8835,45.4119]]],[[[20.7438,45.5743],[20.7483,45.5775],[20.7448,45.5724],[20.7363,45.5716],[20.7275,45.5721],[20.7438,45.5743]]],[[[20.6896,46.2724],[20.643,46.2678],[20.6527,46.3023],[20.6762,46.3162],[20.6626,46.3269],[20.6886,46.3076],[20.6896,46.2724]],[[20.6803,46.2784],[20.6832,46.2755],[20.6872,46.2805],[20.6803,46.2784]],[[20.6597,46.2964],[20.666,46.2909],[20.6646,46.2986],[20.6597,46.2964]]],[[[20.6747,46.3308],[20.6104,46.3301],[20.6481,46.3423],[20.6197,46.3417],[20.6317,46.3606],[20.6985,46.3678],[20.6747,46.3308]]],[[[20.6507,46.3925],[20.6628,46.3748],[20.6256,46.3796],[20.6485,46.4032],[20.6766,46.4014],[20.6507,46.3925]]],[[[20.7257,46.9329],[20.6607,46.9348],[20.6703,46.9437],[20.7257,46.9329]]],[[[20.7991,47.0111],[20.7923,47.0367],[20.806,47.0367],[20.7991,47.0111]]],[[[20.7317,47.0421],[20.7533,47.0463],[20.7431,47.0404],[20.7428,47.014],[20.7317,47.0421]]],[[[20.8581,47.0214],[20.8447,47.0319],[20.8671,47.0438],[20.8581,47.0214]]],[[[20.8262,47.0495],[20.8203,47.0293],[20.8027,47.0459],[20.8262,47.0495]]],[[[20.7216,47.042],[20.7337,47.0555],[20.7165,47.0619],[20.7322,47.0653],[20.743,47.0497],[20.7216,47.042]]],[[[20.8347,47.0408],[20.8284,47.0548],[20.8043,47.0488],[20.7938,47.0834],[20.8399,47.0616],[20.8381,47.0864],[20.8482,47.0667],[20.8347,47.0408]],[[20.822,47.0533],[20.8284,47.0579],[20.821,47.0653],[20.822,47.0533]]],[[[20.9011,47.0823],[20.881,47.0833],[20.8721,47.0887],[20.8826,47.0753],[20.8767,47.0675],[20.8553,47.095],[20.9011,47.0823]]],[[[20.9227,47.0857],[20.9733,47.104],[20.9649,47.0844],[20.9227,47.0857]]],[[[20.8135,47.0943],[20.8013,47.1013],[20.7908,47.0974],[20.8009,47.1067],[20.8135,47.0943]]],[[[20.8849,47.1046],[20.8977,47.1064],[20.8954,47.1029],[20.8849,47.1046]]],[[[20.8117,47.1155],[20.8377,47.1044],[20.8136,47.1012],[20.8117,47.1155]]],[[[20.8403,47.1062],[20.8123,47.1163],[20.8015,47.1125],[20.7984,47.1189],[20.8479,47.1483],[20.8368,47.1294],[20.8403,47.1062]],[[20.8196,47.1186],[20.8286,47.1265],[20.8115,47.1251],[20.8196,47.1186]]],[[[20.9168,47.102],[20.8403,47.1286],[20.8669,47.1198],[20.8885,47.1424],[20.9168,47.102]]],[[[20.8585,47.1394],[20.8786,47.1481],[20.8787,47.1354],[20.8585,47.1394]]],[[[20.8951,47.1452],[20.9025,47.1477],[20.9028,47.1414],[20.8951,47.1452]]],[[[20.9175,47.1612],[20.9125,47.1515],[20.9009,47.1502],[20.9175,47.1612]]],[[[20.9151,47.1747],[20.9264,47.1785],[20.9198,47.1646],[20.9151,47.1747]]],[[[20.8038,47.257],[20.7974,47.2841],[20.8576,47.2735],[20.8038,47.257]]],[[[20.7913,47.2783],[20.7948,47.2755],[20.7761,47.2733],[20.7913,47.2783]]],[[[20.7637,47.2944],[20.764,47.2999],[20.791,47.2999],[20.7637,47.2944]]],[[[20.9153,47.4833],[20.9128,47.458],[20.9423,47.4891],[20.9267,47.4565],[20.9395,47.4556],[20.9168,47.4462],[20.9696,47.4335],[20.9532,47.4342],[20.9435,47.4283],[20.9448,47.4271],[20.994,47.4235],[20.9688,47.4174],[20.9584,47.3626],[20.934,47.4182],[20.8878,47.4249],[20.8885,47.4736],[20.9153,47.4833]],[[20.9255,47.4411],[20.926,47.4423],[20.9075,47.4426],[20.9255,47.4411]],[[20.9287,47.4395],[20.9138,47.4333],[20.9142,47.4314],[20.9287,47.4395]]],[[[20.9585,47.4604],[20.9348,47.4605],[20.9447,47.4771],[20.9585,47.4604]]],[[[20.8761,47.5842],[20.9148,47.5473],[20.9056,47.578],[20.9202,47.5867],[20.9269,47.5489],[20.9415,47.5745],[20.995,47.5783],[20.9592,47.543],[20.9183,47.5426],[20.92,47.5132],[20.8886,47.5395],[20.8826,47.4926],[20.8256,47.5618],[20.8242,47.5893],[20.8539,47.5629],[20.8495,47.5948],[20.8657,47.6091],[20.9051,47.6189],[20.9022,47.5914],[20.8761,47.5842]],[[20.87,47.5509],[20.8895,47.5482],[20.8755,47.5708],[20.87,47.5509]],[[20.8531,47.5912],[20.8751,47.5719],[20.8656,47.5821],[20.8699,47.6003],[20.8531,47.5912]],[[20.8889,47.5601],[20.8964,47.5549],[20.8982,47.5599],[20.8889,47.5601]],[[20.8789,47.5391],[20.8689,47.5432],[20.8692,47.5393],[20.8789,47.5391]]],[[[20.6634,47.5725],[20.6554,47.5873],[20.6718,47.5838],[20.6634,47.5725]]],[[[20.8944,47.7374],[20.8509,47.7374],[20.8751,47.7283],[20.8351,47.6972],[20.7879,47.7058],[20.8093,47.7183],[20.7838,47.7394],[20.7607,47.724],[20.7691,47.7477],[20.737,47.7655],[20.7769,47.7782],[20.7553,47.7816],[20.7737,47.7859],[20.7646,47.7893],[20.7566,47.7961],[20.7488,47.8091],[20.7405,47.809],[20.7399,47.8319],[20.7497,47.8103],[20.7669,47.8114],[20.8187,47.8513],[20.8067,47.874],[20.8384,47.8796],[20.8555,47.8712],[20.8288,47.8687],[20.8387,47.8478],[20.8948,47.8163],[20.8944,47.7374]],[[20.8473,47.827],[20.8327,47.8119],[20.829,47.8005],[20.8322,47.7972],[20.86,47.8307],[20.8473,47.827]],[[20.7829,47.7781],[20.7576,47.7655],[20.785,47.7479],[20.7829,47.7781]],[[20.8322,47.7596],[20.8454,47.7698],[20.8311,47.7752],[20.8322,47.7596]],[[20.8199,47.7897],[20.8337,47.7862],[20.8268,47.7996],[20.8199,47.7897]],[[20.779,47.7952],[20.7607,47.7976],[20.7759,47.786],[20.7898,47.7936],[20.779,47.7952]],[[20.8372,47.779],[20.8477,47.7919],[20.8403,47.7927],[20.8372,47.779]],[[20.8244,47.8158],[20.8325,47.8187],[20.8309,47.8261],[20.8244,47.8158]],[[20.7923,47.7659],[20.7996,47.7675],[20.7854,47.7783],[20.7923,47.7659]],[[20.8701,47.8075],[20.8597,47.8109],[20.8641,47.8085],[20.8701,47.8075]],[[20.8051,47.7836],[20.8031,47.7865],[20.811,47.792],[20.7986,47.7881],[20.8051,47.7836]],[[20.8548,47.7956],[20.8674,47.7928],[20.8652,47.7965],[20.8548,47.7956]],[[20.8173,47.7476],[20.8169,47.749],[20.799,47.748],[20.8173,47.7476]],[[20.8745,47.7891],[20.8658,47.7848],[20.8717,47.7795],[20.8745,47.7891]],[[20.863,47.757],[20.8558,47.757],[20.8582,47.7518],[20.863,47.757]],[[20.806,47.7857],[20.8106,47.7796],[20.814,47.7836],[20.806,47.7857]],[[20.819,47.7162],[20.822,47.7148],[20.8269,47.7184],[20.819,47.7162]],[[20.8678,47.7655],[20.8686,47.7688],[20.8601,47.7675],[20.8678,47.7655]],[[20.8317,47.7501],[20.8366,47.7498],[20.8322,47.7546],[20.8259,47.7543],[20.8317,47.7501]]],[[[20.6885,48.0216],[20.6686,48.0261],[20.6961,48.022],[20.6885,48.0216]]],[[[20.6764,48.1588],[20.6624,48.1716],[20.699,48.1798],[20.6764,48.1588]]],[[[20.7042,48.1807],[20.7022,48.186],[20.7195,48.1795],[20.7042,48.1807]]],[[[20.8644,48.3672],[20.8738,48.3877],[20.8739,48.3795],[20.8799,48.3586],[20.8644,48.3672]]],[[[20.6862,48.42],[20.68,48.4167],[20.6782,48.4223],[20.6862,48.42]]],[[[20.6275,48.4515],[20.6256,48.4532],[20.6281,48.4585],[20.6364,48.4547],[20.6275,48.4515]]],[[[20.6192,48.4687],[20.63,48.4754],[20.6303,48.4722],[20.6192,48.4687]]],[[[20.6314,48.4787],[20.6235,48.476],[20.6299,48.4863],[20.6314,48.4787]]],[[[20.6681,48.4987],[20.6453,48.4953],[20.6517,48.5064],[20.6681,48.4987]]],[[[20.8259,48.5211],[20.8189,48.5195],[20.8223,48.5265],[20.8259,48.5211]]],[[[20.6774,48.6065],[20.6848,48.6048],[20.6828,48.6026],[20.6774,48.6065]]],[[[20.7396,48.6123],[20.729,48.6102],[20.746,48.6195],[20.7396,48.6123]]],[[[20.8285,48.6213],[20.8213,48.6362],[20.832,48.632],[20.8285,48.6213]]],[[[20.7689,48.9765],[20.7754,48.9886],[20.7828,48.9809],[20.7689,48.9765]]],[[[21.374,42.6989],[21.3765,42.702],[21.3825,42.6978],[21.374,42.6989]]],[[[21.3032,42.7098],[21.3077,42.7193],[21.314,42.7134],[21.3032,42.7098]]],[[[21.038,42.7069],[21.0366,42.7037],[21.0213,42.7154],[21.0236,42.7227],[21.038,42.7069]]],[[[21.2409,42.7319],[21.2452,42.7246],[21.2363,42.731],[21.2409,42.7319]]],[[[21.3752,42.8171],[21.3717,42.8181],[21.3744,42.8236],[21.3802,42.8247],[21.3752,42.8171]]],[[[21.067,42.8408],[21.0887,42.8422],[21.0851,42.8189],[21.067,42.8408]]],[[[21.3711,42.8315],[21.3845,42.8355],[21.3839,42.8319],[21.3711,42.8315]]],[[[21.0877,42.8351],[21.0934,42.8407],[21.0984,42.8363],[21.0877,42.8351]]],[[[21.4218,42.85],[21.4318,42.8593],[21.4468,42.8489],[21.4218,42.85]]],[[[21.3218,42.8477],[21.3196,42.8599],[21.322,42.8619],[21.3218,42.8477]]],[[[20.978,42.8881],[20.9795,42.8964],[20.9854,42.8922],[20.978,42.8881]]],[[[21.2852,42.892],[21.274,42.8966],[21.295,42.9028],[21.3025,42.9016],[21.2852,42.892]]],[[[21.0008,42.9222],[20.9827,42.9208],[20.9952,42.9275],[21.0093,42.9191],[21.0008,42.9222]]],[[[21.0555,42.9194],[21.0615,42.9167],[21.0359,42.927],[21.0555,42.9194]]],[[[21.0083,42.9264],[20.97,42.9451],[20.9785,42.95],[21.0083,42.9264]]],[[[21.2225,42.9383],[21.2184,42.9187],[21.2019,42.964],[21.2225,42.9383]]],[[[21.0744,42.9439],[21.0787,42.9491],[21.0824,42.944],[21.0744,42.9439]]],[[[21.0294,42.9519],[21.0383,42.9575],[21.0415,42.9473],[21.0294,42.9519]]],[[[21.093,42.9559],[21.0946,42.9485],[21.0879,42.95],[21.093,42.9559]]],[[[21.0704,42.9676],[21.0637,42.9854],[21.0906,42.983],[21.0963,42.9575],[21.0704,42.9676]]],[[[21.0411,42.9607],[21.0385,42.975],[21.0581,42.9714],[21.0411,42.9607]]],[[[21.0149,42.979],[21.0366,42.9744],[21.0234,42.9752],[21.0086,42.9645],[21.0149,42.979]]],[[[20.9629,42.971],[21.0054,42.9789],[20.9751,42.9702],[20.9629,42.971]]],[[[21.1107,42.976],[21.1089,42.9784],[21.1165,42.9807],[21.1107,42.976]]],[[[21.4231,42.9701],[21.4196,42.9747],[21.4269,42.987],[21.4231,42.9701]]],[[[20.971,42.9996],[21.0093,43.0143],[20.9771,43.0117],[20.9711,43.0215],[21.0191,43.0243],[20.9884,43.0304],[20.9811,43.0511],[20.9736,43.036],[20.981,43.0586],[20.9591,43.0564],[20.9559,43.0618],[21.024,43.0569],[21.0304,43.0402],[21.0405,43.0404],[21.0299,43.0353],[21.0154,43.0569],[20.9853,43.0439],[21.0356,43.0178],[21.0666,43.0292],[21.0573,43.0203],[21.0765,42.9912],[21.0495,43.0188],[21.0355,42.9837],[20.971,42.9996]],[[21.0158,42.9974],[21.0189,42.9985],[21.0057,43.0029],[21.0158,42.9974]]],[[[20.9663,42.9829],[20.9648,42.9885],[20.9771,42.9908],[20.9663,42.9829]]],[[[21.0962,42.9777],[21.0927,42.9938],[21.0979,42.9858],[21.0962,42.9777]]],[[[21.4669,42.9903],[21.4663,42.9919],[21.4771,42.9895],[21.4669,42.9903]]],[[[21.0759,43.0007],[21.0712,43.0041],[21.0898,43.0019],[21.0759,43.0007]]],[[[21.1912,43.004],[21.1856,43.0047],[21.1883,43.0062],[21.1912,43.004]]],[[[21.3408,43.0028],[21.3352,43.0033],[21.3399,43.0114],[21.3465,43.0088],[21.3408,43.0028]]],[[[21.3627,43.0038],[21.3579,43.0106],[21.3802,43.0145],[21.3627,43.0038]]],[[[21.1908,43.0119],[21.1863,43.0158],[21.1917,43.0163],[21.1908,43.0119]]],[[[21.1818,43.0111],[21.1666,43.0099],[21.1752,43.0165],[21.1818,43.0111]]],[[[20.9645,43.0174],[20.9736,43.0102],[20.9596,43.01],[20.9645,43.0174]]],[[[21.2252,43.0122],[21.214,43.0152],[21.2129,43.0216],[21.2252,43.0122]]],[[[21.192,43.0175],[21.1833,43.0192],[21.1844,43.0247],[21.192,43.0175]]],[[[21.1114,43.0257],[21.1122,43.033],[21.1244,43.0291],[21.1114,43.0257]]],[[[21.0939,43.0267],[21.101,43.0257],[21.0984,43.022],[21.0939,43.0267]]],[[[21.167,43.0199],[21.1559,43.0307],[21.158,43.0321],[21.167,43.0199]]],[[[20.9851,43.0235],[20.9763,43.0252],[20.9769,43.0324],[20.9851,43.0235]]],[[[21.1952,43.0224],[21.1914,43.0353],[21.1944,43.0341],[21.1952,43.0224]]],[[[21.1031,43.0333],[21.113,43.0341],[21.1062,43.0282],[21.1031,43.0333]]],[[[21.0533,43.0281],[21.0485,43.0317],[21.0584,43.0386],[21.0533,43.0281]]],[[[21.0447,43.0412],[21.0491,43.0377],[21.0447,43.0349],[21.0447,43.0412]]],[[[21.0971,43.0524],[21.1146,43.0496],[21.1125,43.041],[21.0971,43.0524]]],[[[21.0363,43.0458],[21.043,43.0415],[21.0356,43.0436],[21.0298,43.05],[21.0299,43.0567],[21.0363,43.0458]]],[[[21.0729,43.0408],[21.0633,43.0625],[21.0719,43.0691],[21.0729,43.0408]]],[[[21.3239,43.052],[21.3245,43.0546],[21.3327,43.0544],[21.3239,43.052]]],[[[21.1926,43.057],[21.192,43.0613],[21.1973,43.0645],[21.1926,43.057]]],[[[21.1363,43.0598],[21.1399,43.0573],[21.1328,43.0569],[21.124,43.0607],[21.1363,43.0598]]],[[[21.0225,43.0606],[21.0287,43.0661],[21.0176,43.0826],[21.0343,43.0616],[21.0225,43.0606]]],[[[21.0555,43.0614],[21.0451,43.0663],[21.0618,43.0685],[21.0555,43.0614]]],[[[21.0176,43.0638],[21.0109,43.0647],[21.0154,43.0713],[21.0176,43.0638]]],[[[21.0041,43.0767],[21.0109,43.0667],[21.003,43.0647],[20.9682,43.0741],[21.0041,43.0767]]],[[[21.0839,43.0717],[21.0832,43.0871],[21.1181,43.0804],[21.1171,43.0643],[21.0839,43.0717]]],[[[21.1617,43.0864],[21.1407,43.0807],[21.156,43.0633],[21.1536,43.0538],[21.127,43.0666],[21.1459,43.0708],[21.1286,43.082],[21.1417,43.1054],[21.1617,43.0864]]],[[[21.2116,43.0822],[21.2088,43.0785],[21.2034,43.0796],[21.2002,43.0871],[21.2116,43.0822]]],[[[21.4267,43.0924],[21.4355,43.0938],[21.4317,43.092],[21.4267,43.0924]]],[[[20.9986,43.1013],[21.0048,43.1175],[21.0186,43.1059],[21.0196,43.1183],[21.0249,43.1219],[21.0214,43.1107],[21.0355,43.1102],[21.0383,43.0856],[21.0588,43.0762],[21.0365,43.0737],[20.9986,43.1013]],[[21.0262,43.103],[21.0339,43.0978],[21.0226,43.1084],[21.0262,43.103]]],[[[21.0173,43.0862],[21.0178,43.0852],[21.0021,43.0867],[21.0028,43.0956],[21.0173,43.0862]]],[[[21.052,43.0843],[21.0386,43.099],[21.0485,43.0993],[21.052,43.0843]]],[[[21.0944,43.0896],[21.0949,43.0979],[21.1054,43.094],[21.0944,43.0896]]],[[[21.06,43.0847],[21.0551,43.1031],[21.0626,43.1008],[21.0644,43.105],[21.06,43.0847]]],[[[21.1172,43.0893],[21.1159,43.1009],[21.1186,43.0962],[21.1172,43.0893]]],[[[21.1289,43.086],[21.1249,43.0842],[21.1305,43.1063],[21.1289,43.086]]],[[[21.0835,43.1059],[21.0753,43.0846],[21.0684,43.1055],[21.0634,43.1076],[21.0571,43.1035],[21.0655,43.1136],[21.0835,43.1059]]],[[[21.1047,43.1001],[21.1006,43.1021],[21.1042,43.1059],[21.1101,43.1047],[21.1047,43.1001]]],[[[21.3273,43.1065],[21.3284,43.1009],[21.3192,43.1021],[21.3273,43.1065]]],[[[20.9946,43.1045],[20.946,43.1008],[20.9682,43.1181],[20.9946,43.1045]]],[[[21.1561,43.1021],[21.1507,43.1033],[21.1665,43.1167],[21.1561,43.1021]]],[[[21.0884,43.1116],[21.0712,43.1148],[21.082,43.1167],[21.0884,43.1116]]],[[[21.042,43.1145],[21.0257,43.1262],[20.9924,43.1246],[21.0206,43.133],[21.042,43.1145]]],[[[21.1098,43.1156],[21.0979,43.1046],[21.0597,43.1473],[21.0971,43.1446],[21.1098,43.1156]]],[[[20.9661,43.1315],[20.9686,43.1331],[20.9734,43.1251],[20.9661,43.1315]]],[[[21.1948,43.1415],[21.2137,43.1337],[21.1977,43.1226],[21.1948,43.1415]]],[[[21.1464,43.126],[21.141,43.1396],[21.1499,43.1343],[21.1464,43.126]]],[[[21.0032,43.129],[20.987,43.1355],[20.9972,43.138],[21.0032,43.129]]],[[[20.9769,43.1357],[20.9851,43.1356],[20.9792,43.1339],[20.9769,43.1357]]],[[[21.2109,43.1466],[21.2229,43.1503],[21.222,43.1464],[21.2109,43.1466]]],[[[21.0238,43.1448],[21.0151,43.1585],[21.0235,43.1618],[21.0238,43.1448]]],[[[20.9891,43.153],[20.9803,43.1528],[20.989,43.1612],[20.9946,43.1605],[20.9891,43.153]]],[[[20.9609,43.1529],[20.9569,43.1596],[20.964,43.1615],[20.9609,43.1529]]],[[[20.9762,43.1653],[20.9746,43.1676],[20.9852,43.1691],[20.9762,43.1653]]],[[[21.0539,43.155],[21.0464,43.1653],[21.0709,43.1801],[21.0858,43.1545],[21.0539,43.155]]],[[[21.4527,43.1722],[21.4598,43.1767],[21.4619,43.1709],[21.4527,43.1722]]],[[[21.092,43.1695],[21.0854,43.1744],[21.0952,43.1779],[21.092,43.1695]]],[[[21.0263,43.1778],[21.0379,43.1851],[21.0417,43.1685],[21.0263,43.1778]]],[[[21.0104,43.1743],[21.0082,43.1806],[21.0229,43.1758],[21.0104,43.1743]]],[[[21.0518,43.1782],[21.0512,43.1862],[21.0625,43.1777],[21.0518,43.1782]]],[[[20.9462,43.1792],[20.9458,43.1848],[20.9673,43.1857],[20.9462,43.1792]]],[[[20.9951,43.1975],[21.0004,43.2006],[21.0079,43.1875],[20.9951,43.1975]]],[[[21.0624,43.1938],[21.0451,43.1993],[21.063,43.1965],[21.0624,43.1938]]],[[[21.0157,43.1924],[21.0122,43.1977],[21.019,43.2015],[21.0157,43.1924]]],[[[21.1185,43.1967],[21.1131,43.2054],[21.1215,43.2029],[21.1185,43.1967]]],[[[21.1717,43.2034],[21.1714,43.2082],[21.1813,43.2051],[21.1717,43.2034]]],[[[20.9844,43.2134],[20.9811,43.2183],[20.9871,43.2169],[20.9844,43.2134]]],[[[20.9634,43.2216],[20.9647,43.2316],[20.9778,43.2295],[20.9634,43.2216]]],[[[21.1126,43.2307],[21.1136,43.2356],[21.1209,43.2249],[21.1126,43.2307]]],[[[21.0945,43.2319],[21.1107,43.2399],[21.111,43.2333],[21.0945,43.2319]]],[[[20.9507,43.2404],[20.95,43.2421],[20.9619,43.2397],[20.9507,43.2404]]],[[[21.1263,43.2512],[21.1366,43.2487],[21.1152,43.2358],[21.1263,43.2512]]],[[[21.1113,43.2567],[21.1092,43.2518],[21.0901,43.2599],[21.1113,43.2567]]],[[[21.0143,43.2641],[21.0085,43.2612],[20.9995,43.2743],[21.0254,43.2618],[21.0143,43.2641]]],[[[21.065,43.267],[21.0704,43.2692],[21.0712,43.2641],[21.065,43.267]]],[[[21.1252,43.269],[21.128,43.2769],[21.1358,43.2721],[21.1252,43.269]]],[[[21.0375,43.2809],[21.0452,43.276],[21.0362,43.2756],[21.032,43.2913],[21.0385,43.2968],[21.0375,43.2809]]],[[[20.9999,43.2841],[20.9814,43.2918],[20.9906,43.2942],[20.9999,43.2841]]],[[[21.0032,43.2897],[21.0075,43.296],[21.016,43.2863],[21.0032,43.2897]]],[[[20.9983,43.2956],[20.9886,43.2968],[21.0053,43.2962],[20.9983,43.2956]]],[[[21.0395,43.3075],[21.0293,43.3012],[21.0272,43.2845],[21.0194,43.2796],[21.0274,43.3096],[21.0395,43.3075]]],[[[20.9794,43.2956],[20.975,43.2949],[20.9784,43.3032],[20.9794,43.2956]]],[[[21.0035,43.3309],[20.9987,43.32],[20.9828,43.3407],[21.0035,43.3309]]],[[[21.0149,43.327],[21.0094,43.3323],[21.0139,43.3358],[21.0153,43.3352],[21.0149,43.327]]],[[[21.0325,43.3389],[21.0376,43.3488],[21.0419,43.3474],[21.0325,43.3389]]],[[[20.9987,43.3449],[20.9921,43.3495],[21.0122,43.3494],[20.9987,43.3449]]],[[[21.0535,43.3424],[21.05,43.337],[21.05,43.3562],[21.0581,43.3601],[21.0635,43.3566],[21.0535,43.3424]]],[[[21.2187,43.3678],[21.2076,43.3585],[21.1949,43.361],[21.2187,43.3678]]],[[[21.2006,43.387],[21.2289,43.3789],[21.2229,43.3686],[21.2006,43.387]]],[[[20.9799,43.3747],[20.9713,43.3755],[20.9905,43.3879],[21.0019,43.379],[20.9799,43.3747]]],[[[20.9701,43.3983],[20.9744,43.4027],[20.9782,43.3972],[20.9701,43.3983]]],[[[21.0552,43.5334],[21.0737,43.5315],[21.0799,43.5227],[21.0499,43.5354],[21.0552,43.5334]]],[[[21.4421,43.5968],[21.4442,43.6021],[21.4543,43.5966],[21.4421,43.5968]]],[[[21.0271,43.678],[21.0228,43.6746],[21.0221,43.681],[21.0271,43.678]]],[[[21.2136,43.8034],[21.2224,43.8032],[21.2112,43.7976],[21.2136,43.8034]]],[[[21.0694,43.9609],[21.0726,43.9547],[21.0584,43.9552],[21.0694,43.9609]]],[[[21.0671,43.9693],[21.0669,43.9759],[21.0834,43.9794],[21.0671,43.9693]]],[[[21.432,44.7912],[21.4409,44.7785],[21.4311,44.7783],[21.432,44.7912]]],[[[21.4133,44.7898],[21.4121,44.7815],[21.3982,44.7828],[21.3955,44.7852],[21.4255,44.7957],[21.4133,44.7898]]],[[[21.3731,44.7932],[21.3719,44.8034],[21.3805,44.8017],[21.3731,44.7932]]],[[[21.2533,44.8115],[21.2537,44.8126],[21.2668,44.8079],[21.2533,44.8115]]],[[[21.1331,44.8118],[21.1928,44.8206],[21.2619,44.803],[21.1112,44.8022],[21.0935,44.8154],[21.1331,44.8118]]],[[[21.3398,44.8104],[21.3345,44.817],[21.344,44.8181],[21.3593,44.8091],[21.3398,44.8104]]],[[[21.1442,44.8292],[21.1328,44.8425],[21.1466,44.8388],[21.1442,44.8292]]],[[[21.2983,44.8367],[21.3016,44.841],[21.3121,44.834],[21.2983,44.8367]]],[[[21.1538,44.8455],[21.1637,44.84],[21.1565,44.8415],[21.1538,44.8455]]],[[[21.2257,44.8652],[21.2387,44.8662],[21.2497,44.8604],[21.2257,44.8652]]],[[[21.2847,44.8535],[21.2968,44.8435],[21.2474,44.873],[21.2296,44.8689],[21.2451,44.8839],[21.2847,44.8535]]],[[[21.319,44.8666],[21.3315,44.8564],[21.32,44.846],[21.2762,44.885],[21.319,44.8666]]],[[[21.153,44.8723],[21.142,44.8771],[21.147,44.8801],[21.153,44.8723]]],[[[20.9997,44.9051],[21.0065,44.8995],[21.0002,44.8951],[20.9997,44.9051]]],[[[21.2898,44.8936],[21.2961,44.8851],[21.2628,44.8916],[21.261,44.9106],[21.2898,44.8936]]],[[[21.0919,44.9135],[21.0797,44.9197],[21.0938,44.917],[21.0919,44.9135]]],[[[20.9945,44.9084],[20.9817,44.9261],[20.9847,44.9261],[20.9945,44.9084]]],[[[21.1855,44.9245],[21.1774,44.9358],[21.1871,44.9285],[21.1961,44.9314],[21.1855,44.9245]]],[[[21.0439,44.9377],[21.0496,44.9342],[21.0439,44.9292],[21.0439,44.9377]]],[[[21.1831,44.9248],[21.1312,44.929],[21.1463,44.9202],[21.1437,44.9194],[21.1094,44.9411],[21.1831,44.9248]]],[[[21.19,44.9329],[21.1742,44.9423],[21.1838,44.9443],[21.19,44.9329]]],[[[20.966,44.9472],[20.9805,44.9332],[20.9755,44.9299],[20.966,44.9472]]],[[[20.9907,44.944],[20.9831,44.9506],[21.0047,44.9357],[20.9907,44.944]]],[[[21.0178,44.9395],[21.0014,44.9187],[21.013,44.9376],[20.978,44.9713],[21.0178,44.9395]]],[[[21.0277,44.9552],[21.0379,44.954],[21.0447,44.946],[21.0277,44.9552]]],[[[20.9485,44.9539],[20.9429,44.961],[20.948,44.9623],[20.9656,44.9493],[20.9485,44.9539]]],[[[21.0087,44.9602],[21.0258,44.9571],[21.0231,44.9516],[21.0087,44.9602]]],[[[21.0793,44.949],[21.049,44.954],[21.034,44.9782],[21.0793,44.949]]],[[[20.9598,44.9607],[20.9486,44.9719],[20.9673,44.9668],[20.9598,44.9607]]],[[[21.0258,44.9586],[21.0191,44.972],[21.0241,44.971],[21.0258,44.9586]]],[[[21.0784,44.9796],[21.0971,44.9703],[21.0668,44.9707],[21.0519,44.9872],[21.0784,44.9796]]],[[[20.9779,44.9768],[20.9685,44.9841],[20.9812,44.9774],[20.9763,44.9743],[20.9779,44.9768]]],[[[21.0413,44.9762],[21.0335,44.9796],[21.0321,44.9847],[21.0413,44.9762]]],[[[21.3875,45.1038],[21.3824,45.1119],[21.3992,45.1051],[21.3875,45.1038]]],[[[21.1823,46.5515],[21.1547,46.5373],[21.102,46.5695],[21.165,46.5629],[21.1823,46.5515]],[[21.1639,46.5549],[21.1501,46.5622],[21.1556,46.5541],[21.1639,46.5549]]],[[[21.0812,46.5534],[21.0775,46.5633],[21.1019,46.5485],[21.0812,46.5534]]],[[[21.101,46.5814],[21.089,46.5705],[21.1073,46.5517],[21.0811,46.5636],[21.0895,46.5981],[21.1032,46.6099],[21.1195,46.6074],[21.1059,46.635],[21.1352,46.6449],[21.1768,46.628],[21.2113,46.5908],[21.1477,46.6249],[21.1936,46.5621],[21.101,46.5814]],[[21.0959,46.5943],[21.1369,46.5862],[21.1117,46.6055],[21.0959,46.5943]],[[21.1479,46.6017],[21.1263,46.6042],[21.1591,46.5827],[21.1479,46.6017]],[[21.113,46.6221],[21.1471,46.6107],[21.1332,46.625],[21.113,46.6221]],[[21.1325,46.6379],[21.1288,46.6293],[21.1393,46.6294],[21.1325,46.6379]],[[21.1638,46.5924],[21.1612,46.5909],[21.1704,46.5847],[21.1638,46.5924]]],[[[21.1858,46.9038],[21.1936,46.8919],[21.1546,46.8988],[21.1858,46.9038]]],[[[21.2081,46.9429],[21.2157,46.9396],[21.2107,46.9357],[21.2081,46.9429]]],[[[21.2258,46.9305],[21.2222,46.9506],[21.239,46.9657],[21.2258,46.9305]]],[[[21.1658,46.9525],[21.2001,46.9305],[21.1586,46.9529],[21.1453,46.9709],[21.1658,46.9525]]],[[[21.352,47.0244],[21.3583,47.0415],[21.3672,47.0345],[21.352,47.0244]]],[[[21.3746,47.0271],[21.3793,47.0412],[21.3923,47.0394],[21.3746,47.0271]]],[[[21.2399,47.0395],[21.2326,47.06],[21.2619,47.0589],[21.239,47.0333],[21.2232,47.0406],[21.2399,47.0395]]],[[[21.3795,47.0503],[21.3827,47.0446],[21.3767,47.0418],[21.3795,47.0503]]],[[[21.3719,47.0521],[21.3182,47.029],[21.3122,47.0667],[21.2893,47.0704],[21.3075,47.0804],[21.3518,47.0561],[21.3789,47.0797],[21.3719,47.0521]],[[21.3263,47.0488],[21.3352,47.0499],[21.3252,47.0555],[21.3263,47.0488]]],[[[20.957,47.0434],[20.9317,47.0554],[20.9991,47.067],[20.957,47.0434]]],[[[21.4722,47.0854],[21.4947,47.1128],[21.475,47.1167],[21.4589,47.109],[21.4899,47.1114],[21.4622,47.0929],[21.4499,47.102],[21.4485,47.1008],[21.4439,47.1036],[21.4438,47.1035],[21.4658,47.0841],[21.4548,47.0657],[21.408,47.0782],[21.437,47.0794],[21.4132,47.1025],[21.4403,47.0939],[21.4383,47.1072],[21.4884,47.124],[21.5118,47.0977],[21.4722,47.0854]],[[21.4538,47.0755],[21.4539,47.0805],[21.4499,47.0821],[21.4538,47.0755]],[[21.4409,47.0794],[21.4474,47.0816],[21.4434,47.0859],[21.4409,47.0794]]],[[[21.3352,47.086],[21.3005,47.0888],[21.3263,47.1088],[21.3352,47.086]]],[[[21.035,47.091],[21.0107,47.0944],[21.0156,47.102],[21.035,47.091]]],[[[21.038,47.1097],[21.0062,47.1117],[20.9777,47.0797],[20.9788,47.1153],[21.038,47.1097]]],[[[21.4025,47.1092],[21.4073,47.1035],[21.399,47.0987],[21.4025,47.1092]]],[[[21.4312,47.1225],[21.4339,47.1117],[21.4095,47.1047],[21.4312,47.1225]]],[[[21.1284,47.1152],[21.1139,47.1362],[21.1276,47.1539],[21.1572,47.1327],[21.1284,47.1152]]],[[[21.472,47.1647],[21.4388,47.1655],[21.4676,47.1878],[21.4637,47.1666],[21.4767,47.1756],[21.4842,47.1624],[21.4978,47.1656],[21.4765,47.158],[21.472,47.1647]]],[[[20.9949,47.1853],[20.9551,47.1884],[20.9765,47.2134],[20.9949,47.1853]]],[[[21.3085,47.228],[21.3159,47.2079],[21.3099,47.2103],[21.3085,47.228]]],[[[21.2892,47.2455],[21.2712,47.2554],[21.2925,47.2501],[21.2892,47.2455]]],[[[21.3028,47.2437],[21.3006,47.2645],[21.3238,47.2703],[21.3504,47.2525],[21.3028,47.2437]]],[[[21.2978,47.2565],[21.2802,47.2731],[21.2747,47.2646],[21.2928,47.2529],[21.2705,47.2615],[21.2762,47.2757],[21.2889,47.2735],[21.2978,47.2565]]],[[[21.271,47.2834],[21.2671,47.2502],[21.2452,47.263],[21.2447,47.286],[21.271,47.2834]]],[[[21.3761,47.2773],[21.3362,47.267],[21.3319,47.2895],[21.2946,47.2819],[21.2626,47.3037],[21.3257,47.3009],[21.3761,47.2773]]],[[[21.0705,47.3225],[21.0634,47.3349],[21.0802,47.3393],[21.0916,47.3303],[21.0705,47.3225]],[[21.0858,47.3337],[21.0756,47.3335],[21.0767,47.3299],[21.0858,47.3337]]],[[[21.0421,47.3398],[21.0476,47.33],[21.0394,47.3291],[21.0421,47.3398]]],[[[21.0576,47.3566],[21.0573,47.3295],[21.0454,47.3412],[21.0475,47.3544],[21.0576,47.3566]],[[21.0546,47.3479],[21.0493,47.3481],[21.0502,47.342],[21.0546,47.3479]]],[[[21.1007,47.3862],[21.0856,47.3914],[21.1148,47.4056],[21.1007,47.3862]]],[[[21.0667,47.4029],[21.0922,47.402],[21.0873,47.3948],[21.0667,47.4029]]],[[[21.0194,47.4084],[21.0126,47.4061],[21.011,47.4114],[21.0194,47.4084]]],[[[20.9509,47.4763],[20.9563,47.4861],[20.9764,47.4828],[20.9877,47.4928],[20.955,47.4875],[20.9237,47.5086],[20.9791,47.5065],[20.9402,47.5117],[20.9583,47.5158],[20.9437,47.5342],[21.0534,47.5463],[21.0398,47.5274],[21.061,47.5238],[21.0856,47.5541],[21.0606,47.5591],[21.0959,47.5868],[21.0285,47.5739],[21.005,47.6278],[21.0522,47.6622],[21.0188,47.6801],[21.0118,47.6651],[21.003,47.6651],[21.001,47.6929],[21.1029,47.6875],[21.1337,47.7267],[21.1952,47.7296],[21.1937,47.749],[21.2265,47.7313],[21.2672,47.7482],[21.2468,47.726],[21.2651,47.7197],[21.2575,47.6746],[21.2077,47.629],[21.2699,47.6033],[21.2698,47.6324],[21.3153,47.6459],[21.319,47.6088],[21.2878,47.6108],[21.2811,47.6095],[21.2751,47.6025],[21.3365,47.5976],[21.3255,47.5722],[21.276,47.5984],[21.3192,47.5655],[21.3181,47.5563],[21.2729,47.5824],[21.2391,47.5276],[21.2309,47.5448],[21.2171,47.5441],[21.1949,47.5334],[21.1774,47.4641],[21.1362,47.4274],[21.1378,47.4461],[21.1132,47.4476],[21.1285,47.4545],[21.0855,47.439],[21.0403,47.4607],[21.03,47.4315],[21.0769,47.4321],[21.0612,47.4168],[21.089,47.4059],[21.0644,47.404],[21.0505,47.3905],[21.1092,47.3835],[21.1082,47.3749],[21.0926,47.379],[21.0851,47.3706],[21.0955,47.3513],[21.0691,47.3616],[21.0792,47.3399],[21.0653,47.3384],[21.06,47.3632],[21.0245,47.378],[21.0476,47.3675],[21.034,47.3582],[21.0161,47.393],[21.0267,47.4017],[21.0046,47.4336],[20.9871,47.4285],[20.9708,47.4304],[21.0016,47.4469],[20.9509,47.4763]],[[21.1395,47.5075],[21.1499,47.5128],[21.1366,47.5191],[21.1395,47.5075]],[[21.1842,47.5276],[21.1759,47.5379],[21.1612,47.5284],[21.1842,47.5276]],[[21.0745,47.4999],[21.0834,47.5151],[21.0811,47.5149],[21.0745,47.4999]],[[21.1149,47.5955],[21.1438,47.5891],[21.1425,47.5611],[21.2189,47.5604],[21.2147,47.5955],[21.1965,47.5786],[21.1499,47.5875],[21.178,47.5965],[21.1751,47.6271],[21.163,47.5959],[21.1149,47.5955]],[[21.0503,47.6306],[21.05,47.609],[21.0916,47.604],[21.1136,47.6634],[21.0503,47.6306]],[[21.062,47.4026],[21.0586,47.4158],[21.0276,47.4075],[21.062,47.4026]],[[21.012,47.5195],[21.0451,47.4917],[21.0557,47.5168],[21.012,47.5195]],[[21.1662,47.6961],[21.1505,47.7059],[21.1465,47.695],[21.1662,47.6961]],[[21.0165,47.464],[21.0153,47.4532],[21.0228,47.4722],[21.0165,47.464]],[[21.097,47.5166],[21.1034,47.5191],[21.0977,47.5337],[21.0781,47.5366],[21.097,47.5166]],[[21.0532,47.4732],[21.0526,47.4727],[21.0766,47.4722],[21.0532,47.4732]],[[21.1833,47.6721],[21.1994,47.6799],[21.1942,47.6854],[21.1833,47.6721]],[[21.1838,47.6512],[21.1859,47.645],[21.1966,47.6457],[21.2103,47.6615],[21.1838,47.6512]],[[21.1098,47.5886],[21.1145,47.5946],[21.0971,47.5963],[21.1098,47.5886]],[[21.2346,47.673],[21.2212,47.6644],[21.2216,47.6577],[21.2359,47.6688],[21.237,47.6779],[21.2346,47.673]],[[21.0328,47.478],[21.0473,47.4702],[21.0546,47.4786],[21.0328,47.478]],[[21.2056,47.6311],[21.2109,47.6346],[21.2019,47.6426],[21.2056,47.6311]],[[21.1871,47.6966],[21.1762,47.6947],[21.1986,47.6959],[21.1871,47.6966]],[[21.0131,47.4377],[21.0203,47.4364],[21.02,47.4494],[21.014,47.4513],[21.0052,47.4494],[21.0131,47.4377]],[[20.9873,47.5062],[20.9811,47.4999],[20.9889,47.4956],[20.9873,47.5062]],[[21.1489,47.4611],[21.1475,47.4554],[21.1689,47.4605],[21.1489,47.4611]],[[21.1287,47.705],[21.1392,47.7006],[21.1376,47.7099],[21.1287,47.705]],[[21.1459,47.7153],[21.1593,47.7147],[21.1667,47.7183],[21.167,47.7229],[21.1459,47.7153]],[[21.1716,47.6419],[21.1664,47.6483],[21.1615,47.6479],[21.1718,47.64],[21.1838,47.6464],[21.1716,47.6419]],[[21.1483,47.6556],[21.1438,47.6318],[21.1479,47.6379],[21.1483,47.6556]],[[21.1135,47.6503],[21.1123,47.6473],[21.1207,47.6449],[21.1135,47.6503]],[[20.9949,47.5109],[21.0005,47.512],[21.001,47.5167],[20.9949,47.5109]],[[21.0883,47.4666],[21.0824,47.4624],[21.0837,47.4587],[21.0883,47.4666]],[[20.9999,47.5017],[21.0001,47.4999],[21.019,47.4996],[21.025,47.5055],[20.9999,47.5017]],[[21.0696,47.3694],[21.0767,47.3664],[21.0707,47.3791],[21.0669,47.3816],[21.0634,47.3805],[21.0696,47.3694]],[[20.9774,47.511],[20.9767,47.5203],[20.974,47.5208],[20.9774,47.511]],[[21.0092,47.5045],[21.0175,47.5082],[21.0092,47.5098],[21.0092,47.5045]],[[21.0025,47.4759],[20.9948,47.4777],[20.9959,47.4676],[21.0025,47.4759]],[[21.0796,47.6754],[21.0871,47.681],[21.0851,47.6819],[21.0796,47.6754]],[[21.188,47.7039],[21.1872,47.71],[21.1842,47.7105],[21.188,47.7039]],[[21.0376,47.6821],[21.0372,47.6809],[21.0436,47.679],[21.0376,47.6821]],[[21.1341,47.5323],[21.1417,47.527],[21.1424,47.5349],[21.1341,47.5323]],[[21.2532,47.5825],[21.2592,47.5903],[21.2572,47.5914],[21.2532,47.5825]],[[21.1768,47.5404],[21.1774,47.5461],[21.1728,47.5477],[21.1768,47.5404]],[[21.2501,47.5722],[21.2555,47.5769],[21.2447,47.5761],[21.2501,47.5722]],[[20.9619,47.4783],[20.9651,47.481],[20.9564,47.4808],[20.9619,47.4783]],[[21.2051,47.6009],[21.2129,47.5979],[21.2172,47.6057],[21.2051,47.6009]]],[[[21.2323,47.5078],[21.2238,47.5018],[21.2018,47.5245],[21.2235,47.5364],[21.2323,47.5078]]],[[[21.2497,47.5357],[21.2706,47.5255],[21.2783,47.5194],[21.2497,47.5357]]],[[[21.2729,47.5721],[21.2892,47.5683],[21.2812,47.565],[21.2729,47.5721]]],[[[21.3455,47.579],[21.3354,47.5865],[21.3641,47.626],[21.3731,47.6022],[21.3455,47.579]]],[[[21.0217,47.6969],[21.0156,47.6931],[21.0144,47.6966],[21.0217,47.6969]]],[[[20.9639,47.722],[20.955,47.7194],[20.9694,47.7267],[20.9943,47.7302],[20.9639,47.722]]],[[[21.101,47.7382],[21.0803,47.7268],[21.053,47.7401],[21.101,47.7382]]],[[[21.2501,47.7631],[21.2476,47.7494],[21.2225,47.7547],[21.2501,47.7631]]],[[[21.079,47.9572],[21.0991,47.959],[21.1018,47.9451],[21.079,47.9572]]],[[[21.4174,47.9678],[21.413,47.9784],[21.4223,47.9785],[21.43,47.9583],[21.4174,47.9678]]],[[[21.074,48.014],[21.1367,48.0078],[21.1189,47.9668],[21.0871,47.9973],[21.0555,47.9808],[21.0882,47.9811],[21.0873,47.9637],[21.0474,47.9789],[21.0535,48.0033],[21.0799,48.0005],[21.0819,48.0023],[21.062,48.0057],[21.0767,48.0325],[21.074,48.014]]],[[[21.4481,48.1791],[21.4543,48.1785],[21.4479,48.173],[21.4481,48.1791]]],[[[21.4378,48.2068],[21.4718,48.2173],[21.4571,48.2261],[21.4587,48.2268],[21.4884,48.2131],[21.4222,48.1642],[21.4385,48.1549],[21.4123,48.1327],[21.4055,48.1523],[21.3816,48.1518],[21.3635,48.1711],[21.394,48.2044],[21.4113,48.2015],[21.3915,48.1932],[21.4015,48.1767],[21.3742,48.1605],[21.4281,48.1739],[21.4509,48.2032],[21.4178,48.2075],[21.4125,48.2155],[21.4349,48.2308],[21.4378,48.2068]]],[[[21.3073,48.2746],[21.3066,48.2791],[21.3239,48.2786],[21.3073,48.2746]]],[[[21.4376,48.3638],[21.4364,48.3629],[21.4273,48.37],[21.4376,48.3638]]],[[[21.3819,48.3812],[21.3742,48.3838],[21.3938,48.3837],[21.3819,48.3812]]],[[[21.3977,48.476],[21.3967,48.477],[21.4016,48.4804],[21.3977,48.476]]],[[[21.3283,48.5027],[21.3202,48.5049],[21.3358,48.503],[21.3283,48.5027]]],[[[21.3895,48.5504],[21.3925,48.5624],[21.3959,48.5632],[21.4064,48.5465],[21.3895,48.5504]]],[[[21.4292,48.5675],[21.4308,48.5701],[21.4349,48.558],[21.4292,48.5675]]],[[[20.9826,48.7773],[20.9785,48.7797],[20.9913,48.7855],[20.9826,48.7773]]],[[[20.9681,48.7948],[20.9779,48.7889],[20.9707,48.7902],[20.9681,48.7948]]],[[[21.4762,42.7033],[21.4759,42.7074],[21.4797,42.7096],[21.4762,42.7033]]],[[[21.5489,42.699],[21.5432,42.7021],[21.5483,42.7143],[21.5489,42.699]]],[[[21.5289,42.712],[21.5183,42.7199],[21.5237,42.7166],[21.5289,42.712]]],[[[21.5854,42.7184],[21.5803,42.7136],[21.5753,42.7283],[21.5854,42.7184]]],[[[21.5728,42.7244],[21.57,42.7189],[21.5665,42.7205],[21.5728,42.7244]]],[[[21.5578,42.7201],[21.5528,42.7266],[21.5586,42.7271],[21.5578,42.7201]]],[[[21.6088,42.7218],[21.5999,42.724],[21.6119,42.7323],[21.6257,42.7229],[21.6088,42.7218]]],[[[21.5242,42.8448],[21.5275,42.8486],[21.5314,42.8474],[21.5242,42.8448]]],[[[21.54,42.9173],[21.5396,42.9165],[21.5331,42.9183],[21.5319,42.9279],[21.54,42.9173]]],[[[21.5725,42.9564],[21.5665,42.9661],[21.5837,42.9601],[21.5725,42.9564]]],[[[21.6084,42.9892],[21.613,42.9879],[21.6109,42.9799],[21.6084,42.9892]]],[[[21.6588,42.9875],[21.6553,42.9805],[21.652,42.9834],[21.6588,42.9875]]],[[[21.6788,42.9945],[21.6774,42.989],[21.6725,42.9931],[21.6788,42.9945]]],[[[21.5833,43.0016],[21.5802,43.0045],[21.5894,43.0091],[21.6094,43.0028],[21.5833,43.0016]]],[[[21.5742,43.0327],[21.5836,43.0374],[21.5879,43.0299],[21.5742,43.0327]]],[[[21.5464,43.052],[21.5417,43.0516],[21.5452,43.0567],[21.5464,43.052]]],[[[21.4713,43.0879],[21.4754,43.0809],[21.4694,43.086],[21.4691,43.0919],[21.4713,43.0879]]],[[[21.5271,43.0789],[21.5148,43.0951],[21.525,43.0965],[21.5271,43.0789]]],[[[21.5323,43.0921],[21.5314,43.0842],[21.5278,43.0988],[21.5323,43.0921]]],[[[21.5049,43.1019],[21.5028,43.0931],[21.4975,43.096],[21.5049,43.1019]]],[[[21.5378,43.1524],[21.536,43.1559],[21.5513,43.1501],[21.5378,43.1524]]],[[[21.5361,43.1614],[21.5435,43.1694],[21.5418,43.1637],[21.5361,43.1614]]],[[[21.6304,43.1626],[21.6271,43.1646],[21.6354,43.1679],[21.6304,43.1626]]],[[[21.4999,43.3923],[21.5052,43.3899],[21.4995,43.3871],[21.4999,43.3923]]],[[[21.4937,43.4121],[21.4965,43.4233],[21.4952,43.4166],[21.4937,43.4121]]],[[[21.4914,43.4284],[21.4984,43.4278],[21.4871,43.4146],[21.4914,43.4284]]],[[[21.8872,43.4445],[21.8906,43.442],[21.8777,43.4377],[21.8872,43.4445]]],[[[21.8671,43.5001],[21.8739,43.5014],[21.8759,43.4954],[21.8671,43.5001]]],[[[21.8339,43.5365],[21.8349,43.5461],[21.8703,43.538],[21.8339,43.5365]]],[[[21.9011,43.5833],[21.8984,43.5689],[21.8587,43.5607],[21.8764,43.5744],[21.863,43.5875],[21.9011,43.5833]]],[[[21.8392,43.5814],[21.839,43.5843],[21.845,43.582],[21.8392,43.5814]]],[[[21.7918,43.5871],[21.7932,43.5906],[21.8001,43.5767],[21.7918,43.5871]]],[[[21.8555,43.588],[21.8619,43.5864],[21.8604,43.5844],[21.8555,43.588]]],[[[21.8168,43.59],[21.8145,43.5967],[21.8199,43.5978],[21.8168,43.59]]],[[[21.7371,43.6211],[21.735,43.6169],[21.73,43.618],[21.7371,43.6211]]],[[[21.7313,43.6612],[21.7407,43.6754],[21.7446,43.6722],[21.7313,43.6612]]],[[[21.6584,43.6744],[21.655,43.6725],[21.653,43.6815],[21.6584,43.6744]]],[[[21.6985,43.6764],[21.6995,43.6815],[21.7072,43.6752],[21.6985,43.6764]]],[[[21.7001,43.6852],[21.6989,43.6897],[21.7233,43.6823],[21.7001,43.6852]]],[[[21.7131,43.6917],[21.7252,43.6883],[21.7199,43.6884],[21.7131,43.6917]]],[[[21.8783,43.7107],[21.8721,43.7208],[21.8818,43.7253],[21.8783,43.7107]]],[[[21.8335,43.7308],[21.8359,43.7297],[21.8274,43.7213],[21.8335,43.7308]]],[[[21.8115,43.744],[21.8203,43.7387],[21.81,43.7323],[21.8115,43.744]]],[[[21.6178,43.7397],[21.6161,43.734],[21.6111,43.7391],[21.6178,43.7397]]],[[[21.7626,43.7502],[21.7679,43.7435],[21.7546,43.7452],[21.7626,43.7502]]],[[[21.8311,43.7502],[21.8243,43.752],[21.8366,43.7526],[21.8311,43.7502]]],[[[21.8111,43.7534],[21.8218,43.7509],[21.8209,43.7481],[21.8111,43.7534]]],[[[21.8476,43.7687],[21.9155,43.7778],[21.8849,43.7539],[21.8725,43.7709],[21.8427,43.7527],[21.8476,43.7687]]],[[[21.7691,43.7531],[21.7556,43.7643],[21.8139,43.7596],[21.7691,43.7531]]],[[[21.7371,43.7736],[21.7417,43.7683],[21.736,43.7704],[21.7371,43.7736]]],[[[21.6278,43.7879],[21.6311,43.7851],[21.6308,43.7832],[21.6131,43.779],[21.6278,43.7879]]],[[[21.6064,43.7866],[21.613,43.7914],[21.6159,43.7889],[21.6064,43.7866]]],[[[21.7886,43.8237],[21.7896,43.8232],[21.7905,43.8174],[21.7886,43.8237]]],[[[21.8061,43.8196],[21.8078,43.8249],[21.8175,43.8201],[21.8061,43.8196]]],[[[21.6888,43.8296],[21.6834,43.8322],[21.6934,43.8335],[21.6888,43.8296]]],[[[21.7775,43.8345],[21.7687,43.829],[21.7668,43.8348],[21.7775,43.8345]]],[[[21.6605,43.8286],[21.6543,43.8259],[21.6642,43.8394],[21.6605,43.8286]]],[[[21.6838,43.8403],[21.6884,43.8375],[21.6777,43.8288],[21.6838,43.8403]]],[[[21.6956,43.8313],[21.6955,43.8387],[21.7056,43.8338],[21.6956,43.8313]]],[[[21.6718,43.8375],[21.6743,43.8484],[21.6801,43.8417],[21.6718,43.8375]]],[[[21.6649,43.8526],[21.651,43.8489],[21.637,43.8522],[21.6255,43.8592],[21.6649,43.8526]]],[[[21.6715,43.8634],[21.6812,43.8589],[21.6717,43.8565],[21.6715,43.8634]]],[[[21.705,43.8726],[21.691,43.8894],[21.6938,43.8915],[21.705,43.8726]]],[[[21.6757,43.8887],[21.6768,43.8833],[21.6693,43.8777],[21.6757,43.8887]]],[[[21.7611,43.9108],[21.7571,43.9094],[21.7544,43.9161],[21.7611,43.9108]]],[[[21.6283,43.9249],[21.6289,43.9308],[21.634,43.93],[21.6283,43.9249]]],[[[21.7711,43.93],[21.7583,43.9328],[21.762,43.9347],[21.7711,43.93]]],[[[21.5464,43.9387],[21.5387,43.9395],[21.5475,43.9449],[21.5464,43.9387]]],[[[21.8213,43.9509],[21.8358,43.9503],[21.8323,43.9454],[21.8213,43.9509]]],[[[21.8135,43.9462],[21.8099,43.9543],[21.8176,43.9514],[21.8135,43.9462]]],[[[21.8414,43.9617],[21.8473,43.9595],[21.842,43.9492],[21.8319,43.9539],[21.8414,43.9617]]],[[[21.7518,43.963],[21.7836,43.966],[21.7714,43.9545],[21.7518,43.963]]],[[[21.7163,43.9594],[21.7071,43.9548],[21.7088,43.9566],[21.7163,43.9594]]],[[[21.8133,43.9708],[21.8337,43.9625],[21.8338,43.9601],[21.8133,43.9708]]],[[[21.8051,43.9651],[21.7964,43.9688],[21.8126,43.9661],[21.8051,43.9651]]],[[[21.8733,43.9653],[21.84,43.9636],[21.8511,43.9715],[21.8733,43.9653]]],[[[21.8342,43.9642],[21.8287,43.9686],[21.8356,43.9731],[21.8342,43.9642]]],[[[21.685,43.971],[21.6928,43.9742],[21.7087,43.9685],[21.685,43.971]]],[[[21.8613,43.9745],[21.8692,43.9826],[21.8717,43.9687],[21.8613,43.9745]]],[[[21.6267,43.9735],[21.614,43.9766],[21.6266,43.9805],[21.6318,43.9774],[21.6267,43.9735]]],[[[21.8248,43.9853],[21.8259,43.9791],[21.8204,43.9789],[21.8248,43.9853]]],[[[21.7086,43.9898],[21.6915,43.9934],[21.6984,43.9951],[21.7086,43.9898]]],[[[21.8457,43.9983],[21.8571,43.9881],[21.8493,43.9874],[21.8457,43.9983]]],[[[21.8345,43.9977],[21.8455,43.9896],[21.8382,43.9917],[21.8345,43.9977]]],[[[21.6827,43.9943],[21.6852,44.0003],[21.69,43.9981],[21.6827,43.9943]]],[[[21.6704,43.9994],[21.6738,43.9918],[21.6485,43.9947],[21.6457,44.0023],[21.6704,43.9994]]],[[[21.8607,44.0012],[21.8737,44.0045],[21.8741,44.0015],[21.8607,44.0012]]],[[[21.6181,43.9887],[21.6079,44.0032],[21.6222,44.0119],[21.6377,43.9934],[21.6181,43.9887]]],[[[21.58,44.0056],[21.5722,44.0044],[21.5777,44.0102],[21.58,44.0056]]],[[[21.6899,44.0166],[21.6558,44.0128],[21.6611,44.0166],[21.6899,44.0166]]],[[[21.6354,44.0197],[21.6473,44.0211],[21.6459,44.0113],[21.6354,44.0197]]],[[[21.6048,44.0231],[21.6061,44.0273],[21.6148,44.0249],[21.6048,44.0231]]],[[[21.8443,44.0303],[21.8521,44.0285],[21.8392,44.0251],[21.8443,44.0303]]],[[[21.862,44.0323],[21.8649,44.03],[21.8532,44.0294],[21.862,44.0323]]],[[[21.8677,44.0443],[21.8698,44.046],[21.8757,44.0377],[21.8677,44.0443]]],[[[21.6253,44.0514],[21.634,44.0462],[21.6322,44.044],[21.6253,44.0514]]],[[[21.8553,44.051],[21.8535,44.0625],[21.8744,44.0585],[21.8553,44.051]]],[[[21.644,44.0554],[21.6462,44.0602],[21.65,44.0586],[21.644,44.0554]]],[[[21.7028,44.0597],[21.7027,44.0661],[21.7104,44.0659],[21.7085,44.056],[21.7028,44.0597]]],[[[21.6403,44.059],[21.6172,44.0587],[21.6386,44.0697],[21.6403,44.059]]],[[[21.596,44.0556],[21.5813,44.0659],[21.6138,44.0763],[21.596,44.0556]]],[[[21.8823,44.0708],[21.8436,44.0643],[21.8463,44.0762],[21.8823,44.0708]]],[[[21.8796,44.0731],[21.8705,44.0781],[21.8802,44.0834],[21.8796,44.0731]]],[[[21.8087,44.0949],[21.7976,44.1025],[21.8038,44.1034],[21.8087,44.0949]]],[[[21.8871,44.1062],[21.8848,44.1005],[21.8741,44.1],[21.8871,44.1062]]],[[[21.7086,44.1149],[21.7148,44.109],[21.6835,44.1084],[21.7086,44.1149]]],[[[21.6486,44.1077],[21.6147,44.1175],[21.6387,44.1226],[21.6734,44.1091],[21.6486,44.1077]]],[[[21.5916,44.1201],[21.5994,44.1227],[21.606,44.1189],[21.5916,44.1201]]],[[[21.5807,44.1231],[21.6034,44.1245],[21.589,44.1207],[21.5807,44.1231]]],[[[21.7196,44.1265],[21.7175,44.1283],[21.7419,44.1348],[21.7196,44.1265]]],[[[21.7848,44.1338],[21.7912,44.1306],[21.7716,44.129],[21.7848,44.1338]]],[[[21.6736,44.1259],[21.6631,44.1368],[21.6791,44.1336],[21.6736,44.1259]]],[[[21.782,44.1685],[21.7838,44.1646],[21.7677,44.1706],[21.782,44.1685]]],[[[21.8399,44.1752],[21.8539,44.1814],[21.8515,44.1728],[21.8399,44.1752]]],[[[21.715,44.1803],[21.709,44.1826],[21.7127,44.187],[21.715,44.1803]]],[[[21.8159,44.1887],[21.8008,44.1934],[21.8126,44.1921],[21.8159,44.1887]]],[[[21.6616,44.1951],[21.6634,44.1992],[21.6688,44.1882],[21.6616,44.1951]]],[[[21.5247,44.1978],[21.4988,44.2117],[21.5239,44.2133],[21.5247,44.1978]]],[[[21.4798,44.2397],[21.484,44.2418],[21.4815,44.227],[21.4798,44.2397]]],[[[21.5236,44.2705],[21.5181,44.2807],[21.5349,44.2852],[21.5236,44.2705]]],[[[21.7752,44.3214],[21.7786,44.3232],[21.7977,44.325],[21.7752,44.3214]]],[[[21.7322,44.3223],[21.7482,44.3298],[21.7456,44.3188],[21.7322,44.3223]]],[[[21.755,44.3286],[21.7589,44.3434],[21.7691,44.3516],[21.755,44.3286]]],[[[21.7803,44.3751],[21.7826,44.3678],[21.7776,44.3651],[21.7803,44.3751]]],[[[21.8008,44.3961],[21.8002,44.3996],[21.8027,44.3958],[21.7971,44.3843],[21.8008,44.3961]]],[[[21.8326,44.4073],[21.8289,44.4052],[21.8294,44.4025],[21.8282,44.4003],[21.8272,44.4005],[21.8205,44.4133],[21.8326,44.4073]]],[[[21.7779,44.4011],[21.7733,44.3881],[21.7496,44.3974],[21.7595,44.4316],[21.7779,44.4011]]],[[[21.8234,44.4317],[21.826,44.4316],[21.8267,44.4243],[21.8234,44.4317]]],[[[21.8114,44.4312],[21.8234,44.4365],[21.8221,44.4358],[21.8114,44.4312]]],[[[21.8258,44.4381],[21.8197,44.4393],[21.8206,44.4423],[21.8364,44.4323],[21.8258,44.4381]]],[[[21.8066,44.4455],[21.8102,44.4454],[21.8085,44.4318],[21.8066,44.4455]]],[[[21.8064,44.4547],[21.8135,44.4525],[21.7995,44.4437],[21.8064,44.4547]]],[[[21.804,44.4613],[21.8046,44.4631],[21.8151,44.4561],[21.804,44.4613]]],[[[21.8455,44.499],[21.8494,44.5002],[21.8467,44.486],[21.8455,44.499]]],[[[21.8415,44.5056],[21.8469,44.5056],[21.8384,44.4894],[21.8308,44.4864],[21.8415,44.5056]]],[[[21.7954,44.5201],[21.8007,44.5188],[21.7947,44.5125],[21.7954,44.5201]]],[[[21.8082,44.5171],[21.8088,44.5322],[21.8167,44.5344],[21.8082,44.5171]]],[[[21.6872,44.5278],[21.6907,44.5349],[21.7,44.5248],[21.6872,44.5278]]],[[[21.795,44.5294],[21.776,44.5165],[21.8029,44.5458],[21.795,44.5294]]],[[[21.698,44.5389],[21.6901,44.5367],[21.712,44.5463],[21.698,44.5389]]],[[[21.7296,44.5344],[21.7231,44.5345],[21.7232,44.5461],[21.7296,44.5344]]],[[[21.7472,44.535],[21.7275,44.5479],[21.7403,44.5577],[21.7575,44.5546],[21.7472,44.535]]],[[[21.6503,44.5451],[21.6461,44.5515],[21.6572,44.5509],[21.6503,44.5451]]],[[[21.6912,44.5427],[21.6915,44.5552],[21.696,44.5525],[21.6912,44.5427]]],[[[21.6477,44.5553],[21.6411,44.565],[21.6441,44.5719],[21.6478,44.5732],[21.6477,44.5553]]],[[[21.7039,44.5771],[21.7129,44.5832],[21.7301,44.5774],[21.7039,44.5771]]],[[[21.6551,44.5757],[21.6597,44.5777],[21.6641,44.572],[21.6551,44.5757]]],[[[21.6769,44.5824],[21.676,44.5867],[21.6842,44.5879],[21.6769,44.5824]]],[[[21.7915,44.5856],[21.7829,44.5869],[21.7869,44.5917],[21.7915,44.5856]]],[[[21.6945,44.5885],[21.6877,44.5886],[21.6814,44.5972],[21.6945,44.5885]]],[[[21.6615,44.5903],[21.6504,44.5951],[21.6524,44.6031],[21.6615,44.5903]]],[[[21.7145,44.5886],[21.709,44.6013],[21.7261,44.603],[21.7145,44.5886]]],[[[21.7402,44.5998],[21.7464,44.6028],[21.7543,44.5996],[21.7402,44.5998]]],[[[21.8038,44.5963],[21.8068,44.6083],[21.8093,44.6085],[21.8049,44.5901],[21.8038,44.5963]]],[[[21.7972,44.6],[21.8046,44.6104],[21.8059,44.6095],[21.7972,44.6]]],[[[21.7841,44.5998],[21.7947,44.6078],[21.7921,44.6188],[21.7987,44.6115],[21.7902,44.5965],[21.7841,44.5998]]],[[[21.7653,44.6045],[21.7642,44.606],[21.7772,44.6135],[21.7882,44.6106],[21.7653,44.6045]]],[[[21.7597,44.6096],[21.7572,44.6148],[21.7704,44.6159],[21.7597,44.6096]]],[[[21.7304,44.6143],[21.7371,44.6218],[21.7377,44.6177],[21.7304,44.6143]]],[[[21.8659,44.6133],[21.8575,44.6151],[21.8699,44.6225],[21.8659,44.6133]]],[[[21.6989,44.6158],[21.6932,44.6248],[21.7019,44.621],[21.6989,44.6158]]],[[[21.6654,44.6256],[21.6645,44.6233],[21.6568,44.6243],[21.6654,44.6256]]],[[[21.7735,44.6218],[21.7733,44.6198],[21.7628,44.6295],[21.769,44.6379],[21.7735,44.6218]]],[[[21.6715,44.6398],[21.6728,44.6482],[21.6798,44.6333],[21.6715,44.6398]]],[[[21.7022,44.6419],[21.6952,44.6557],[21.6996,44.6555],[21.7022,44.6419]]],[[[21.7669,44.6905],[21.7543,44.6916],[21.7635,44.6955],[21.7614,44.6998],[21.7669,44.6905]]],[[[21.7598,44.6964],[21.755,44.6945],[21.7431,44.6984],[21.7598,44.6964]]],[[[21.5751,44.7071],[21.578,44.7026],[21.5644,44.7072],[21.5751,44.7071]]],[[[21.5917,44.7028],[21.5865,44.7044],[21.5992,44.7081],[21.5917,44.7028]]],[[[21.7567,44.7033],[21.7564,44.7082],[21.7641,44.7155],[21.7567,44.7033]]],[[[21.5532,44.7173],[21.576,44.7103],[21.5615,44.7086],[21.5532,44.7173]]],[[[21.7663,44.7149],[21.7764,44.7238],[21.7703,44.7262],[21.7696,44.7224],[21.7597,44.7168],[21.771,44.7305],[21.7803,44.7242],[21.7663,44.7149]]],[[[21.5815,44.711],[21.5557,44.7309],[21.5762,44.7386],[21.5885,44.7274],[21.5815,44.711]],[[21.5847,44.7257],[21.5866,44.7268],[21.5788,44.7327],[21.5847,44.7257]]],[[[21.5492,44.731],[21.5668,44.7201],[21.5563,44.7228],[21.5492,44.731]]],[[[21.7586,44.7266],[21.7543,44.7314],[21.756,44.7371],[21.7639,44.7381],[21.7586,44.7266]]],[[[21.857,44.7584],[21.8581,44.7556],[21.8533,44.7516],[21.857,44.7584]]],[[[21.6146,44.7575],[21.6548,44.7815],[21.651,44.7643],[21.6146,44.7575]]],[[[21.6285,44.7809],[21.6209,44.7876],[21.6376,44.7942],[21.6285,44.7809]]],[[[21.7875,44.788],[21.7856,44.7903],[21.7963,44.7925],[21.7875,44.788]]],[[[21.6712,44.7841],[21.6552,44.7877],[21.6725,44.7863],[21.6881,44.7976],[21.6712,44.7841]]],[[[21.8062,44.7889],[21.794,44.8007],[21.8245,44.802],[21.8062,44.7889]]],[[[21.5254,44.8097],[21.5296,44.8123],[21.5372,44.7976],[21.5254,44.8097]]],[[[21.6449,44.8129],[21.6478,44.8046],[21.6194,44.7961],[21.6449,44.8129]]],[[[21.6099,44.8165],[21.6332,44.8168],[21.6124,44.788],[21.6099,44.8165]]],[[[21.8871,44.8027],[21.8768,44.8108],[21.8845,44.8102],[21.8871,44.8027]]],[[[21.5348,44.8078],[21.5318,44.8125],[21.5391,44.8171],[21.5348,44.8078]]],[[[21.5088,44.8037],[21.4993,44.8037],[21.5085,44.8206],[21.5088,44.8037]]],[[[21.7836,44.8155],[21.7797,44.8129],[21.771,44.817],[21.7836,44.8155]]],[[[21.7792,44.8316],[21.7832,44.8353],[21.787,44.8318],[21.7792,44.8316]]],[[[21.7876,44.8381],[21.7802,44.839],[21.7832,44.8424],[21.7876,44.8381]]],[[[21.8294,44.8617],[21.8237,44.8732],[21.8275,44.8752],[21.8294,44.8617]]],[[[21.4983,44.8725],[21.5149,44.8705],[21.512,44.8693],[21.4983,44.8725]]],[[[21.8138,44.8742],[21.8218,44.8812],[21.8198,44.8679],[21.8138,44.8742]]],[[[21.864,44.9517],[21.8823,44.9426],[21.8766,44.9306],[21.864,44.9517]]],[[[21.8902,44.9496],[21.8937,44.9464],[21.8812,44.9468],[21.8768,44.9538],[21.8902,44.9496]]],[[[21.7919,44.9486],[21.777,44.9445],[21.7767,44.9522],[21.7898,44.9645],[21.7919,44.9486]]],[[[21.8933,44.9627],[21.896,44.957],[21.8686,44.9545],[21.8933,44.9627]]],[[[21.8711,44.977],[21.8744,44.98],[21.8768,44.9699],[21.8711,44.977]]],[[[21.868,45.0435],[21.8687,45.0413],[21.8578,45.0372],[21.868,45.0435]]],[[[21.7554,45.0783],[21.7493,45.0783],[21.7571,45.0943],[21.7554,45.0783]]],[[[21.4905,45.1007],[21.491,45.0961],[21.4799,45.1002],[21.4819,45.1062],[21.4905,45.1007]]],[[[21.8468,45.1295],[21.8446,45.1469],[21.8168,45.1387],[21.853,45.1562],[21.8468,45.1295]]],[[[21.8531,45.3796],[21.8389,45.3845],[21.856,45.3923],[21.8531,45.3796]]],[[[21.8079,45.444],[21.8212,45.4514],[21.8268,45.4496],[21.8079,45.444]]],[[[21.8058,45.9934],[21.8105,45.9931],[21.798,45.9861],[21.8058,45.9934]]],[[[21.6393,46.15],[21.6451,46.1516],[21.6379,46.1495],[21.6337,46.1528],[21.6306,46.1479],[21.6333,46.1535],[21.6368,46.1546],[21.6416,46.1536],[21.6393,46.15]]],[[[21.8905,46.2295],[21.8859,46.2355],[21.8853,46.2413],[21.8905,46.2295]]],[[[21.5004,46.8597],[21.4721,46.8447],[21.4518,46.8748],[21.4836,46.8874],[21.5004,46.8597]]],[[[21.5684,46.9097],[21.561,46.8714],[21.5553,46.9065],[21.5122,46.9063],[21.52,46.9452],[21.5684,46.9097]]],[[[21.602,46.9483],[21.6058,46.9326],[21.5991,46.9275],[21.5524,46.9406],[21.6033,46.9366],[21.5937,46.9652],[21.602,46.9483]]],[[[21.6523,46.9576],[21.6517,46.9655],[21.656,46.9721],[21.6499,46.9702],[21.6544,46.9788],[21.6657,46.9821],[21.6564,46.9645],[21.6652,46.9663],[21.6829,46.9606],[21.6523,46.9576]]],[[[21.657,46.9907],[21.643,46.9671],[21.6231,46.9843],[21.6419,46.9916],[21.657,46.9907]],[[21.6348,46.9836],[21.6481,46.9829],[21.6393,46.9878],[21.6348,46.9836]]],[[[21.6504,47.0895],[21.6605,47.1115],[21.6679,47.0982],[21.6504,47.0895]]],[[[21.5475,47.1425],[21.5815,47.1308],[21.5358,47.1238],[21.5429,47.1034],[21.5131,47.1062],[21.5475,47.1425]]],[[[21.6534,47.1418],[21.6462,47.1246],[21.6371,47.1302],[21.6534,47.1418]]],[[[21.7937,47.1607],[21.8083,47.1567],[21.799,47.1464],[21.7937,47.1607]]],[[[21.4862,47.1657],[21.4856,47.1826],[21.5176,47.1712],[21.4862,47.1657]]],[[[21.5842,47.1557],[21.5401,47.1619],[21.557,47.1709],[21.5439,47.196],[21.5623,47.187],[21.5875,47.187],[21.564,47.1906],[21.5676,47.2093],[21.6412,47.1933],[21.5842,47.1557]],[[21.5705,47.1818],[21.5626,47.1837],[21.564,47.1703],[21.5705,47.1818]]],[[[21.8465,47.1929],[21.8324,47.1785],[21.8191,47.1951],[21.8465,47.1929]]],[[[21.756,47.2025],[21.7668,47.1956],[21.7582,47.1896],[21.756,47.2025]]],[[[21.6906,47.1936],[21.6813,47.1998],[21.6931,47.2165],[21.7279,47.1973],[21.6906,47.1936]]],[[[21.5056,47.2141],[21.5045,47.1984],[21.4649,47.1954],[21.444,47.2417],[21.4863,47.2501],[21.4989,47.2329],[21.4725,47.2362],[21.4788,47.2218],[21.4921,47.2296],[21.5053,47.2279],[21.4771,47.2111],[21.5056,47.2141]]],[[[21.8781,47.3036],[21.8928,47.3053],[21.8888,47.2963],[21.8781,47.3036]]],[[[21.8534,47.3064],[21.8638,47.3052],[21.8566,47.2995],[21.8534,47.3064]]],[[[21.5552,47.323],[21.5608,47.315],[21.5588,47.3091],[21.5529,47.3071],[21.5253,47.3214],[21.5675,47.3366],[21.5552,47.323]]],[[[21.6618,47.314],[21.6286,47.3007],[21.6247,47.333],[21.5732,47.3267],[21.5882,47.3448],[21.62,47.3407],[21.6291,47.3343],[21.6319,47.3194],[21.6368,47.3395],[21.6628,47.3325],[21.6422,47.323],[21.6618,47.314]]],[[[21.7772,47.319],[21.7639,47.3211],[21.7744,47.3293],[21.7772,47.319]]],[[[21.5807,47.3604],[21.6197,47.3812],[21.6266,47.3713],[21.5807,47.3604]]],[[[21.5721,47.3726],[21.5604,47.3778],[21.5877,47.3892],[21.5958,47.3852],[21.5721,47.3726]]],[[[21.5881,47.4007],[21.5936,47.3995],[21.5855,47.3943],[21.576,47.3912],[21.5707,47.3964],[21.591,47.4216],[21.5881,47.4007]]],[[[21.6696,47.4011],[21.6585,47.4069],[21.6755,47.4196],[21.6696,47.4011]]],[[[21.782,47.4083],[21.7727,47.4147],[21.7977,47.4214],[21.8113,47.4183],[21.782,47.4083]]],[[[21.7795,47.419],[21.7659,47.4139],[21.7756,47.4205],[21.7782,47.4318],[21.7807,47.4321],[21.7795,47.419]]],[[[21.8673,47.42],[21.8584,47.4146],[21.8531,47.4316],[21.8673,47.42]]],[[[21.786,47.4344],[21.7819,47.4369],[21.7919,47.4427],[21.786,47.4344]]],[[[21.749,47.4514],[21.7518,47.4529],[21.753,47.4456],[21.749,47.4514]]],[[[21.6758,47.5559],[21.6686,47.5621],[21.7024,47.5674],[21.6758,47.5559]]],[[[21.771,47.561],[21.7645,47.5638],[21.7793,47.581],[21.7684,47.5777],[21.7641,47.5863],[21.801,47.5768],[21.771,47.561]]],[[[21.7374,47.686],[21.764,47.6805],[21.7538,47.6604],[21.6965,47.6826],[21.7708,47.7015],[21.7374,47.686]]],[[[21.5121,48.3916],[21.5052,48.3937],[21.506,48.3981],[21.5121,48.3916]]],[[[21.5,48.5509],[21.5087,48.5547],[21.5091,48.5453],[21.5,48.5509]]],[[[21.4841,48.5469],[21.4811,48.5505],[21.4939,48.5562],[21.4841,48.5469]]],[[[21.57,48.6712],[21.5792,48.6717],[21.5918,48.6929],[21.5981,48.6685],[21.57,48.6712]]],[[[21.9144,42.6857],[21.9018,42.6894],[21.9032,42.6999],[21.9144,42.6857]]],[[[22.0471,42.7906],[22.0357,42.7955],[22.0393,42.8004],[22.0471,42.7906]]],[[[21.9178,43.1506],[21.923,43.138],[21.9145,43.1387],[21.9178,43.1506]]],[[[22.1627,43.1683],[22.159,43.1881],[22.1163,43.2022],[22.1151,43.2103],[22.1839,43.1839],[22.1873,43.1591],[22.1627,43.1683]]],[[[22.1136,43.2475],[22.1083,43.2342],[22.1061,43.2429],[22.1136,43.2475]]],[[[22.1303,43.2424],[22.1193,43.2371],[22.1201,43.2529],[22.1303,43.2424]]],[[[22.0706,43.2752],[22.0615,43.2828],[22.0694,43.2842],[22.0706,43.2752]]],[[[22.0816,43.2805],[22.0758,43.2854],[22.0841,43.2842],[22.0816,43.2805]]],[[[22.0989,43.3163],[22.0843,43.3011],[22.0572,43.3189],[22.0989,43.3163]]],[[[22.1446,43.3216],[22.154,43.3197],[22.1524,43.3175],[22.1446,43.3216]]],[[[22.1796,43.319],[22.1759,43.3164],[22.1615,43.3267],[22.1796,43.319]]],[[[22.1666,43.3353],[22.1601,43.3276],[22.128,43.3401],[22.1576,43.3334],[22.1666,43.3353]]],[[[22.0594,43.333],[22.0536,43.3351],[22.0814,43.3415],[22.0594,43.333]]],[[[22.1452,43.3364],[22.1384,43.3465],[22.1498,43.3501],[22.1709,43.3407],[22.1452,43.3364]]],[[[22.1026,43.3445],[22.1073,43.3478],[22.1107,43.3424],[22.1026,43.3445]]],[[[22.1663,43.3526],[22.1896,43.3518],[22.1839,43.3485],[22.1663,43.3526]]],[[[22.0897,43.3505],[22.0869,43.36],[22.0962,43.3571],[22.0897,43.3505]]],[[[22.1516,43.3553],[22.1431,43.3588],[22.165,43.354],[22.1516,43.3553]]],[[[22.1673,43.3612],[22.1529,43.3652],[22.1557,43.366],[22.1673,43.3612]]],[[[22.0101,43.3703],[22.0131,43.365],[21.9931,43.3769],[22.0101,43.3703]]],[[[22.0918,43.368],[22.0892,43.3747],[22.1001,43.37],[22.0918,43.368]]],[[[21.9801,43.3698],[21.9556,43.3735],[21.9656,43.3766],[21.9801,43.3698]]],[[[22.1164,43.3714],[22.1104,43.3756],[22.1308,43.3726],[22.1164,43.3714]]],[[[22.1752,43.3812],[22.1807,43.3779],[22.1737,43.3744],[22.1752,43.3812]]],[[[22.0338,43.3756],[22.0302,43.3881],[22.0407,43.3815],[22.0338,43.3756]]],[[[22.0755,43.3751],[22.063,43.3818],[22.0736,43.3786],[22.0755,43.3751]]],[[[22.0476,43.3836],[22.0417,43.3836],[22.04,43.3881],[22.0476,43.3836]]],[[[21.9935,43.4032],[22.0017,43.4134],[22.0031,43.4118],[21.9935,43.4032]]],[[[21.9152,43.4186],[21.9104,43.4247],[21.917,43.419],[21.9173,43.4144],[21.9152,43.4186]]],[[[22.1167,43.4446],[22.1192,43.4415],[22.1103,43.4414],[22.1167,43.4446]]],[[[21.8904,43.4514],[21.8893,43.4524],[21.9091,43.4534],[21.8904,43.4514]]],[[[22.0261,43.4426],[22.0346,43.4566],[22.0144,43.4555],[22.0646,43.4595],[22.0261,43.4426]]],[[[22.1732,43.4524],[22.1495,43.4605],[22.1633,43.4599],[22.1732,43.4524]]],[[[22.086,43.4573],[22.0803,43.4647],[22.1228,43.4772],[22.1457,43.4736],[22.086,43.4573]],[[22.106,43.4714],[22.1005,43.467],[22.1115,43.4681],[22.106,43.4714]]],[[[22.1629,43.4723],[22.1684,43.467],[22.1606,43.4666],[22.1629,43.4723]]],[[[22.147,43.4678],[22.153,43.4745],[22.1565,43.4671],[22.147,43.4678]]],[[[22.008,43.4779],[22.0286,43.4684],[22.0151,43.4631],[22.008,43.4779]]],[[[22.0929,43.4709],[22.0859,43.4727],[22.1003,43.4743],[22.0929,43.4709]]],[[[22.1586,43.4918],[22.1517,43.4971],[22.163,43.4998],[22.1586,43.4918]]],[[[22.1426,43.5025],[22.1571,43.5088],[22.1543,43.5045],[22.1426,43.5025]]],[[[21.952,43.5129],[21.9582,43.5117],[21.9578,43.5053],[21.952,43.5129]]],[[[22.1613,43.5122],[22.1539,43.5099],[22.1557,43.5218],[22.1656,43.5265],[22.1613,43.5122]]],[[[22.031,43.5194],[22.0281,43.5219],[22.0363,43.5225],[22.031,43.5194]]],[[[22.1247,43.5238],[22.129,43.5314],[22.1439,43.5252],[22.147,43.5368],[22.1567,43.5341],[22.1544,43.5276],[22.141,43.5238],[22.1247,43.5238]]],[[[21.9945,43.5233],[22.0142,43.5103],[21.988,43.5225],[21.9812,43.5125],[21.9605,43.5195],[21.9814,43.5161],[21.9733,43.5199],[22.0188,43.5493],[21.9945,43.5233]]],[[[21.9317,43.5266],[21.9202,43.5351],[21.9326,43.5323],[21.9317,43.5266]]],[[[22.0359,43.5304],[22.0304,43.5345],[22.0409,43.5375],[22.0359,43.5304]]],[[[21.9845,43.5304],[21.9729,43.5503],[21.9875,43.5453],[21.9845,43.5304]]],[[[22.0636,43.5346],[22.0218,43.5481],[22.0852,43.5515],[22.0636,43.5346]]],[[[22.1329,43.5387],[22.0856,43.5411],[22.0974,43.5698],[22.1329,43.5387]]],[[[22.0274,43.5574],[22.0164,43.5634],[22.0396,43.5738],[22.0274,43.5574]]],[[[22.0048,43.5735],[21.9735,43.5787],[21.984,43.5517],[21.9471,43.5868],[21.9622,43.5483],[21.9475,43.538],[21.9404,43.5806],[21.9119,43.5945],[21.966,43.5941],[21.9783,43.5875],[22.0048,43.5735]],[[21.9557,43.5787],[21.9744,43.574],[21.9716,43.5874],[21.9557,43.5787]]],[[[22.0733,43.5701],[22.0703,43.5728],[22.0835,43.572],[22.0733,43.5701]]],[[[22.0112,43.568],[22.0031,43.5709],[22.0154,43.5824],[22.0112,43.568]]],[[[21.8968,43.5933],[21.9022,43.5859],[21.8961,43.586],[21.8968,43.5933]]],[[[21.8976,43.5994],[21.9134,43.5999],[21.9066,43.5965],[21.8976,43.5994]]],[[[22.0967,43.6031],[22.1034,43.5953],[22.0959,43.5967],[22.0967,43.6031]]],[[[22.0111,43.596],[21.9742,43.5922],[21.9841,43.6208],[22.0124,43.616],[22.0111,43.596]]],[[[22.0799,43.6053],[22.0769,43.6102],[22.0881,43.6166],[22.0942,43.6116],[22.0799,43.6053]]],[[[22.0774,43.619],[22.0838,43.62],[22.0693,43.6165],[22.0774,43.619]]],[[[22.0586,43.6463],[22.0489,43.6631],[22.0611,43.6605],[22.0586,43.6463]]],[[[21.9388,43.6541],[21.9364,43.6562],[21.9401,43.6596],[21.9388,43.6541]]],[[[22.159,43.6764],[22.1743,43.6722],[22.1697,43.6718],[22.159,43.6764]]],[[[21.9403,43.6713],[21.9304,43.6762],[21.9331,43.6792],[21.9403,43.6713]]],[[[22.1429,43.6808],[22.1585,43.6831],[22.1509,43.6782],[22.1429,43.6808]]],[[[22.1512,43.7024],[22.1667,43.6933],[22.1514,43.6909],[22.1512,43.7024]]],[[[22.0387,43.6898],[22.0216,43.6874],[22.0353,43.6934],[22.0387,43.6898]]],[[[22.0588,43.6953],[22.0616,43.6934],[22.0558,43.6892],[22.0463,43.6912],[22.0588,43.6953]]],[[[22.0164,43.7055],[21.9937,43.6996],[22.0088,43.7038],[22.0164,43.7055]]],[[[21.9408,43.7029],[21.9204,43.7072],[21.9386,43.7198],[21.9408,43.7029]]],[[[21.9586,43.7097],[21.948,43.7179],[21.9519,43.7189],[21.9586,43.7097]]],[[[22.1561,43.7255],[22.1555,43.7267],[22.1685,43.7233],[22.1561,43.7255]]],[[[21.9483,43.7199],[21.9355,43.7242],[21.9031,43.7135],[21.8992,43.7337],[21.8752,43.7395],[21.8878,43.7299],[21.8452,43.7161],[21.8543,43.7448],[21.8984,43.7422],[21.9483,43.7199]],[[21.8651,43.7336],[21.8573,43.7365],[21.8527,43.7328],[21.8696,43.7335],[21.8651,43.7336]]],[[[21.9447,43.7412],[21.9497,43.7331],[21.9473,43.7331],[21.9447,43.7412]]],[[[21.9687,43.9538],[21.9776,43.9585],[21.9758,43.9535],[21.9687,43.9538]]],[[[21.883,43.9727],[21.873,43.9771],[21.8737,43.9835],[21.896,43.9808],[21.883,43.9727]]],[[[21.9268,43.994],[21.9234,43.9998],[21.9356,44.0085],[21.9268,43.994]]],[[[22.1433,44.0102],[22.1528,44.0071],[22.1481,44.0029],[22.1433,44.0102]]],[[[21.9154,44.0129],[21.898,44.0116],[21.894,44.0139],[21.9527,44.0267],[21.9154,44.0129]]],[[[21.9163,44.0261],[21.8785,44.0314],[21.9074,44.0397],[21.9163,44.0261]]],[[[21.8981,44.0582],[21.9051,44.052],[21.8987,44.0496],[21.8981,44.0582]]],[[[22.1424,44.0526],[22.1309,44.0623],[22.1584,44.0455],[22.1424,44.0526]]],[[[21.891,44.063],[21.889,44.059],[21.8838,44.0608],[21.891,44.063]]],[[[21.9207,44.0623],[21.931,44.0657],[21.9249,44.0601],[21.9207,44.0623]]],[[[21.9199,44.0654],[21.9079,44.0747],[21.9234,44.0832],[21.9199,44.0654]]],[[[22.034,44.0806],[22.0275,44.0824],[22.0338,44.0887],[22.034,44.0806]]],[[[21.9141,44.0907],[21.9157,44.0847],[21.9067,44.0837],[21.9141,44.0907]]],[[[22.0417,44.0869],[22.0394,44.0866],[22.0373,44.096],[22.0417,44.0869]]],[[[22.1514,44.1048],[22.1444,44.1055],[22.1467,44.11],[22.1514,44.1048]]],[[[21.8863,44.1236],[21.8928,44.1229],[21.8814,44.115],[21.8863,44.1236]]],[[[21.9323,44.1195],[21.9608,44.127],[21.9533,44.1171],[21.9323,44.1195]]],[[[22.1741,44.1305],[22.1752,44.1272],[22.1672,44.1346],[22.1741,44.1305]]],[[[22.1573,44.135],[22.1573,44.132],[22.1468,44.142],[22.1573,44.135]]],[[[21.9181,44.1376],[21.9227,44.1441],[21.9203,44.1367],[21.9143,44.1354],[21.9181,44.1376]]],[[[22.1528,44.1457],[22.1527,44.1502],[22.1636,44.1398],[22.1528,44.1457]]],[[[21.9073,44.1587],[21.9117,44.1419],[21.8918,44.1359],[21.9073,44.1587]]],[[[22.1285,44.1748],[22.1341,44.185],[22.1426,44.1841],[22.1501,44.1869],[22.1416,44.1629],[22.1285,44.1748]]],[[[21.9262,44.1689],[21.9226,44.1709],[21.9269,44.1783],[21.9262,44.1689]]],[[[22.0468,44.2027],[22.0451,44.2079],[22.0933,44.1708],[22.0468,44.2027]]],[[[22.1441,44.1853],[22.1314,44.1879],[22.1373,44.196],[22.1441,44.1853]]],[[[21.9644,44.1987],[21.9646,44.1925],[21.957,44.1918],[21.9644,44.1987]]],[[[21.9201,44.2355],[21.9249,44.2282],[21.9076,44.2268],[21.9201,44.2355]]],[[[21.9385,44.2334],[21.93,44.2304],[21.9327,44.2457],[21.9385,44.2334]]],[[[21.9076,44.2437],[21.9171,44.2458],[21.9149,44.2395],[21.9076,44.2437]]],[[[21.9116,44.2511],[21.9307,44.257],[21.9292,44.2413],[21.9116,44.2511]]],[[[22.015,44.3108],[22.0163,44.315],[22.0201,44.3159],[22.0183,44.2914],[22.015,44.3108]]],[[[22.1648,44.3401],[22.1581,44.3471],[22.1682,44.3474],[22.1648,44.3401]]],[[[22.0864,44.3831],[22.0885,44.3831],[22.0848,44.3695],[22.0864,44.3831]]],[[[22.1475,44.4812],[22.1424,44.4799],[22.1288,44.4809],[22.1215,44.4843],[22.1475,44.4812]]],[[[22.145,44.4892],[22.1474,44.5022],[22.1527,44.5042],[22.145,44.4892]]],[[[22.1179,44.4894],[22.1247,44.4981],[22.1176,44.4874],[22.1179,44.4894]]],[[[22.1815,44.4948],[22.1747,44.4851],[22.1669,44.4964],[22.1815,44.4948]]],[[[22.1407,44.5006],[22.1327,44.4935],[22.1246,44.5075],[22.1407,44.5006]]],[[[22.1217,44.5001],[22.1151,44.5008],[22.1188,44.5139],[22.1217,44.5001]]],[[[22.1611,44.5108],[22.1607,44.5048],[22.1538,44.5065],[22.1611,44.5108]]],[[[22.0872,44.5238],[22.1177,44.527],[22.0979,44.5229],[22.0914,44.505],[22.0872,44.5238]]],[[[22.0773,44.5269],[22.0884,44.5271],[22.0837,44.5237],[22.0773,44.5269]]],[[[22.1505,44.5257],[22.1375,44.531],[22.1581,44.5337],[22.162,44.5296],[22.1505,44.5257]]],[[[22.0597,44.5459],[22.084,44.5432],[22.0737,44.5369],[22.0597,44.5459]]],[[[22.1011,44.5486],[22.098,44.5403],[22.0856,44.533],[22.0805,44.5353],[22.098,44.5503],[22.1011,44.5486]]],[[[22.0492,44.5572],[22.0533,44.5552],[22.0399,44.5485],[22.0492,44.5572]]],[[[22.0798,44.5532],[22.0702,44.5566],[22.0799,44.5681],[22.0798,44.5532]]],[[[22.1681,44.543],[22.1632,44.5517],[22.1655,44.5537],[22.152,44.5618],[22.1659,44.5442],[22.1237,44.5569],[22.1345,44.5826],[22.1859,44.5561],[22.169,44.5417],[22.1473,44.5414],[22.1681,44.543]]],[[[22.0363,44.5724],[22.0323,44.5662],[22.0312,44.5683],[22.0363,44.5724]]],[[[22.0691,44.5749],[22.0572,44.5849],[22.0653,44.5803],[22.0691,44.5749]]],[[[22.0355,44.5842],[22.0365,44.5911],[22.0454,44.5894],[22.0355,44.5842]]],[[[21.925,44.6067],[21.9197,44.6043],[21.9293,44.6203],[21.925,44.6067]]],[[[22.1765,44.6245],[22.1655,44.6059],[22.158,44.6124],[22.1765,44.6245]]],[[[22.0723,44.6559],[22.062,44.6592],[22.066,44.6678],[22.0723,44.6559]]],[[[22.0788,44.6762],[22.0837,44.6819],[22.0903,44.678],[22.0788,44.6762]]],[[[22.0373,44.6747],[22.0295,44.6796],[22.0547,44.6874],[22.0373,44.6747]]],[[[22.0531,44.6914],[22.0536,44.6953],[22.0708,44.6984],[22.0531,44.6914]]],[[[22.1089,44.7283],[22.1069,44.726],[22.1078,44.7343],[22.1089,44.7283]]],[[[21.9195,44.7388],[21.8994,44.7247],[21.9029,44.7507],[21.9195,44.7388]]],[[[22.0881,44.7541],[22.0872,44.7473],[22.0772,44.7424],[22.0881,44.7541]]],[[[22.1105,44.753],[22.1161,44.7557],[22.1098,44.7438],[22.1105,44.753]]],[[[21.9448,44.7571],[21.9457,44.7536],[21.9349,44.7479],[21.9448,44.7571]]],[[[21.9655,44.7595],[21.9598,44.756],[21.9639,44.7676],[21.9655,44.7595]]],[[[22.0814,44.7633],[22.0711,44.7585],[22.0662,44.7726],[22.0683,44.7758],[22.0814,44.7633]]],[[[22.0625,44.7632],[22.0594,44.7599],[22.0583,44.7734],[22.0668,44.7803],[22.0625,44.7632]]],[[[22.0121,44.7864],[21.9861,44.7686],[22.0102,44.7879],[21.9972,44.8004],[22.0121,44.7864]]],[[[22.0492,44.799],[22.0443,44.7831],[22.0404,44.7831],[22.0492,44.799]]],[[[22.0846,44.7908],[22.0958,44.7972],[22.09,44.7921],[22.0846,44.7908]]],[[[21.9845,44.7871],[21.962,44.78],[21.9699,44.8023],[21.9877,44.8138],[21.9845,44.7871]]],[[[21.9915,44.7988],[21.9884,44.7945],[21.991,44.8064],[21.9915,44.7988]]],[[[22.1099,44.7977],[22.1024,44.8059],[22.1099,44.8083],[22.1099,44.7977]]],[[[22.0296,44.8038],[22.0254,44.8025],[22.0228,44.8194],[22.0296,44.8038]]],[[[21.9844,44.8198],[21.9776,44.8127],[21.9632,44.8263],[21.9844,44.8198]]],[[[21.9411,44.8243],[21.9384,44.8181],[21.937,44.8179],[21.9402,44.8295],[21.9411,44.8243]]],[[[22.0392,44.8303],[22.0455,44.8308],[22.0457,44.8265],[22.0392,44.8303]]],[[[21.9847,44.8231],[21.9827,44.823],[21.9957,44.8335],[21.9847,44.8231]]],[[[22.1147,44.8261],[22.1121,44.8259],[22.1159,44.8437],[22.1147,44.8261]]],[[[22.0984,44.8349],[22.087,44.8287],[22.0688,44.8338],[22.0984,44.8349]]],[[[22.0181,44.8386],[22.0119,44.833],[22.0085,44.834],[22.0201,44.8479],[22.0385,44.8468],[22.0181,44.8386]]],[[[21.9817,44.8414],[21.9804,44.8381],[21.9759,44.8351],[21.9817,44.8414]]],[[[22.1885,44.8304],[22.1779,44.8222],[22.1853,44.8305],[22.1649,44.8629],[22.1885,44.8304]]],[[[22.1078,44.8678],[22.1264,44.8783],[22.133,44.8782],[22.1078,44.8678]]],[[[22.1379,44.8692],[22.1327,44.87],[22.1314,44.8726],[22.1379,44.8692]]],[[[21.8935,44.8878],[21.9014,44.8685],[21.8876,44.8771],[21.8935,44.8878]]],[[[21.9002,44.8896],[21.9118,44.8832],[21.9186,44.8889],[21.9171,44.8761],[21.8842,44.8939],[21.9002,44.8896]]],[[[22.1722,44.8773],[22.1566,44.8702],[22.1638,44.8915],[22.1412,44.8957],[22.1797,44.9126],[22.1722,44.8773]]],[[[21.93,44.907],[21.9082,44.9188],[21.9145,44.8987],[21.9003,44.892],[21.8966,44.9161],[21.9072,44.9206],[21.93,44.907]]],[[[21.9322,44.9365],[21.9308,44.9275],[21.9015,44.9488],[21.9322,44.9365]]],[[[21.9885,44.9587],[21.9976,44.9543],[21.9857,44.9563],[21.9885,44.9587]]],[[[22.0395,44.9627],[22.0289,44.9558],[22.0375,44.9701],[22.0395,44.9627]]],[[[22.003,44.9655],[21.9936,44.9611],[22.0036,44.9665],[22.0102,44.9654],[22.0135,44.9712],[22.0196,44.9714],[22.0123,44.9634],[22.003,44.9655]]],[[[21.926,44.9672],[21.9127,44.9648],[21.9026,44.9683],[21.926,44.9672]]],[[[21.9489,44.9778],[21.9368,44.9671],[21.9189,44.9786],[21.9489,44.9778]]],[[[22.0338,44.9975],[22.0407,44.9751],[22.0251,44.9871],[22.0358,44.9696],[22.0208,44.9674],[22.0258,44.9712],[22.0013,44.9767],[22.0338,44.9975]]],[[[22.0672,44.9603],[22.0401,44.981],[22.0565,44.9825],[22.0356,44.9939],[22.0391,45.0115],[22.0539,44.9994],[22.0415,45.001],[22.0383,44.9978],[22.0533,44.9964],[22.0478,44.9909],[22.079,44.9656],[22.0672,44.9603]]],[[[22.0492,44.9919],[22.0603,44.9992],[22.0545,45.0042],[22.0857,44.98],[22.0492,44.9919]]],[[[22.088,44.9912],[22.0923,45.0043],[22.0972,44.9965],[22.1175,44.9878],[22.1204,44.9811],[22.088,44.9912]]],[[[21.985,44.99],[21.9799,44.9813],[21.9647,45.0028],[21.985,44.99]]],[[[22.1256,44.9877],[22.1021,44.9988],[22.1145,44.9962],[22.1256,44.9877]]],[[[22.0088,44.9976],[22.0023,44.9907],[22.0021,45.0118],[22.0088,44.9976]]],[[[22.0602,45.0082],[22.0592,45.0052],[22.0405,45.0129],[22.0602,45.0082]]],[[[21.9084,45.0141],[21.8988,45.0218],[21.9178,45.0206],[21.9084,45.0141]]],[[[21.9491,45.0153],[21.9168,45.012],[21.9214,45.0394],[21.9491,45.0153]]],[[[22.17,45.0772],[22.1635,45.0806],[22.1826,45.0765],[22.17,45.0772]]],[[[21.9224,45.1262],[21.8987,45.1289],[21.9055,45.1487],[21.9224,45.1262]]],[[[21.9411,45.1379],[21.9366,45.1358],[21.9285,45.1463],[21.9411,45.1379]]],[[[21.9401,45.1557],[21.9434,45.1739],[21.945,45.1739],[21.9401,45.1557]]],[[[22.0408,45.1798],[22.0848,45.1899],[22.0816,45.1662],[22.0296,45.148],[22.0408,45.1798]],[[22.064,45.1675],[22.0704,45.1709],[22.0665,45.1801],[22.064,45.1675]]],[[[21.987,45.1786],[21.997,45.1835],[21.9947,45.1759],[21.987,45.1786]]],[[[22.1759,45.1823],[22.1602,45.1842],[22.1653,45.2017],[22.1759,45.1823]]],[[[22.0745,45.2558],[22.0719,45.264],[22.0836,45.265],[22.0745,45.2558]]],[[[21.9986,45.2677],[22.0026,45.2816],[22.0093,45.2766],[21.9986,45.2677]]],[[[22.1736,45.2834],[22.1834,45.2819],[22.1673,45.2778],[22.1561,45.2844],[22.1736,45.2834]]],[[[22.1167,45.2888],[22.1173,45.2835],[22.1114,45.2857],[22.1167,45.2888]]],[[[22.1178,45.2881],[22.116,45.2924],[22.1281,45.2953],[22.1178,45.2881]]],[[[22.1783,45.3235],[22.1323,45.3322],[22.1009,45.3065],[22.1073,45.3273],[22.161,45.3465],[22.1783,45.3235]]],[[[22.0801,45.3269],[22.0861,45.3381],[22.0793,45.3211],[22.0801,45.3269]]],[[[22.0906,45.33],[22.0981,45.3397],[22.0957,45.3325],[22.0906,45.33]]],[[[22.0654,45.3375],[22.079,45.341],[22.0737,45.3314],[22.0654,45.3375]]],[[[22.1018,45.3468],[22.1145,45.3568],[22.1129,45.3522],[22.1018,45.3468]]],[[[22.1092,45.3735],[22.1032,45.3762],[22.1048,45.381],[22.1206,45.38],[22.1235,45.3756],[22.1092,45.3735]]],[[[22.1141,46.0371],[22.1187,46.0445],[22.1316,46.031],[22.1141,46.0371]]],[[[22.1397,46.0423],[22.1391,46.0305],[22.1359,46.036],[22.1397,46.0423]]],[[[22.1393,46.0542],[22.148,46.05],[22.1365,46.0418],[22.1393,46.0542]]],[[[22.1492,46.0493],[22.1644,46.0581],[22.1696,46.0591],[22.1795,46.0539],[22.1851,46.0555],[22.1544,46.0409],[22.1492,46.0493]]],[[[22.1577,46.1402],[22.1498,46.149],[22.1591,46.1504],[22.1577,46.1402]]],[[[21.933,46.1494],[21.9355,46.1481],[21.9281,46.1456],[21.9182,46.1483],[21.933,46.1494]]],[[[22.1688,46.15],[22.175,46.1572],[22.1765,46.1555],[22.1688,46.15]]],[[[21.9424,46.1574],[21.9489,46.1542],[21.9459,46.1516],[21.9424,46.1574]]],[[[22.1599,46.1622],[22.1723,46.1611],[22.1672,46.1531],[22.1599,46.1622]]],[[[21.9466,46.1664],[21.9522,46.1625],[21.9306,46.1564],[21.9462,46.1685],[21.9466,46.1664]]],[[[21.9332,46.1626],[21.918,46.1642],[21.929,46.15],[21.9077,46.1639],[21.912,46.1733],[21.9046,46.1699],[21.8992,46.1753],[21.9363,46.1715],[21.9332,46.1626]]],[[[21.9978,46.1711],[21.9812,46.1702],[21.9905,46.1762],[21.9978,46.1711]]],[[[21.9591,46.1698],[21.9478,46.169],[21.9527,46.1766],[21.9591,46.1698]]],[[[21.9428,46.1766],[21.9487,46.1773],[21.9421,46.1718],[21.9376,46.1807],[21.9428,46.1766]]],[[[21.9578,46.1905],[21.9722,46.1932],[21.9718,46.1761],[21.9578,46.1905]]],[[[22.0035,46.1973],[22.0097,46.1937],[22.0079,46.1858],[22.0035,46.1973]]],[[[22.0393,46.1947],[22.0357,46.1891],[22.0297,46.1873],[22.0311,46.1862],[22.0197,46.1861],[22.0296,46.1977],[22.0428,46.1971],[22.0393,46.1947]]],[[[22.0202,46.1955],[22.0159,46.1992],[22.0232,46.1935],[22.0202,46.1955]]],[[[22.0258,46.2034],[22.0179,46.2052],[22.0291,46.2056],[22.0258,46.2034]]],[[[22.0518,46.2188],[22.0435,46.2296],[22.0585,46.2357],[22.0518,46.2188]]],[[[22.0311,46.2288],[22.0278,46.2369],[22.0404,46.2425],[22.0311,46.2288]]],[[[22.0432,46.2576],[22.0399,46.2698],[22.0505,46.2693],[22.0432,46.2576]]],[[[22.039,46.2807],[22.0219,46.2821],[22.0416,46.2832],[22.039,46.2807]]],[[[22.0416,46.3108],[22.0391,46.2973],[22.0226,46.3182],[22.0416,46.3108]]],[[[22.0938,46.5305],[22.1044,46.5326],[22.1034,46.5302],[22.0938,46.5305]]],[[[22.0191,46.5539],[22.0258,46.555],[22.0098,46.5514],[22.0191,46.5539]]],[[[22.0252,46.5525],[22.0411,46.5552],[22.0364,46.552],[22.0252,46.5525]]],[[[22.0407,46.6088],[22.0379,46.6097],[22.0467,46.6163],[22.0407,46.6088]]],[[[22.1368,46.6229],[22.1304,46.6242],[22.1316,46.6278],[22.1369,46.6257],[22.1373,46.6276],[22.1451,46.6277],[22.1464,46.6267],[22.1368,46.6229]]],[[[22.045,46.6314],[22.0556,46.6393],[22.0557,46.6326],[22.045,46.6314]]],[[[22.0726,46.639],[22.0571,46.63],[22.0681,46.6485],[22.0726,46.639]]],[[[22.0892,46.6581],[22.1023,46.649],[22.0977,46.6481],[22.0892,46.6581]]],[[[22.0117,46.669],[22.0259,46.6542],[22.0148,46.654],[22.0117,46.669]]],[[[21.9651,47.4719],[21.9566,47.4532],[21.9524,47.4678],[21.982,47.4931],[21.9651,47.4719]]],[[[21.9489,47.5295],[21.9384,47.5348],[21.9432,47.5407],[21.9489,47.5295]]],[[[21.9221,47.5434],[21.9372,47.5571],[21.9406,47.554],[21.9221,47.5434]]],[[[22.0123,47.5676],[22.0281,47.573],[22.0263,47.562],[22.0123,47.5676]]],[[[22.1077,49.2317],[22.0986,49.2292],[22.1009,49.2201],[22.0859,49.2285],[22.1077,49.2317]]],[[[22.0768,49.2336],[22.0544,49.2497],[22.0747,49.2303],[22.0706,49.2249],[22.0454,49.2506],[22.0782,49.2493],[22.0768,49.2336]]],[[[22.1405,49.2942],[22.1494,49.2914],[22.1446,49.2869],[22.1405,49.2942]]],[[[22.309,42.7061],[22.314,42.6965],[22.3219,42.7068],[22.3289,42.6861],[22.2806,42.7183],[22.309,42.7061]]],[[[22.2744,42.7022],[22.2898,42.6989],[22.2699,42.6881],[22.2408,42.7147],[22.2744,42.7022]]],[[[22.2894,42.7072],[22.2886,42.7014],[22.2764,42.7113],[22.2894,42.7072]]],[[[22.274,42.7302],[22.3053,42.732],[22.3139,42.7206],[22.274,42.7302]]],[[[22.2391,42.7191],[22.2289,42.7161],[22.2156,42.7217],[22.2391,42.7191]]],[[[22.4218,42.7295],[22.4311,42.7261],[22.425,42.7253],[22.4218,42.7295]]],[[[22.3511,42.7415],[22.3634,42.7388],[22.3606,42.7351],[22.3511,42.7415]]],[[[22.3184,42.7354],[22.3111,42.7326],[22.3167,42.7444],[22.3228,42.7441],[22.3184,42.7354]]],[[[22.3575,42.7496],[22.3475,42.7464],[22.3456,42.7495],[22.3575,42.7496]]],[[[22.2678,42.7655],[22.2756,42.7478],[22.2646,42.7453],[22.2678,42.7655]]],[[[22.3112,42.7558],[22.3023,42.7628],[22.3119,42.7591],[22.3112,42.7558]]],[[[22.3305,42.7476],[22.3181,42.7468],[22.3154,42.772],[22.3305,42.7476]]],[[[22.3712,42.7601],[22.3692,42.764],[22.3806,42.7631],[22.3712,42.7601]]],[[[22.3088,42.7707],[22.2943,42.7611],[22.3019,42.7357],[22.2924,42.7646],[22.3088,42.7707]]],[[[22.2492,42.7749],[22.2484,42.7675],[22.2304,42.7845],[22.2492,42.7749]]],[[[22.3849,42.7895],[22.3566,42.7632],[22.3419,42.7777],[22.3592,42.7823],[22.364,42.7921],[22.3452,42.7992],[22.3775,42.793],[22.3649,42.8111],[22.3809,42.8161],[22.3849,42.7895]]],[[[22.3339,42.8248],[22.3403,42.8257],[22.3378,42.8192],[22.3339,42.8248]]],[[[22.3754,42.8257],[22.3837,42.8408],[22.3897,42.832],[22.3754,42.8257]]],[[[22.3473,42.8384],[22.3588,42.8443],[22.3604,42.8312],[22.3473,42.8384]]],[[[22.3678,42.8659],[22.3573,42.848],[22.36,42.8677],[22.3678,42.8659]]],[[[22.2289,42.8791],[22.2533,42.887],[22.2524,42.8847],[22.2289,42.8791]]],[[[22.2795,42.9015],[22.2777,42.9046],[22.2832,42.9072],[22.2795,42.9015]]],[[[22.2752,42.8996],[22.2591,42.9023],[22.2674,42.9105],[22.2752,42.8996]]],[[[22.216,42.9147],[22.2126,42.9146],[22.2195,42.9177],[22.216,42.9147]]],[[[22.2736,42.9202],[22.2795,42.9291],[22.2921,42.9332],[22.2736,42.9202]]],[[[22.3685,42.9389],[22.365,42.9447],[22.3804,42.9464],[22.3685,42.9389]]],[[[22.4117,43.0156],[22.407,43.0206],[22.4225,43.0181],[22.4117,43.0156]]],[[[22.2965,43.0635],[22.2941,43.0753],[22.3039,43.0724],[22.2965,43.0635]]],[[[22.3681,43.0678],[22.3606,43.0747],[22.3855,43.0754],[22.3681,43.0678]]],[[[22.2917,43.0766],[22.2837,43.0798],[22.2907,43.085],[22.2917,43.0766]]],[[[22.2754,43.0864],[22.2799,43.085],[22.2736,43.0801],[22.2653,43.0798],[22.2754,43.0864]]],[[[22.2386,43.0961],[22.2364,43.1028],[22.2404,43.0988],[22.2386,43.0961]]],[[[22.2572,43.1119],[22.2805,43.1201],[22.2933,43.0902],[22.1919,43.1342],[22.2572,43.1119]]],[[[22.2773,43.1293],[22.2781,43.1222],[22.2671,43.1201],[22.2773,43.1293]]],[[[22.4353,43.1382],[22.4247,43.14],[22.4289,43.1415],[22.4353,43.1382]]],[[[22.2343,43.1429],[22.2367,43.1411],[22.2238,43.1403],[22.2343,43.1429]]],[[[22.3894,43.138],[22.4029,43.1222],[22.3443,43.1611],[22.391,43.144],[22.4344,43.161],[22.3894,43.138]]],[[[22.2719,43.1483],[22.2677,43.151],[22.2849,43.1464],[22.2719,43.1483]]],[[[22.2465,43.1505],[22.2447,43.1515],[22.2501,43.1549],[22.2567,43.1515],[22.2465,43.1505]]],[[[22.2123,43.1494],[22.198,43.163],[22.2068,43.1672],[22.2123,43.1494]]],[[[22.2588,43.1619],[22.2697,43.1623],[22.2607,43.1563],[22.2588,43.1619]]],[[[22.2405,43.1595],[22.2254,43.1596],[22.2353,43.1602],[22.2405,43.1595]]],[[[22.3653,43.2007],[22.3618,43.2085],[22.3635,43.214],[22.3653,43.2007]]],[[[22.3216,43.202],[22.297,43.2145],[22.307,43.216],[22.3216,43.202]]],[[[22.359,43.2461],[22.3611,43.2415],[22.367,43.2449],[22.3932,43.2337],[22.3612,43.24],[22.3492,43.2481],[22.384,43.2438],[22.359,43.2461]]],[[[22.3132,43.2443],[22.3204,43.2547],[22.3233,43.2452],[22.3132,43.2443]]],[[[22.3405,43.2477],[22.3283,43.2553],[22.341,43.2608],[22.3405,43.2477]]],[[[22.4384,43.2394],[22.4113,43.2596],[22.4177,43.2697],[22.4384,43.2394]]],[[[22.3591,43.2666],[22.3671,43.2643],[22.363,43.2605],[22.3591,43.2666]]],[[[22.3862,43.2665],[22.3954,43.2645],[22.3908,43.2628],[22.3862,43.2665]]],[[[22.328,43.2591],[22.3183,43.2702],[22.3272,43.2797],[22.328,43.2591]]],[[[22.3009,43.2732],[22.2891,43.2769],[22.3049,43.2803],[22.3009,43.2732]]],[[[22.413,43.2742],[22.397,43.2704],[22.3902,43.2858],[22.4182,43.2724],[22.413,43.2742]]],[[[22.258,43.282],[22.259,43.279],[22.2479,43.2797],[22.258,43.282]]],[[[22.3577,43.2577],[22.3419,43.2629],[22.3419,43.3063],[22.3577,43.2577]]],[[[22.2768,43.2776],[22.2741,43.2817],[22.2936,43.289],[22.2768,43.2776]]],[[[22.3212,43.2878],[22.3293,43.2844],[22.3248,43.2802],[22.3212,43.2878]]],[[[22.2587,43.2831],[22.2594,43.2912],[22.2708,43.2848],[22.2587,43.2831]]],[[[22.2483,43.289],[22.2427,43.2945],[22.2507,43.3004],[22.2483,43.289]]],[[[22.3131,43.3015],[22.3125,43.2924],[22.3071,43.2953],[22.3131,43.3015]]],[[[22.2267,43.2977],[22.2382,43.3042],[22.2441,43.3],[22.2267,43.2977]]],[[[22.4234,43.296],[22.4237,43.2894],[22.416,43.3085],[22.4234,43.296]]],[[[22.2232,43.3068],[22.2273,43.3087],[22.2245,43.2987],[22.2232,43.3068]]],[[[22.4061,43.3074],[22.4111,43.308],[22.4105,43.2996],[22.4061,43.3074]]],[[[22.2604,43.3031],[22.2534,43.3035],[22.2695,43.3066],[22.2604,43.3031]]],[[[22.218,43.3168],[22.2189,43.3049],[22.2123,43.3044],[22.218,43.3168]]],[[[22.1773,43.3133],[22.1881,43.3119],[22.1868,43.3105],[22.1773,43.3133]]],[[[22.2048,43.3164],[22.2217,43.3234],[22.2173,43.3205],[22.2048,43.3164]]],[[[22.2775,43.3129],[22.2686,43.3206],[22.2732,43.3218],[22.2775,43.3129]]],[[[22.2064,43.3261],[22.2169,43.3303],[22.2166,43.329],[22.2064,43.3261]]],[[[22.3364,43.3318],[22.3361,43.3344],[22.3413,43.334],[22.3364,43.3318]]],[[[22.27,43.3296],[22.2658,43.3205],[22.2346,43.3211],[22.2531,43.3265],[22.2164,43.3346],[22.2019,43.3248],[22.1912,43.337],[22.2286,43.342],[22.27,43.3296]]],[[[22.3042,43.3323],[22.3331,43.3327],[22.3149,43.3222],[22.3423,43.309],[22.2892,43.3167],[22.2791,43.3312],[22.3043,43.3309],[22.2862,43.3325],[22.284,43.3575],[22.3072,43.3468],[22.3042,43.3323]],[[22.2997,43.3355],[22.3023,43.336],[22.3005,43.3436],[22.2997,43.3355]]],[[[22.3391,43.3398],[22.3423,43.3442],[22.3476,43.3424],[22.3391,43.3398]]],[[[22.1904,43.3469],[22.1871,43.3398],[22.1813,43.3444],[22.1904,43.3469]]],[[[22.2669,43.3397],[22.2622,43.3519],[22.2728,43.3471],[22.2812,43.35],[22.2669,43.3397]]],[[[22.2072,43.3478],[22.2297,43.3442],[22.2155,43.3405],[22.2072,43.3478]]],[[[22.3235,43.3385],[22.3126,43.3642],[22.3253,43.3657],[22.3235,43.3385]]],[[[22.2044,43.3601],[22.212,43.3538],[22.2042,43.3461],[22.2044,43.3601]]],[[[22.2689,43.3538],[22.272,43.359],[22.2789,43.3553],[22.2689,43.3538]]],[[[22.3869,43.4217],[22.3938,43.4212],[22.3884,43.4171],[22.3869,43.4217]]],[[[22.3568,43.4222],[22.3594,43.4324],[22.3627,43.4326],[22.3568,43.4222]]],[[[22.4216,43.4323],[22.4336,43.4308],[22.43,43.427],[22.4216,43.4323]]],[[[22.3495,43.4285],[22.3426,43.4389],[22.3551,43.4403],[22.3495,43.4285]]],[[[22.2272,43.4418],[22.2373,43.4325],[22.2293,43.4305],[22.2272,43.4418]]],[[[22.2418,43.4294],[22.226,43.4518],[22.2352,43.4517],[22.2418,43.4294]]],[[[22.2744,43.4497],[22.2853,43.4441],[22.2774,43.4417],[22.2744,43.4497]]],[[[22.3477,43.4455],[22.3462,43.4526],[22.3565,43.4497],[22.3477,43.4455]]],[[[22.3701,43.4483],[22.3586,43.4579],[22.3702,43.4529],[22.3701,43.4483]]],[[[22.2731,43.4601],[22.276,43.4536],[22.2731,43.4512],[22.2731,43.4601]]],[[[22.2284,43.462],[22.2213,43.4639],[22.233,43.4648],[22.237,43.4537],[22.2284,43.462]]],[[[22.4081,43.4553],[22.3915,43.467],[22.4175,43.4629],[22.4081,43.4553]]],[[[22.1858,43.4599],[22.1769,43.4661],[22.1991,43.4674],[22.1858,43.4599]]],[[[22.2008,43.4733],[22.1744,43.4758],[22.2142,43.4781],[22.2008,43.4733]]],[[[22.3882,43.4794],[22.3873,43.484],[22.3963,43.4748],[22.3882,43.4794]]],[[[22.1929,43.4938],[22.1716,43.4969],[22.1811,43.5093],[22.1929,43.4938]]],[[[22.41,43.5635],[22.4265,43.5688],[22.4284,43.5579],[22.41,43.5635]]],[[[22.37,43.5834],[22.3684,43.5933],[22.3721,43.5952],[22.37,43.5834]]],[[[22.4218,43.6562],[22.4323,43.6542],[22.4309,43.6495],[22.4218,43.6562]]],[[[22.1964,43.681],[22.2141,43.6808],[22.2078,43.6781],[22.1964,43.681]]],[[[22.1759,43.679],[22.174,43.68],[22.1842,43.6796],[22.1759,43.679]]],[[[22.3731,43.6822],[22.3832,43.6907],[22.3868,43.6765],[22.3731,43.6822]]],[[[22.1887,43.6947],[22.1844,43.7014],[22.1992,43.6945],[22.1887,43.6947]]],[[[22.2004,43.6969],[22.1949,43.7014],[22.2052,43.6982],[22.2004,43.6969]]],[[[22.343,43.7132],[22.3534,43.7073],[22.3467,43.7073],[22.343,43.7132]]],[[[22.2233,43.7216],[22.2267,43.7172],[22.2237,43.713],[22.2233,43.7216]]],[[[22.3398,43.7296],[22.3331,43.7287],[22.3373,43.7322],[22.345,43.73],[22.3388,43.7233],[22.3398,43.7296]]],[[[22.3231,43.7368],[22.3412,43.7394],[22.3364,43.7337],[22.3231,43.7368]]],[[[22.3164,43.7459],[22.3332,43.7447],[22.3266,43.7378],[22.3164,43.7459]]],[[[22.3331,43.7603],[22.325,43.7564],[22.3155,43.7661],[22.3331,43.7603]]],[[[22.3317,43.7774],[22.347,43.7737],[22.3427,43.7714],[22.3317,43.7774]]],[[[22.3692,43.7974],[22.3701,43.7906],[22.3583,43.8083],[22.3692,43.7974]]],[[[22.3801,43.7936],[22.3696,43.8029],[22.3882,43.8073],[22.3801,43.7936]]],[[[22.3658,43.836],[22.3735,43.8316],[22.369,43.8302],[22.3658,43.836]]],[[[22.3806,44.0162],[22.3689,44.0229],[22.3788,44.0251],[22.3806,44.0162]]],[[[22.231,44.0205],[22.2225,44.0296],[22.2361,44.0321],[22.231,44.0205]]],[[[22.1869,44.1025],[22.1857,44.1109],[22.1897,44.1089],[22.1869,44.1025]]],[[[22.3702,44.1639],[22.3739,44.1747],[22.3831,44.1675],[22.3702,44.1639]]],[[[22.3799,44.1889],[22.3976,44.193],[22.3977,44.1882],[22.3799,44.1889]]],[[[22.1997,44.2247],[22.2115,44.2152],[22.1961,44.2145],[22.1997,44.2247]]],[[[22.2116,44.2525],[22.2052,44.2521],[22.1834,44.2609],[22.2116,44.2525]]],[[[22.2739,44.3913],[22.2726,44.3895],[22.2668,44.3969],[22.2719,44.3996],[22.2739,44.3913]]],[[[22.4047,44.5187],[22.4094,44.5239],[22.4073,44.5085],[22.4047,44.5187]]],[[[22.1799,44.5672],[22.1772,44.563],[22.1748,44.5651],[22.18,44.5681],[22.1799,44.5672]]],[[[22.2155,44.5709],[22.2197,44.5653],[22.2107,44.566],[22.2155,44.5709]]],[[[22.1837,44.5701],[22.2022,44.5841],[22.2128,44.56],[22.1837,44.5701]]],[[[22.2825,44.5992],[22.2849,44.5965],[22.2757,44.587],[22.2825,44.5992]]],[[[22.2259,44.5932],[22.2227,44.5985],[22.2321,44.6015],[22.2259,44.5932]]],[[[22.2608,44.6044],[22.2561,44.6089],[22.2649,44.6068],[22.2608,44.6044]]],[[[22.2409,44.6045],[22.2181,44.6074],[22.2319,44.6166],[22.2409,44.6045]]],[[[22.2609,44.611],[22.2698,44.6152],[22.2675,44.6086],[22.2609,44.611]]],[[[22.2798,44.626],[22.2938,44.6347],[22.2969,44.6327],[22.2798,44.626]]],[[[22.2329,44.6224],[22.2271,44.627],[22.2346,44.63],[22.2329,44.6224]]],[[[22.4053,44.6327],[22.4052,44.6381],[22.4208,44.6371],[22.4053,44.6327]]],[[[22.2565,44.6366],[22.2542,44.6277],[22.2409,44.6348],[22.2565,44.6366]]],[[[22.2731,44.6518],[22.2708,44.6578],[22.2932,44.6551],[22.2731,44.6518]]],[[[22.2899,44.6774],[22.2694,44.6852],[22.2866,44.6692],[22.2829,44.6621],[22.2639,44.6775],[22.2727,44.6948],[22.2899,44.6774]]],[[[22.3042,44.6895],[22.302,44.696],[22.3067,44.6994],[22.3042,44.6895]]],[[[22.314,44.6965],[22.3029,44.7041],[22.3098,44.7063],[22.314,44.6965]]],[[[22.32,44.7106],[22.3268,44.6945],[22.3098,44.7063],[22.3074,44.7081],[22.32,44.7106]]],[[[22.287,44.7177],[22.2998,44.7176],[22.2979,44.7154],[22.287,44.7177]]],[[[22.1975,44.7551],[22.1886,44.7511],[22.197,44.7709],[22.1975,44.7551]]],[[[22.1842,44.7783],[22.177,44.7783],[22.1803,44.7936],[22.1842,44.7783]]],[[[22.4234,44.7989],[22.434,44.7576],[22.4167,44.7431],[22.4135,44.8009],[22.4452,44.8231],[22.4088,44.8264],[22.4517,44.8254],[22.4234,44.7989]]],[[[22.1987,44.797],[22.2087,44.8119],[22.1982,44.7862],[22.1987,44.797]]],[[[22.3495,44.8621],[22.3557,44.8631],[22.3559,44.8564],[22.3495,44.8621]]],[[[22.2938,44.9281],[22.305,44.9318],[22.2872,44.9235],[22.2938,44.9281]]],[[[22.4007,44.9522],[22.4023,44.9577],[22.419,44.9567],[22.4007,44.9522]]],[[[22.4186,44.9622],[22.4003,44.9666],[22.4012,44.9783],[22.4186,44.9622]]],[[[22.2973,44.9915],[22.3155,44.9985],[22.3081,44.9939],[22.2973,44.9915]]],[[[22.4115,45.0188],[22.4613,45.02],[22.4663,44.9884],[22.4157,45.0066],[22.4087,44.9903],[22.4015,44.9919],[22.3851,45.0179],[22.4393,45.0459],[22.4115,45.0188]],[[22.4426,45.0125],[22.4346,45.0054],[22.456,45.0123],[22.4426,45.0125]],[[22.4312,45.0159],[22.4236,45.0117],[22.4404,45.0138],[22.4312,45.0159]]],[[[22.1791,45.0407],[22.1637,45.056],[22.2177,45.0563],[22.1974,45.0509],[22.2086,45.0368],[22.1791,45.0407]]],[[[22.2054,45.0734],[22.2069,45.0639],[22.19,45.0703],[22.2054,45.0734]]],[[[22.1823,45.085],[22.1811,45.0944],[22.19,45.0916],[22.1823,45.085]]],[[[22.4366,45.1803],[22.4286,45.1823],[22.4316,45.1899],[22.4366,45.1803]]],[[[22.2321,45.2264],[22.2448,45.227],[22.243,45.2215],[22.2321,45.2264]]],[[[22.4243,45.2161],[22.4019,45.2096],[22.3775,45.2296],[22.4217,45.2389],[22.4243,45.2161]],[[22.415,45.2199],[22.4194,45.223],[22.4085,45.2317],[22.415,45.2199]]],[[[22.225,45.2344],[22.2268,45.2295],[22.2198,45.2296],[22.225,45.2344]]],[[[22.2153,45.2286],[22.189,45.2303],[22.2223,45.2501],[22.2095,45.2499],[22.2085,45.2593],[22.2323,45.2479],[22.2153,45.2286]]],[[[22.2671,45.2472],[22.2568,45.245],[22.2385,45.2481],[22.2671,45.2472]]],[[[22.1822,45.2512],[22.1746,45.2515],[22.1993,45.2705],[22.2122,45.2695],[22.1822,45.2512]]],[[[22.1728,45.2648],[22.1911,45.2706],[22.188,45.2679],[22.1728,45.2648]]],[[[22.4285,45.2734],[22.4307,45.2711],[22.4223,45.2668],[22.4285,45.2734]]],[[[22.3789,45.2609],[22.3683,45.2591],[22.3773,45.2761],[22.3534,45.2682],[22.3466,45.2739],[22.3656,45.2897],[22.3816,45.275],[22.3789,45.2609]]],[[[22.3936,45.303],[22.3924,45.3033],[22.3973,45.308],[22.4148,45.3045],[22.3936,45.303]]],[[[22.4033,45.3368],[22.399,45.3324],[22.3909,45.3406],[22.4033,45.3368]]],[[[22.3591,45.3951],[22.3698,45.3989],[22.3699,45.3955],[22.3591,45.3951]]],[[[22.4187,45.3907],[22.4188,45.3964],[22.4329,45.4028],[22.4187,45.3907]]],[[[22.2451,45.5194],[22.2513,45.5299],[22.2528,45.5248],[22.2451,45.5194]]],[[[22.4007,45.5422],[22.3978,45.5402],[22.3911,45.5451],[22.4007,45.5422]]],[[[22.433,45.5526],[22.4221,45.5629],[22.4368,45.5653],[22.433,45.5526]]],[[[22.3752,45.5871],[22.3899,45.5755],[22.3633,45.5857],[22.3752,45.5871]]],[[[22.3046,45.6612],[22.3027,45.663],[22.3126,45.6713],[22.3211,45.6655],[22.3046,45.6612]]],[[[22.4177,45.6603],[22.4141,45.666],[22.4277,45.6777],[22.4437,45.6588],[22.4177,45.6603]]],[[[22.3333,45.6949],[22.3208,45.7084],[22.352,45.7114],[22.3333,45.6949]]],[[[22.2819,45.7239],[22.2768,45.7266],[22.2935,45.7281],[22.2977,45.7249],[22.2819,45.7239]]],[[[22.3367,45.7216],[22.3283,45.727],[22.3466,45.7364],[22.3367,45.7216]]],[[[22.4241,45.7738],[22.4303,45.7747],[22.4277,45.7769],[22.4333,45.7807],[22.4412,45.7831],[22.431,45.7728],[22.4241,45.7738]]],[[[22.4157,45.7711],[22.4005,45.7756],[22.4175,45.7865],[22.4157,45.7711]]],[[[22.4007,45.7809],[22.3916,45.7865],[22.3845,45.7822],[22.3912,45.79],[22.4007,45.7809]]],[[[22.2614,45.7826],[22.256,45.7849],[22.2634,45.7917],[22.2614,45.7826]]],[[[22.2104,46.0446],[22.2114,46.0503],[22.2266,46.0475],[22.2104,46.0446]]],[[[22.3984,46.0466],[22.4046,46.0575],[22.4097,46.0427],[22.3984,46.0466]]],[[[22.2325,46.0452],[22.2137,46.0621],[22.235,46.0743],[22.2325,46.0452]]],[[[22.3588,46.0707],[22.3488,46.073],[22.3621,46.0758],[22.3747,46.0547],[22.3588,46.0707]]],[[[22.1984,46.0609],[22.1843,46.0589],[22.1973,46.0686],[22.1984,46.0609]]],[[[22.2835,46.0684],[22.2763,46.0686],[22.2707,46.0727],[22.2948,46.0669],[22.2835,46.0684]]],[[[22.2659,46.0639],[22.2574,46.0624],[22.2614,46.0697],[22.2659,46.0639]]],[[[22.3789,46.0646],[22.3705,46.0716],[22.3763,46.0709],[22.3817,46.0748],[22.3865,46.0719],[22.3789,46.0646]]],[[[22.2448,46.0706],[22.2575,46.0842],[22.262,46.0757],[22.2448,46.0706]]],[[[22.3011,46.0654],[22.2926,46.0603],[22.2987,46.0753],[22.2845,46.0754],[22.2865,46.0871],[22.2821,46.0779],[22.2778,46.0773],[22.2759,46.08],[22.2868,46.094],[22.3003,46.0747],[22.3011,46.0654]]],[[[22.3711,46.0859],[22.3777,46.0831],[22.372,46.0798],[22.3823,46.0789],[22.378,46.0729],[22.3652,46.0748],[22.3657,46.0899],[22.3791,46.0962],[22.3858,46.0923],[22.3711,46.0859]]],[[[22.3923,46.0858],[22.3949,46.0895],[22.4038,46.0938],[22.3923,46.0858]]],[[[22.3498,46.0915],[22.3072,46.0702],[22.3445,46.096],[22.3145,46.1029],[22.3419,46.1023],[22.3498,46.0915]]],[[[22.212,46.0984],[22.2192,46.0951],[22.2183,46.0899],[22.212,46.0984]]],[[[22.2617,46.078],[22.2669,46.0874],[22.2625,46.0929],[22.2867,46.1074],[22.2617,46.078]]],[[[22.3965,46.1005],[22.4029,46.1022],[22.3974,46.0996],[22.4013,46.0958],[22.3933,46.0929],[22.3965,46.1005]]],[[[22.2207,46.0938],[22.2161,46.1013],[22.2372,46.1033],[22.2207,46.0938]]],[[[22.4369,46.1107],[22.4282,46.0855],[22.4026,46.0951],[22.4369,46.1107]]],[[[22.3903,46.098],[22.3879,46.0921],[22.3769,46.1025],[22.3907,46.1363],[22.4051,46.131],[22.4014,46.1218],[22.4029,46.119],[22.4041,46.1186],[22.408,46.1365],[22.4331,46.1531],[22.4427,46.1468],[22.4253,46.1622],[22.4361,46.1779],[22.4325,46.1584],[22.4503,46.154],[22.4348,46.1333],[22.4547,46.1361],[22.4495,46.1206],[22.4107,46.1201],[22.3903,46.098]],[[22.4292,46.1383],[22.4254,46.123],[22.4335,46.1272],[22.4292,46.1383]],[[22.4098,46.1335],[22.4071,46.1204],[22.42,46.1228],[22.4253,46.131],[22.4098,46.1335]],[[22.4401,46.1312],[22.4363,46.1278],[22.436,46.123],[22.4445,46.1285],[22.4383,46.1333],[22.4352,46.129],[22.4401,46.1312]]],[[[22.4035,46.1337],[22.3902,46.1414],[22.4089,46.1463],[22.4035,46.1337]]],[[[22.3524,46.1428],[22.3669,46.1394],[22.3671,46.1341],[22.3493,46.1395],[22.3531,46.1511],[22.3524,46.1428]]],[[[22.3943,46.15],[22.3803,46.1346],[22.3846,46.1517],[22.3722,46.1405],[22.3801,46.1556],[22.3716,46.1515],[22.3538,46.159],[22.3755,46.1585],[22.3943,46.15]]],[[[22.4121,46.1472],[22.3963,46.1498],[22.4178,46.1698],[22.4121,46.1472]]],[[[22.2347,46.2291],[22.2305,46.2326],[22.2336,46.2353],[22.2417,46.2354],[22.2347,46.2291]]],[[[22.3949,46.338],[22.4082,46.3234],[22.3947,46.3193],[22.3949,46.338]]],[[[22.4385,46.336],[22.4249,46.338],[22.4261,46.3512],[22.4385,46.336]]],[[[22.3983,46.4245],[22.4134,46.4314],[22.4498,46.4313],[22.4264,46.4298],[22.441,46.421],[22.4325,46.408],[22.4183,46.4098],[22.371,46.427],[22.3448,46.4649],[22.3762,46.4643],[22.361,46.4724],[22.3704,46.4737],[22.3985,46.4638],[22.3983,46.4245]],[[22.378,46.4479],[22.3915,46.4575],[22.3849,46.4594],[22.378,46.4479]]],[[[22.3611,46.4767],[22.3589,46.469],[22.3624,46.4655],[22.356,46.4688],[22.3607,46.4797],[22.3649,46.4827],[22.3611,46.4767]]],[[[22.3471,46.4753],[22.3472,46.4669],[22.3404,46.4819],[22.3471,46.4753]]],[[[22.2419,46.4731],[22.2356,46.4813],[22.2408,46.4849],[22.2419,46.4731]]],[[[22.4069,46.4865],[22.3851,46.4815],[22.3759,46.4914],[22.4069,46.4865]]],[[[22.4077,46.4927],[22.4114,46.4908],[22.4195,46.4944],[22.4266,46.4936],[22.4083,46.4834],[22.4077,46.4927]]],[[[22.234,46.4921],[22.2388,46.4985],[22.2459,46.4889],[22.234,46.4921]]],[[[22.3527,46.4956],[22.3513,46.4989],[22.3717,46.5025],[22.3527,46.4956]]],[[[22.4301,46.5121],[22.4425,46.5102],[22.44,46.5081],[22.4416,46.5021],[22.4301,46.5121]]],[[[22.2302,46.5134],[22.23,46.5064],[22.2164,46.5076],[22.2302,46.5134]]],[[[22.3974,46.5154],[22.3936,46.5244],[22.4186,46.5206],[22.4243,46.5281],[22.4303,46.5134],[22.3974,46.5154]]],[[[22.2498,46.5221],[22.2452,46.5237],[22.2523,46.5315],[22.2619,46.5329],[22.2498,46.5221]]],[[[22.2132,46.5291],[22.2416,46.5361],[22.2391,46.5234],[22.2132,46.5291]]],[[[22.3415,46.5263],[22.3322,46.5309],[22.3407,46.5309],[22.3557,46.5332],[22.3415,46.5263]]],[[[22.4041,46.5253],[22.389,46.528],[22.4234,46.535],[22.4041,46.5253]]],[[[22.4116,46.5456],[22.4028,46.5475],[22.4144,46.5689],[22.4116,46.5456]]],[[[22.2019,46.5668],[22.1979,46.5728],[22.205,46.5739],[22.2019,46.5668]]],[[[22.2819,46.5694],[22.2788,46.564],[22.245,46.5868],[22.2819,46.5694]]],[[[22.3272,46.6235],[22.348,46.6225],[22.3453,46.6173],[22.3272,46.6235]]],[[[22.2507,46.6223],[22.247,46.6199],[22.2514,46.6249],[22.2507,46.6223]]],[[[22.2214,46.6218],[22.2323,46.63],[22.2303,46.6235],[22.2214,46.6218]]],[[[22.2194,46.6328],[22.2315,46.6349],[22.2243,46.6275],[22.2194,46.6328]]],[[[22.1902,46.6282],[22.1809,46.6349],[22.1857,46.6381],[22.1902,46.6282]]],[[[22.2055,46.629],[22.1903,46.621],[22.1987,46.6287],[22.1962,46.6278],[22.1901,46.6358],[22.1959,46.6421],[22.2146,46.6429],[22.2055,46.629]]],[[[22.2934,46.635],[22.2733,46.6403],[22.2879,46.6524],[22.2934,46.635]]],[[[22.2365,46.6492],[22.2456,46.6562],[22.2448,46.6517],[22.2365,46.6492]]],[[[22.278,47.3769],[22.266,47.3748],[22.2725,47.382],[22.278,47.3769]]],[[[22.3652,48.0898],[22.3816,48.0849],[22.3749,48.0814],[22.3652,48.0898]]],[[[22.449,48.1509],[22.3861,48.1555],[22.3795,48.1639],[22.455,48.1648],[22.449,48.1509]]],[[[22.4502,48.1887],[22.4152,48.173],[22.4207,48.1937],[22.4502,48.1887]]],[[[22.3255,48.2403],[22.3149,48.2558],[22.333,48.2625],[22.3717,48.2465],[22.3255,48.2403]]],[[[22.4318,49.2374],[22.4391,49.2329],[22.4386,49.2192],[22.4318,49.2374]]],[[[22.3816,49.2382],[22.3752,49.2409],[22.3944,49.2528],[22.3816,49.2382]]],[[[22.3653,49.255],[22.3575,49.2639],[22.3673,49.2655],[22.3653,49.255]]],[[[22.2489,49.2859],[22.2662,49.293],[22.2617,49.2882],[22.2489,49.2859]]],[[[22.2122,49.2994],[22.2249,49.3004],[22.2204,49.2899],[22.2122,49.2994]]],[[[22.4996,42.7203],[22.4828,42.7179],[22.492,42.7342],[22.4996,42.7203]]],[[[22.4474,42.7567],[22.4412,42.7658],[22.4479,42.7634],[22.4474,42.7567]]],[[[22.552,42.7716],[22.5566,42.7786],[22.5642,42.7791],[22.552,42.7716]]],[[[22.439,42.8173],[22.437,42.8261],[22.4541,42.8289],[22.439,42.8173]]],[[[22.5779,42.8642],[22.597,42.8538],[22.5642,42.8567],[22.546,42.8773],[22.5779,42.8642]]],[[[22.5375,42.8816],[22.5322,42.8882],[22.5405,42.8928],[22.5375,42.8816]]],[[[22.5049,42.8903],[22.5012,42.8966],[22.5156,42.8984],[22.5049,42.8903]]],[[[22.4712,42.9242],[22.4739,42.9246],[22.4622,42.9211],[22.4712,42.9242]]],[[[22.5212,42.9221],[22.5175,42.9262],[22.5383,42.9226],[22.5212,42.9221]]],[[[22.5846,42.9925],[22.6322,42.9794],[22.6473,42.9427],[22.5846,42.9925]]],[[[22.5214,43.0182],[22.5098,43.0251],[22.5145,43.0266],[22.515,43.0296],[22.5176,43.0301],[22.5214,43.0182]]],[[[22.5448,43.0292],[22.5372,43.0279],[22.5488,43.0373],[22.5543,43.028],[22.5448,43.0292]]],[[[22.6024,43.0291],[22.5978,43.0346],[22.6023,43.041],[22.6024,43.0291]]],[[[22.5632,43.0423],[22.5667,43.0408],[22.5567,43.0293],[22.5632,43.0423]]],[[[22.4807,43.0661],[22.4874,43.061],[22.4849,43.0562],[22.4807,43.0661]]],[[[22.5964,43.074],[22.6056,43.0839],[22.6081,43.0813],[22.5964,43.074]]],[[[22.5954,43.0877],[22.5954,43.0905],[22.6054,43.0849],[22.5954,43.0877]]],[[[22.5791,43.0936],[22.5788,43.0964],[22.5912,43.0883],[22.5791,43.0936]]],[[[22.5852,43.0994],[22.5792,43.1039],[22.5958,43.0987],[22.5852,43.0994]]],[[[22.473,43.1021],[22.4635,43.1042],[22.4634,43.1057],[22.473,43.1021]]],[[[22.5526,43.1037],[22.5526,43.0988],[22.5341,43.1054],[22.5526,43.1037]]],[[[22.4682,43.1105],[22.4642,43.115],[22.4683,43.119],[22.4682,43.1105]]],[[[22.5013,43.1138],[22.4949,43.1205],[22.5145,43.1196],[22.5013,43.1138]]],[[[22.5178,43.1171],[22.5169,43.1204],[22.5202,43.1234],[22.5178,43.1171]]],[[[22.4834,43.1251],[22.4855,43.127],[22.4928,43.1162],[22.4834,43.1251]]],[[[22.4364,43.1327],[22.4522,43.1434],[22.4496,43.1385],[22.4364,43.1327]]],[[[22.4995,43.1318],[22.4945,43.1255],[22.4795,43.132],[22.4911,43.1527],[22.4995,43.1318]]],[[[22.5442,43.1738],[22.5313,43.1762],[22.5504,43.1735],[22.5538,43.1673],[22.5442,43.1738]]],[[[22.4813,43.1726],[22.4818,43.1824],[22.4935,43.1785],[22.4813,43.1726]]],[[[22.4603,43.18],[22.461,43.1726],[22.4532,43.1755],[22.4603,43.18]]],[[[22.4711,43.1729],[22.4671,43.1781],[22.4752,43.1836],[22.4711,43.1729]]],[[[22.479,43.2022],[22.4747,43.2077],[22.4868,43.2143],[22.5024,43.201],[22.479,43.2022]]],[[[22.5968,43.2127],[22.5954,43.2069],[22.5885,43.2107],[22.5968,43.2127]]],[[[22.4364,43.2208],[22.4456,43.218],[22.4377,43.2139],[22.4364,43.2208]]],[[[22.5013,43.2194],[22.4978,43.2229],[22.5181,43.2165],[22.5013,43.2194]]],[[[22.5773,43.2262],[22.5637,43.2304],[22.5885,43.2314],[22.5773,43.2262]]],[[[22.5838,43.24],[22.5709,43.2483],[22.5987,43.2449],[22.5577,43.2583],[22.6034,43.2478],[22.6168,43.2344],[22.5838,43.24]]],[[[22.5213,43.2584],[22.5154,43.2608],[22.5213,43.2598],[22.5259,43.2561],[22.5213,43.2584]]],[[[22.4585,43.2652],[22.4561,43.271],[22.463,43.2644],[22.4559,43.2577],[22.4585,43.2652]]],[[[22.595,43.2643],[22.5883,43.2728],[22.6104,43.267],[22.595,43.2643]]],[[[22.5915,43.2781],[22.5797,43.2792],[22.5997,43.2785],[22.6032,43.2727],[22.5915,43.2781]]],[[[22.4754,43.3089],[22.4932,43.2888],[22.4774,43.2814],[22.4879,43.2928],[22.4558,43.2989],[22.4754,43.3089]]],[[[22.5923,43.3031],[22.5956,43.2979],[22.5883,43.2977],[22.5923,43.3031]]],[[[22.5187,43.3074],[22.523,43.3135],[22.5266,43.3033],[22.5187,43.3074]]],[[[22.598,43.3059],[22.6006,43.3145],[22.6042,43.3158],[22.598,43.3059]]],[[[22.5047,43.3268],[22.5125,43.3228],[22.5118,43.3207],[22.5047,43.3268]]],[[[22.5701,43.3569],[22.5649,43.3613],[22.5828,43.3615],[22.5701,43.3569]]],[[[22.4675,43.3578],[22.4589,43.369],[22.4632,43.3693],[22.4675,43.3578]]],[[[22.5827,43.3924],[22.583,43.3951],[22.5933,43.3862],[22.5827,43.3924]]],[[[22.6326,43.4296],[22.6345,43.4212],[22.5864,43.435],[22.6326,43.4296]]],[[[22.5322,43.4506],[22.5416,43.4586],[22.5556,43.4577],[22.5322,43.4506]]],[[[22.4675,43.4561],[22.455,43.4537],[22.4653,43.4583],[22.4726,43.4565],[22.4675,43.4561]]],[[[22.6102,43.4571],[22.6072,43.462],[22.6169,43.457],[22.6102,43.4571]]],[[[22.5436,43.4666],[22.5144,43.4638],[22.5157,43.4704],[22.5436,43.4666]]],[[[22.5119,43.4766],[22.5061,43.4794],[22.5253,43.4853],[22.5119,43.4766]]],[[[22.5244,43.4912],[22.5074,43.4957],[22.5134,43.5085],[22.5244,43.4912]]],[[[22.5987,43.5306],[22.5904,43.5263],[22.5793,43.5335],[22.5987,43.5306]]],[[[22.442,43.5515],[22.4517,43.5532],[22.4487,43.5471],[22.442,43.5515]]],[[[22.4577,43.5568],[22.4373,43.5677],[22.469,43.5704],[22.4577,43.5568]]],[[[22.6052,43.5742],[22.5992,43.5714],[22.6026,43.5658],[22.5966,43.5599],[22.5967,43.5767],[22.6052,43.5742]]],[[[22.4982,43.5825],[22.4939,43.5837],[22.5082,43.5835],[22.4982,43.5825]]],[[[22.4371,43.582],[22.4372,43.5897],[22.4297,43.5852],[22.4377,43.5911],[22.4371,43.582]]],[[[22.5764,43.593],[22.5796,43.5875],[22.5754,43.5858],[22.5764,43.593]]],[[[22.5582,43.6045],[22.5316,43.6171],[22.5545,43.6186],[22.5661,43.5943],[22.5582,43.6045]]],[[[22.5224,43.6248],[22.5269,43.6152],[22.5245,43.6153],[22.5224,43.6248]]],[[[22.5124,43.6273],[22.5092,43.6218],[22.5023,43.6251],[22.5124,43.6273]]],[[[22.4988,43.6263],[22.4886,43.6367],[22.4898,43.6402],[22.4988,43.6263]]],[[[22.4637,43.6397],[22.4626,43.6433],[22.4803,43.6412],[22.4637,43.6397]]],[[[22.5724,43.7317],[22.5893,43.7262],[22.5793,43.728],[22.5724,43.7317]]],[[[22.5581,43.833],[22.5318,43.8333],[22.5881,43.8526],[22.5581,43.833]]],[[[22.5058,43.9718],[22.4874,43.9678],[22.4509,43.9627],[22.5058,43.9718]]],[[[22.5096,44.1408],[22.5169,44.1452],[22.5296,44.1451],[22.5096,44.1408]]],[[[22.469,44.2652],[22.4685,44.2681],[22.4792,44.2668],[22.469,44.2652]]],[[[22.481,44.5592],[22.4893,44.5554],[22.4834,44.5476],[22.481,44.5592]]],[[[22.4754,44.6333],[22.464,44.629],[22.4615,44.6358],[22.4754,44.6333]]],[[[22.4702,44.6419],[22.4648,44.6504],[22.479,44.6449],[22.4702,44.6419]]],[[[22.4656,44.8261],[22.4605,44.821],[22.4522,44.8335],[22.4656,44.8261]]],[[[22.4802,44.8772],[22.4829,44.8769],[22.4837,44.8726],[22.4696,44.8637],[22.4802,44.8772]]],[[[22.4478,44.8659],[22.4369,44.8759],[22.4397,44.8784],[22.4478,44.8659]]],[[[22.508,44.9647],[22.5225,44.9611],[22.5128,44.9617],[22.508,44.9647]]],[[[22.4366,44.957],[22.4436,44.9674],[22.4452,44.9643],[22.4366,44.957]]],[[[22.625,44.9763],[22.5534,44.951],[22.6031,44.9755],[22.5598,44.9745],[22.5594,44.9904],[22.625,44.9763]],[[22.5715,44.9787],[22.573,44.9807],[22.5618,44.983],[22.5715,44.9787]]],[[[22.4938,44.9858],[22.4858,44.9856],[22.4833,44.9907],[22.4938,44.9858]]],[[[22.589,44.9986],[22.599,44.9917],[22.5931,44.9921],[22.589,44.9986]]],[[[22.5778,44.9882],[22.5605,44.9922],[22.5704,44.9949],[22.5744,45.0025],[22.5795,45.0035],[22.5778,44.9882]]],[[[22.5013,44.9876],[22.5077,45.0053],[22.5066,44.9988],[22.5013,44.9876]]],[[[22.4738,44.9986],[22.489,45.0003],[22.4847,44.997],[22.4738,44.9986]]],[[[22.6045,45.0042],[22.5832,45.0143],[22.5527,44.9857],[22.5324,44.9811],[22.5869,45.0254],[22.6045,45.0042]]],[[[22.4877,45.0034],[22.4773,45.007],[22.4958,45.0077],[22.4877,45.0034]]],[[[22.5168,45.0093],[22.526,45.0102],[22.5197,45.0011],[22.5168,45.0093]]],[[[22.5389,45.0189],[22.5444,45.0223],[22.5501,45.0186],[22.5299,45.0075],[22.5389,45.0189]]],[[[22.4482,45.0235],[22.4414,45.0325],[22.4486,45.0303],[22.4482,45.0235]]],[[[22.6153,45.0288],[22.6097,45.0251],[22.6088,45.031],[22.6153,45.0288]]],[[[22.5575,45.0344],[22.553,45.0295],[22.542,45.028],[22.5399,45.0368],[22.5575,45.0344]]],[[[22.609,45.0377],[22.6062,45.0363],[22.6067,45.0416],[22.609,45.0377]]],[[[22.5941,45.0416],[22.602,45.0478],[22.6038,45.0451],[22.5941,45.0416]]],[[[22.4779,45.0882],[22.4749,45.0906],[22.4765,45.0944],[22.4779,45.0882]]],[[[22.5909,45.0939],[22.5849,45.0997],[22.6005,45.1009],[22.5909,45.0939]]],[[[22.4445,45.1294],[22.4682,45.1354],[22.4635,45.1189],[22.4445,45.1294]]],[[[22.5557,45.2063],[22.5691,45.2118],[22.5804,45.2106],[22.5557,45.2063]]],[[[22.4343,45.2167],[22.4287,45.2198],[22.4424,45.2261],[22.4343,45.2167]]],[[[22.4614,45.2688],[22.4581,45.2763],[22.466,45.2793],[22.4614,45.2688]]],[[[22.4402,45.29],[22.4474,45.2885],[22.4428,45.2865],[22.4402,45.29]]],[[[22.5967,45.3239],[22.5995,45.3412],[22.6131,45.3472],[22.6209,45.3192],[22.6647,45.3494],[22.6486,45.3577],[22.6678,45.3927],[22.6821,45.3865],[22.6687,45.383],[22.6712,45.3803],[22.6627,45.3789],[22.662,45.3748],[22.6672,45.3736],[22.6639,45.3779],[22.6733,45.3786],[22.6745,45.3823],[22.6836,45.3756],[22.6608,45.3662],[22.6902,45.3715],[22.6688,45.3613],[22.6814,45.3338],[22.6197,45.3122],[22.6462,45.3057],[22.6346,45.2908],[22.5957,45.2976],[22.6252,45.2835],[22.5543,45.275],[22.5768,45.2572],[22.5016,45.2458],[22.5244,45.2778],[22.4638,45.2848],[22.5174,45.3242],[22.5471,45.3171],[22.5335,45.3331],[22.5868,45.3056],[22.5465,45.3471],[22.5575,45.3762],[22.5967,45.3239]],[[22.6204,45.3055],[22.6173,45.3092],[22.6171,45.301],[22.6204,45.3055]],[[22.5361,45.3081],[22.534,45.3013],[22.5554,45.3097],[22.5361,45.3081]],[[22.5802,45.2902],[22.5985,45.3058],[22.5936,45.3076],[22.5802,45.2902]]],[[[22.4699,45.3152],[22.4703,45.3143],[22.4643,45.3113],[22.4699,45.3152]]],[[[22.4677,45.3327],[22.4724,45.3451],[22.4848,45.3377],[22.4864,45.3245],[22.4677,45.3327]]],[[[22.5036,45.3653],[22.476,45.3483],[22.4407,45.3522],[22.4659,45.3566],[22.4713,45.3973],[22.5036,45.3653]]],[[[22.5445,45.4243],[22.5543,45.4272],[22.5522,45.4178],[22.5445,45.4243]]],[[[22.559,45.4249],[22.5535,45.4298],[22.569,45.4333],[22.559,45.4249]]],[[[22.5515,45.4324],[22.5505,45.4414],[22.5546,45.44],[22.5515,45.4324]]],[[[22.5361,45.4503],[22.494,45.425],[22.4681,45.4447],[22.5163,45.4559],[22.4878,45.4719],[22.5361,45.4503]]],[[[22.5934,45.4768],[22.5978,45.4681],[22.5741,45.481],[22.5934,45.4768]]],[[[22.4479,45.5114],[22.4424,45.5053],[22.4335,45.5062],[22.4285,45.5126],[22.4288,45.5197],[22.4479,45.5114]]],[[[22.5814,45.5435],[22.5862,45.5589],[22.5597,45.5504],[22.5925,45.5621],[22.5814,45.5435]]],[[[22.5378,45.5765],[22.5352,45.578],[22.5478,45.5833],[22.5415,45.5714],[22.5378,45.5765]]],[[[22.5528,45.5765],[22.5548,45.5793],[22.5769,45.5778],[22.5528,45.5765]]],[[[22.6007,45.5982],[22.6081,45.6014],[22.6158,45.5896],[22.6007,45.5982]]],[[[22.5381,45.6264],[22.5414,45.6178],[22.5818,45.6156],[22.5535,45.6045],[22.5703,45.6007],[22.5613,45.5882],[22.5091,45.6022],[22.5356,45.6102],[22.5253,45.6193],[22.5435,45.6133],[22.5463,45.6158],[22.5184,45.6252],[22.5465,45.6311],[22.5574,45.6213],[22.5693,45.6187],[22.5552,45.621],[22.5381,45.6264]]],[[[22.5614,45.6216],[22.5549,45.6307],[22.5809,45.6234],[22.5614,45.6216]]],[[[22.4924,45.6351],[22.4852,45.6457],[22.5,45.647],[22.4924,45.6351]]],[[[22.5846,45.7047],[22.603,45.702],[22.5906,45.6854],[22.5846,45.7047]]],[[[22.472,45.7085],[22.4648,45.7233],[22.4718,45.7217],[22.472,45.7085]]],[[[22.5789,45.7596],[22.5704,45.7584],[22.5776,45.7669],[22.5865,45.7709],[22.5789,45.7596]]],[[[22.5295,45.7808],[22.5258,45.7871],[22.5328,45.7931],[22.5295,45.7808]]],[[[22.5306,45.7961],[22.5302,45.7914],[22.5241,45.7899],[22.5222,45.7965],[22.5184,45.7887],[22.5033,45.7915],[22.5238,45.8007],[22.5306,45.7961]]],[[[22.5063,45.8042],[22.5024,45.803],[22.5084,45.8061],[22.5063,45.8042]]],[[[22.5231,45.9905],[22.5049,45.9964],[22.5094,46.0028],[22.5231,45.9905]]],[[[22.4958,45.9935],[22.4963,46.0011],[22.5007,45.9997],[22.4958,45.9935]]],[[[22.5334,46.01],[22.5386,46.0005],[22.5263,45.993],[22.5334,46.01]]],[[[22.6048,46.0062],[22.5999,46.005],[22.6084,46.0099],[22.6048,46.0062]]],[[[22.5712,46.0004],[22.5601,46.0037],[22.5774,46.0063],[22.5712,46.0004]]],[[[22.5473,46.0038],[22.5445,46.0019],[22.5426,46.0074],[22.5564,46.0105],[22.5473,46.0038]]],[[[22.5823,45.9979],[22.5822,46.0143],[22.5752,46.0121],[22.5708,46.0132],[22.5752,46.0181],[22.5885,46.0125],[22.5823,45.9979]]],[[[22.599,46.0186],[22.6054,46.0108],[22.6006,46.0075],[22.599,46.0186]]],[[[22.5545,46.0213],[22.5513,46.0131],[22.5426,46.0101],[22.5545,46.0213]]],[[[22.5557,46.0135],[22.5552,46.0199],[22.5613,46.0208],[22.5557,46.0135]]],[[[22.5708,46.0149],[22.5654,46.0133],[22.5647,46.0224],[22.5745,46.0244],[22.5708,46.0149]]],[[[22.5069,46.0162],[22.497,46.0172],[22.5018,46.0253],[22.5069,46.0162]]],[[[22.6018,46.0208],[22.6012,46.0232],[22.612,46.0182],[22.6018,46.0208]]],[[[22.5158,46.0153],[22.5084,46.0159],[22.5154,46.0328],[22.5158,46.0153]]],[[[22.524,46.0301],[22.5256,46.0376],[22.536,46.0253],[22.524,46.0301]]],[[[22.5058,46.0403],[22.5136,46.0326],[22.5095,46.0305],[22.5014,46.0399],[22.5058,46.0403]]],[[[22.5369,46.0327],[22.5508,46.0451],[22.5453,46.0472],[22.5524,46.0507],[22.555,46.045],[22.5429,46.0364],[22.546,46.0285],[22.5369,46.0327]]],[[[22.5512,46.0346],[22.5609,46.0373],[22.5574,46.0409],[22.5654,46.0478],[22.5652,46.0379],[22.5512,46.0346]]],[[[22.4942,46.0448],[22.5044,46.0454],[22.5001,46.0392],[22.4942,46.0448]]],[[[22.5844,46.041],[22.5676,46.0392],[22.5723,46.048],[22.5844,46.041]]],[[[22.5372,46.0424],[22.5409,46.05],[22.5458,46.0432],[22.5303,46.0381],[22.5147,46.0397],[22.5372,46.0424]]],[[[22.5174,46.0495],[22.51,46.0452],[22.517,46.051],[22.5174,46.0495]]],[[[22.6059,46.0584],[22.6092,46.0575],[22.6051,46.0467],[22.6059,46.0584]]],[[[22.581,46.0476],[22.5661,46.0563],[22.5738,46.0593],[22.581,46.0476]]],[[[22.563,46.0586],[22.5685,46.0529],[22.5562,46.0459],[22.563,46.0586]]],[[[22.5675,46.0601],[22.5572,46.0593],[22.5488,46.0629],[22.5675,46.0601]]],[[[22.576,46.0641],[22.5809,46.0724],[22.5916,46.0766],[22.576,46.0641]]],[[[22.6023,46.0684],[22.5951,46.0669],[22.6043,46.0703],[22.6023,46.0684]]],[[[22.5622,46.0696],[22.5793,46.0747],[22.573,46.0707],[22.5622,46.0696]]],[[[22.5036,46.0713],[22.5017,46.0767],[22.51,46.077],[22.5036,46.0713]]],[[[22.5208,46.0856],[22.5352,46.0756],[22.5349,46.0725],[22.5402,46.0691],[22.5405,46.0655],[22.5208,46.0856]]],[[[22.4936,46.0721],[22.4872,46.0753],[22.4984,46.0804],[22.4936,46.0721]]],[[[22.5532,46.0727],[22.5562,46.079],[22.5699,46.0837],[22.5741,46.0815],[22.5532,46.0727]]],[[[22.5956,46.0794],[22.5849,46.0776],[22.5803,46.0839],[22.5956,46.0794]]],[[[22.4776,46.0815],[22.4611,46.0902],[22.4803,46.0991],[22.4776,46.0815]]],[[[22.5245,46.0858],[22.5197,46.0931],[22.5236,46.0944],[22.5245,46.0858]]],[[[22.5886,46.093],[22.5867,46.0867],[22.5593,46.0849],[22.5886,46.093]]],[[[22.443,46.0963],[22.4498,46.0969],[22.44,46.0859],[22.443,46.0963]]],[[[22.5563,46.0929],[22.545,46.0845],[22.5249,46.095],[22.5563,46.0929]]],[[[22.5113,46.0907],[22.4963,46.0935],[22.5007,46.1061],[22.5113,46.0907]]],[[[22.5706,46.0997],[22.5467,46.1105],[22.5569,46.1114],[22.5706,46.0997]]],[[[22.4725,46.0987],[22.445,46.0998],[22.4663,46.1183],[22.4532,46.1257],[22.4665,46.1239],[22.4725,46.0987]]],[[[22.4479,46.1065],[22.4435,46.1066],[22.4384,46.1126],[22.4479,46.1065]]],[[[22.5281,46.1058],[22.5234,46.1054],[22.5099,46.114],[22.5281,46.1058]]],[[[22.5324,46.1107],[22.5299,46.1175],[22.5443,46.1186],[22.5324,46.1107]]],[[[22.6181,46.1166],[22.6098,46.1012],[22.5923,46.1259],[22.6181,46.1166]]],[[[22.5409,46.1233],[22.5561,46.137],[22.5522,46.1248],[22.5654,46.1279],[22.5607,46.112],[22.5409,46.1233]]],[[[22.5866,46.1281],[22.5841,46.1191],[22.56,46.1315],[22.5866,46.1281]]],[[[22.5453,46.1393],[22.5325,46.1545],[22.5416,46.1541],[22.5453,46.1393]]],[[[22.4534,46.1717],[22.4675,46.1563],[22.4486,46.1462],[22.4577,46.1552],[22.4372,46.1735],[22.453,46.181],[22.4705,46.1611],[22.4534,46.1717]]],[[[22.4804,46.1672],[22.4852,46.1741],[22.4927,46.1687],[22.4804,46.1672]]],[[[22.4762,46.168],[22.4668,46.175],[22.4729,46.1823],[22.4762,46.168]]],[[[22.4774,46.1911],[22.4885,46.1872],[22.4797,46.1831],[22.4774,46.1911]]],[[[22.5209,46.1865],[22.5193,46.1841],[22.5117,46.1888],[22.5209,46.1865]]],[[[22.5524,46.1966],[22.5486,46.2009],[22.5795,46.192],[22.5524,46.1966]]],[[[22.5156,46.1997],[22.5115,46.2059],[22.518,46.2136],[22.5156,46.1997]]],[[[22.5033,46.2297],[22.5117,46.2168],[22.5093,46.2119],[22.499,46.2307],[22.5033,46.2297]]],[[[22.58,46.2405],[22.5913,46.2468],[22.5881,46.239],[22.58,46.2405]]],[[[22.5147,46.2632],[22.5079,46.2594],[22.5032,46.2633],[22.5162,46.2647],[22.5287,46.2616],[22.5147,46.2632]]],[[[22.4511,46.3455],[22.4676,46.3425],[22.4581,46.3374],[22.4511,46.3455]]],[[[22.4984,46.4002],[22.4979,46.3937],[22.4911,46.3951],[22.4915,46.4007],[22.4819,46.4062],[22.4984,46.4002]]],[[[22.4908,46.3996],[22.4635,46.3997],[22.4672,46.4111],[22.4908,46.3996]]],[[[22.5476,46.4241],[22.5477,46.4196],[22.512,46.4309],[22.5305,46.4199],[22.509,46.4065],[22.4877,46.4417],[22.5476,46.4241]]],[[[22.471,46.4488],[22.4781,46.4498],[22.4716,46.4473],[22.459,46.4561],[22.4619,46.4476],[22.4422,46.4499],[22.4553,46.4615],[22.471,46.4488]]],[[[22.49,46.4537],[22.4745,46.459],[22.4855,46.4618],[22.49,46.4537]]],[[[22.5878,46.4586],[22.5918,46.4627],[22.603,46.4583],[22.5878,46.4586]]],[[[22.6042,46.4573],[22.603,46.4583],[22.5908,46.4692],[22.6119,46.4724],[22.6042,46.4573]]],[[[22.4391,46.4832],[22.4306,46.4885],[22.4328,46.4919],[22.4391,46.4832]]],[[[22.6109,46.4884],[22.594,46.4898],[22.6107,46.4992],[22.6109,46.4884]]],[[[22.5728,46.4908],[22.5675,46.4942],[22.5759,46.4958],[22.5728,46.4908]]],[[[22.5697,46.4869],[22.5798,46.4921],[22.5775,46.4964],[22.5691,46.498],[22.5789,46.4989],[22.5822,46.4904],[22.5697,46.4869]]],[[[22.5855,46.4925],[22.5823,46.4969],[22.5906,46.4977],[22.5855,46.4925]]],[[[22.4909,46.4975],[22.5136,46.4983],[22.4984,46.4963],[22.4909,46.4975]]],[[[22.4442,46.5004],[22.4415,46.5064],[22.4486,46.5055],[22.4442,46.5004]]],[[[22.594,46.5005],[22.5767,46.501],[22.583,46.5081],[22.594,46.5005]]],[[[22.568,46.5111],[22.5773,46.5111],[22.5707,46.505],[22.5638,46.5083],[22.568,46.5111]]],[[[22.6043,46.5199],[22.5797,46.5107],[22.5831,46.5209],[22.6043,46.5199]]],[[[22.5191,46.5051],[22.5266,46.5075],[22.5304,46.5028],[22.5195,46.4981],[22.4608,46.5288],[22.5191,46.5051]]],[[[22.5615,46.515],[22.5576,46.5138],[22.5527,46.5158],[22.5615,46.515]]],[[[22.613,46.5316],[22.5747,46.5375],[22.5891,46.5438],[22.5912,46.5399],[22.613,46.5316]]],[[[22.5347,46.5399],[22.5339,46.5447],[22.5403,46.5462],[22.5347,46.5399]]],[[[22.5592,46.5458],[22.5641,46.5374],[22.5547,46.5464],[22.5592,46.5458]]],[[[22.6085,46.5574],[22.6097,46.5377],[22.5947,46.5398],[22.6085,46.5574]]],[[[22.5066,46.5513],[22.5111,46.547],[22.5001,46.5436],[22.5066,46.5513]]],[[[22.5746,46.6203],[22.555,46.6241],[22.5719,46.6363],[22.5746,46.6203]]],[[[22.5291,46.6367],[22.5513,46.6322],[22.5333,46.6273],[22.5291,46.6367]]],[[[22.5596,46.6343],[22.5459,46.6377],[22.5513,46.6439],[22.5596,46.6343]]],[[[22.5342,46.6457],[22.5481,46.6432],[22.5389,46.6374],[22.5342,46.6457]]],[[[22.5185,46.648],[22.5299,46.6452],[22.5222,46.6409],[22.5185,46.648]]],[[[22.5766,46.6419],[22.5694,46.6483],[22.5748,46.6501],[22.5766,46.6419]]],[[[22.541,46.6446],[22.539,46.6482],[22.5458,46.6505],[22.541,46.6446]]],[[[22.5605,46.6584],[22.5642,46.6551],[22.528,46.6602],[22.5605,46.6584]]],[[[22.5768,46.6964],[22.5921,46.6959],[22.5755,46.6907],[22.5732,46.7116],[22.5768,46.6964]]],[[[22.5622,46.6966],[22.5539,46.6971],[22.554,46.7124],[22.5622,46.6966]]],[[[22.6076,46.7307],[22.5953,46.7282],[22.6132,46.7564],[22.6076,46.7307]]],[[[22.6037,46.8069],[22.6061,46.8072],[22.6093,46.7968],[22.6037,46.8069]]],[[[22.4657,48.0221],[22.4551,48.0198],[22.4379,48.0246],[22.4404,48.0377],[22.4657,48.0221]]],[[[22.4857,48.0457],[22.4803,48.0393],[22.464,48.0408],[22.5122,48.0565],[22.5616,48.0335],[22.4857,48.0457]]],[[[22.4623,48.129],[22.4961,48.099],[22.4554,48.0925],[22.4574,48.1159],[22.4084,48.1288],[22.4031,48.1494],[22.4623,48.129]]],[[[22.5056,48.1255],[22.5,48.135],[22.5279,48.1382],[22.5262,48.1255],[22.5056,48.1255]],[[22.5162,48.1301],[22.5241,48.133],[22.5198,48.1357],[22.5162,48.1301]]],[[[22.4918,48.1219],[22.4843,48.1489],[22.4778,48.1347],[22.4588,48.1491],[22.4769,48.1611],[22.4944,48.1481],[22.4918,48.1219]]],[[[22.4475,48.1743],[22.4493,48.1809],[22.4547,48.1788],[22.4475,48.1743]]],[[[22.5742,49.1069],[22.5667,49.1148],[22.5787,49.1085],[22.5742,49.1069]]],[[[22.5796,49.1184],[22.5827,49.1276],[22.5911,49.1232],[22.5796,49.1184]]],[[[22.6051,49.1224],[22.6079,49.1202],[22.5885,49.1282],[22.6051,49.1224]]],[[[22.6007,49.1333],[22.6084,49.1296],[22.5988,49.1269],[22.6007,49.1333]]],[[[22.5199,49.1298],[22.5325,49.1274],[22.5051,49.1295],[22.499,49.1331],[22.5199,49.1298]]],[[[22.5732,49.1216],[22.5429,49.1339],[22.558,49.1441],[22.5732,49.1216]]],[[[22.6383,49.1233],[22.5855,49.1448],[22.6194,49.1375],[22.6383,49.1233]]],[[[22.5166,49.1381],[22.4961,49.1457],[22.5273,49.1558],[22.5166,49.1381]]],[[[22.556,49.1444],[22.5497,49.1472],[22.5648,49.1477],[22.556,49.1444]]],[[[22.5578,49.1544],[22.5102,49.166],[22.5181,49.1746],[22.5578,49.1544]]],[[[22.4938,49.1768],[22.4691,49.1875],[22.4786,49.1921],[22.4938,49.1768]]],[[[22.5553,49.2892],[22.5619,49.286],[22.5537,49.2774],[22.5553,49.2892]]],[[[22.6529,42.7012],[22.6602,42.6975],[22.6554,42.6925],[22.6529,42.7012]]],[[[22.8019,42.7004],[22.7859,42.6924],[22.8019,42.6738],[22.7612,42.6821],[22.7666,42.7075],[22.7877,42.6982],[22.7626,42.7224],[22.8019,42.7004]]],[[[22.7178,42.7117],[22.7268,42.7082],[22.7214,42.7058],[22.7178,42.7117]]],[[[22.718,42.7239],[22.7176,42.7173],[22.7127,42.7196],[22.718,42.7239]]],[[[22.6938,42.7214],[22.6881,42.728],[22.7006,42.74],[22.6938,42.7214]]],[[[22.7165,42.7459],[22.7365,42.7466],[22.7187,42.7298],[22.7165,42.7459]]],[[[22.7644,42.7489],[22.7519,42.7549],[22.7533,42.7638],[22.7644,42.7489]]],[[[22.7382,42.7547],[22.7353,42.7677],[22.7419,42.765],[22.7382,42.7547]]],[[[22.7028,42.7679],[22.7218,42.7685],[22.7208,42.7669],[22.7028,42.7679]]],[[[22.7277,42.7718],[22.7185,42.7836],[22.7583,42.7678],[22.7277,42.7718]]],[[[22.7369,42.7928],[22.7305,42.7993],[22.738,42.7956],[22.7369,42.7928]]],[[[22.7764,42.7925],[22.765,42.7996],[22.7749,42.8043],[22.7764,42.7925]]],[[[22.7093,42.8051],[22.6989,42.807],[22.6895,42.8206],[22.7093,42.8051]]],[[[22.7469,42.8256],[22.7538,42.8292],[22.7575,42.8217],[22.7469,42.8256]]],[[[22.7258,42.8281],[22.7237,42.8307],[22.7339,42.827],[22.7258,42.8281]]],[[[22.604,42.8294],[22.6145,42.8526],[22.6348,42.8417],[22.604,42.8294]]],[[[22.7487,42.8392],[22.7581,42.8446],[22.7458,42.8334],[22.7487,42.8392]]],[[[22.682,42.8724],[22.6852,42.874],[22.6855,42.8731],[22.682,42.8724]]],[[[22.6857,42.8743],[22.6891,42.8759],[22.69,42.875],[22.6857,42.8743]]],[[[22.7035,42.9077],[22.6989,42.8993],[22.6897,42.8946],[22.7138,42.886],[22.7054,42.8792],[22.677,42.9022],[22.7035,42.9077]]],[[[22.6575,42.9334],[22.6595,42.94],[22.6618,42.9372],[22.6575,42.9334]]],[[[22.7151,42.9649],[22.7025,42.9729],[22.7265,42.9733],[22.7151,42.9649]]],[[[22.7583,42.9665],[22.7553,42.9769],[22.7643,42.9732],[22.7583,42.9665]]],[[[22.7676,42.9889],[22.779,42.9797],[22.7731,42.984],[22.7676,42.9889]]],[[[22.7299,42.9854],[22.7299,42.9834],[22.718,42.985],[22.7299,42.9854]]],[[[22.7666,43.0006],[22.7595,43.0091],[22.7754,43.0073],[22.7666,43.0006]]],[[[22.6178,43.0024],[22.6118,43.0114],[22.6203,43.0051],[22.6178,43.0024]]],[[[22.6091,43.0182],[22.6197,43.0214],[22.6278,43.0128],[22.6091,43.0182]]],[[[22.7706,43.0367],[22.7784,43.0347],[22.7767,43.0307],[22.7706,43.0367]]],[[[22.7801,43.049],[22.7837,43.0442],[22.7769,43.0428],[22.7801,43.049]]],[[[22.7459,43.054],[22.7527,43.0563],[22.7575,43.0512],[22.7459,43.054]]],[[[22.7706,43.0913],[22.7717,43.0882],[22.7636,43.0873],[22.7706,43.0913]]],[[[22.7879,43.0891],[22.7774,43.0902],[22.7794,43.0933],[22.7879,43.0891]]],[[[22.6839,43.0838],[22.6766,43.1004],[22.6919,43.0998],[22.6927,43.0917],[22.6839,43.0838]],[[22.6817,43.0899],[22.6886,43.0932],[22.6841,43.0976],[22.6817,43.0899]]],[[[22.6672,43.1266],[22.6646,43.1361],[22.6986,43.1248],[22.694,43.1092],[22.6672,43.1266]]],[[[22.7069,43.1257],[22.7012,43.1362],[22.7106,43.1355],[22.7069,43.1257]]],[[[22.7775,43.1652],[22.7845,43.1641],[22.7762,43.163],[22.7536,43.1761],[22.7775,43.1652]]],[[[22.7005,43.1704],[22.7141,43.1735],[22.712,43.1706],[22.7005,43.1704]]],[[[22.6753,43.1814],[22.6787,43.1758],[22.6609,43.1775],[22.6753,43.1814]]],[[[22.7776,43.1738],[22.7582,43.1903],[22.7752,43.1897],[22.7776,43.1738]]],[[[22.6318,43.1839],[22.6193,43.1967],[22.6286,43.2024],[22.6466,43.1897],[22.6318,43.1839]]],[[[22.7133,43.1899],[22.7015,43.2005],[22.7057,43.2021],[22.7133,43.1899]]],[[[22.7398,43.1963],[22.7459,43.1912],[22.7035,43.2056],[22.7398,43.1963]]],[[[22.7057,43.2084],[22.684,43.2091],[22.6688,43.2205],[22.7057,43.2084]]],[[[22.6772,43.2108],[22.6594,43.2168],[22.6673,43.218],[22.6772,43.2108]]],[[[22.7204,43.2247],[22.7496,43.229],[22.7516,43.2266],[22.7204,43.2247]]],[[[22.7756,43.2352],[22.7675,43.2368],[22.7697,43.2398],[22.7756,43.2352]]],[[[22.7132,43.2416],[22.7045,43.24],[22.7144,43.2447],[22.7132,43.2416]]],[[[22.6995,43.2472],[22.7164,43.2496],[22.7151,43.2466],[22.6995,43.2472]]],[[[22.679,43.2588],[22.6793,43.2485],[22.6755,43.2532],[22.679,43.2588]]],[[[22.6161,43.2469],[22.6045,43.2507],[22.6163,43.2732],[22.631,43.2602],[22.6161,43.2469]]],[[[22.7725,43.301],[22.7477,43.3144],[22.762,43.2994],[22.7431,43.2938],[22.7652,43.2564],[22.7628,43.2344],[22.7691,43.2317],[22.7931,43.2025],[22.753,43.2316],[22.7506,43.2613],[22.6975,43.2603],[22.7259,43.2751],[22.7094,43.2916],[22.7231,43.2941],[22.7258,43.3026],[22.6934,43.3114],[22.6894,43.279],[22.6794,43.2702],[22.6793,43.2884],[22.6707,43.29],[22.6548,43.2761],[22.6687,43.2936],[22.6415,43.297],[22.6799,43.2942],[22.6949,43.3228],[22.7903,43.3209],[22.7725,43.301]]],[[[22.6702,43.2639],[22.6596,43.2568],[22.6486,43.2639],[22.6675,43.2836],[22.6702,43.2639]]],[[[22.6228,43.2741],[22.6328,43.2745],[22.6324,43.2682],[22.6228,43.2741]]],[[[22.641,43.3213],[22.6388,43.3233],[22.6452,43.3293],[22.641,43.3213]]],[[[22.6836,43.4016],[22.7597,43.4012],[22.8239,43.3318],[22.7544,43.3465],[22.762,43.3716],[22.7136,43.3819],[22.724,43.3523],[22.6937,43.3441],[22.7111,43.3596],[22.6944,43.3682],[22.6874,43.3411],[22.6853,43.3709],[22.6469,43.3894],[22.6557,43.3675],[22.6241,43.368],[22.6717,43.3408],[22.5848,43.3564],[22.661,43.4087],[22.6373,43.4364],[22.6836,43.4016]]],[[[22.7585,43.4166],[22.7756,43.4183],[22.7793,43.415],[22.7585,43.4166]]],[[[22.677,43.4257],[22.6927,43.4224],[22.6862,43.4214],[22.677,43.4257]]],[[[22.6928,43.4268],[22.6992,43.4332],[22.7037,43.4283],[22.6928,43.4268]]],[[[22.7929,43.4274],[22.7921,43.4217],[22.7564,43.4406],[22.7582,43.4485],[22.7929,43.4274]]],[[[22.698,43.4509],[22.6696,43.4512],[22.6744,43.4628],[22.698,43.4509]]],[[[22.6615,43.4606],[22.6626,43.4558],[22.651,43.4568],[22.6615,43.4606]]],[[[22.6314,43.4557],[22.6151,43.4617],[22.6222,43.4664],[22.6314,43.4557]]],[[[22.6812,43.4826],[22.6866,43.4824],[22.6836,43.4765],[22.6812,43.4826]]],[[[22.7493,43.5125],[22.7705,43.5017],[22.7319,43.5185],[22.7493,43.5125]]],[[[22.7143,43.5243],[22.7098,43.5271],[22.7288,43.5323],[22.7143,43.5243]]],[[[22.7028,43.5348],[22.6859,43.5295],[22.6495,43.5451],[22.6312,43.5637],[22.6413,43.5684],[22.7028,43.5348]],[[22.6579,43.5556],[22.654,43.5579],[22.6549,43.5479],[22.6579,43.5556]]],[[[22.6213,43.5545],[22.6193,43.5613],[22.6049,43.5665],[22.6216,43.5621],[22.6213,43.5545]]],[[[22.6345,43.5921],[22.6342,43.5975],[22.6402,43.5967],[22.6345,43.5921]]],[[[22.6264,43.9024],[22.6086,43.9076],[22.6136,43.9133],[22.6264,43.9024]]],[[[22.6425,44.5526],[22.635,44.5583],[22.6476,44.5548],[22.6425,44.5526]]],[[[22.6628,45.0483],[22.6675,45.0527],[22.6757,45.0478],[22.6628,45.0483]]],[[[22.6589,45.0548],[22.6555,45.05],[22.6435,45.0499],[22.6522,45.0453],[22.6385,45.0491],[22.6589,45.0548]]],[[[22.7432,45.0466],[22.7258,45.0508],[22.7335,45.0485],[22.7209,45.0443],[22.7118,45.0479],[22.7371,45.0612],[22.7673,45.0614],[22.7432,45.0466]]],[[[22.6152,45.0615],[22.6217,45.0722],[22.625,45.0648],[22.6494,45.0625],[22.6152,45.0615]]],[[[22.6651,45.0564],[22.6526,45.0591],[22.665,45.068],[22.6651,45.0564]]],[[[22.6423,45.066],[22.6417,45.0681],[22.6589,45.0696],[22.6423,45.066]]],[[[22.7387,45.0699],[22.7051,45.0683],[22.7286,45.0771],[22.7387,45.0699]]],[[[22.6445,45.0704],[22.6338,45.067],[22.652,45.0757],[22.6445,45.0704]]],[[[22.6372,45.0836],[22.6454,45.0782],[22.6519,45.0788],[22.6238,45.074],[22.6372,45.0836]]],[[[22.6552,45.0806],[22.6465,45.0802],[22.6379,45.0881],[22.6552,45.0806]]],[[[22.7692,45.0856],[22.7697,45.088],[22.7796,45.0899],[22.7692,45.0856]]],[[[22.7106,45.0821],[22.7105,45.0925],[22.722,45.0875],[22.7106,45.0821]]],[[[22.7464,45.0866],[22.7375,45.0849],[22.7297,45.0897],[22.7273,45.0942],[22.7464,45.0866]]],[[[22.7431,45.0894],[22.7508,45.0951],[22.7566,45.0943],[22.7431,45.0894]]],[[[22.6878,45.1019],[22.6953,45.1034],[22.6954,45.0911],[22.6878,45.1019]]],[[[22.7156,45.1005],[22.7242,45.1007],[22.7226,45.0949],[22.7156,45.1005]]],[[[22.7284,45.1101],[22.7531,45.1156],[22.7451,45.1052],[22.7284,45.1101]]],[[[22.7117,45.0997],[22.6875,45.1086],[22.7044,45.1216],[22.7117,45.0997]]],[[[22.714,45.1219],[22.715,45.1153],[22.7114,45.1222],[22.714,45.1219]]],[[[22.6756,45.1296],[22.6707,45.129],[22.6743,45.1515],[22.6756,45.1296]]],[[[22.7822,45.1631],[22.7897,45.1597],[22.7857,45.154],[22.7822,45.1631]]],[[[22.7607,45.2826],[22.7636,45.2706],[22.8444,45.2916],[22.8688,45.2821],[22.8303,45.2767],[22.8304,45.2496],[22.7786,45.2581],[22.7836,45.2364],[22.746,45.2527],[22.7297,45.2239],[22.6913,45.2445],[22.6874,45.216],[22.6805,45.2239],[22.6505,45.2253],[22.6729,45.2041],[22.6469,45.2174],[22.628,45.194],[22.6607,45.176],[22.6656,45.1666],[22.6023,45.1947],[22.6166,45.1757],[22.5983,45.1866],[22.5756,45.1651],[22.5966,45.1318],[22.5582,45.1358],[22.5641,45.1002],[22.528,45.0908],[22.5327,45.0701],[22.5013,45.0438],[22.5117,45.0302],[22.4664,45.0214],[22.4995,45.0464],[22.4828,45.0667],[22.5208,45.0646],[22.5226,45.0911],[22.4999,45.0911],[22.5374,45.1034],[22.4963,45.1237],[22.5374,45.1244],[22.5756,45.1785],[22.5457,45.1853],[22.5862,45.1937],[22.5659,45.1983],[22.5878,45.2001],[22.5819,45.2151],[22.5523,45.2172],[22.579,45.2312],[22.5537,45.2318],[22.6044,45.2759],[22.6068,45.2417],[22.6228,45.2641],[22.6542,45.2459],[22.6439,45.2738],[22.6882,45.2781],[22.6668,45.2881],[22.6847,45.3061],[22.7113,45.2855],[22.6921,45.2795],[22.6843,45.2506],[22.7055,45.274],[22.7327,45.2532],[22.7607,45.2701],[22.7502,45.2718],[22.7404,45.2879],[22.7415,45.2969],[22.784,45.2981],[22.7607,45.2826]],[[22.6473,45.227],[22.5896,45.2013],[22.5977,45.1985],[22.6473,45.227]],[[22.5939,45.2298],[22.6352,45.233],[22.6185,45.2402],[22.5939,45.2298]],[[22.6118,45.2204],[22.6187,45.227],[22.5991,45.2224],[22.6118,45.2204]],[[22.8212,45.2673],[22.828,45.2706],[22.8227,45.2756],[22.8212,45.2673]],[[22.7763,45.2674],[22.7665,45.2554],[22.7759,45.2594],[22.7763,45.2674]],[[22.6399,45.2343],[22.6532,45.2306],[22.6337,45.2421],[22.6399,45.2343]],[[22.7184,45.2416],[22.7108,45.2533],[22.7103,45.2519],[22.7184,45.2416]],[[22.6755,45.2622],[22.6739,45.2555],[22.6811,45.2569],[22.6755,45.2622]]],[[[22.7124,45.3488],[22.7102,45.354],[22.6904,45.3479],[22.6826,45.3538],[22.7158,45.3553],[22.7124,45.3488]]],[[[22.635,45.3679],[22.653,45.3682],[22.648,45.363],[22.6341,45.366],[22.635,45.3679]]],[[[22.6513,45.3753],[22.6254,45.379],[22.629,45.3873],[22.6513,45.3753]]],[[[22.7165,45.3716],[22.7053,45.383],[22.7242,45.4026],[22.7421,45.3873],[22.7165,45.3716]]],[[[22.692,45.3837],[22.6927,45.3871],[22.6838,45.3899],[22.6927,45.3933],[22.6949,45.3818],[22.692,45.3837]]],[[[22.6677,45.3962],[22.6659,45.3915],[22.6522,45.3955],[22.65,45.4069],[22.6677,45.3962]]],[[[22.7534,45.418],[22.7059,45.4111],[22.7271,45.4328],[22.7534,45.418]]],[[[22.7145,45.4338],[22.7101,45.4368],[22.7109,45.4431],[22.7145,45.4338]]],[[[22.6805,45.4491],[22.6757,45.4553],[22.6874,45.455],[22.6805,45.4491]]],[[[22.6487,45.463],[22.6551,45.4711],[22.6659,45.4702],[22.651,45.4604],[22.6487,45.463]]],[[[22.6972,45.4617],[22.6886,45.4674],[22.6879,45.4791],[22.6983,45.4617],[22.6972,45.4617]]],[[[22.7302,45.4602],[22.7229,45.4651],[22.7213,45.4564],[22.7054,45.4557],[22.6999,45.4612],[22.713,45.4812],[22.745,45.4796],[22.7302,45.4602]]],[[[22.7457,45.4719],[22.7661,45.4844],[22.7626,45.4604],[22.7457,45.4719]]],[[[22.6228,45.4712],[22.6168,45.4882],[22.6562,45.4861],[22.6228,45.4712]]],[[[22.616,45.4895],[22.6096,45.4938],[22.6163,45.5003],[22.616,45.4895]]],[[[22.6547,45.5243],[22.6489,45.5258],[22.6494,45.5381],[22.6626,45.5221],[22.6547,45.5243]]],[[[22.6905,45.5242],[22.6908,45.5268],[22.7047,45.537],[22.6905,45.5242]]],[[[22.619,45.5214],[22.6147,45.5303],[22.6327,45.5478],[22.619,45.5214]]],[[[22.6591,45.5424],[22.6719,45.5339],[22.6666,45.5346],[22.6591,45.5424]]],[[[22.6725,45.5505],[22.6753,45.5437],[22.6721,45.5398],[22.6725,45.5505]]],[[[22.6405,45.5647],[22.6422,45.5647],[22.6455,45.5581],[22.6405,45.5647]]],[[[22.7097,45.5703],[22.7255,45.565],[22.7119,45.5645],[22.7097,45.5703]]],[[[22.6652,45.5669],[22.6543,45.5681],[22.6645,45.5703],[22.6652,45.5669]]],[[[22.6311,45.5898],[22.6187,45.6145],[22.676,45.6121],[22.6311,45.5898]]],[[[22.7167,45.6214],[22.7127,45.6322],[22.6987,45.6338],[22.7181,45.61],[22.6809,45.6299],[22.7014,45.6033],[22.6743,45.6297],[22.6705,45.6215],[22.6297,45.6165],[22.6555,45.6427],[22.6481,45.6293],[22.6541,45.6233],[22.6671,45.6319],[22.7315,45.6393],[22.7167,45.6214]]],[[[22.7731,45.6286],[22.776,45.6446],[22.794,45.6343],[22.7731,45.6286]]],[[[22.7514,45.6667],[22.7391,45.6725],[22.7502,45.6597],[22.7332,45.6626],[22.7376,45.6737],[22.7514,45.6667]]],[[[22.631,45.6889],[22.6389,45.6899],[22.6462,45.6869],[22.631,45.6889]]],[[[22.6168,45.6841],[22.6062,45.6926],[22.6165,45.6918],[22.6168,45.6841]]],[[[22.6218,45.6866],[22.6225,45.6938],[22.6377,45.6948],[22.6218,45.6866]]],[[[22.7039,45.6855],[22.6584,45.6831],[22.6247,45.7034],[22.6353,45.7125],[22.7041,45.7146],[22.718,45.6998],[22.7553,45.7262],[22.774,45.7291],[22.7039,45.6855]],[[22.6752,45.6918],[22.6824,45.6996],[22.6778,45.7028],[22.6629,45.7052],[22.6504,45.7043],[22.642,45.7087],[22.6318,45.7028],[22.6752,45.6918]]],[[[22.6806,46.0029],[22.6889,46.0048],[22.6918,46.0004],[22.6811,45.9997],[22.6806,46.0029]]],[[[22.6453,45.9984],[22.636,46.0076],[22.6416,46.0085],[22.6407,46.0136],[22.6453,45.9984]]],[[[22.6236,46.0022],[22.6177,46.0094],[22.626,46.0132],[22.6236,46.0022]]],[[[22.6825,46.0061],[22.6797,46.0158],[22.6931,46.0181],[22.6825,46.0061]]],[[[22.6312,46.0132],[22.6375,46.0086],[22.6321,46.01],[22.6275,46.016],[22.6312,46.0132]]],[[[22.6647,46.0185],[22.6742,46.0089],[22.6699,46.002],[22.6589,46.0227],[22.6647,46.0185]]],[[[22.7233,46.0067],[22.7113,46.0122],[22.7101,46.0017],[22.7008,46.0054],[22.7216,46.0222],[22.7233,46.0067]]],[[[22.6467,46.0166],[22.6383,46.0159],[22.6447,46.0196],[22.6467,46.0166]]],[[[22.7279,46.0059],[22.7235,46.0287],[22.7439,46.0336],[22.7279,46.0059]]],[[[22.6278,46.0248],[22.6356,46.019],[22.6257,46.0162],[22.6278,46.0248]]],[[[22.6163,46.0237],[22.6263,46.0257],[22.6242,46.0213],[22.6163,46.0237]]],[[[22.6433,46.0239],[22.6376,46.0212],[22.6424,46.029],[22.6433,46.0239]]],[[[22.7892,46.0142],[22.7624,46.0148],[22.7662,46.0304],[22.7892,46.0142]]],[[[22.6815,46.0171],[22.6769,46.0193],[22.6918,46.0283],[22.6815,46.0171]]],[[[22.681,46.0264],[22.6809,46.0239],[22.6729,46.0237],[22.681,46.0264]]],[[[22.6231,46.0312],[22.6202,46.0287],[22.6091,46.0297],[22.6225,46.0355],[22.6231,46.0312]]],[[[22.6619,46.0272],[22.6501,46.0315],[22.6605,46.0343],[22.6619,46.0272]]],[[[22.6852,46.046],[22.6882,46.0428],[22.6727,46.0393],[22.667,46.0422],[22.6852,46.046]]],[[[22.7322,46.0455],[22.7258,46.0371],[22.7307,46.0456],[22.7409,46.0499],[22.7377,46.0537],[22.7398,46.0547],[22.7437,46.0482],[22.7322,46.0455]]],[[[22.7473,46.0416],[22.745,46.0493],[22.7577,46.0498],[22.7473,46.0416]]],[[[22.7166,46.0431],[22.7119,46.0457],[22.7181,46.0555],[22.7166,46.0431]]],[[[22.6239,46.0455],[22.6162,46.0554],[22.6205,46.0568],[22.6239,46.0455]]],[[[22.6084,46.0542],[22.613,46.0588],[22.6149,46.0587],[22.6084,46.0542]]],[[[22.6669,46.0507],[22.6632,46.0508],[22.669,46.0559],[22.6788,46.0572],[22.6819,46.0542],[22.6669,46.0507]]],[[[22.7601,46.0566],[22.7688,46.0594],[22.7707,46.0523],[22.7601,46.0566]]],[[[22.7269,46.0609],[22.7217,46.0569],[22.7111,46.0549],[22.7067,46.0568],[22.7269,46.0609]]],[[[22.7642,46.0597],[22.7568,46.0623],[22.7625,46.0676],[22.7642,46.0597]]],[[[22.6226,46.0713],[22.6229,46.0604],[22.6155,46.0613],[22.6226,46.0713]]],[[[22.7606,46.0687],[22.7377,46.0642],[22.7452,46.0734],[22.7606,46.0687]]],[[[22.6536,46.0726],[22.664,46.069],[22.651,46.0645],[22.6481,46.0663],[22.6519,46.0776],[22.6536,46.0726]]],[[[22.7004,46.0865],[22.7297,46.0703],[22.6845,46.0572],[22.7004,46.0865]]],[[[22.6421,46.0822],[22.6501,46.0834],[22.6464,46.0668],[22.6421,46.0822]]],[[[22.6104,46.0753],[22.6105,46.0811],[22.6344,46.0856],[22.6104,46.0753]]],[[[22.7342,46.0722],[22.7268,46.0755],[22.7686,46.0836],[22.7342,46.0722]]],[[[22.664,46.0822],[22.6758,46.0827],[22.6645,46.0781],[22.6623,46.0824],[22.664,46.0822]]],[[[22.6721,46.0787],[22.678,46.084],[22.674,46.0857],[22.6825,46.0876],[22.6721,46.0787]]],[[[22.6407,46.0811],[22.6341,46.0803],[22.6349,46.0907],[22.6423,46.085],[22.641,46.0772],[22.6407,46.0811]]],[[[22.7548,46.0878],[22.7471,46.092],[22.7819,46.0878],[22.7548,46.0878]]],[[[22.7279,46.0858],[22.7151,46.0942],[22.7168,46.0879],[22.7094,46.0871],[22.7149,46.095],[22.7279,46.0858]]],[[[22.6977,46.0911],[22.693,46.0873],[22.6876,46.1013],[22.6977,46.0911]]],[[[22.6412,46.0896],[22.6427,46.0979],[22.6309,46.0916],[22.6287,46.0946],[22.6542,46.1068],[22.6412,46.0896]]],[[[22.6665,46.0918],[22.6556,46.1],[22.6575,46.1077],[22.6718,46.0928],[22.6665,46.0918]]],[[[22.6891,46.0947],[22.6912,46.0872],[22.6747,46.0912],[22.6891,46.0947]]],[[[22.6692,46.1051],[22.6708,46.0943],[22.6674,46.1048],[22.672,46.1132],[22.6692,46.1051]]],[[[22.6874,46.1157],[22.6845,46.1134],[22.6762,46.1197],[22.6874,46.1157]]],[[[22.6583,46.2993],[22.6689,46.2993],[22.6434,46.2851],[22.6583,46.2993]]],[[[22.6354,46.2978],[22.6497,46.2957],[22.6429,46.2902],[22.6354,46.2978]]],[[[22.6459,46.3156],[22.6465,46.312],[22.6493,46.3202],[22.6571,46.3165],[22.6422,46.3029],[22.6229,46.3058],[22.6459,46.3156]]],[[[22.7629,46.3246],[22.7611,46.3183],[22.7542,46.3328],[22.7569,46.3372],[22.7629,46.3246]]],[[[22.6422,46.3339],[22.6297,46.3262],[22.627,46.3308],[22.6491,46.3413],[22.6618,46.3358],[22.6422,46.3339]]],[[[22.7798,46.3429],[22.7739,46.3507],[22.7842,46.3497],[22.7798,46.3429]]],[[[22.6792,46.3582],[22.6599,46.3463],[22.6604,46.3512],[22.6792,46.3582]]],[[[22.7773,46.355],[22.7746,46.3566],[22.7844,46.3624],[22.7773,46.355]]],[[[22.7694,46.366],[22.758,46.3716],[22.7693,46.3716],[22.7694,46.366]]],[[[22.716,46.379],[22.7091,46.3782],[22.7108,46.3758],[22.7008,46.3763],[22.6997,46.3708],[22.7698,46.3532],[22.7274,46.3515],[22.734,46.3593],[22.7014,46.3641],[22.6852,46.3842],[22.716,46.379]]],[[[22.7569,46.3979],[22.7615,46.3942],[22.7376,46.4014],[22.7569,46.3979]]],[[[22.7669,46.4237],[22.7507,46.4288],[22.7699,46.4305],[22.7669,46.4237]]],[[[22.7211,46.4304],[22.7231,46.4277],[22.6863,46.4399],[22.6899,46.4543],[22.7211,46.4304]]],[[[22.625,46.4449],[22.6236,46.4478],[22.6411,46.4474],[22.625,46.4449]]],[[[22.6279,46.465],[22.6204,46.4688],[22.6245,46.4732],[22.6279,46.465]]],[[[22.6868,46.4717],[22.6785,46.4678],[22.6772,46.4715],[22.6868,46.4717]]],[[[22.6869,46.4893],[22.6725,46.4867],[22.685,46.4927],[22.6869,46.4893]]],[[[22.7715,46.5068],[22.765,46.5042],[22.7643,46.5155],[22.7715,46.5068]]],[[[22.7095,46.4975],[22.6938,46.5131],[22.7029,46.5273],[22.7143,46.5106],[22.7095,46.4975]]],[[[22.6793,46.5158],[22.678,46.5185],[22.6945,46.5162],[22.6793,46.5158]]],[[[22.7668,46.5312],[22.7727,46.5283],[22.763,46.5206],[22.7668,46.5312]]],[[[22.7165,46.5157],[22.7013,46.5303],[22.7178,46.5378],[22.7165,46.5157]]],[[[22.6393,46.5348],[22.6478,46.5306],[22.6428,46.5241],[22.6393,46.5348]]],[[[22.7173,46.5472],[22.7071,46.541],[22.7156,46.5509],[22.7173,46.5472]]],[[[22.6233,46.5599],[22.6088,46.5619],[22.6302,46.5709],[22.6233,46.5599]]],[[[22.7663,46.5771],[22.7611,46.5679],[22.7372,46.5896],[22.7663,46.5771]]],[[[22.721,46.5781],[22.7215,46.5679],[22.6821,46.5925],[22.721,46.5781]]],[[[22.7041,46.594],[22.6955,46.5979],[22.7133,46.6047],[22.7041,46.594]]],[[[22.6697,46.6437],[22.6697,46.637],[22.6547,46.6545],[22.6697,46.6437]]],[[[22.6944,46.6457],[22.7171,46.6042],[22.6937,46.612],[22.6903,46.6424],[22.6739,46.6407],[22.712,46.6962],[22.7632,46.6816],[22.7524,46.6576],[22.6944,46.6457]],[[22.6971,46.6215],[22.6987,46.6131],[22.7039,46.6144],[22.7064,46.6199],[22.7036,46.624],[22.6971,46.6215]]],[[[22.6445,46.6654],[22.6344,46.6679],[22.6504,46.6714],[22.6445,46.6654]]],[[[22.6386,46.67],[22.6354,46.6718],[22.6421,46.6802],[22.6386,46.67]]],[[[22.7779,46.6813],[22.7654,46.6813],[22.7589,46.6943],[22.7964,46.7007],[22.7779,46.6813]]],[[[22.6684,46.7063],[22.6481,46.6849],[22.6592,46.7172],[22.6166,46.7293],[22.6291,46.7297],[22.6353,46.7417],[22.6654,46.7142],[22.6684,46.7063]]],[[[22.7594,46.7423],[22.7826,46.7272],[22.7625,46.7178],[22.7594,46.7423]]],[[[22.611,46.7385],[22.6193,46.7525],[22.626,46.7495],[22.611,46.7385]]],[[[22.7736,46.7469],[22.7706,46.7556],[22.7809,46.7554],[22.7736,46.7469]]],[[[22.6838,46.7467],[22.6792,46.7407],[22.6619,46.7718],[22.6838,46.7467]]],[[[22.7707,46.7576],[22.767,46.7612],[22.7814,46.7637],[22.7707,46.7576]]],[[[22.6402,46.7649],[22.6122,46.7573],[22.6251,46.7822],[22.6402,46.7649]]],[[[22.6599,46.7694],[22.6451,46.7719],[22.649,46.7816],[22.6599,46.7694]]],[[[22.7004,46.7827],[22.6875,46.7813],[22.7059,46.7844],[22.7004,46.7827]]],[[[22.6345,46.801],[22.6391,46.8027],[22.64,46.796],[22.6345,46.801]]],[[[22.6212,46.8023],[22.6197,46.8055],[22.6367,46.8131],[22.6212,46.8023]]],[[[22.6722,46.8057],[22.6732,46.8041],[22.6468,46.8031],[22.6594,46.8183],[22.6722,46.8057]]],[[[22.7712,46.8257],[22.757,46.8164],[22.7683,46.8335],[22.7899,46.8409],[22.7712,46.8257]]],[[[22.7545,47.9977],[22.7322,47.999],[22.7751,48.0069],[22.7637,47.9853],[22.7545,47.9977]]],[[[22.6688,48.008],[22.677,47.9841],[22.6139,48.0105],[22.6268,48.0321],[22.6478,48.0089],[22.6688,48.008]]],[[[22.6588,48.0218],[22.6738,48.0164],[22.6728,48.0105],[22.6588,48.0218]]],[[[22.6479,48.0259],[22.6439,48.0324],[22.6495,48.034],[22.6479,48.0259]]],[[[22.6648,48.0706],[22.6825,48.0686],[22.6727,48.0593],[22.6648,48.0706]]],[[[22.7154,48.0818],[22.7182,48.0747],[22.6921,48.0731],[22.7154,48.0818]]],[[[22.7399,48.0848],[22.743,48.0816],[22.7355,48.0773],[22.7399,48.0848]]],[[[22.7465,48.0894],[22.7695,48.088],[22.7546,48.0828],[22.7465,48.0894]]],[[[22.7322,48.0897],[22.7373,48.0852],[22.7279,48.0815],[22.7322,48.0897]]],[[[22.7589,48.0994],[22.7689,48.0991],[22.7593,48.0899],[22.7589,48.0994]]],[[[22.6892,49.0847],[22.7353,49.0872],[22.7388,49.0938],[22.7181,49.1027],[22.7123,49.1178],[22.7506,49.0836],[22.7741,49.0903],[22.7899,49.0742],[22.7755,49.0532],[22.8223,49.0242],[22.7718,49.0504],[22.7646,49.0766],[22.6892,49.0847]]],[[[22.6609,49.1391],[22.6692,49.1408],[22.6719,49.1273],[22.6609,49.1391]]],[[[22.7545,49.1636],[22.7436,49.167],[22.7499,49.1717],[22.7545,49.1636]]],[[[22.7588,49.1711],[22.7221,49.1783],[22.7453,49.1944],[22.7588,49.1711]]],[[[22.7497,49.2674],[22.7427,49.2637],[22.7482,49.2702],[22.7497,49.2674]]],[[[22.6644,49.262],[22.664,49.2603],[22.6492,49.2727],[22.6644,49.262]]],[[[22.8044,42.7058],[22.8327,42.7011],[22.8151,42.6987],[22.8044,42.7058]]],[[[22.8188,42.7375],[22.8138,42.7441],[22.8202,42.742],[22.8188,42.7375]]],[[[22.9652,42.7429],[22.9386,42.7583],[22.9408,42.7614],[22.9652,42.7429]]],[[[22.8613,42.7781],[22.9041,42.7507],[22.8778,42.747],[22.8613,42.7781]]],[[[22.9402,42.7735],[22.9219,42.7686],[22.9072,42.776],[22.9106,42.7851],[22.9263,42.782],[22.9402,42.7735]],[[22.9197,42.7825],[22.923,42.7728],[22.9257,42.777],[22.9197,42.7825]]],[[[22.9043,42.7828],[22.8839,42.7956],[22.8904,42.7995],[22.9043,42.7828]]],[[[22.917,42.8012],[22.9307,42.7927],[22.9293,42.7923],[22.917,42.8012]]],[[[22.7916,42.7958],[22.7791,42.812],[22.789,42.8111],[22.7916,42.7958]]],[[[22.8802,42.8059],[22.8803,42.7979],[22.8592,42.8149],[22.8755,42.8276],[22.8629,42.8137],[22.8802,42.8059]]],[[[22.8354,42.825],[22.8188,42.8378],[22.8404,42.8464],[22.8354,42.825]]],[[[22.9333,42.8354],[22.9188,42.845],[22.9378,42.848],[22.9497,42.8364],[22.9333,42.8354]]],[[[22.8209,42.843],[22.8062,42.8533],[22.8158,42.8576],[22.8209,42.843]]],[[[22.9084,42.8551],[22.9049,42.8606],[22.9209,42.8597],[22.9084,42.8551]]],[[[22.8987,42.865],[22.8912,42.8661],[22.893,42.8788],[22.8987,42.865]]],[[[22.8637,42.8755],[22.8551,42.8874],[22.881,42.8923],[22.8637,42.8755]]],[[[22.9539,42.9033],[22.9458,42.9059],[22.9675,42.9137],[22.9539,42.9033]]],[[[22.834,42.9119],[22.815,42.9053],[22.7866,42.9272],[22.834,42.9119]]],[[[22.9482,42.9132],[22.9354,42.93],[22.9392,42.9315],[22.9482,42.9132]]],[[[22.8895,42.924],[22.8772,42.9261],[22.8897,42.928],[22.8895,42.924]]],[[[22.8515,42.9432],[22.838,42.9419],[22.8433,42.9438],[22.8515,42.9432]]],[[[22.8407,42.9597],[22.8474,42.9558],[22.847,42.9538],[22.8407,42.9597]]],[[[22.9456,42.9623],[23.0938,42.9592],[23.0284,42.9577],[23.0291,42.9519],[23.0027,42.9354],[22.9093,42.9434],[22.9671,42.9577],[22.9456,42.9623]],[[23.023,42.9513],[23.0237,42.9545],[23.0094,42.9562],[23.023,42.9513]]],[[[22.8868,42.9699],[22.8735,42.9722],[22.8951,42.9729],[22.8868,42.9699]]],[[[22.9544,42.9677],[22.9791,42.9657],[22.9502,42.9654],[22.9535,42.979],[22.9604,42.9817],[22.9544,42.9677]]],[[[22.9624,42.9715],[22.9592,42.9766],[22.9705,42.9813],[22.9624,42.9715]]],[[[22.8977,42.9793],[22.8976,42.9815],[22.9096,42.9729],[22.8977,42.9793]]],[[[22.8673,42.9911],[22.8919,42.9827],[22.8874,42.9827],[22.8673,42.9911]]],[[[22.9031,43.0],[22.8977,43.0049],[22.9143,42.9968],[22.9031,43.0]]],[[[22.9245,42.9979],[22.9221,42.9998],[22.9292,43.0054],[22.9338,43.0043],[22.9245,42.9979]]],[[[22.8775,42.9989],[22.8624,43.0092],[22.8712,43.0104],[22.8775,42.9989]]],[[[22.943,43.0048],[22.9563,43.0097],[22.9614,43.0045],[22.943,43.0048]]],[[[22.8352,43.0119],[22.8498,43.0048],[22.8445,43.0022],[22.8352,43.0119]]],[[[22.8815,43.0074],[22.8878,43.0116],[22.89,43.0072],[22.8815,43.0074]]],[[[22.8509,43.0085],[22.8237,43.0148],[22.8309,43.0295],[22.8509,43.0085]]],[[[22.9652,43.0229],[22.9519,43.0275],[22.974,43.029],[22.9652,43.0229]]],[[[22.9464,43.0216],[22.8964,43.025],[22.9304,43.0361],[22.9464,43.0216]]],[[[22.8233,43.0313],[22.8247,43.0366],[22.831,43.0342],[22.8233,43.0313]]],[[[22.8552,43.0479],[22.8788,43.0214],[22.8481,43.0223],[22.8329,43.0441],[22.8399,43.0555],[22.8489,43.0578],[22.8552,43.0479]],[[22.8615,43.0223],[22.8653,43.0246],[22.8544,43.0326],[22.8615,43.0223]]],[[[22.7964,43.0295],[22.7802,43.0357],[22.7897,43.0442],[22.7964,43.0295]]],[[[22.9528,43.0414],[22.9528,43.0337],[22.9435,43.0352],[22.9528,43.0414]]],[[[22.8063,43.0524],[22.7963,43.0575],[22.8055,43.059],[22.8063,43.0524]]],[[[22.9063,43.0543],[22.8945,43.081],[22.9147,43.0736],[22.9016,43.0899],[22.9649,43.0598],[22.9063,43.0543]]],[[[22.9417,43.0734],[22.9389,43.0795],[22.9681,43.0637],[22.9417,43.0734]]],[[[22.9647,43.0754],[22.9592,43.0792],[22.9708,43.0804],[22.9647,43.0754]]],[[[22.9899,43.1181],[22.9852,43.1168],[22.984,43.1114],[22.9739,43.1047],[22.9729,43.105],[22.9614,43.1062],[22.9377,43.1156],[22.9185,43.1299],[22.9572,43.129],[22.9899,43.1181]],[[22.9836,43.1117],[22.9844,43.1166],[22.9834,43.1115],[22.9836,43.1117]],[[22.9394,43.1179],[22.9554,43.1254],[22.9479,43.1273],[22.9394,43.1179]],[[22.9687,43.1125],[22.9579,43.1139],[22.9742,43.1074],[22.9687,43.1125]],[[22.9407,43.1278],[22.9311,43.1287],[22.9313,43.125],[22.9407,43.1278]]],[[[22.8227,43.1383],[22.8962,43.0936],[22.8804,43.0841],[22.854,43.1126],[22.844,43.0971],[22.797,43.0958],[22.77,43.1119],[22.8035,43.1079],[22.7793,43.1272],[22.8062,43.1214],[22.8126,43.1318],[22.6933,43.1568],[22.7259,43.1547],[22.7176,43.1717],[22.8227,43.1383]],[[22.8329,43.1039],[22.8416,43.1134],[22.83,43.1073],[22.8329,43.1039]]],[[[22.905,43.1323],[22.897,43.1358],[22.9042,43.138],[22.9195,43.1346],[22.905,43.1323]]],[[[22.8999,43.1393],[22.8944,43.1547],[22.8672,43.145],[22.8557,43.1519],[22.8839,43.1593],[22.9005,43.1546],[22.8999,43.1393]]],[[[22.974,43.1537],[22.9665,43.1464],[22.9654,43.1538],[22.974,43.1537]]],[[[22.9565,43.1592],[22.9636,43.1561],[22.9622,43.1506],[22.9565,43.1592]]],[[[22.8423,43.1561],[22.8348,43.157],[22.8453,43.1626],[22.8423,43.1561]]],[[[22.8496,43.1715],[22.8559,43.1582],[22.8549,43.1507],[22.8477,43.1664],[22.8231,43.165],[22.8496,43.1715]]],[[[22.9178,43.1665],[22.8774,43.173],[22.9042,43.181],[22.9178,43.1665]]],[[[22.9465,43.1858],[22.9352,43.1715],[22.9356,43.1766],[22.9465,43.1858]]],[[[22.8626,43.1716],[22.8483,43.179],[22.8619,43.187],[22.8675,43.1845],[22.8626,43.1716]]],[[[22.8922,43.1845],[22.8887,43.1866],[22.8955,43.1918],[22.8922,43.1845]]],[[[22.9347,43.2424],[22.9397,43.248],[22.9442,43.2388],[22.9347,43.2424]]],[[[22.7944,43.2513],[22.7958,43.2494],[22.7924,43.2449],[22.7944,43.2513]]],[[[22.8859,43.3135],[22.8823,43.2962],[22.8448,43.2881],[22.8451,43.2969],[22.8451,43.2971],[22.8383,43.3017],[22.8418,43.2849],[22.8104,43.2788],[22.8305,43.2447],[22.8251,43.2424],[22.8237,43.198],[22.8198,43.1974],[22.8045,43.2751],[22.7774,43.2718],[22.7764,43.282],[22.7998,43.2816],[22.7863,43.2946],[22.8205,43.3188],[22.8521,43.2926],[22.8704,43.2944],[22.8827,43.3127],[22.9029,43.3186],[22.8859,43.3135]]],[[[22.8816,43.271],[22.8855,43.2693],[22.8698,43.2587],[22.8816,43.271]]],[[[22.9061,43.2614],[22.9148,43.2753],[22.9286,43.2654],[22.9061,43.2614]]],[[[22.9249,43.2719],[22.9172,43.2787],[22.9359,43.2856],[22.9249,43.2719]]],[[[22.9626,43.2861],[22.9732,43.2817],[22.9613,43.2779],[22.9626,43.2861]]],[[[22.9497,43.3023],[22.9414,43.3139],[22.9743,43.3131],[22.9497,43.3023]]],[[[22.9387,43.3047],[22.8948,43.3022],[22.9158,43.3184],[22.9387,43.3047]]],[[[22.8864,43.3174],[22.8781,43.3167],[22.8855,43.3254],[22.9042,43.3241],[22.8864,43.3174]]],[[[22.8738,43.3291],[22.8881,43.3389],[22.8741,43.335],[22.8653,43.3392],[22.8679,43.3427],[22.8924,43.3385],[22.8738,43.3291]]],[[[22.914,43.3409],[22.9268,43.3443],[22.9278,43.3293],[22.914,43.3409]]],[[[22.9537,43.3486],[22.9557,43.3441],[22.9662,43.3368],[22.9604,43.3315],[22.9457,43.355],[22.9537,43.3486]]],[[[22.8554,43.3465],[22.8509,43.3476],[22.8547,43.352],[22.8663,43.351],[22.8554,43.3465]]],[[[22.9341,43.3507],[22.9527,43.364],[22.9429,43.3551],[22.9341,43.3507]]],[[[22.8646,43.3577],[22.8639,43.3617],[22.8695,43.3639],[22.8646,43.3577]]],[[[22.8834,43.3632],[22.8771,43.3712],[22.8875,43.374],[22.8834,43.3632]]],[[[22.9183,43.3765],[22.9283,43.3771],[22.9253,43.3715],[22.9183,43.3765]]],[[[22.9315,43.3683],[22.9342,43.3769],[22.9242,43.3806],[22.9418,43.3796],[22.9315,43.3683]]],[[[22.908,43.3963],[22.9131,43.3969],[22.9194,43.3875],[22.908,43.3963]]],[[[22.8312,43.4131],[22.8337,43.4066],[22.8181,43.4155],[22.8225,43.4237],[22.8312,43.4131]]],[[[22.8298,43.4195],[22.8403,43.4168],[22.8363,43.411],[22.8298,43.4195]]],[[[22.9202,43.4191],[22.9252,43.4142],[22.9133,43.4159],[22.9202,43.4191]]],[[[22.8499,43.4201],[22.8124,43.4296],[22.8172,43.4351],[22.8499,43.4201]]],[[[22.9699,43.4374],[22.9517,43.4462],[22.9665,43.4492],[22.9699,43.4374]]],[[[22.8732,43.4482],[22.8602,43.4475],[22.8624,43.4559],[22.8732,43.4482]]],[[[22.9486,43.4577],[22.9509,43.4486],[22.9419,43.455],[22.9486,43.4577]]],[[[22.9379,43.456],[22.9224,43.4506],[22.9284,43.4654],[22.9379,43.456]]],[[[22.8877,43.4675],[22.8957,43.4699],[22.9076,43.4578],[22.8877,43.4675]]],[[[22.9177,43.4629],[22.9118,43.467],[22.9216,43.4711],[22.9263,43.4685],[22.9177,43.4629]]],[[[22.8977,43.4717],[22.8826,43.4745],[22.8841,43.4787],[22.8977,43.4717]]],[[[22.8205,43.4902],[22.7832,43.5013],[22.891,43.4702],[22.8501,43.4727],[22.8205,43.4902]],[[22.8476,43.4809],[22.8405,43.4825],[22.8586,43.4752],[22.8476,43.4809]]],[[[22.9096,43.499],[22.9207,43.4989],[22.9186,43.4953],[22.9096,43.499]]],[[[22.8674,43.4988],[22.8603,43.4989],[22.873,43.5011],[22.8674,43.4988]]],[[[22.8518,43.5099],[22.8573,43.5006],[22.846,43.5024],[22.8518,43.5099]]],[[[22.8847,43.5238],[22.882,43.5253],[22.8853,43.5329],[22.8847,43.5238]]],[[[22.8287,43.5316],[22.8248,43.5345],[22.8378,43.5379],[22.8287,43.5316]]],[[[22.8254,43.5866],[22.8435,43.5763],[22.8382,43.5778],[22.8254,43.5866]]],[[[22.817,44.9756],[22.818,44.9786],[22.8265,44.9736],[22.817,44.9756]]],[[[22.8328,45.0671],[22.8491,45.0584],[22.8694,45.0672],[22.8527,45.0554],[22.8368,45.061],[22.8228,45.0491],[22.8108,45.0674],[22.8326,45.08],[22.8126,45.0695],[22.8067,45.0937],[22.8392,45.0783],[22.8328,45.0671]]],[[[22.8686,45.081],[22.8599,45.0735],[22.8429,45.0865],[22.8686,45.081]]],[[[22.862,45.0931],[22.8748,45.0939],[22.873,45.0901],[22.862,45.0931]]],[[[22.876,45.0971],[22.8807,45.1014],[22.8892,45.1021],[22.889,45.094],[22.876,45.0971]]],[[[22.8222,45.111],[22.8297,45.1083],[22.817,45.1079],[22.8151,45.1105],[22.8222,45.111]]],[[[22.8477,45.1083],[22.8676,45.102],[22.8541,45.0977],[22.8596,45.094],[22.8609,45.0899],[22.8359,45.0895],[22.8465,45.112],[22.8276,45.1181],[22.845,45.1236],[22.8134,45.1259],[22.8607,45.1314],[22.8477,45.1083]]],[[[22.8333,45.1598],[22.8444,45.1631],[22.8425,45.1579],[22.8333,45.1598]]],[[[22.8456,45.1728],[22.8351,45.1763],[22.8518,45.1837],[22.8613,45.1847],[22.8696,45.1813],[22.8456,45.1728]]],[[[22.8775,45.1975],[22.8753,45.2028],[22.905,45.2141],[22.8775,45.1975]]],[[[22.8417,45.2379],[22.8311,45.2383],[22.8522,45.2449],[22.8417,45.2379]]],[[[23.024,45.2313],[23.057,45.2321],[23.0399,45.218],[23.0165,45.2229],[23.008,45.2451],[22.9743,45.2293],[22.9068,45.2427],[22.8849,45.2186],[22.8462,45.2236],[22.9279,45.2662],[22.9276,45.2402],[23.0214,45.2593],[23.0418,45.2455],[23.024,45.2313]]],[[[22.9176,45.2758],[22.9163,45.2771],[22.9309,45.282],[22.9176,45.2758]]],[[[22.8945,45.2954],[22.9584,45.2957],[22.9215,45.2836],[22.8945,45.2954]]],[[[22.7862,45.2971],[22.8048,45.3012],[22.7895,45.2966],[22.7862,45.2971]]],[[[22.9507,45.3473],[22.9542,45.328],[22.9223,45.3435],[22.9274,45.3343],[22.8916,45.3175],[22.9096,45.3182],[22.893,45.3118],[22.8977,45.3004],[22.8921,45.2951],[22.8919,45.2883],[22.8746,45.2767],[22.8682,45.2874],[22.8437,45.2967],[22.8696,45.2897],[22.8561,45.3053],[22.9223,45.3469],[22.9974,45.3666],[22.9507,45.3473]],[[22.8808,45.2966],[22.8904,45.2958],[22.8936,45.3051],[22.8808,45.2966]]],[[[22.8384,45.3102],[22.8287,45.3069],[22.8222,45.3088],[22.8482,45.3379],[22.8677,45.338],[22.8384,45.3102]]],[[[22.7777,45.3372],[22.7957,45.3553],[22.8016,45.3491],[22.8433,45.3548],[22.8598,45.3474],[22.7777,45.3372]]],[[[22.7868,45.3525],[22.7794,45.3543],[22.7822,45.3587],[22.7868,45.3525]]],[[[22.8968,45.3561],[22.9019,45.3504],[22.8973,45.347],[22.8566,45.3571],[22.8968,45.3561]]],[[[22.815,45.3515],[22.808,45.3581],[22.8153,45.3526],[22.8137,45.3632],[22.844,45.362],[22.815,45.3515]]],[[[22.9272,45.3642],[22.9321,45.3691],[22.9433,45.3725],[22.9272,45.3642]]],[[[22.9176,45.3705],[22.944,45.3876],[22.9426,45.3776],[22.9176,45.3705]]],[[[22.8991,45.3824],[22.9256,45.3982],[22.9021,45.3723],[22.8991,45.3824]]],[[[22.8609,45.3775],[22.8651,45.3925],[22.8815,45.4008],[22.8652,45.3869],[22.8886,45.3742],[22.8493,45.3666],[22.8338,45.3855],[22.8657,45.4047],[22.8609,45.3775]]],[[[22.8314,45.3885],[22.8267,45.3941],[22.8358,45.3989],[22.8314,45.3885]]],[[[22.8201,45.3972],[22.8144,45.4022],[22.8216,45.4033],[22.8201,45.3972]]],[[[22.802,45.391],[22.794,45.3937],[22.7966,45.3997],[22.8149,45.4094],[22.802,45.391]]],[[[22.9153,45.3993],[22.9103,45.4078],[22.9158,45.4094],[22.9153,45.3993]]],[[[22.9462,45.3987],[22.9374,45.4001],[22.9574,45.4107],[22.9462,45.3987]]],[[[22.9352,45.4095],[22.9358,45.4069],[22.9327,45.4036],[22.9219,45.4052],[22.9352,45.4095]]],[[[22.9537,45.4123],[22.9496,45.4143],[22.9542,45.4266],[22.9706,45.4226],[22.9537,45.4123]]],[[[22.9326,45.4131],[22.9214,45.4222],[22.9334,45.4268],[22.9326,45.4131]]],[[[22.8595,45.4385],[22.8647,45.4425],[22.8635,45.4372],[22.8595,45.4385]]],[[[22.8555,45.4356],[22.8414,45.4447],[22.8461,45.452],[22.8555,45.4356]]],[[[22.8993,45.456],[22.9073,45.4523],[22.8972,45.4443],[22.8993,45.456]]],[[[22.8483,45.4693],[22.8505,45.4745],[22.8703,45.4742],[22.8483,45.4693]]],[[[22.8009,45.4696],[22.806,45.4787],[22.8241,45.4713],[22.8009,45.4696]]],[[[22.8203,45.7066],[22.8365,45.7078],[22.823,45.7062],[22.8203,45.7066]]],[[[22.8101,45.9872],[22.7983,45.9893],[22.8029,45.9958],[22.8101,45.9872]]],[[[22.79,45.9954],[22.7887,45.9968],[22.7967,45.9987],[22.79,45.9954]]],[[[22.8849,46.0063],[22.8876,46.0037],[22.8763,46.0016],[22.8849,46.0063]]],[[[22.7772,46.005],[22.7849,46.0052],[22.7938,46.0016],[22.7992,46.0033],[22.8033,45.9978],[22.7692,46.0034],[22.7772,46.005]]],[[[22.8067,46.0023],[22.7873,46.0061],[22.7986,46.0126],[22.8067,46.0023]]],[[[22.8907,46.0118],[22.9042,46.0065],[22.8954,46.0061],[22.8907,46.0118]]],[[[22.8334,46.0091],[22.8184,46.0066],[22.8084,46.0078],[22.8067,46.0108],[22.825,46.0083],[22.8354,46.017],[22.8334,46.0091]]],[[[22.8723,46.0233],[22.8857,46.0205],[22.879,46.0084],[22.8723,46.0233]]],[[[22.8038,46.0299],[22.8262,46.0151],[22.7957,46.0155],[22.8015,46.0187],[22.8008,46.0307],[22.8038,46.0299]]],[[[22.8562,46.0088],[22.8485,46.0049],[22.8354,46.0194],[22.842,46.0363],[22.8562,46.0088]]],[[[22.7931,46.0299],[22.799,46.025],[22.7933,46.0187],[22.7909,46.0314],[22.7931,46.0299]]],[[[22.9479,46.0295],[22.969,46.0254],[22.9659,46.0212],[22.9479,46.0295]]],[[[22.9608,46.0544],[22.9648,46.051],[22.9476,46.0509],[22.9608,46.0544]]],[[[22.9107,46.0727],[22.8877,46.075],[22.901,46.1024],[22.9107,46.0727]]],[[[22.8908,46.0887],[22.8779,46.1],[22.886,46.1004],[22.8908,46.0887]]],[[[22.9569,46.0987],[22.9405,46.1049],[22.9488,46.1091],[22.9569,46.0987]]],[[[22.9055,46.142],[22.894,46.1428],[22.8959,46.1519],[22.9055,46.142]]],[[[22.9314,46.1611],[22.9315,46.1508],[22.9231,46.1559],[22.9314,46.1611]]],[[[22.9554,46.1622],[22.9495,46.1596],[22.9438,46.1655],[22.9554,46.1622]]],[[[22.9657,46.2025],[22.9745,46.2042],[22.9765,46.2015],[22.9548,46.2034],[22.9657,46.2025]]],[[[22.8121,46.1963],[22.8082,46.213],[22.8059,46.1917],[22.7855,46.1915],[22.8134,46.2196],[22.8121,46.1963]]],[[[22.8483,46.212],[22.8372,46.2038],[22.8334,46.2197],[22.8483,46.212]]],[[[22.9679,46.2445],[22.9597,46.249],[22.9708,46.2511],[22.9679,46.2445]]],[[[22.8031,46.2438],[22.7955,46.2457],[22.8038,46.2531],[22.8031,46.2438]]],[[[22.818,46.2816],[22.8118,46.2879],[22.8278,46.2971],[22.818,46.2816]]],[[[22.9079,46.3053],[22.9003,46.2984],[22.9053,46.3075],[22.9079,46.3053]]],[[[22.959,46.2981],[22.9528,46.305],[22.9607,46.3081],[22.9599,46.3116],[22.9641,46.3082],[22.959,46.2981]]],[[[22.8932,46.3038],[22.8776,46.3053],[22.8864,46.3149],[22.8932,46.3038]]],[[[22.8895,46.32],[22.8824,46.3153],[22.8766,46.3183],[22.8795,46.3115],[22.8721,46.3072],[22.8706,46.3228],[22.8895,46.32]]],[[[22.9,46.3149],[22.8959,46.3167],[22.8958,46.314],[22.8917,46.3151],[22.894,46.3223],[22.9,46.3149]]],[[[22.9196,46.3095],[22.906,46.3137],[22.9046,46.3281],[22.9196,46.3095]]],[[[22.8699,46.3246],[22.8646,46.3173],[22.8565,46.3246],[22.8699,46.3246]]],[[[22.962,46.3169],[22.9509,46.3223],[22.951,46.335],[22.9636,46.3277],[22.962,46.3169]]],[[[22.9333,46.3524],[22.9215,46.3472],[22.9202,46.3353],[22.9483,46.3279],[22.9397,46.3159],[22.9548,46.3153],[22.9594,46.3081],[22.9212,46.321],[22.9247,46.3312],[22.8926,46.3278],[22.9107,46.3326],[22.9249,46.3613],[22.9333,46.3524]]],[[[22.8918,46.3313],[22.8856,46.3315],[22.8898,46.3409],[22.8918,46.3313]]],[[[22.9422,46.3378],[22.9384,46.3338],[22.9365,46.3411],[22.9308,46.3471],[22.9422,46.3378]]],[[[22.9477,46.3374],[22.9497,46.3464],[22.9545,46.3458],[22.9477,46.3374]]],[[[22.9276,46.3442],[22.9301,46.3376],[22.9212,46.3395],[22.9279,46.3486],[22.9276,46.3442]]],[[[22.8769,46.3507],[22.9184,46.3553],[22.9055,46.3419],[22.8769,46.3507]]],[[[22.9705,46.3623],[22.9682,46.3519],[22.9269,46.3621],[22.9705,46.3623]]],[[[22.8573,46.3633],[22.846,46.3737],[22.857,46.3692],[22.8573,46.3633]]],[[[22.95,46.4007],[22.9367,46.4047],[22.9845,46.4316],[22.95,46.4007]]],[[[22.8861,46.4531],[22.8908,46.4464],[22.8824,46.4431],[22.8848,46.4555],[22.8861,46.4531]]],[[[22.9016,46.4635],[22.9155,46.4697],[22.9207,46.4495],[22.9016,46.4635]]],[[[22.962,46.4601],[22.9449,46.4545],[22.9584,46.4656],[22.962,46.4601]]],[[[22.8156,46.4796],[22.8268,46.4702],[22.8149,46.474],[22.8156,46.4796]]],[[[22.8413,46.4812],[22.8284,46.4773],[22.8207,46.4852],[22.8413,46.4812]]],[[[22.8376,46.4895],[22.8344,46.4871],[22.8271,46.4886],[22.8376,46.4895]]],[[[22.9551,46.487],[22.9519,46.4949],[22.9579,46.4951],[22.9551,46.487]]],[[[23.0102,46.5142],[22.9996,46.4924],[22.9879,46.4892],[22.9845,46.4735],[23.0144,46.4703],[22.9962,46.4526],[22.9748,46.4567],[22.9753,46.4635],[22.9945,46.4598],[23.0031,46.4692],[22.9593,46.4769],[22.9492,46.4631],[22.9297,46.4578],[22.9237,46.4852],[22.8886,46.4834],[22.9138,46.4747],[22.8965,46.4653],[22.8802,46.4823],[22.9287,46.502],[22.908,46.4902],[22.9477,46.4923],[22.9551,46.487],[22.9666,46.4786],[22.9976,46.5062],[22.965,46.4867],[22.9798,46.5071],[22.9506,46.5037],[23.0031,46.5101],[22.967,46.5189],[23.0013,46.5314],[23.0102,46.5142]],[[22.9284,46.4836],[22.9558,46.4749],[22.952,46.4843],[22.9284,46.4836]]],[[[22.8891,46.5007],[22.8855,46.506],[22.8986,46.5234],[22.922,46.5025],[22.8891,46.5007]]],[[[22.8749,46.5226],[22.8839,46.5242],[22.8808,46.5207],[22.8749,46.5226]]],[[[22.8609,46.5202],[22.8694,46.5317],[22.8681,46.5246],[22.8609,46.5202]]],[[[22.9168,46.5128],[22.9235,46.5218],[22.919,46.5334],[22.9311,46.5391],[22.9309,46.5152],[22.9168,46.5128]]],[[[22.9033,46.5232],[22.9165,46.5339],[22.9153,46.514],[22.9033,46.5232]]],[[[22.8145,46.5373],[22.8242,46.5361],[22.8236,46.5316],[22.8145,46.5373]]],[[[22.779,46.5372],[22.791,46.5447],[22.784,46.53],[22.779,46.5372]]],[[[22.9027,46.5444],[22.9064,46.5413],[22.8999,46.5358],[22.9027,46.5444]]],[[[22.8389,46.5418],[22.8481,46.5606],[22.8861,46.5485],[22.8389,46.5418]]],[[[22.8272,46.5496],[22.8266,46.5512],[22.837,46.5514],[22.8272,46.5496]]],[[[22.7851,46.5484],[22.7823,46.5507],[22.7938,46.5535],[22.7851,46.5484]]],[[[22.9213,46.5482],[22.9203,46.5516],[22.9475,46.5574],[22.9587,46.5508],[22.9213,46.5482]]],[[[22.8981,46.5466],[22.8951,46.5475],[22.8993,46.5628],[22.8981,46.5466]]],[[[22.8567,46.5647],[22.868,46.5678],[22.868,46.5618],[22.8567,46.5647]]],[[[22.8806,46.5591],[22.8722,46.565],[22.8969,46.5671],[22.8806,46.5591]]],[[[22.92,46.5647],[22.9124,46.5622],[22.9213,46.5796],[22.92,46.5647]]],[[[22.8107,46.5509],[22.7952,46.5594],[22.8037,46.5813],[22.7721,46.5687],[22.7924,46.5921],[22.8224,46.5639],[22.8107,46.5509]]],[[[22.8929,46.5738],[22.894,46.58],[22.9078,46.5792],[22.8929,46.5738]]],[[[22.9054,46.5846],[22.8866,46.5839],[22.8887,46.5948],[22.9054,46.5846]]],[[[22.9052,46.5985],[22.8955,46.601],[22.9161,46.6015],[22.9052,46.5985]]],[[[22.9028,46.6141],[22.9257,46.6161],[22.9175,46.6025],[22.9028,46.6141]]],[[[22.8886,46.6079],[22.8744,46.6156],[22.8969,46.6058],[22.8886,46.6079]]],[[[22.9176,46.6195],[22.9181,46.6235],[22.9305,46.6215],[22.9176,46.6195]]],[[[22.8378,46.6301],[22.8385,46.6255],[22.8306,46.628],[22.8378,46.6301]]],[[[22.863,46.6397],[22.8419,46.6265],[22.8561,46.6561],[22.8847,46.6415],[22.863,46.6397]]],[[[22.9302,46.6379],[22.8818,46.6275],[22.9143,46.6593],[22.9302,46.6379]],[[22.9162,46.6464],[22.9124,46.6438],[22.9122,46.6414],[22.918,46.6464],[22.9149,46.6576],[22.9162,46.6464]]],[[[22.9594,46.6522],[22.9531,46.6534],[22.955,46.6614],[22.9623,46.6537],[22.9594,46.6522]]],[[[22.8701,46.6561],[22.8556,46.6638],[22.8602,46.6672],[22.8701,46.6561]]],[[[22.867,46.6633],[22.8716,46.6687],[22.8742,46.6666],[22.867,46.6633]]],[[[22.8934,46.6618],[22.8775,46.6632],[22.8798,46.6662],[22.8934,46.6618]]],[[[22.7837,46.6667],[22.7926,46.6672],[22.7889,46.6621],[22.7837,46.6667]]],[[[22.9265,46.6586],[22.9128,46.669],[22.9194,46.6741],[22.9265,46.6586]]],[[[22.9038,46.6609],[22.8992,46.6582],[22.8996,46.6643],[22.8812,46.6673],[22.8987,46.6664],[22.9038,46.6609]]],[[[22.9081,46.6619],[22.8985,46.6749],[22.9003,46.6757],[22.9081,46.6619]]],[[[22.951,46.6659],[22.9462,46.6632],[22.9465,46.6732],[22.951,46.6659]]],[[[22.8351,46.674],[22.8494,46.6614],[22.8162,46.6709],[22.8146,46.6747],[22.8351,46.674]]],[[[22.9456,46.6783],[22.9412,46.6633],[22.9303,46.6665],[22.9456,46.6783]]],[[[22.8662,46.6761],[22.8712,46.6769],[22.8821,46.6729],[22.8662,46.6761]]],[[[22.9663,46.6676],[22.964,46.6704],[22.9685,46.6765],[22.9632,46.6774],[22.9739,46.6812],[22.9663,46.6676]]],[[[22.8508,46.6707],[22.8401,46.6708],[22.8358,46.6886],[22.8508,46.6707]]],[[[22.8172,46.6794],[22.8035,46.6747],[22.8068,46.6873],[22.8172,46.6794]]],[[[22.825,46.7344],[22.7855,46.7313],[22.7991,46.7417],[22.7945,46.7433],[22.7987,46.7504],[22.7934,46.7586],[22.7963,46.7636],[22.7937,46.7696],[22.7965,46.7766],[22.8054,46.733],[22.825,46.7344]]],[[[22.8165,46.7526],[22.8144,46.7484],[22.8104,46.748],[22.808,46.7599],[22.8165,46.7526]]],[[[22.8173,46.7689],[22.8313,46.7652],[22.813,46.7606],[22.8173,46.7689]]],[[[22.8213,46.7873],[22.8218,46.7791],[22.8003,46.7787],[22.8202,46.7882],[22.8273,46.7866],[22.8213,46.7873]]],[[[22.8208,46.8087],[22.7992,46.8099],[22.8023,46.8064],[22.7943,46.8004],[22.8082,46.837],[22.8208,46.8087]]],[[[22.8828,47.9532],[22.875,47.9627],[22.8918,47.9651],[22.8828,47.9532]]],[[[22.8559,47.9664],[22.8413,47.9732],[22.846,47.9835],[22.8559,47.9664]]],[[[22.824,47.9983],[22.8337,47.9898],[22.8036,47.9856],[22.8151,47.9939],[22.8012,48.0064],[22.8213,48.0006],[22.824,47.9983]]],[[[22.8048,47.9965],[22.798,47.9818],[22.7707,48.0208],[22.8048,47.9965]]],[[[22.824,47.9983],[22.8248,48.0119],[22.8427,48.0081],[22.824,47.9983]]],[[[22.8034,48.0221],[22.821,48.0164],[22.8016,48.0101],[22.8034,48.0221]]],[[[23.0971,42.7117],[23.1016,42.7137],[23.0949,42.7095],[23.0971,42.7117]]],[[[23.0015,42.7157],[22.997,42.7078],[22.9793,42.7035],[22.9547,42.7313],[22.9788,42.7294],[23.0015,42.7157]],[[22.9762,42.7234],[22.9857,42.7087],[22.9865,42.7132],[22.9762,42.7234]]],[[[23.0219,42.7292],[23.0043,42.7068],[23.0074,42.7227],[22.9924,42.7335],[23.0006,42.7343],[23.0219,42.7292]]],[[[23.0473,42.7223],[23.0327,42.7325],[23.0433,42.7353],[23.0473,42.7223]]],[[[23.0727,42.7385],[23.0741,42.7407],[23.0792,42.7384],[23.0727,42.7385]]],[[[23.0483,42.735],[23.0408,42.7431],[23.0509,42.7443],[23.0483,42.735]]],[[[23.0733,42.7677],[23.0957,42.7603],[23.0859,42.7553],[23.0733,42.7677]]],[[[23.0219,42.7742],[23.022,42.7817],[23.0355,42.7778],[23.0219,42.7742]]],[[[23.0748,42.8492],[23.0432,42.8614],[23.0794,42.8687],[23.1011,42.8628],[23.0748,42.8492]]],[[[23.0919,42.9149],[23.0396,42.8965],[23.0936,42.9028],[23.0807,42.8788],[23.0303,42.873],[23.0202,42.8978],[22.9866,42.9013],[23.0165,42.915],[23.0024,42.9265],[23.1029,42.9435],[23.1999,42.9158],[23.1737,42.8953],[23.1416,42.9064],[23.1632,42.8896],[23.1032,42.8823],[23.0919,42.9149]],[[23.0377,42.8994],[23.0322,42.9006],[23.0354,42.8876],[23.0377,42.8994]],[[23.1339,42.8927],[23.1334,42.8893],[23.1395,42.8957],[23.1392,42.9022],[23.1339,42.8927]],[[23.1272,42.8952],[23.1201,42.8902],[23.1287,42.8951],[23.1272,42.8952]],[[23.1414,42.9269],[23.1225,42.9254],[23.1391,42.9209],[23.1414,42.9269]],[[23.0752,42.9284],[23.0873,42.9319],[23.0833,42.9356],[23.0752,42.9284]]],[[[22.9781,42.9079],[22.971,42.9204],[22.9826,42.9213],[22.9781,42.9079]]],[[[23.1754,42.9541],[23.1687,42.9573],[23.1789,42.9659],[23.1754,42.9541]]],[[[23.1485,42.9528],[23.1105,42.9596],[23.1345,42.9695],[23.1485,42.9528]]],[[[23.1682,42.9648],[23.1653,42.9529],[23.1452,42.9688],[23.1682,42.9648]]],[[[23.0093,42.9688],[23.0102,42.975],[23.0217,42.9774],[23.0093,42.9688]]],[[[22.9847,42.9715],[22.9882,42.9787],[22.9955,42.9805],[22.9847,42.9715]]],[[[23.0821,42.9665],[23.0687,42.9713],[23.092,42.9739],[23.074,42.9788],[23.0751,42.9817],[23.0987,42.9728],[23.0821,42.9665]]],[[[23.0031,42.9684],[22.9968,42.979],[23.0023,42.9815],[23.0031,42.9684]]],[[[23.0349,42.9834],[23.0441,42.9813],[23.0402,42.9721],[23.0349,42.9834]]],[[[23.0473,42.9816],[23.0575,42.9762],[23.0499,42.9744],[23.0473,42.9816]]],[[[23.1173,43.0051],[23.1251,43.0075],[23.1255,43.0032],[23.1173,43.0051]]],[[[22.9701,43.0325],[22.9486,43.0312],[22.9792,43.0339],[22.9914,43.0159],[22.9701,43.0325]]],[[[23.1435,43.0232],[23.1508,43.021],[23.1494,43.0192],[23.1435,43.0232]]],[[[23.1281,43.0261],[23.1226,43.0292],[23.1279,43.0314],[23.1351,43.0298],[23.1281,43.0261]]],[[[23.0933,43.0287],[23.0655,43.0273],[23.0589,43.0339],[23.0933,43.0287]]],[[[23.169,43.0252],[23.194,43.0256],[23.206,43.0164],[23.1553,43.0216],[23.1425,43.0344],[23.1796,43.0544],[23.169,43.0252]]],[[[23.0776,43.0457],[23.0762,43.0637],[23.1183,43.0442],[23.0776,43.0457]]],[[[23.0424,43.0345],[23.0068,43.0379],[23.0677,43.0668],[23.0424,43.0345]],[[23.0296,43.0429],[23.0359,43.0381],[23.0379,43.0418],[23.0296,43.0429]]],[[[23.0109,43.0517],[22.9979,43.0511],[23.003,43.0481],[22.9954,43.0482],[22.994,43.0442],[22.9906,43.044],[22.9975,43.0599],[23.0109,43.0517]]],[[[23.1404,43.0596],[23.1349,43.0505],[23.1115,43.066],[23.1404,43.0596]]],[[[23.0114,43.0633],[23.0288,43.0617],[23.0245,43.0558],[23.0125,43.0593],[23.0114,43.0633]]],[[[23.145,43.0653],[23.1454,43.0701],[23.1514,43.0601],[23.145,43.0653]]],[[[22.986,43.0755],[22.9953,43.0623],[22.9858,43.0596],[22.986,43.0755]]],[[[23.0079,43.0766],[22.9985,43.0718],[22.9811,43.08],[23.0079,43.0766]]],[[[23.0779,43.0791],[23.0621,43.086],[23.0666,43.0911],[23.0779,43.0791]]],[[[23.1586,43.1047],[23.146,43.0829],[23.1727,43.0634],[23.1057,43.0869],[23.1248,43.1087],[23.1586,43.1047]],[[23.1308,43.0964],[23.1202,43.0988],[23.12,43.0963],[23.1308,43.0964]],[[23.1365,43.0901],[23.1316,43.0893],[23.1412,43.0827],[23.1365,43.0901]]],[[[23.0168,43.091],[23.0447,43.1016],[23.0432,43.1042],[22.9949,43.0862],[23.021,43.1084],[22.9906,43.1016],[22.998,43.1203],[22.9892,43.1256],[23.0019,43.1245],[23.0073,43.1074],[23.0309,43.1284],[23.0424,43.1074],[23.077,43.099],[23.0938,43.083],[23.0959,43.0764],[23.075,43.0961],[23.0168,43.091]],[[23.0222,43.0991],[23.0325,43.1066],[23.0099,43.0957],[23.0222,43.0991]]],[[[23.1149,43.1007],[23.1078,43.098],[23.1122,43.1053],[23.122,43.1089],[23.1149,43.1007]]],[[[23.0548,43.1309],[23.0624,43.1225],[23.06,43.12],[23.0548,43.1309]]],[[[23.0216,43.1307],[23.0156,43.1309],[23.0279,43.1323],[23.0216,43.1307]]],[[[23.072,43.1339],[23.0666,43.14],[23.0804,43.1475],[23.0916,43.13],[23.072,43.1339]]],[[[23.0228,43.1374],[23.0142,43.1371],[23.0086,43.1431],[23.0228,43.1374]]],[[[23.0209,43.1624],[23.0241,43.1619],[23.0242,43.1575],[23.0209,43.1624]]],[[[23.0913,43.1837],[23.0963,43.1855],[23.0996,43.1762],[23.0913,43.1837]]],[[[23.0469,43.1779],[23.1085,43.1515],[23.0388,43.1524],[23.0134,43.1936],[22.9955,43.1276],[22.9775,43.1484],[22.9921,43.1807],[22.9549,43.1811],[22.9831,43.1967],[22.9531,43.2059],[22.9452,43.1872],[22.9279,43.2061],[22.9227,43.1715],[22.9209,43.2105],[22.8845,43.2063],[22.8767,43.2489],[22.9441,43.2233],[22.9274,43.2176],[22.9413,43.2039],[23.0322,43.2234],[23.0469,43.1779]]],[[[23.0815,43.1919],[23.078,43.1902],[23.0682,43.205],[23.0815,43.1919]]],[[[23.1513,43.259],[23.1378,43.2595],[23.1436,43.2664],[23.1513,43.259]]],[[[22.9864,43.2639],[22.9578,43.2616],[22.9609,43.2745],[22.9902,43.2737],[22.9719,43.2729],[22.9864,43.2639]]],[[[23.1797,43.2858],[23.1855,43.2859],[23.1871,43.2834],[23.1797,43.2858]]],[[[23.1578,43.289],[23.1706,43.291],[23.141,43.2833],[23.0891,43.2873],[23.0873,43.2951],[23.1578,43.289]]],[[[23.0212,43.2983],[23.026,43.2889],[22.9814,43.2928],[23.0212,43.2983]]],[[[23.0799,43.3001],[23.0856,43.2961],[23.0825,43.2943],[23.0799,43.3001]]],[[[23.158,43.2945],[23.1477,43.2973],[23.1511,43.3065],[23.158,43.2945]]],[[[23.0854,43.3048],[23.0889,43.3026],[23.0866,43.2971],[23.0854,43.3048]]],[[[23.0398,43.3007],[23.037,43.3086],[23.0436,43.2997],[23.0398,43.3007]]],[[[23.1364,43.3087],[23.149,43.3057],[23.1457,43.3019],[23.1364,43.3087]]],[[[23.109,43.3003],[23.0876,43.3115],[23.1006,43.3187],[23.109,43.3003]]],[[[23.0157,43.3046],[23.0118,43.316],[23.0223,43.3135],[23.0157,43.3046]]],[[[23.0025,43.3078],[22.9936,43.3141],[23.0005,43.3177],[23.0025,43.3078]]],[[[23.0307,43.3212],[23.0308,43.3284],[23.0421,43.3215],[23.0307,43.3212]]],[[[23.0604,43.3166],[23.0489,43.3286],[23.0592,43.3367],[23.0604,43.3166]]],[[[23.0678,43.3361],[23.081,43.3343],[23.0778,43.3251],[23.0678,43.3361]]],[[[22.9734,43.3369],[22.9564,43.3486],[22.9806,43.3541],[22.9898,43.3345],[22.9734,43.3369]]],[[[23.0825,43.3384],[23.0764,43.3525],[23.0789,43.3536],[23.0825,43.3384]]],[[[23.0107,43.3523],[23.0007,43.3499],[23.0065,43.3719],[22.987,43.3747],[23.0039,43.3783],[23.0117,43.3667],[23.0107,43.3523]]],[[[23.1306,43.3736],[23.1243,43.3665],[23.1206,43.3718],[23.1306,43.3736]]],[[[23.0348,43.3733],[23.0544,43.3807],[23.0555,43.3774],[23.0348,43.3733]]],[[[23.0158,43.3774],[22.992,43.3884],[23.0145,43.3905],[23.0158,43.3774]]],[[[23.047,43.3883],[23.056,43.3855],[23.0541,43.3837],[23.047,43.3883]]],[[[23.1835,43.3929],[23.1659,43.4053],[23.2041,43.4115],[23.1835,43.3929]]],[[[22.9946,43.3969],[23.0143,43.4146],[23.0263,43.4124],[22.9946,43.3969]]],[[[23.1307,43.4188],[23.1229,43.4249],[23.156,43.4222],[23.1603,43.4131],[23.1307,43.4188]]],[[[23.0977,43.4343],[23.1057,43.4364],[23.1339,43.4248],[23.0545,43.4381],[23.0977,43.4343]]],[[[22.9977,43.45],[23.0305,43.4526],[23.0351,43.4468],[22.9977,43.45]]],[[[22.9754,43.4401],[22.9845,43.4535],[22.975,43.4509],[22.9639,43.4622],[22.9596,43.4553],[22.9551,43.4587],[22.9636,43.4658],[22.9888,43.4646],[22.983,43.4418],[22.9754,43.4401]]],[[[23.0187,43.4594],[23.0012,43.4544],[23.0186,43.463],[23.0187,43.4594]]],[[[23.0187,43.4642],[23.0205,43.4659],[23.0276,43.4648],[23.0187,43.4642]]],[[[23.1275,43.7005],[23.1207,43.7045],[23.121,43.7103],[23.1453,43.7122],[23.1275,43.7005]]],[[[23.0869,43.7891],[23.0972,43.7857],[23.0863,43.7817],[23.0869,43.7891]]],[[[22.9985,44.742],[22.9944,44.7399],[22.9798,44.7416],[22.9985,44.742]]],[[[23.1175,45.1558],[23.1033,45.1685],[23.1117,45.1726],[23.1175,45.1558]]],[[[23.0838,45.1725],[23.0655,45.16],[23.0644,45.1692],[23.0838,45.1725]]],[[[23.0207,45.1798],[23.0298,45.1764],[23.023,45.171],[23.0207,45.1798]]],[[[23.1554,45.1765],[23.1625,45.1804],[23.1617,45.1734],[23.1554,45.1765]]],[[[23.1431,45.1837],[23.158,45.1842],[23.1517,45.1774],[23.1431,45.1837]]],[[[23.1185,45.1963],[23.098,45.2125],[23.1068,45.2062],[23.1185,45.1963]]],[[[23.1541,45.1996],[23.1459,45.2024],[23.1607,45.2113],[23.1541,45.1996]]],[[[23.0813,45.2186],[23.0923,45.2167],[23.0797,45.2103],[23.0813,45.2186]]],[[[23.1688,45.2231],[23.1793,45.2232],[23.1698,45.2211],[23.1688,45.2231]]],[[[23.1311,45.2947],[23.1458,45.2805],[23.0847,45.2846],[23.1311,45.2947]]],[[[23.0634,45.2962],[23.0835,45.291],[23.0812,45.2894],[23.0634,45.2962]]],[[[23.075,45.297],[23.0623,45.301],[23.0824,45.3034],[23.075,45.297]]],[[[22.9711,45.3056],[22.9603,45.3087],[22.9747,45.3123],[22.9791,45.3097],[22.9711,45.3056]]],[[[23.1334,45.3043],[23.1313,45.3145],[23.1376,45.3132],[23.1334,45.3043]]],[[[22.9946,45.339],[22.9914,45.3341],[22.9911,45.3465],[22.9946,45.339]]],[[[23.0489,45.3541],[23.0668,45.372],[23.0714,45.3582],[23.0489,45.3541]]],[[[23.1578,45.3693],[23.1173,45.3551],[23.1327,45.3729],[23.1005,45.3812],[23.0894,45.3516],[23.0708,45.3744],[23.0995,45.4186],[23.1175,45.3853],[23.1279,45.4174],[23.1503,45.4149],[23.1311,45.4005],[23.1542,45.3928],[23.125,45.3859],[23.1578,45.3693]]],[[[23.0342,45.3967],[23.034,45.3941],[22.9752,45.3938],[22.9735,45.4071],[23.0342,45.3967]]],[[[23.0517,45.4214],[23.0226,45.4081],[23.0,45.4193],[23.0517,45.4214]]],[[[23.0833,45.4369],[23.1104,45.4334],[23.0981,45.4211],[23.0833,45.4369]]],[[[23.0176,45.4237],[23.0115,45.4326],[23.0198,45.4374],[23.0176,45.4237]]],[[[23.0203,45.4663],[23.0221,45.48],[23.0319,45.4668],[23.0203,45.4663]]],[[[23.1592,45.5723],[23.1713,45.5641],[23.1522,45.5593],[23.1592,45.5723]]],[[[23.1295,45.5692],[23.1254,45.5728],[23.1412,45.5718],[23.1295,45.5692]]],[[[23.0792,45.5723],[23.0658,45.5685],[23.0539,45.571],[23.0792,45.5723]]],[[[23.1093,45.5959],[23.0578,45.5816],[23.0983,45.6341],[23.1093,45.5959]]],[[[23.1837,45.6546],[23.1797,45.6607],[23.1841,45.6679],[23.1837,45.6546]]],[[[23.0731,45.9382],[23.0894,45.9391],[23.0822,45.9358],[23.0731,45.9382]]],[[[23.0853,45.9685],[23.0706,45.968],[23.0667,45.974],[23.0822,45.9701],[23.0926,45.9802],[23.0853,45.9685]]],[[[23.0816,45.977],[23.0681,45.9863],[23.0787,45.9826],[23.0985,45.9957],[23.0816,45.977]]],[[[23.077,45.9944],[23.0695,45.9997],[23.078,46.0013],[23.077,45.9944]]],[[[23.1319,46.0064],[23.0924,46.0121],[23.11,46.0239],[23.1291,46.0207],[23.1365,46.0256],[23.117,46.0239],[23.1053,46.0297],[23.1175,46.0425],[23.0883,46.0323],[23.075,46.046],[23.0875,46.0421],[23.1295,46.0438],[23.0763,46.0517],[23.1313,46.059],[23.1311,46.044],[23.1494,46.0451],[23.1189,46.0368],[23.1474,46.0383],[23.1416,46.0212],[23.1144,46.0184],[23.107,46.0145],[23.1319,46.0064]],[[23.1163,46.0315],[23.1187,46.0263],[23.1241,46.0339],[23.1163,46.0315]]],[[[22.9793,46.0074],[22.9783,46.0115],[22.9861,46.0138],[22.9793,46.0074]]],[[[23.0493,46.0081],[23.0461,46.0135],[23.0581,46.0148],[23.0493,46.0081]]],[[[23.0629,46.0138],[23.0537,46.0213],[23.08,46.0199],[23.0629,46.0138]]],[[[23.0378,46.0152],[23.0236,46.0212],[23.0367,46.0254],[23.0378,46.0152]]],[[[23.0898,46.0289],[23.0977,46.0258],[23.0825,46.0232],[23.0801,46.0313],[23.0898,46.0289]]],[[[23.0572,46.0232],[23.0425,46.0304],[23.0669,46.0412],[23.0572,46.0232]]],[[[23.0289,46.0374],[23.0244,46.0434],[23.0503,46.046],[23.0289,46.0374]]],[[[22.972,46.0402],[22.9655,46.0475],[22.9699,46.0547],[22.972,46.0402]]],[[[22.9965,46.046],[22.9905,46.0447],[22.9922,46.051],[22.9965,46.046]]],[[[23.0126,46.0603],[23.0043,46.0696],[23.0153,46.0747],[23.0412,46.0547],[23.0126,46.0603]]],[[[23.0581,46.0704],[23.0648,46.0675],[23.0763,46.0565],[23.0501,46.0671],[23.0581,46.0704]]],[[[22.9991,46.0701],[22.9939,46.0742],[23.005,46.0739],[22.9991,46.0701]]],[[[22.9942,46.0699],[22.9838,46.0726],[22.9899,46.0775],[22.9942,46.0699]]],[[[22.9834,46.0741],[22.9659,46.0787],[22.9761,46.0799],[22.9834,46.0741]]],[[[23.1176,46.0707],[23.1358,46.0804],[23.1359,46.0687],[23.1103,46.0685],[23.1157,46.0814],[23.108,46.0839],[23.0904,46.0579],[23.063,46.081],[23.0448,46.0714],[23.0394,46.0738],[23.061,46.0507],[23.0257,46.0767],[23.0604,46.0843],[23.0649,46.0832],[23.0658,46.0802],[23.0747,46.0745],[23.084,46.0747],[23.0673,46.0819],[23.0819,46.097],[23.0999,46.0823],[23.1124,46.0989],[23.0848,46.1105],[23.087,46.1202],[23.1295,46.0894],[23.1176,46.0707]]],[[[22.9849,46.0769],[22.9796,46.0813],[23.0096,46.0974],[22.9849,46.0769]]],[[[23.1401,46.0866],[23.1337,46.0902],[23.1467,46.0963],[23.1401,46.0866]]],[[[23.0292,46.0909],[23.0168,46.0876],[23.018,46.1003],[23.0292,46.0909]]],[[[23.07,46.0897],[23.0674,46.086],[23.0464,46.1044],[23.0617,46.1104],[23.0545,46.1023],[23.07,46.0897]]],[[[23.0668,46.1068],[23.0787,46.0975],[23.0738,46.0911],[23.0668,46.1068]]],[[[22.9963,46.1055],[22.997,46.0975],[22.9822,46.0955],[22.9963,46.1055]]],[[[23.0413,46.0945],[23.0373,46.0887],[23.0158,46.1101],[23.0413,46.0945]]],[[[23.1212,46.1095],[23.1211,46.1135],[23.1311,46.1191],[23.1396,46.1049],[23.1212,46.1095]]],[[[22.9735,46.1114],[22.9876,46.1125],[22.973,46.1085],[22.9735,46.1114]]],[[[23.1805,46.1116],[23.1534,46.1177],[23.1746,46.1236],[23.1805,46.1116]]],[[[23.1056,46.1255],[23.121,46.1252],[23.1165,46.1116],[23.1056,46.1255]]],[[[23.13,46.1217],[23.136,46.1296],[23.1442,46.1263],[23.13,46.1217]]],[[[23.0031,46.1319],[22.9866,46.1379],[22.9895,46.14],[23.0031,46.1319]]],[[[23.0081,46.1376],[23.0074,46.1348],[23.0002,46.1368],[22.9961,46.1423],[23.0081,46.1376]]],[[[23.0695,46.1393],[23.0809,46.1506],[23.0857,46.1447],[23.0695,46.1393]]],[[[23.0101,46.1397],[22.9944,46.1486],[23.0007,46.1511],[23.0101,46.1397]]],[[[22.9851,46.1454],[22.9824,46.1467],[22.9839,46.1538],[22.9851,46.1454]]],[[[23.1535,46.1592],[23.1076,46.1414],[23.1299,46.1386],[23.1388,46.131],[23.0895,46.1319],[23.1042,46.1609],[23.1535,46.1592]]],[[[23.0249,46.1474],[23.0225,46.1435],[23.0024,46.1584],[23.0249,46.1474]]],[[[23.0911,46.1554],[23.0983,46.1536],[23.0921,46.1478],[23.0911,46.1554]]],[[[22.9724,46.1479],[22.97,46.1581],[22.9744,46.1534],[22.9724,46.1479]]],[[[23.0256,46.1496],[23.0212,46.16],[23.0352,46.156],[23.0419,46.147],[23.0256,46.1496]]],[[[23.0715,46.1579],[23.0538,46.1567],[23.0628,46.148],[23.0613,46.1412],[23.0556,46.1406],[23.0392,46.1629],[23.0102,46.1703],[23.0215,46.1855],[23.0715,46.1579]],[[23.0493,46.1522],[23.0519,46.1522],[23.0512,46.1582],[23.0493,46.1522]]],[[[23.0898,46.1774],[23.0994,46.1623],[23.09,46.1568],[23.0898,46.1774]]],[[[23.1179,46.1657],[23.1121,46.1649],[23.1082,46.1737],[23.1179,46.1657]]],[[[22.9882,46.1734],[22.9699,46.1797],[22.9792,46.1916],[22.9882,46.1734]]],[[[23.086,46.1772],[23.076,46.1798],[23.0839,46.1884],[23.086,46.1772]]],[[[23.0762,46.1939],[23.0805,46.1902],[23.0642,46.1789],[23.0762,46.1939]]],[[[23.1584,46.2029],[23.1469,46.1869],[23.157,46.2116],[23.1584,46.2029]]],[[[23.177,46.1996],[23.1707,46.1986],[23.1798,46.2046],[23.177,46.1996]]],[[[23.0004,46.1907],[22.9877,46.1949],[22.9971,46.2105],[23.0151,46.2149],[23.0004,46.1907]]],[[[23.0918,46.2029],[23.0884,46.2053],[23.0955,46.2086],[23.0918,46.2029]]],[[[23.0205,46.2001],[23.0177,46.2121],[23.0267,46.2131],[23.0205,46.2001]]],[[[22.9765,46.2146],[22.9722,46.2057],[22.9592,46.207],[22.9646,46.2177],[22.9861,46.2143],[22.9765,46.2146]]],[[[23.1461,46.2152],[23.1585,46.2165],[23.1502,46.2089],[23.1461,46.2152]]],[[[23.1767,46.2268],[23.2076,46.224],[23.2115,46.204],[23.1767,46.2268]]],[[[23.0564,46.2105],[23.0709,46.2068],[23.0403,46.2034],[23.0371,46.2263],[23.0564,46.2105]]],[[[23.1186,46.1937],[23.1273,46.213],[23.0833,46.2146],[23.0697,46.2376],[23.1103,46.231],[23.0985,46.2179],[23.1255,46.238],[23.1331,46.207],[23.1186,46.1937]]],[[[23.1501,46.244],[23.1624,46.2361],[23.1505,46.223],[23.1501,46.244]]],[[[23.0596,46.2486],[23.0677,46.2409],[23.0534,46.2347],[23.0596,46.2486]]],[[[23.1675,46.2428],[23.1786,46.247],[23.1747,46.2388],[23.1675,46.2428]]],[[[22.994,46.2449],[23.0021,46.2444],[22.9923,46.2307],[22.994,46.2449]]],[[[23.1268,46.2495],[23.1174,46.2473],[23.112,46.2514],[23.1166,46.2579],[23.1268,46.2495]]],[[[23.0745,46.2766],[23.0688,46.2774],[23.0636,46.2883],[23.0745,46.2766]]],[[[23.0014,46.2944],[23.0406,46.2872],[23.0506,46.2742],[22.9916,46.2861],[23.0315,46.2715],[23.0144,46.2624],[22.9839,46.2821],[22.9793,46.2715],[22.968,46.2833],[22.9431,46.2838],[22.9181,46.2993],[22.9465,46.3091],[22.9418,46.2873],[22.9654,46.2838],[22.9713,46.312],[22.974,46.301],[22.9782,46.314],[22.9863,46.3025],[23.019,46.3025],[23.0014,46.2944]],[[23.0001,46.293],[22.9925,46.3019],[22.9839,46.2821],[23.0001,46.293]]],[[[23.0724,46.2988],[23.0823,46.2983],[23.0654,46.2933],[23.0724,46.2988]]],[[[23.0841,46.3013],[23.0667,46.3003],[23.085,46.3052],[23.1117,46.3008],[23.0841,46.3013]]],[[[23.0109,46.3134],[22.993,46.3047],[22.9827,46.3156],[23.0109,46.3134]]],[[[23.1029,46.3153],[23.0757,46.3118],[23.1165,46.3179],[23.1029,46.3153]]],[[[22.9702,46.3195],[22.9698,46.3134],[22.9618,46.3133],[22.9664,46.3211],[22.9784,46.3212],[22.9702,46.3195]]],[[[23.0858,46.3288],[23.077,46.32],[23.0587,46.3204],[23.0858,46.3288]]],[[[23.0163,46.3534],[23.0184,46.3464],[23.0085,46.3459],[23.0112,46.3368],[23.002,46.3339],[22.984,46.3414],[23.0026,46.3202],[22.9627,46.3319],[22.9906,46.3578],[23.0273,46.3551],[23.0163,46.3534]],[[22.9948,46.3391],[23.0068,46.3366],[22.993,46.3471],[22.9948,46.3391]]],[[[23.1861,46.3852],[23.1659,46.3999],[23.1759,46.4052],[23.1861,46.3852]]],[[[23.0097,46.3931],[22.9869,46.3908],[23.0042,46.4031],[23.0097,46.3931]]],[[[23.0076,46.4098],[22.9841,46.4103],[22.9869,46.3938],[22.9778,46.3905],[22.9681,46.4083],[23.007,46.4239],[23.0076,46.4098]]],[[[23.1514,46.4257],[23.1761,46.4136],[23.1628,46.402],[23.1514,46.4257]]],[[[23.1148,46.4183],[23.1122,46.4245],[23.1192,46.4277],[23.1148,46.4183]]],[[[22.9899,46.4244],[23.0027,46.4299],[23.0048,46.4279],[22.9899,46.4244]]],[[[22.9953,46.4384],[22.9796,46.4412],[22.995,46.444],[23.01,46.434],[22.9953,46.4384]]],[[[23.0724,46.4249],[23.0576,46.4319],[23.079,46.4501],[23.0724,46.4249]]],[[[23.1389,46.4397],[23.1191,46.4343],[23.1411,46.4462],[23.1389,46.4397]]],[[[23.0313,46.4432],[23.0227,46.4374],[23.0185,46.4383],[23.0334,46.4456],[23.0349,46.4403],[23.0313,46.4432]]],[[[23.1229,46.4446],[23.1188,46.4434],[23.1159,46.455],[23.1229,46.4446]]],[[[23.0968,46.4488],[23.094,46.4533],[23.1048,46.4576],[23.0977,46.4483],[23.0968,46.4488]]],[[[23.0473,46.4533],[23.0448,46.447],[23.0348,46.4465],[23.0478,46.4605],[23.0473,46.4533]]],[[[23.0853,46.462],[23.0733,46.467],[23.0887,46.4758],[23.0853,46.462]]],[[[23.0783,46.4975],[23.0758,46.5003],[23.0852,46.5054],[23.0783,46.4975]]],[[[23.1472,46.5001],[23.1534,46.5064],[23.1569,46.5051],[23.1472,46.5001]]],[[[23.1006,46.4992],[23.1176,46.5056],[23.1119,46.4961],[23.1006,46.4992]]],[[[23.1974,46.4891],[23.1649,46.5103],[23.1847,46.5261],[23.1974,46.4891]]],[[[23.0596,46.5151],[23.0531,46.5154],[23.048,46.519],[23.0633,46.5166],[23.0643,46.5057],[23.075,46.5089],[23.0786,46.5054],[23.0702,46.5009],[23.0618,46.506],[23.0596,46.5151]]],[[[23.1501,46.505],[23.1427,46.5038],[23.1461,46.4924],[23.1172,46.5155],[23.0612,46.5201],[23.085,46.5292],[23.1234,46.5202],[23.1501,46.505]],[[23.1049,46.5166],[23.1214,46.5196],[23.106,46.5234],[23.1049,46.5166]]],[[[23.1648,46.525],[23.1564,46.511],[23.1442,46.5099],[23.171,46.5372],[23.1648,46.525]]],[[[22.9853,46.5526],[22.9341,46.5034],[22.9604,46.5503],[23.0034,46.5632],[23.0109,46.545],[22.9853,46.5526]]],[[[22.9836,46.5337],[22.9742,46.536],[22.9791,46.5395],[22.9836,46.5337]]],[[[23.0663,46.556],[23.0623,46.5553],[23.061,46.5568],[23.0706,46.557],[23.0663,46.556]]],[[[23.0474,46.5429],[23.0388,46.5441],[23.0512,46.5721],[23.0474,46.5429]]],[[[23.0627,46.5688],[23.068,46.574],[23.0739,46.5711],[23.0627,46.5688]]],[[[23.025,46.5796],[23.0188,46.5811],[23.0202,46.5834],[23.025,46.5796]]],[[[23.166,46.5909],[23.1613,46.5915],[23.1693,46.5928],[23.166,46.5909]]],[[[23.1584,46.5986],[23.1652,46.6012],[23.1659,46.5939],[23.1584,46.5986]]],[[[23.0492,46.5914],[23.0477,46.5977],[23.0601,46.6091],[23.0749,46.5855],[23.0492,46.5914]]],[[[23.1568,46.6069],[23.1629,46.6058],[23.1574,46.5999],[23.1568,46.6069]]],[[[22.9858,46.6472],[22.9773,46.6503],[22.9924,46.6582],[22.9858,46.6472]]],[[[23.0129,46.6578],[23.0091,46.6559],[23.0061,46.6563],[23.0052,46.6574],[23.0119,46.6607],[23.0129,46.6578]]],[[[23.2413,42.8408],[23.2309,42.851],[23.2592,42.8724],[23.2699,42.8593],[23.2413,42.8408]]],[[[23.3706,42.8592],[23.3529,42.8741],[23.3657,42.8758],[23.3706,42.8592]]],[[[23.2274,42.8828],[23.2279,42.859],[23.2004,42.8627],[23.2186,42.8686],[23.2221,42.8862],[23.2512,42.8833],[23.2274,42.8828]]],[[[23.2112,42.8734],[23.2112,42.894],[23.1903,42.8712],[23.177,42.8829],[23.1818,42.8918],[23.2171,42.8975],[23.2112,42.8734]]],[[[23.359,42.8896],[23.3545,42.8769],[23.3462,42.8843],[23.359,42.8951],[23.359,42.8896]]],[[[23.3171,42.926],[23.3038,42.9388],[23.341,42.9278],[23.3171,42.926]]],[[[23.357,42.948],[23.3673,42.9416],[23.3556,42.9424],[23.357,42.948]]],[[[23.4193,42.9476],[23.4153,42.9339],[23.3879,42.9524],[23.4193,42.9476]]],[[[23.2252,42.9421],[23.2164,42.946],[23.2533,42.9458],[23.2252,42.9421]]],[[[23.1862,42.9524],[23.1866,42.9618],[23.1941,42.9636],[23.1862,42.9524]]],[[[23.2468,42.9559],[23.2434,42.9652],[23.2488,42.9635],[23.2468,42.9559]]],[[[23.2809,42.9867],[23.2787,42.9835],[23.2797,42.987],[23.2851,42.99],[23.2908,42.9885],[23.2809,42.9867]]],[[[23.3876,42.9945],[23.3734,42.9991],[23.3797,43.0021],[23.3876,42.9945]]],[[[23.242,42.9983],[23.2374,42.9992],[23.2647,43.0106],[23.242,42.9983]]],[[[23.2937,43.0026],[23.2901,43.0107],[23.3174,43.0185],[23.3358,43.0173],[23.2937,43.0026]]],[[[23.1989,43.008],[23.1945,43.0105],[23.1967,43.0119],[23.1989,43.008]]],[[[23.2323,43.0098],[23.2595,43.0386],[23.3155,43.0245],[23.2323,43.0098]]],[[[23.3905,43.0157],[23.3801,43.0182],[23.3801,43.0198],[23.3905,43.0157]]],[[[23.3083,43.0313],[23.3036,43.035],[23.3117,43.0374],[23.3265,43.0305],[23.3083,43.0313]]],[[[23.3815,43.0366],[23.3937,43.0387],[23.4097,43.0332],[23.3815,43.0366]]],[[[23.1935,43.0415],[23.2451,43.078],[23.1951,43.057],[23.1658,43.0986],[23.2567,43.1058],[23.291,43.0739],[23.2984,43.0844],[23.3481,43.0741],[23.3043,43.0774],[23.3146,43.0563],[23.2886,43.0612],[23.2897,43.069],[23.2779,43.0729],[23.2821,43.0602],[23.2931,43.0583],[23.2458,43.0585],[23.2444,43.0362],[23.1935,43.0415]],[[23.2018,43.0416],[23.2136,43.0461],[23.2057,43.048],[23.2018,43.0416]],[[23.2366,43.0678],[23.2333,43.063],[23.2453,43.0674],[23.2366,43.0678]],[[23.1975,43.0675],[23.1977,43.0705],[23.1874,43.0705],[23.1975,43.0675]]],[[[23.3482,43.0394],[23.351,43.0392],[23.3492,43.031],[23.3482,43.0394]]],[[[23.196,43.0438],[23.1928,43.0432],[23.2076,43.058],[23.196,43.0438]]],[[[23.293,43.0559],[23.3017,43.0546],[23.2929,43.0522],[23.2823,43.0541],[23.293,43.0559]]],[[[23.3438,43.064],[23.3381,43.0705],[23.3472,43.0686],[23.3438,43.064]]],[[[23.3593,43.0887],[23.3531,43.0955],[23.3691,43.0882],[23.3593,43.0887]]],[[[23.3793,43.0974],[23.3833,43.0959],[23.374,43.0903],[23.3793,43.0974]]],[[[23.3294,43.1054],[23.3313,43.111],[23.3476,43.0959],[23.3294,43.1054]]],[[[23.3131,43.1106],[23.3278,43.1056],[23.3229,43.1049],[23.3131,43.1106]]],[[[23.3234,43.1174],[23.3242,43.113],[23.303,43.12],[23.3234,43.1174]]],[[[23.3487,43.1153],[23.341,43.1192],[23.337,43.1267],[23.3487,43.1153]]],[[[23.253,43.1164],[23.1378,43.1171],[23.2003,43.1473],[23.253,43.1164]]],[[[23.3919,43.1248],[23.385,43.1326],[23.3933,43.134],[23.3919,43.1248]]],[[[23.3529,43.1263],[23.3419,43.1262],[23.3385,43.1409],[23.3529,43.1263]]],[[[23.326,43.1435],[23.3246,43.1511],[23.3357,43.1416],[23.3353,43.1377],[23.331,43.1375],[23.326,43.1435]]],[[[23.4071,43.1635],[23.3892,43.164],[23.4057,43.1674],[23.4071,43.1635]]],[[[23.3678,43.1819],[23.3682,43.1761],[23.3585,43.1799],[23.3566,43.1861],[23.3592,43.1899],[23.3678,43.1819]]],[[[23.3865,43.179],[23.3665,43.1897],[23.3681,43.1906],[23.3865,43.179]]],[[[23.3335,43.2072],[23.3467,43.205],[23.3463,43.1913],[23.3252,43.2125],[23.3335,43.2072]]],[[[23.3418,43.2138],[23.3411,43.2227],[23.3544,43.2252],[23.3418,43.2138]]],[[[23.4176,43.2289],[23.378,43.2304],[23.3951,43.2386],[23.4176,43.2289]]],[[[23.2679,43.2382],[23.2714,43.2366],[23.2663,43.2302],[23.2679,43.2382]]],[[[23.3926,43.2385],[23.3721,43.2341],[23.3723,43.2349],[23.3926,43.2385]]],[[[23.369,43.243],[23.3788,43.2417],[23.3716,43.2355],[23.369,43.243]]],[[[23.2167,43.2409],[23.2079,43.2413],[23.2124,43.2504],[23.2167,43.2409]]],[[[23.3498,43.2458],[23.3911,43.2581],[23.3794,43.2504],[23.3498,43.2458]]],[[[23.2147,43.2517],[23.1925,43.2628],[23.2125,43.2676],[23.2147,43.2517]]],[[[23.3503,43.2508],[23.3394,43.2681],[23.3522,43.2613],[23.3503,43.2508]]],[[[23.1873,43.2644],[23.1844,43.2726],[23.1885,43.2741],[23.1873,43.2644]]],[[[23.1831,43.2876],[23.1777,43.2937],[23.1906,43.2967],[23.1831,43.2876]]],[[[23.3092,43.3954],[23.2944,43.395],[23.303,43.4076],[23.3092,43.3954]]],[[[23.3127,43.4038],[23.3134,43.4085],[23.3043,43.4176],[23.2871,43.4081],[23.3287,43.4383],[23.3307,43.4081],[23.3576,43.4266],[23.3817,43.4212],[23.3456,43.4102],[23.3127,43.4038]],[[23.3233,43.4146],[23.3175,43.4207],[23.3156,43.4148],[23.3233,43.4146]]],[[[23.3516,43.4312],[23.3574,43.428],[23.3514,43.4255],[23.3516,43.4312]]],[[[23.3206,43.4368],[23.3082,43.4325],[23.3105,43.4526],[23.3206,43.4368]]],[[[23.3354,43.4384],[23.3293,43.4402],[23.3294,43.4462],[23.3354,43.4384]]],[[[23.2176,45.197],[23.2264,45.199],[23.2194,45.1915],[23.2176,45.197]]],[[[23.4034,45.2006],[23.3846,45.2041],[23.4183,45.2172],[23.4034,45.2006]]],[[[23.2377,45.209],[23.2299,45.2196],[23.2582,45.2195],[23.2377,45.209]]],[[[23.4004,45.2243],[23.4021,45.224],[23.393,45.2133],[23.4004,45.2243]]],[[[23.3201,45.3081],[23.3055,45.3404],[23.3493,45.3304],[23.3234,45.3035],[23.3483,45.2909],[23.2979,45.2838],[23.2884,45.1808],[23.2741,45.2367],[23.3011,45.302],[23.2316,45.2975],[23.2172,45.2844],[23.2372,45.28],[23.1599,45.2535],[23.1795,45.2812],[23.1496,45.318],[23.1782,45.294],[23.1979,45.3062],[23.1864,45.2875],[23.2068,45.2794],[23.2285,45.3039],[23.3201,45.3081]]],[[[23.3608,45.363],[23.3698,45.3555],[23.3664,45.3488],[23.3608,45.363]]],[[[23.2343,45.3937],[23.2395,45.3873],[23.1637,45.3885],[23.2343,45.3937]]],[[[23.2008,45.4303],[23.209,45.4377],[23.2171,45.4371],[23.2008,45.4303]]],[[[23.2832,45.483],[23.2893,45.4835],[23.2855,45.4711],[23.2832,45.483]]],[[[23.3113,45.4864],[23.3137,45.4848],[23.3029,45.4723],[23.3113,45.4864]]],[[[23.2272,45.4845],[23.2305,45.4766],[23.2231,45.4798],[23.2272,45.4845]]],[[[23.3736,45.4778],[23.362,45.4831],[23.3717,45.4924],[23.3736,45.4778]]],[[[23.2664,45.4905],[23.2773,45.49],[23.274,45.4853],[23.2664,45.4905]]],[[[23.2398,45.4841],[23.2389,45.4902],[23.2551,45.4979],[23.2398,45.4841]]],[[[23.4088,45.4866],[23.404,45.4787],[23.3869,45.5059],[23.4088,45.4866]]],[[[23.2107,45.4949],[23.2179,45.4966],[23.2182,45.4902],[23.2107,45.4949]]],[[[23.3573,45.4967],[23.3686,45.5025],[23.3685,45.5003],[23.3573,45.4967]]],[[[23.3713,45.5016],[23.3635,45.5139],[23.3836,45.5067],[23.3846,45.4939],[23.3815,45.4911],[23.3713,45.5016]]],[[[23.345,45.5081],[23.3444,45.505],[23.3237,45.4969],[23.345,45.5081]]],[[[23.1963,45.506],[23.1944,45.5081],[23.2072,45.5135],[23.1963,45.506]]],[[[23.275,45.5039],[23.2466,45.5139],[23.2689,45.5152],[23.279,45.5314],[23.275,45.5039]]],[[[23.3844,45.5148],[23.3956,45.5323],[23.3999,45.5292],[23.3844,45.5148]]],[[[23.3367,45.5485],[23.3356,45.5396],[23.3226,45.5488],[23.3021,45.4996],[23.2916,45.5238],[23.3214,45.5582],[23.3367,45.5485]]],[[[23.3649,45.5249],[23.3511,45.5442],[23.3613,45.5493],[23.3649,45.5249]]],[[[23.1905,45.5456],[23.1861,45.5476],[23.1993,45.559],[23.1905,45.5456]]],[[[23.234,45.5489],[23.2279,45.5491],[23.2342,45.5554],[23.2434,45.5582],[23.234,45.5489]]],[[[23.2844,45.5604],[23.2865,45.5581],[23.2771,45.55],[23.2844,45.5604]]],[[[23.245,45.5648],[23.2443,45.5752],[23.2514,45.57],[23.245,45.5648]]],[[[23.3032,45.5672],[23.286,45.5703],[23.2941,45.5768],[23.3032,45.5672]]],[[[23.3813,45.5691],[23.3775,45.5728],[23.3837,45.5826],[23.3813,45.5691]]],[[[23.2724,45.5801],[23.2726,45.5871],[23.275,45.5816],[23.2637,45.5663],[23.2724,45.5801]]],[[[23.2177,45.5899],[23.2316,45.5843],[23.1964,45.5697],[23.2177,45.5899]]],[[[23.2469,45.577],[23.2416,45.5781],[23.2654,45.589],[23.2469,45.577]]],[[[23.3471,45.582],[23.3412,45.5795],[23.3458,45.5881],[23.3627,45.6002],[23.3663,45.5981],[23.3471,45.582]]],[[[23.1914,45.5942],[23.1909,45.5962],[23.207,45.5978],[23.1914,45.5942]]],[[[23.3674,45.5921],[23.377,45.5973],[23.3772,45.5928],[23.3674,45.5921]]],[[[23.3042,45.5987],[23.2975,45.5966],[23.2865,45.5994],[23.3049,45.6002],[23.3187,45.5959],[23.3042,45.5987]]],[[[23.3453,45.6078],[23.3552,45.6127],[23.3554,45.6073],[23.3453,45.6078]]],[[[23.3656,45.6197],[23.3671,45.6385],[23.3875,45.625],[23.3656,45.6197]]],[[[23.3177,45.6364],[23.2987,45.6348],[23.3124,45.6459],[23.3511,45.6532],[23.3544,45.6512],[23.3177,45.6364]]],[[[23.4102,45.6528],[23.4137,45.6485],[23.3935,45.635],[23.4102,45.6528]]],[[[23.3852,45.6544],[23.3897,45.6504],[23.3707,45.6436],[23.3852,45.6544]]],[[[23.2177,45.6476],[23.2253,45.6517],[23.2324,45.6514],[23.2177,45.6476]]],[[[23.3023,45.672],[23.334,45.6778],[23.3211,45.6671],[23.3023,45.672]]],[[[23.1992,45.6782],[23.208,45.6785],[23.2052,45.6732],[23.1992,45.6782]]],[[[23.275,45.6752],[23.2694,45.6778],[23.2733,45.6838],[23.275,45.6752]]],[[[23.4156,45.6936],[23.4138,45.6837],[23.3922,45.6948],[23.4156,45.6936]]],[[[23.2243,45.7103],[23.2404,45.7021],[23.1866,45.6723],[23.2183,45.7114],[23.251,45.716],[23.2243,45.7103]]],[[[23.364,45.7043],[23.368,45.7087],[23.3732,45.7095],[23.364,45.7043]]],[[[23.298,45.7038],[23.287,45.7147],[23.2906,45.7196],[23.3105,45.714],[23.298,45.7038]]],[[[23.3175,45.7273],[23.317,45.72],[23.3154,45.724],[23.3175,45.7273]]],[[[23.3639,45.7228],[23.3515,45.7512],[23.3762,45.7547],[23.3639,45.7228]]],[[[23.3357,45.7446],[23.3461,45.7534],[23.3519,45.7428],[23.3357,45.7446]]],[[[23.292,45.7705],[23.288,45.769],[23.2986,45.7806],[23.292,45.7705]]],[[[23.3184,45.9778],[23.3033,45.9909],[23.3155,45.9875],[23.3184,45.9778]]],[[[23.3559,45.9869],[23.3482,45.9894],[23.351,45.9997],[23.3559,45.9869]]],[[[23.339,45.9904],[23.3316,45.9802],[23.3149,45.9997],[23.339,45.9904]]],[[[23.202,45.9738],[23.1805,45.9796],[23.2037,45.9837],[23.2182,46.0214],[23.202,45.9738]]],[[[23.193,45.987],[23.1764,45.9997],[23.1927,46.014],[23.193,45.987]]],[[[23.3421,45.9927],[23.3323,46.0104],[23.3491,46.0032],[23.3421,45.9927]]],[[[23.2436,46.0174],[23.2551,46.0066],[23.2367,46.0013],[23.2356,46.0261],[23.2436,46.0174]]],[[[23.3611,46.0169],[23.3554,46.0114],[23.3544,46.0232],[23.3648,46.026],[23.3611,46.0169]]],[[[23.3331,46.0193],[23.2649,45.9846],[23.2809,46.0162],[23.2633,46.0244],[23.3019,46.0389],[23.2961,46.0615],[23.3227,46.029],[23.3331,46.0193]],[[23.2835,46.0169],[23.2998,46.0201],[23.2943,46.0257],[23.2835,46.0169]]],[[[23.3453,46.0285],[23.3478,46.0158],[23.3374,46.0169],[23.3453,46.0285]]],[[[23.2417,46.0288],[23.2619,46.0279],[23.2579,46.0243],[23.2417,46.0288]]],[[[23.3867,46.0279],[23.3865,46.0321],[23.3928,46.033],[23.3867,46.0279]]],[[[23.2429,46.036],[23.2357,46.0315],[23.2428,46.0384],[23.2429,46.036]]],[[[23.2464,46.0405],[23.2556,46.0556],[23.2947,46.0461],[23.2464,46.0405]]],[[[23.3178,46.0465],[23.3395,46.0553],[23.3427,46.0322],[23.3178,46.0465]]],[[[23.2012,46.0448],[23.2303,46.0357],[23.1955,46.0369],[23.1966,46.0271],[23.1798,46.0241],[23.2109,46.0705],[23.2257,46.0461],[23.2222,46.0564],[23.2289,46.0699],[23.2528,46.0619],[23.2309,46.0371],[23.2012,46.0448]]],[[[23.3201,46.0534],[23.3106,46.0697],[23.3241,46.071],[23.3201,46.0534]]],[[[23.3851,46.0578],[23.381,46.0668],[23.3993,46.0702],[23.3851,46.0578]]],[[[23.1943,46.0814],[23.1762,46.0307],[23.1312,46.063],[23.1555,46.0751],[23.1491,46.0578],[23.1654,46.0528],[23.1586,46.0849],[23.149,46.0878],[23.1592,46.1092],[23.16,46.0967],[23.1792,46.0797],[23.169,46.094],[23.2063,46.1004],[23.1944,46.0898],[23.248,46.0814],[23.1943,46.0814]],[[23.1666,46.0648],[23.1736,46.0696],[23.1719,46.0738],[23.1666,46.0648]],[[23.1995,46.0817],[23.2073,46.0853],[23.1995,46.0875],[23.1995,46.0817]],[[23.1592,46.0914],[23.1646,46.0793],[23.1698,46.0759],[23.1592,46.0914]]],[[[23.3723,46.07],[23.3621,46.0672],[23.3649,46.0804],[23.3723,46.07]]],[[[23.3514,46.0829],[23.3528,46.0695],[23.3422,46.0744],[23.3418,46.0842],[23.3514,46.0829]]],[[[23.369,46.0821],[23.3665,46.0874],[23.3763,46.0903],[23.369,46.0821]]],[[[23.3876,46.1358],[23.4094,46.1212],[23.3615,46.119],[23.3817,46.1188],[23.391,46.1082],[23.3532,46.0943],[23.3567,46.1144],[23.3268,46.1199],[23.3388,46.1398],[23.3876,46.1358]],[[23.3468,46.1366],[23.3409,46.133],[23.3632,46.1291],[23.3468,46.1366]]],[[[23.2987,46.1114],[23.3124,46.113],[23.3109,46.1349],[23.3024,46.1412],[23.3213,46.1308],[23.3087,46.1042],[23.2987,46.1114]]],[[[23.3031,46.1326],[23.3068,46.1354],[23.3088,46.1309],[23.3031,46.1326]]],[[[23.251,46.1253],[23.2371,46.1095],[23.2279,46.1156],[23.2562,46.1497],[23.273,46.1201],[23.251,46.1253]],[[23.2573,46.1396],[23.2523,46.1263],[23.2561,46.1284],[23.2573,46.1396]],[[23.2547,46.1253],[23.2562,46.1243],[23.2621,46.1288],[23.2547,46.1253]]],[[[23.2934,46.1408],[23.3028,46.1378],[23.3005,46.1236],[23.2976,46.1391],[23.2807,46.1234],[23.2934,46.1408]]],[[[23.2408,46.1315],[23.2214,46.129],[23.239,46.1342],[23.2482,46.1483],[23.2408,46.1315]]],[[[23.2195,46.1441],[23.2333,46.1482],[23.2227,46.1424],[23.2195,46.1441]]],[[[23.4155,46.1289],[23.3553,46.1655],[23.4278,46.1658],[23.4344,46.1556],[23.4144,46.1456],[23.4343,46.1327],[23.4155,46.1289]],[[23.4133,46.1589],[23.4296,46.1581],[23.4296,46.16],[23.4133,46.1589]]],[[[23.3306,46.1455],[23.3345,46.1508],[23.3394,46.1458],[23.3306,46.1455]]],[[[23.3023,46.1502],[23.306,46.1549],[23.3082,46.1542],[23.3023,46.1502]]],[[[23.2727,46.1467],[23.2676,46.1527],[23.281,46.1546],[23.2727,46.1467]]],[[[23.2972,46.1508],[23.292,46.1533],[23.2972,46.1561],[23.2972,46.1508]]],[[[23.2164,46.1156],[23.1939,46.1296],[23.19,46.1653],[23.2001,46.1926],[23.2123,46.1739],[23.2164,46.1156]],[[23.1956,46.1503],[23.2041,46.1454],[23.2047,46.1504],[23.1956,46.1503]]],[[[23.3583,46.1425],[23.3462,46.1426],[23.3393,46.167],[23.3583,46.1425]]],[[[23.2487,46.1669],[23.2758,46.1585],[23.2584,46.1543],[23.2487,46.1669]]],[[[23.3079,46.156],[23.3064,46.167],[23.3187,46.1688],[23.3079,46.156]]],[[[23.288,46.1614],[23.2821,46.1663],[23.3081,46.1778],[23.288,46.1614]]],[[[23.3847,46.1759],[23.385,46.1751],[23.3722,46.17],[23.3847,46.1759]]],[[[23.2574,46.1849],[23.2627,46.1812],[23.2451,46.1768],[23.2574,46.1849]]],[[[23.4055,46.175],[23.414,46.1785],[23.4189,46.176],[23.405,46.1719],[23.3905,46.1749],[23.3744,46.1879],[23.4055,46.175]]],[[[23.2714,46.183],[23.2657,46.1837],[23.2735,46.1863],[23.2714,46.183]]],[[[23.3463,46.1826],[23.3659,46.1728],[23.3346,46.1761],[23.3281,46.1925],[23.3463,46.1826]]],[[[23.2327,46.1922],[23.2381,46.1884],[23.2359,46.1817],[23.2327,46.1922]]],[[[23.2999,46.1976],[23.3053,46.1948],[23.295,46.1909],[23.2999,46.1976]]],[[[23.3579,46.2098],[23.3503,46.2137],[23.3614,46.2139],[23.3728,46.2205],[23.3579,46.2098]]],[[[23.3148,46.2207],[23.296,46.2226],[23.2867,46.2036],[23.2715,46.2188],[23.3332,46.241],[23.3348,46.225],[23.3555,46.2197],[23.3178,46.2014],[23.3148,46.2207]],[[23.3233,46.2092],[23.3182,46.2061],[23.3279,46.2085],[23.3233,46.2092]]],[[[23.2489,46.2237],[23.2596,46.2258],[23.2582,46.2216],[23.2489,46.2237]]],[[[23.2301,46.2128],[23.211,46.2134],[23.2111,46.2244],[23.2318,46.2306],[23.2301,46.2128]]],[[[23.3516,46.2244],[23.3538,46.2279],[23.3639,46.2267],[23.3516,46.2244]]],[[[23.3793,46.224],[23.4103,46.2318],[23.4019,46.2217],[23.3793,46.224]]],[[[23.347,46.2266],[23.3393,46.2298],[23.3479,46.2358],[23.3526,46.2332],[23.347,46.2266]]],[[[23.2737,46.2251],[23.2591,46.2371],[23.2813,46.2387],[23.2737,46.2251]]],[[[23.3966,46.2399],[23.3895,46.2454],[23.398,46.2458],[23.3966,46.2399]]],[[[23.2775,46.2518],[23.3031,46.2556],[23.3012,46.2526],[23.3123,46.248],[23.3119,46.2443],[23.2658,46.2524],[23.2743,46.242],[23.2585,46.2454],[23.256,46.2261],[23.2392,46.2341],[23.2474,46.2514],[23.28,46.2598],[23.2775,46.2518]]],[[[23.2327,46.2573],[23.2242,46.2353],[23.1948,46.2332],[23.1831,46.247],[23.1722,46.2501],[23.1648,46.2435],[23.1632,46.2503],[23.1815,46.2572],[23.1792,46.2513],[23.1875,46.2461],[23.1914,46.2382],[23.1858,46.2536],[23.2036,46.238],[23.2175,46.2398],[23.1964,46.2532],[23.2327,46.2573]]],[[[23.4139,46.2856],[23.4255,46.2766],[23.3954,46.2771],[23.3833,46.2682],[23.4261,46.2687],[23.3913,46.2658],[23.4205,46.252],[23.4279,46.2658],[23.4361,46.2665],[23.4355,46.2727],[23.4427,46.2753],[23.4299,46.257],[23.4678,46.265],[23.4429,46.2773],[23.4556,46.2863],[23.4944,46.2827],[23.4911,46.2742],[23.5107,46.2894],[23.5158,46.2822],[23.4311,46.2494],[23.3522,46.2612],[23.3975,46.233],[23.3719,46.2244],[23.3572,46.2429],[23.3146,46.2431],[23.3567,46.2771],[23.3631,46.2653],[23.3912,46.2846],[23.4331,46.2924],[23.4139,46.2856]],[[23.4624,46.2725],[23.4659,46.2755],[23.4575,46.2773],[23.4624,46.2725]]],[[[23.3381,46.2643],[23.3244,46.2568],[23.3077,46.2563],[23.3029,46.2693],[23.2907,46.2643],[23.2942,46.2769],[23.3381,46.2643]],[[23.3229,46.2638],[23.3155,46.2678],[23.3087,46.2634],[23.3201,46.2586],[23.3229,46.2638]]],[[[23.1992,46.2928],[23.2227,46.2878],[23.2213,46.2818],[23.1908,46.2732],[23.1992,46.2928]]],[[[23.2789,46.2958],[23.2498,46.3131],[23.273,46.2818],[23.2375,46.2732],[23.269,46.2708],[23.2586,46.2562],[23.2224,46.2781],[23.2488,46.2993],[23.2263,46.2896],[23.1946,46.3006],[23.1748,46.2794],[23.1611,46.2799],[23.191,46.3096],[23.244,46.301],[23.2343,46.328],[23.2735,46.3205],[23.2789,46.2958]]],[[[23.4336,46.3238],[23.4329,46.3014],[23.4168,46.3162],[23.4105,46.3096],[23.3816,46.3104],[23.3774,46.32],[23.3774,46.3085],[23.3408,46.3161],[23.347,46.3072],[23.3295,46.3153],[23.3135,46.3059],[23.372,46.305],[23.3645,46.2965],[23.3163,46.2986],[23.3,46.2889],[23.4087,46.2979],[23.3293,46.2871],[23.3425,46.2744],[23.2777,46.2804],[23.3144,46.3099],[23.2881,46.3002],[23.289,46.3295],[23.3327,46.331],[23.3361,46.3608],[23.3813,46.3543],[23.3462,46.3157],[23.3915,46.3381],[23.432,46.3172],[23.432,46.3281],[23.4451,46.333],[23.4343,46.3324],[23.428,46.3376],[23.4433,46.3515],[23.467,46.3294],[23.4336,46.3238]],[[23.3933,46.3171],[23.3851,46.3211],[23.3942,46.3135],[23.4043,46.3123],[23.4085,46.3151],[23.3933,46.3171]],[[23.4389,46.3356],[23.4468,46.341],[23.4385,46.3454],[23.4389,46.3356]],[[23.3168,46.317],[23.3175,46.3162],[23.3254,46.318],[23.3168,46.317]]],[[[23.2087,46.35],[23.1991,46.3232],[23.178,46.3254],[23.1838,46.3599],[23.2087,46.35]]],[[[23.2425,46.3362],[23.2317,46.3433],[23.2551,46.3484],[23.239,46.3543],[23.2418,46.3593],[23.2635,46.3435],[23.2425,46.3362]]],[[[23.2734,46.3661],[23.2872,46.3609],[23.2722,46.3557],[23.264,46.3724],[23.2734,46.3661]]],[[[23.3762,46.3592],[23.3564,46.3686],[23.3651,46.3756],[23.3977,46.3691],[23.3762,46.3592]]],[[[23.3505,46.3683],[23.3237,46.3762],[23.3749,46.3951],[23.3505,46.3683]]],[[[23.1841,46.383],[23.1981,46.3847],[23.1982,46.3821],[23.1841,46.383]]],[[[23.2503,46.3897],[23.2545,46.3909],[23.2583,46.3772],[23.2503,46.3897]]],[[[23.2143,46.3811],[23.2122,46.3932],[23.2216,46.3881],[23.2143,46.3811]]],[[[23.2574,46.3903],[23.2533,46.3919],[23.2627,46.3937],[23.2574,46.3903]]],[[[23.3451,46.3891],[23.3407,46.3875],[23.3371,46.3917],[23.3451,46.3891]]],[[[23.2803,46.397],[23.2693,46.3984],[23.2835,46.4015],[23.2803,46.397]]],[[[23.269,46.4049],[23.2255,46.385],[23.2431,46.3973],[23.2256,46.3961],[23.2307,46.4151],[23.269,46.4049]]],[[[23.3505,46.4057],[23.3772,46.4054],[23.3758,46.4005],[23.3505,46.4057]]],[[[23.3954,46.4007],[23.3947,46.4148],[23.407,46.4117],[23.3996,46.4103],[23.3954,46.4007]]],[[[23.2624,46.4308],[23.2312,46.4196],[23.2237,46.4221],[23.2666,46.4327],[23.2792,46.4133],[23.2624,46.4308]]],[[[23.2142,46.4252],[23.2121,46.3974],[23.1778,46.4179],[23.2178,46.4327],[23.2237,46.4221],[23.2142,46.4252]]],[[[23.2959,46.4088],[23.2844,46.4239],[23.2918,46.4211],[23.2959,46.4088]]],[[[23.3018,46.4152],[23.2974,46.4239],[23.3016,46.4267],[23.3018,46.4152]]],[[[23.3713,46.425],[23.3591,46.417],[23.3419,46.4186],[23.3769,46.4347],[23.3713,46.425]]],[[[23.317,46.4346],[23.3518,46.4494],[23.3723,46.444],[23.3106,46.4093],[23.317,46.4346]]],[[[23.2288,46.436],[23.2343,46.4355],[23.2333,46.4331],[23.2288,46.436]]],[[[23.2672,46.4528],[23.2526,46.4469],[23.2606,46.4574],[23.3128,46.4489],[23.2672,46.4528]]],[[[23.3951,46.455],[23.3786,46.4503],[23.3988,46.475],[23.4125,46.478],[23.3951,46.455]]],[[[23.3369,46.4535],[23.289,46.4607],[23.2758,46.4708],[23.361,46.4635],[23.3369,46.4535]]],[[[23.2617,46.4593],[23.2585,46.464],[23.2663,46.4698],[23.2617,46.4593]]],[[[23.3781,46.4626],[23.3546,46.4848],[23.3659,46.489],[23.3781,46.4626]]],[[[23.2246,46.4543],[23.2162,46.4583],[23.202,46.443],[23.1931,46.4465],[23.2035,46.4923],[23.2639,46.4955],[23.2246,46.4543]],[[23.2379,46.4935],[23.2341,46.4904],[23.2396,46.4882],[23.2379,46.4935]]],[[[23.3251,46.4727],[23.2818,46.478],[23.3083,46.4844],[23.3251,46.4727]]],[[[23.3512,46.4759],[23.3439,46.4786],[23.3529,46.4812],[23.3512,46.4759]]],[[[23.3992,46.4789],[23.3935,46.4817],[23.4056,46.4839],[23.3992,46.4789]]],[[[23.375,46.4807],[23.3741,46.4849],[23.3869,46.4886],[23.375,46.4807]]],[[[23.295,46.4956],[23.2903,46.4957],[23.3011,46.497],[23.295,46.4956]]],[[[23.2848,46.5143],[23.2937,46.5143],[23.283,46.5057],[23.2848,46.5143]]],[[[23.3347,46.5045],[23.333,46.479],[23.3197,46.4811],[23.3327,46.4958],[23.3166,46.4909],[23.3116,46.52],[23.3894,46.5532],[23.3434,46.5168],[23.3933,46.5223],[23.361,46.4953],[23.3347,46.5045]]],[[[23.282,46.5215],[23.2835,46.5193],[23.2773,46.514],[23.282,46.5215]]],[[[23.2718,46.5243],[23.2556,46.5349],[23.2852,46.5371],[23.2718,46.5243]]],[[[23.1996,46.5309],[23.1835,46.5301],[23.1991,46.5484],[23.2129,46.5489],[23.1996,46.5309]]],[[[23.4007,46.5369],[23.3962,46.5423],[23.4006,46.5448],[23.4007,46.5369]]],[[[23.2364,46.5492],[23.234,46.5543],[23.2417,46.5543],[23.2364,46.5492]]],[[[23.3725,46.5665],[23.3863,46.5639],[23.3415,46.5488],[23.3725,46.5665]]],[[[23.1902,46.5782],[23.2017,46.5922],[23.2092,46.5946],[23.1902,46.5782]]],[[[23.1913,46.585],[23.1875,46.5997],[23.1914,46.5989],[23.1913,46.585]]],[[[23.2403,46.5998],[23.2389,46.6022],[23.2448,46.6095],[23.2656,46.606],[23.2403,46.5998]]],[[[23.4021,46.6081],[23.345,46.6116],[23.3616,46.6241],[23.4021,46.6081]]],[[[23.2746,46.6402],[23.2847,46.6424],[23.273,46.6316],[23.2746,46.6402]]],[[[23.385,46.6361],[23.3678,46.6451],[23.376,46.6524],[23.385,46.6361]]],[[[23.2389,46.6746],[23.2135,46.682],[23.2143,46.6936],[23.2512,46.6908],[23.2389,46.6746]]],[[[23.2445,46.7225],[23.2314,46.7171],[23.1928,46.7164],[23.2445,46.7225]]],[[[23.3758,47.7201],[23.3688,47.722],[23.3792,47.7249],[23.3758,47.7201]]],[[[23.375,47.7434],[23.3899,47.7445],[23.3717,47.7373],[23.375,47.7434]]],[[[23.3822,47.9688],[23.392,47.9797],[23.4024,47.9783],[23.3822,47.9688]]],[[[23.3615,48.014],[23.4023,47.9989],[23.4068,47.9892],[23.34,47.9983],[23.3367,48.0073],[23.3421,48.0123],[23.3615,48.014]],[[23.3438,48.0107],[23.34,48.0037],[23.3621,48.011],[23.3438,48.0107]]],[[[23.533,42.7969],[23.5278,42.8009],[23.5315,42.8051],[23.533,42.7969]]],[[[23.5831,42.7986],[23.5563,42.8022],[23.5522,42.8088],[23.533,42.8088],[23.5737,42.8129],[23.5831,42.7986]]],[[[23.4587,42.7953],[23.4691,42.8196],[23.4653,42.8096],[23.4587,42.7953]]],[[[23.5553,42.8132],[23.5415,42.8218],[23.5607,42.8209],[23.5553,42.8132]]],[[[23.5265,42.8269],[23.535,42.8206],[23.5305,42.8119],[23.5265,42.8269]]],[[[23.4138,42.8183],[23.4105,42.8166],[23.418,42.8395],[23.4138,42.8183]]],[[[23.4976,42.8409],[23.5025,42.8361],[23.4785,42.8373],[23.4976,42.8409]]],[[[23.547,42.833],[23.5434,42.8319],[23.5385,42.8405],[23.5473,42.8464],[23.547,42.833]]],[[[23.5248,42.8511],[23.5251,42.8428],[23.5135,42.8507],[23.5248,42.8511]]],[[[23.4877,42.8458],[23.4716,42.8528],[23.4918,42.8549],[23.4877,42.8458]]],[[[23.5519,42.8602],[23.5519,42.8632],[23.5649,42.8617],[23.5519,42.8602]]],[[[23.4654,42.8627],[23.4677,42.8686],[23.4746,42.869],[23.4654,42.8627]]],[[[23.5699,42.8552],[23.5294,42.8507],[23.4799,42.8748],[23.5699,42.8552]]],[[[23.4494,42.8599],[23.4397,42.8603],[23.4476,42.8791],[23.4494,42.8599]]],[[[23.4103,42.8664],[23.4035,42.8698],[23.4288,42.8894],[23.4374,42.8824],[23.4103,42.8664]]],[[[23.5487,42.8741],[23.5383,42.8758],[23.5449,42.8808],[23.5487,42.8741]]],[[[23.5315,42.8804],[23.5298,42.882],[23.5416,42.8883],[23.5315,42.8804]]],[[[23.5483,42.8868],[23.555,42.8891],[23.5563,42.8864],[23.5483,42.8868]]],[[[23.4134,42.8812],[23.3987,42.8925],[23.4049,42.8926],[23.4134,42.8812]]],[[[23.503,42.8966],[23.4989,42.8889],[23.4922,42.891],[23.5035,42.8981],[23.503,42.8966]]],[[[23.5361,42.8919],[23.5341,42.8987],[23.5488,42.8993],[23.5361,42.8919]]],[[[23.4678,42.898],[23.4383,42.9001],[23.4558,42.9019],[23.4678,42.898]]],[[[23.4797,42.9066],[23.4932,42.9064],[23.4877,42.8956],[23.4797,42.9066]]],[[[23.4995,42.8984],[23.4938,42.9018],[23.4968,42.9039],[23.4995,42.8984]]],[[[23.4644,42.9086],[23.4705,42.9165],[23.4728,42.906],[23.4644,42.9086]]],[[[23.5273,42.9203],[23.5276,42.913],[23.5245,42.9238],[23.5273,42.9203]]],[[[23.5435,42.9206],[23.5375,42.9194],[23.5464,42.9229],[23.5485,42.9198],[23.5435,42.9206]]],[[[23.4896,42.9172],[23.5211,42.9264],[23.5073,42.9219],[23.4896,42.9172]]],[[[23.5494,42.9309],[23.5385,42.9351],[23.5323,42.9439],[23.5494,42.9309]]],[[[23.4306,42.9463],[23.4477,42.953],[23.4419,42.9272],[23.4306,42.9463]]],[[[23.5192,42.9335],[23.512,42.9468],[23.5297,42.9452],[23.5192,42.9335]]],[[[23.4758,42.931],[23.4492,42.9316],[23.4721,42.9467],[23.4654,42.9769],[23.4758,42.931]]],[[[23.5,42.9683],[23.5045,42.9622],[23.4974,42.9572],[23.5,42.9683]]],[[[23.4313,42.9722],[23.4336,42.9723],[23.4334,42.9635],[23.4313,42.9722]]],[[[23.4452,42.9855],[23.4478,42.9769],[23.4421,42.9782],[23.4452,42.9855]]],[[[23.4739,43.0059],[23.5111,43.0057],[23.5116,42.9853],[23.4845,42.993],[23.4998,42.9835],[23.5062,42.9672],[23.5183,42.9657],[23.5039,42.9643],[23.4998,42.9709],[23.4953,42.9681],[23.4685,43.0003],[23.4729,43.0149],[23.4896,43.0066],[23.4739,43.0059]]],[[[23.5765,42.9648],[23.5556,42.9962],[23.5557,42.9684],[23.5276,42.9763],[23.5409,42.9832],[23.5399,43.0048],[23.5129,42.9977],[23.5587,43.0162],[23.5819,43.0045],[23.5765,42.9648]]],[[[23.4057,42.9808],[23.3985,42.984],[23.4417,43.0091],[23.4523,43.0068],[23.4057,42.9808]]],[[[23.5297,43.001],[23.5387,42.9985],[23.5305,42.9961],[23.5297,43.001]]],[[[23.4042,43.0114],[23.4012,43.0124],[23.4046,43.0201],[23.4042,43.0114]]],[[[23.4959,43.0172],[23.4885,43.026],[23.5022,43.0214],[23.4959,43.0172]]],[[[23.5285,43.0172],[23.5276,43.0131],[23.5196,43.0381],[23.5285,43.0172]]],[[[23.5627,43.0257],[23.5532,43.0378],[23.5628,43.0371],[23.5627,43.0257]]],[[[23.5447,43.0388],[23.541,43.0385],[23.5423,43.0516],[23.5447,43.0388]]],[[[23.5329,43.0422],[23.5251,43.0404],[23.5274,43.0498],[23.5361,43.0497],[23.5329,43.0422]]],[[[23.5503,43.0477],[23.553,43.056],[23.5668,43.045],[23.5503,43.0477]]],[[[23.5105,43.0564],[23.5176,43.0573],[23.517,43.0543],[23.5105,43.0564]]],[[[23.5604,43.0607],[23.5577,43.0568],[23.5538,43.0652],[23.5626,43.0662],[23.5604,43.0607]]],[[[23.5246,43.0603],[23.5272,43.0704],[23.5337,43.0666],[23.5246,43.0603]]],[[[23.5377,43.0615],[23.5357,43.069],[23.5415,43.0686],[23.5377,43.0615]]],[[[23.4252,43.0594],[23.4197,43.0668],[23.4289,43.0757],[23.4252,43.0594]]],[[[23.4348,43.0695],[23.4438,43.0791],[23.4404,43.0609],[23.4348,43.0695]]],[[[23.5021,43.0796],[23.5119,43.0784],[23.5106,43.0763],[23.5021,43.0796]]],[[[23.5249,43.0899],[23.5588,43.0866],[23.5576,43.0843],[23.5249,43.0899]]],[[[23.487,43.0798],[23.4763,43.0767],[23.4804,43.0955],[23.487,43.0798]]],[[[23.5007,43.0977],[23.5143,43.0953],[23.5042,43.0952],[23.5007,43.0977]]],[[[23.5555,43.0945],[23.5461,43.0968],[23.5444,43.1025],[23.5555,43.0945]]],[[[23.4042,43.0978],[23.4207,43.1041],[23.4177,43.0953],[23.4042,43.0978]]],[[[23.5362,43.0977],[23.5309,43.1026],[23.548,43.1073],[23.5362,43.0977]]],[[[23.4547,43.1025],[23.4577,43.1145],[23.4644,43.1108],[23.4547,43.1025]]],[[[23.4763,43.1079],[23.476,43.1107],[23.4889,43.1064],[23.4763,43.1079]]],[[[23.4022,43.1112],[23.4012,43.1145],[23.4125,43.1146],[23.4022,43.1112]]],[[[23.443,43.1165],[23.4486,43.1195],[23.4497,43.1189],[23.443,43.1165]]],[[[23.4367,43.1046],[23.4301,43.1046],[23.4292,43.1139],[23.4433,43.1264],[23.4367,43.1046]]],[[[23.4632,43.1162],[23.4721,43.1163],[23.472,43.1146],[23.4632,43.1162]]],[[[23.5238,43.118],[23.5217,43.1201],[23.5238,43.1226],[23.5238,43.118]]],[[[23.4048,43.1332],[23.4177,43.1407],[23.3982,43.1429],[23.3917,43.1561],[23.4258,43.1426],[23.5318,43.1383],[23.4048,43.1332]]],[[[23.5549,43.143],[23.5344,43.1411],[23.5123,43.1631],[23.5549,43.143]]],[[[23.5165,43.1417],[23.5121,43.1447],[23.5166,43.1513],[23.5165,43.1417]]],[[[23.4691,43.1461],[23.4646,43.1528],[23.4719,43.1536],[23.4691,43.1461]]],[[[23.4096,43.1543],[23.4086,43.1561],[23.4203,43.1552],[23.4096,43.1543]]],[[[23.4765,43.1715],[23.4821,43.1679],[23.4808,43.1624],[23.4765,43.1715]]],[[[23.5596,43.164],[23.5971,43.1436],[23.5317,43.1637],[23.5562,43.1812],[23.5596,43.164]]],[[[23.4296,43.204],[23.4198,43.2025],[23.4307,43.2053],[23.444,43.203],[23.4296,43.204]]],[[[23.4618,43.2064],[23.4998,43.1977],[23.4856,43.1811],[23.4551,43.2046],[23.4696,43.2101],[23.4423,43.2349],[23.4805,43.2092],[23.4618,43.2064]]],[[[23.548,43.3272],[23.573,43.3073],[23.5177,43.3331],[23.5668,43.3299],[23.548,43.3272]]],[[[23.4386,45.1909],[23.4325,45.1864],[23.4364,45.1944],[23.4498,45.1996],[23.4386,45.1909]]],[[[23.4159,45.2033],[23.4289,45.2041],[23.4227,45.2008],[23.4159,45.2033]]],[[[23.4132,45.2181],[23.4025,45.2255],[23.421,45.2415],[23.4132,45.2181]]],[[[23.4253,45.2281],[23.4238,45.2263],[23.4266,45.2407],[23.4253,45.2281]]],[[[23.4913,45.2394],[23.4857,45.249],[23.4937,45.2536],[23.5035,45.2487],[23.4913,45.2394]]],[[[23.4083,45.259],[23.4188,45.2548],[23.4125,45.2517],[23.4083,45.259]]],[[[23.5532,45.2754],[23.5989,45.2652],[23.5908,45.253],[23.578,45.2667],[23.5559,45.2713],[23.5656,45.2637],[23.5364,45.2439],[23.5493,45.2638],[23.5093,45.2668],[23.5629,45.2923],[23.5532,45.2754]]],[[[23.5001,45.3028],[23.5079,45.308],[23.5091,45.3032],[23.5001,45.3028]]],[[[23.4467,45.291],[23.4126,45.3026],[23.4408,45.3148],[23.4272,45.3225],[23.4444,45.3172],[23.4467,45.291]]],[[[23.4785,45.311],[23.4713,45.3146],[23.4869,45.3163],[23.4785,45.311]]],[[[23.5492,45.3264],[23.5677,45.2962],[23.4996,45.3265],[23.5728,45.3304],[23.5492,45.3264]]],[[[23.4121,45.3495],[23.4256,45.3413],[23.397,45.3434],[23.4121,45.3495]]],[[[23.4323,45.3407],[23.4269,45.3448],[23.4295,45.3528],[23.4486,45.348],[23.4323,45.3407]]],[[[23.5165,45.3531],[23.4802,45.3509],[23.51,45.3657],[23.4857,45.3929],[23.5292,45.3907],[23.5237,45.3719],[23.5062,45.3819],[23.5234,45.3475],[23.5165,45.3531]]],[[[23.4183,45.3505],[23.4175,45.3554],[23.4094,45.3557],[23.427,45.3561],[23.4183,45.3505]]],[[[23.5734,45.382],[23.5986,45.3823],[23.5824,45.3769],[23.583,45.3591],[23.5601,45.3502],[23.5323,45.3656],[23.5734,45.382]]],[[[23.4449,45.3607],[23.4359,45.3616],[23.4372,45.3711],[23.4449,45.3607]]],[[[23.4047,45.3582],[23.4197,45.3705],[23.393,45.3626],[23.3786,45.3697],[23.4293,45.3936],[23.4192,45.3771],[23.4521,45.3912],[23.4654,45.3868],[23.4047,45.3582]],[[23.4058,45.3764],[23.4242,45.373],[23.4105,45.3793],[23.4058,45.3764]]],[[[23.4812,45.3965],[23.4416,45.4001],[23.4484,45.4036],[23.4812,45.3965]]],[[[23.4868,45.4136],[23.4975,45.4199],[23.498,45.4132],[23.4868,45.4136]]],[[[23.4703,45.419],[23.4405,45.4195],[23.4713,45.4295],[23.4379,45.4336],[23.4611,45.4433],[23.4753,45.4276],[23.4703,45.419]]],[[[23.4986,45.4344],[23.4785,45.4402],[23.4991,45.4481],[23.4986,45.4344]]],[[[23.5039,45.4471],[23.499,45.4497],[23.5038,45.4527],[23.5089,45.4525],[23.5039,45.4471]]],[[[23.49,45.4584],[23.4818,45.4544],[23.4892,45.4607],[23.5,45.4569],[23.49,45.4584]]],[[[23.5284,45.4698],[23.542,45.4631],[23.5382,45.4606],[23.5284,45.4698]]],[[[23.5537,45.4649],[23.5508,45.4723],[23.5573,45.4714],[23.5537,45.4649]]],[[[23.4273,45.4716],[23.4211,45.473],[23.4297,45.4817],[23.4273,45.4716]]],[[[23.5494,45.4857],[23.5603,45.4936],[23.5641,45.4896],[23.5494,45.4857]]],[[[23.4622,45.4819],[23.4559,45.4855],[23.4735,45.4994],[23.4823,45.5],[23.4622,45.4819]]],[[[23.5057,45.4781],[23.4983,45.4905],[23.5296,45.5058],[23.5127,45.4926],[23.535,45.4904],[23.5057,45.4781]]],[[[23.4846,45.4937],[23.4896,45.5148],[23.503,45.5051],[23.4846,45.4937]]],[[[23.4537,45.4897],[23.442,45.5014],[23.4271,45.5022],[23.4215,45.5088],[23.4346,45.5027],[23.4588,45.5189],[23.4537,45.4897]]],[[[23.4352,45.5074],[23.4272,45.5138],[23.4281,45.517],[23.4352,45.5074]]],[[[23.417,45.5313],[23.4168,45.54],[23.4247,45.5388],[23.417,45.5313]]],[[[23.4865,45.5865],[23.5145,45.574],[23.509,45.5626],[23.5583,45.5488],[23.5562,45.5299],[23.5216,45.5434],[23.5263,45.5256],[23.483,45.5176],[23.5069,45.5352],[23.4805,45.5442],[23.5048,45.5517],[23.491,45.5765],[23.3927,45.5561],[23.4127,45.574],[23.3945,45.5706],[23.411,45.5843],[23.3936,45.5968],[23.4265,45.6058],[23.4802,45.5799],[23.4865,45.6048],[23.5173,45.6088],[23.4865,45.5865]]],[[[23.5244,45.5818],[23.5182,45.5879],[23.5284,45.5849],[23.5244,45.5818]]],[[[23.5374,45.596],[23.5435,45.5902],[23.5296,45.5904],[23.5374,45.596]]],[[[23.5335,45.6314],[23.5812,45.6339],[23.5554,45.6205],[23.5335,45.6314]]],[[[23.3896,45.6269],[23.4262,45.6544],[23.4609,45.6497],[23.4219,45.6325],[23.4516,45.619],[23.4328,45.6079],[23.3896,45.6269]]],[[[23.4987,45.6318],[23.5016,45.641],[23.5161,45.6401],[23.4987,45.6318]]],[[[23.5247,45.6707],[23.5091,45.6757],[23.5202,45.6831],[23.5247,45.6707]]],[[[23.4772,45.6849],[23.4873,45.6886],[23.4865,45.6857],[23.4772,45.6849]]],[[[23.5148,45.6946],[23.5149,45.6921],[23.5098,45.6951],[23.5148,45.6946]]],[[[23.5388,45.7118],[23.5401,45.7209],[23.5451,45.7215],[23.5388,45.7118]]],[[[23.4377,45.7299],[23.4256,45.727],[23.43,45.7388],[23.4377,45.7299]]],[[[23.5147,45.7069],[23.4791,45.7051],[23.5055,45.7225],[23.4659,45.7227],[23.4979,45.7458],[23.4802,45.7589],[23.5382,45.777],[23.5147,45.7069]]],[[[23.4247,45.7702],[23.4482,45.7767],[23.4426,45.7715],[23.4247,45.7702]]],[[[23.412,45.7747],[23.4221,45.7707],[23.4159,45.7679],[23.412,45.7747]]],[[[23.4909,45.7949],[23.4889,45.7983],[23.504,45.7979],[23.4909,45.7949]]],[[[23.4078,45.8343],[23.4137,45.835],[23.415,45.8329],[23.4078,45.8343]]],[[[23.4395,45.8345],[23.4341,45.8236],[23.4199,45.8399],[23.4395,45.8345]]],[[[23.4612,45.8518],[23.4679,45.8508],[23.4625,45.8479],[23.4428,45.8565],[23.4612,45.8518]]],[[[23.4498,45.8782],[23.4472,45.8796],[23.459,45.8834],[23.4498,45.8782]]],[[[23.4306,46.0027],[23.4266,46.0062],[23.4494,46.007],[23.4306,46.0027]]],[[[23.4787,46.0317],[23.4829,46.0273],[23.4528,46.0204],[23.4787,46.0317]]],[[[23.4428,46.0363],[23.4283,46.0366],[23.4311,46.0557],[23.4428,46.0363]]],[[[23.4693,46.052],[23.4635,46.0516],[23.4646,46.0575],[23.4693,46.052]]],[[[23.4338,46.059],[23.4394,46.0714],[23.4589,46.0505],[23.4338,46.059]]],[[[23.4203,46.0567],[23.4096,46.072],[23.4165,46.0742],[23.4203,46.0567]]],[[[23.4757,46.0652],[23.4738,46.0711],[23.479,46.0696],[23.4757,46.0652]]],[[[23.4616,46.0803],[23.4659,46.0796],[23.4581,46.0724],[23.4616,46.0803]]],[[[23.4221,46.0775],[23.4109,46.0765],[23.4191,46.0792],[23.4221,46.0775]]],[[[23.444,46.0782],[23.461,46.0835],[23.4599,46.0799],[23.444,46.0782]]],[[[23.4433,46.0839],[23.4361,46.0842],[23.4476,46.0893],[23.4433,46.0839]]],[[[23.4664,46.1029],[23.4406,46.1088],[23.4355,46.0985],[23.4281,46.1072],[23.4297,46.0981],[23.4235,46.0935],[23.4055,46.1071],[23.4339,46.1144],[23.4168,46.1119],[23.4054,46.116],[23.4141,46.1208],[23.4692,46.1118],[23.4664,46.1029]]],[[[23.5118,46.1386],[23.4824,46.1223],[23.4622,46.1398],[23.5118,46.1386]]],[[[23.4466,46.13],[23.4407,46.1366],[23.4603,46.1347],[23.4466,46.13]]],[[[23.5515,46.1301],[23.541,46.1311],[23.545,46.1348],[23.5725,46.1343],[23.5515,46.1301]]],[[[23.4375,46.1516],[23.4476,46.1458],[23.4442,46.1437],[23.4375,46.1516]]],[[[23.457,46.1588],[23.4526,46.1655],[23.4586,46.1661],[23.457,46.1588]]],[[[23.4484,46.1714],[23.4288,46.1776],[23.4276,46.1891],[23.4533,46.1904],[23.4484,46.1714]]],[[[23.413,46.1932],[23.4453,46.2008],[23.4587,46.1964],[23.4231,46.1938],[23.4118,46.1839],[23.3656,46.1964],[23.413,46.1932]]],[[[23.4848,46.205],[23.4817,46.2112],[23.5087,46.1894],[23.4848,46.205]]],[[[23.514,46.1972],[23.5027,46.2043],[23.5168,46.207],[23.514,46.1972]]],[[[23.4177,46.2025],[23.4336,46.208],[23.4322,46.2194],[23.4791,46.2103],[23.4362,46.2102],[23.4522,46.2085],[23.4661,46.2021],[23.4644,46.1992],[23.459,46.2041],[23.4102,46.201],[23.4031,46.2119],[23.4177,46.2025]]],[[[23.4964,46.2158],[23.4986,46.2112],[23.4801,46.215],[23.4964,46.2158]]],[[[23.4289,46.2281],[23.4306,46.2272],[23.4214,46.22],[23.4289,46.2281]]],[[[23.5215,46.2288],[23.5423,46.2311],[23.5317,46.2237],[23.5215,46.2288]]],[[[23.4375,46.2269],[23.4319,46.2293],[23.4425,46.2284],[23.4375,46.2269]]],[[[23.5051,46.2232],[23.4797,46.2209],[23.4978,46.2342],[23.5226,46.2368],[23.5051,46.2232]]],[[[23.4183,46.2473],[23.4211,46.2462],[23.4188,46.2376],[23.4183,46.2473]]],[[[23.5095,46.2618],[23.4918,46.2591],[23.4917,46.2603],[23.5095,46.2618]]],[[[23.4908,46.266],[23.4772,46.2581],[23.4827,46.2616],[23.4908,46.266]]],[[[23.538,46.2861],[23.5279,46.2805],[23.527,46.2826],[23.538,46.2861]]],[[[23.452,46.2868],[23.4619,46.2968],[23.4715,46.2925],[23.452,46.2868]]],[[[23.4881,46.305],[23.4993,46.3],[23.4908,46.2974],[23.4881,46.305]]],[[[23.4448,46.2985],[23.4363,46.3086],[23.4437,46.3087],[23.4448,46.2985]]],[[[23.5593,46.3104],[23.571,46.3017],[23.5468,46.2973],[23.5593,46.3104]]],[[[23.461,46.3019],[23.4655,46.3178],[23.478,46.3061],[23.461,46.3019]]],[[[23.4585,46.3011],[23.4456,46.3105],[23.4488,46.3091],[23.4585,46.3011]]],[[[23.448,46.3177],[23.4511,46.3234],[23.461,46.3249],[23.448,46.3177]]],[[[23.5311,46.3412],[23.58,46.3118],[23.4695,46.318],[23.4799,46.34],[23.5025,46.347],[23.4942,46.3342],[23.5311,46.3412]],[[23.4785,46.3323],[23.4805,46.3234],[23.4906,46.331],[23.4785,46.3323]]],[[[23.4644,46.339],[23.4687,46.3412],[23.4695,46.3338],[23.4644,46.339]]],[[[23.5158,46.3405],[23.5227,46.3491],[23.5554,46.3426],[23.5158,46.3405]]],[[[23.4589,46.3637],[23.4169,46.3342],[23.3889,46.3404],[23.3832,46.3473],[23.4231,46.3624],[23.4066,46.3699],[23.4075,46.3792],[23.4514,46.3831],[23.4432,46.3663],[23.4558,46.3708],[23.4731,46.3493],[23.4589,46.3637]]],[[[23.4714,46.3749],[23.4735,46.3693],[23.4621,46.3685],[23.4714,46.3749]]],[[[23.5431,46.3636],[23.5144,46.371],[23.5297,46.3861],[23.513,46.3951],[23.4953,46.395],[23.5171,46.3882],[23.5051,46.3754],[23.4679,46.3768],[23.4943,46.3971],[23.4747,46.385],[23.4843,46.3958],[23.4707,46.3904],[23.4667,46.4038],[23.4751,46.4212],[23.4726,46.4083],[23.4903,46.3991],[23.4838,46.4251],[23.5188,46.4247],[23.5013,46.4023],[23.5345,46.3973],[23.5431,46.3636]]],[[[23.4665,46.3983],[23.4696,46.384],[23.4651,46.378],[23.4665,46.3983]]],[[[23.4163,46.3995],[23.4033,46.4093],[23.4075,46.4088],[23.4163,46.3995]]],[[[23.5432,46.4012],[23.5204,46.4035],[23.5482,46.4191],[23.5432,46.4012]]],[[[23.4666,46.4202],[23.4576,46.422],[23.4719,46.422],[23.4666,46.4202]]],[[[23.43,46.4139],[23.4534,46.4246],[23.4561,46.4045],[23.3992,46.4164],[23.4199,46.4324],[23.43,46.4139]]],[[[23.439,46.4415],[23.4295,46.4416],[23.4531,46.4453],[23.4523,46.4278],[23.439,46.4415]]],[[[23.5511,46.4282],[23.5325,46.4404],[23.5407,46.4527],[23.5602,46.4486],[23.5511,46.4282]]],[[[23.4049,46.4399],[23.4012,46.4426],[23.4106,46.446],[23.4049,46.4399]]],[[[23.522,46.4457],[23.5339,46.4502],[23.5263,46.4392],[23.522,46.4457]]],[[[23.5491,46.4554],[23.5565,46.4654],[23.5624,46.4625],[23.5491,46.4554]]],[[[23.4233,46.4445],[23.4079,46.4611],[23.4409,46.4742],[23.4233,46.4445]]],[[[23.5345,46.4603],[23.5151,46.4461],[23.5186,46.4768],[23.5345,46.4603]]],[[[23.4454,46.4587],[23.4407,46.4592],[23.4408,46.468],[23.4454,46.4587]]],[[[23.5417,46.4627],[23.5396,46.464],[23.5469,46.4701],[23.5417,46.4627]]],[[[23.5128,46.4651],[23.5082,46.4612],[23.5018,46.4686],[23.5128,46.4651]]],[[[23.5305,46.4896],[23.538,46.486],[23.5311,46.4851],[23.5294,46.4769],[23.5396,46.4706],[23.5276,46.4693],[23.5305,46.4896]]],[[[23.5464,46.4843],[23.534,46.4808],[23.5401,46.4866],[23.5309,46.4969],[23.5464,46.4843]]],[[[23.5063,46.4988],[23.5275,46.4906],[23.5216,46.4865],[23.5063,46.4988]]],[[[23.4434,46.4977],[23.4234,46.4927],[23.4174,46.5026],[23.4434,46.4977]]],[[[23.4859,46.5036],[23.4883,46.5102],[23.4931,46.4992],[23.4859,46.5036]]],[[[23.5262,46.5041],[23.5323,46.5073],[23.5408,46.5039],[23.5262,46.5041]]],[[[23.5571,46.5147],[23.5468,46.5178],[23.5634,46.5168],[23.5571,46.5147]]],[[[23.5184,46.5205],[23.5136,46.532],[23.5377,46.533],[23.5111,46.5085],[23.4409,46.5448],[23.5184,46.5205]]],[[[23.4383,46.5381],[23.435,46.525],[23.4273,46.5324],[23.4383,46.5381]]],[[[23.4347,46.5463],[23.4378,46.5424],[23.4224,46.5478],[23.4347,46.5463]]],[[[23.5616,46.5663],[23.5428,46.5533],[23.5783,46.5489],[23.5793,46.5427],[23.5435,46.5416],[23.5063,46.569],[23.5343,46.5858],[23.5616,46.5663]],[[23.5238,46.5702],[23.5288,46.5694],[23.5221,46.5783],[23.5238,46.5702]]],[[[23.4864,46.5582],[23.4328,46.5659],[23.4527,46.5744],[23.4864,46.5582]]],[[[23.4747,46.5777],[23.4866,46.5908],[23.5056,46.5664],[23.4747,46.5777]]],[[[23.492,46.5953],[23.485,46.5977],[23.4893,46.6067],[23.492,46.5953]]],[[[23.5436,46.6582],[23.5487,46.6622],[23.5537,46.657],[23.5436,46.6582]]],[[[23.4596,47.7857],[23.4667,47.7828],[23.4597,47.7763],[23.4596,47.7857]]],[[[23.4449,47.7886],[23.4496,47.8],[23.4533,47.7989],[23.4449,47.7886]]],[[[23.5215,47.7939],[23.5091,47.7973],[23.5262,47.7961],[23.5215,47.7939]]],[[[23.4721,47.795],[23.4671,47.7998],[23.479,47.7995],[23.4721,47.795]]],[[[23.4896,47.8153],[23.494,47.8095],[23.4703,47.8149],[23.4719,47.8202],[23.4765,47.8228],[23.4896,47.8153]]],[[[23.4989,47.8088],[23.4907,47.8226],[23.495,47.831],[23.535,47.8231],[23.4989,47.8088]]],[[[23.4338,47.8388],[23.4856,47.8507],[23.5367,47.8312],[23.4597,47.8382],[23.4624,47.8181],[23.4338,47.8388]]],[[[23.5059,47.853],[23.5218,47.8491],[23.5214,47.8472],[23.5059,47.853]]],[[[23.4966,47.8568],[23.4887,47.8513],[23.4758,47.8599],[23.4966,47.8568]]],[[[23.4993,47.8759],[23.5238,47.8627],[23.4861,47.8632],[23.4993,47.8759]]],[[[23.4926,47.8775],[23.5051,47.8804],[23.4976,47.8769],[23.4903,47.8772],[23.4868,47.8841],[23.4926,47.8775]]],[[[23.5989,47.884],[23.5986,47.8628],[23.5323,47.8747],[23.5533,47.8863],[23.5154,47.8873],[23.5185,47.8994],[23.5006,47.9037],[23.4926,47.9102],[23.5575,47.8978],[23.5559,47.8852],[23.5733,47.8735],[23.5706,47.8905],[23.5989,47.884]]],[[[23.5075,47.8869],[23.4853,47.8889],[23.4971,47.8952],[23.5075,47.8869]]],[[[23.4971,47.9052],[23.5018,47.8932],[23.4957,47.9005],[23.4971,47.9052]]],[[[23.4128,47.9721],[23.4376,47.9498],[23.4204,47.9492],[23.4128,47.9721]]],[[[23.465,47.9667],[23.4623,47.9735],[23.4817,47.9731],[23.465,47.9667]]],[[[23.4074,47.9743],[23.4032,47.9769],[23.4077,47.9761],[23.4106,47.972],[23.4024,47.966],[23.4074,47.9743]]],[[[23.4232,47.9741],[23.4057,47.9852],[23.421,47.9785],[23.4232,47.9741]]],[[[23.5289,47.981],[23.5218,47.9874],[23.5282,47.9934],[23.5289,47.981]]],[[[23.9185,42.7249],[23.9008,42.7385],[23.9005,42.7453],[23.9185,42.7249]]],[[[23.7374,42.7259],[23.6779,42.7444],[23.6924,42.7447],[23.7374,42.7259]]],[[[23.7759,42.7435],[23.7596,42.7511],[23.7863,42.746],[23.7759,42.7435]]],[[[23.842,42.7634],[23.8389,42.7687],[23.848,42.7693],[23.842,42.7634]]],[[[23.6202,42.7739],[23.6132,42.7665],[23.6044,42.7745],[23.6202,42.7739]]],[[[23.6379,42.7754],[23.6195,42.7923],[23.6307,42.7926],[23.6379,42.7754]]],[[[23.8816,42.7657],[23.8674,42.7797],[23.8915,42.7883],[23.8616,42.802],[23.9056,42.793],[23.8816,42.7657]]],[[[23.5842,42.7783],[23.5858,42.7926],[23.5765,42.7915],[23.5888,42.7947],[23.5842,42.7783]]],[[[23.7046,42.7754],[23.6955,42.781],[23.6964,42.8057],[23.7046,42.7754]]],[[[23.7171,42.8025],[23.7278,42.8103],[23.7185,42.7764],[23.7171,42.8025]]],[[[23.6546,42.8125],[23.6729,42.7976],[23.6719,42.7775],[23.6629,42.7733],[23.6687,42.7984],[23.6351,42.8179],[23.6888,42.8323],[23.6546,42.8125]]],[[[23.581,42.8175],[23.5366,42.8265],[23.5534,42.8292],[23.5513,42.8337],[23.5579,42.8411],[23.581,42.8175]]],[[[23.8495,42.8483],[23.8529,42.8443],[23.8392,42.8455],[23.8495,42.8483]]],[[[23.5751,42.856],[23.5768,42.8522],[23.5991,42.8536],[23.6133,42.8474],[23.5504,42.8482],[23.5751,42.856]]],[[[23.5781,42.8749],[23.559,42.8656],[23.557,42.8924],[23.5781,42.8749]]],[[[23.5712,42.9133],[23.5856,42.9051],[23.5751,42.9034],[23.5712,42.9133]]],[[[23.5983,42.9193],[23.6007,42.9196],[23.6033,42.908],[23.5983,42.9193]]],[[[23.5756,42.9515],[23.5843,42.9346],[23.534,42.9477],[23.5756,42.9515]]],[[[23.7447,42.9517],[23.7372,42.9579],[23.7416,42.9623],[23.7447,42.9517]]],[[[23.5841,42.9681],[23.5974,42.9605],[23.5925,42.9622],[23.5841,42.9681]]],[[[23.5974,43.0749],[23.6021,43.0698],[23.5817,43.0816],[23.5974,43.0749]]],[[[23.5626,43.0893],[23.5781,43.0887],[23.5761,43.0835],[23.5626,43.0893]]],[[[23.5997,43.1017],[23.5945,43.0973],[23.5948,43.1049],[23.5997,43.1017]]],[[[23.5759,43.1013],[23.5641,43.1063],[23.5739,43.1111],[23.5775,43.1088],[23.5759,43.1013]]],[[[23.8676,43.1056],[23.8667,43.1065],[23.8851,43.1103],[23.8676,43.1056]]],[[[23.8958,43.1147],[23.9029,43.1036],[23.8973,43.1064],[23.8958,43.1147]]],[[[23.7381,43.1079],[23.7428,43.118],[23.7478,43.1144],[23.7381,43.1079]]],[[[23.5878,43.107],[23.5926,43.0949],[23.5828,43.0998],[23.5993,43.1271],[23.5878,43.107]]],[[[23.8758,43.111],[23.8682,43.1156],[23.8795,43.1194],[23.8939,43.1131],[23.8758,43.111]]],[[[23.757,43.1007],[23.748,43.1043],[23.7718,43.132],[23.7896,43.123],[23.757,43.1007]]],[[[23.572,43.1175],[23.5764,43.1213],[23.5781,43.1118],[23.572,43.1175]]],[[[23.9061,43.1223],[23.9126,43.1224],[23.9114,43.1144],[23.9061,43.1223]]],[[[23.8399,43.1145],[23.8351,43.1208],[23.8427,43.128],[23.8632,43.1164],[23.8399,43.1145]]],[[[23.8046,43.1144],[23.7892,43.1171],[23.8036,43.128],[23.8046,43.1144]]],[[[23.6493,43.1217],[23.6567,43.1173],[23.6289,43.1264],[23.6493,43.1217]]],[[[23.5697,43.1171],[23.5576,43.1245],[23.575,43.1311],[23.5697,43.1171]]],[[[23.6561,43.1249],[23.6585,43.1306],[23.6659,43.1293],[23.6561,43.1249]]],[[[23.6785,43.1352],[23.6953,43.1278],[23.6871,43.1244],[23.6785,43.1352]]],[[[23.5994,43.1298],[23.5566,43.1357],[23.5829,43.137],[23.5994,43.1298]]],[[[23.8324,43.1779],[23.8445,43.1796],[23.8471,43.188],[23.8472,43.1696],[23.8765,43.1703],[23.8563,43.1396],[23.8324,43.1779]]],[[[23.8289,43.1403],[23.8027,43.1328],[23.8073,43.1548],[23.8289,43.1403]]],[[[23.75,43.1866],[23.7461,43.1884],[23.7577,43.1944],[23.75,43.1866]]],[[[23.7711,43.1817],[23.7674,43.1973],[23.7445,43.1964],[23.7694,43.2031],[23.808,43.1985],[23.8367,43.1848],[23.7711,43.1817]],[[23.769,43.1983],[23.7702,43.1944],[23.7746,43.1979],[23.7697,43.2011],[23.769,43.1983]]],[[[23.9114,43.2281],[23.9413,43.2229],[23.9262,43.2146],[23.9114,43.2281]]],[[[23.6427,43.2346],[23.6417,43.2224],[23.6377,43.2259],[23.6427,43.2346]]],[[[23.6768,43.2354],[23.6859,43.235],[23.6856,43.2289],[23.6768,43.2354]]],[[[23.6046,43.2322],[23.5979,43.2302],[23.601,43.2408],[23.6046,43.2322]]],[[[23.8458,43.248],[23.8359,43.2536],[23.8433,43.2545],[23.8458,43.248]]],[[[23.8245,43.2564],[23.8225,43.2641],[23.8381,43.2596],[23.8245,43.2564]]],[[[23.8311,43.2784],[23.8074,43.2695],[23.8138,43.2862],[23.8255,43.2887],[23.8311,43.2784]]],[[[23.916,43.3198],[23.9405,43.3207],[23.9213,43.3158],[23.916,43.3198]]],[[[23.6645,43.3207],[23.6528,43.3131],[23.6097,43.3218],[23.6645,43.3207]]],[[[23.8553,45.2009],[23.8473,45.1942],[23.8505,45.2034],[23.8411,45.2045],[23.8405,45.2157],[23.8553,45.2009]]],[[[23.8667,45.2123],[23.8679,45.2118],[23.8678,45.2054],[23.8667,45.2123]]],[[[23.9313,45.2125],[23.9354,45.2077],[23.9257,45.2085],[23.9313,45.2125]]],[[[23.8565,45.2168],[23.8513,45.2166],[23.8544,45.2184],[23.8565,45.2168]]],[[[23.653,45.2205],[23.6545,45.2302],[23.6592,45.2272],[23.653,45.2205]]],[[[23.679,45.2659],[23.693,45.2747],[23.7231,45.2514],[23.7189,45.2251],[23.7189,45.246],[23.679,45.2659]]],[[[23.6443,45.2499],[23.6063,45.2621],[23.6307,45.2611],[23.6443,45.2499]]],[[[23.6922,45.2798],[23.7076,45.2819],[23.7057,45.2775],[23.6922,45.2798]]],[[[23.7571,45.2821],[23.7362,45.2801],[23.7312,45.2885],[23.7571,45.2821]]],[[[23.9687,45.3209],[24.0043,45.3086],[23.9374,45.3071],[23.9295,45.2806],[23.9562,45.2595],[23.9322,45.2724],[23.9291,45.2461],[23.9171,45.3166],[23.8974,45.2941],[23.8752,45.3145],[23.9478,45.3342],[23.9303,45.3178],[23.9687,45.3209]]],[[[23.6819,45.2974],[23.6744,45.2983],[23.6866,45.3035],[23.6819,45.2974]]],[[[23.8508,45.3386],[23.8882,45.2586],[23.8414,45.2726],[23.8524,45.308],[23.8087,45.2786],[23.8445,45.3253],[23.7813,45.3471],[23.8187,45.3581],[23.8315,45.3357],[23.8508,45.3386]]],[[[23.9275,45.3355],[23.9304,45.3358],[23.9267,45.3303],[23.9275,45.3355]]],[[[23.6215,45.3029],[23.6195,45.3285],[23.5967,45.3067],[23.6043,45.3337],[23.5819,45.3232],[23.5949,45.35],[23.634,45.3547],[23.6249,45.3675],[23.6339,45.3895],[23.6528,45.3908],[23.6379,45.4034],[23.6363,45.419],[23.6787,45.4087],[23.6588,45.3927],[23.7114,45.3983],[23.7181,45.3831],[23.7455,45.4053],[23.7678,45.3731],[23.6918,45.3881],[23.6907,45.3749],[23.6583,45.3781],[23.6885,45.3673],[23.6719,45.366],[23.6774,45.3576],[23.6621,45.3567],[23.7095,45.3347],[23.7451,45.3557],[23.7756,45.3435],[23.7606,45.3372],[23.7785,45.3162],[23.7402,45.328],[23.7406,45.3027],[23.7075,45.3038],[23.7187,45.3252],[23.6645,45.3054],[23.6797,45.326],[23.6426,45.3369],[23.6215,45.3029]],[[23.6262,45.3422],[23.6173,45.3413],[23.6253,45.3382],[23.6485,45.3473],[23.6262,45.3422]],[[23.6725,45.3768],[23.6758,45.3797],[23.66,45.384],[23.6725,45.3768]],[[23.6576,45.3633],[23.6678,45.3585],[23.6613,45.3669],[23.6576,45.3633]],[[23.6425,45.3605],[23.6435,45.3657],[23.6333,45.365],[23.6425,45.3605]]],[[[23.8507,45.3422],[23.8344,45.3409],[23.8364,45.3515],[23.8507,45.3422]]],[[[23.88,45.3604],[23.9197,45.3728],[23.8868,45.3611],[23.88,45.3604]]],[[[23.6016,45.3783],[23.5904,45.4087],[23.6175,45.4058],[23.6115,45.3735],[23.6016,45.3783]]],[[[23.8263,45.4123],[23.8173,45.3979],[23.8649,45.3864],[23.7563,45.3919],[23.8263,45.4123]]],[[[23.9385,45.4247],[23.9128,45.4278],[23.9322,45.4368],[23.9385,45.4247]]],[[[23.5802,45.425],[23.5991,45.4183],[23.5407,45.4259],[23.6055,45.4479],[23.5802,45.425]]],[[[23.8316,45.4458],[23.7914,45.4327],[23.8197,45.4564],[23.8316,45.4458]]],[[[23.6246,45.4584],[23.683,45.4717],[23.6791,45.4472],[23.6246,45.4584]]],[[[23.5938,45.4731],[23.6012,45.4746],[23.6039,45.4649],[23.5938,45.4731]]],[[[23.6259,45.4701],[23.6226,45.4774],[23.6299,45.4799],[23.6259,45.4701]]],[[[23.8813,45.4843],[23.8849,45.4918],[23.8891,45.4853],[23.8813,45.4843]]],[[[23.7775,45.4857],[23.7799,45.4994],[23.7856,45.4914],[23.7775,45.4857]]],[[[23.8622,45.4898],[23.863,45.5015],[23.8676,45.4987],[23.8622,45.4898]]],[[[23.8237,45.5058],[23.7937,45.527],[23.7598,45.5084],[23.7674,45.4716],[23.7482,45.47],[23.7507,45.4989],[23.7284,45.4904],[23.7048,45.4527],[23.7267,45.495],[23.6753,45.4854],[23.7925,45.5358],[23.8257,45.5269],[23.8237,45.5058]]],[[[23.6909,45.4977],[23.6817,45.4953],[23.6822,45.4985],[23.6909,45.4977]]],[[[23.604,45.4994],[23.5801,45.502],[23.5817,45.5058],[23.604,45.4994]]],[[[23.6527,45.499],[23.6553,45.4914],[23.6463,45.5052],[23.6494,45.5093],[23.6527,45.499]]],[[[23.9152,45.4873],[23.9066,45.4884],[23.9125,45.5213],[23.9152,45.4873]]],[[[23.6515,45.5157],[23.6733,45.5115],[23.6601,45.5073],[23.6515,45.5157]]],[[[23.892,45.511],[23.8907,45.5168],[23.8976,45.5156],[23.892,45.511]]],[[[23.7289,45.5114],[23.7212,45.5118],[23.7149,45.5214],[23.7289,45.5114]]],[[[23.5975,45.5197],[23.6126,45.5243],[23.6118,45.5145],[23.5975,45.5197]]],[[[23.9261,45.5389],[23.9569,45.5283],[23.8719,45.518],[23.8588,45.5343],[23.9261,45.5389]]],[[[23.5992,45.5442],[23.5759,45.5608],[23.5806,45.5621],[23.5992,45.5442]]],[[[23.8057,45.561],[23.809,45.5564],[23.8112,45.5648],[23.8189,45.5644],[23.8187,45.5573],[23.7958,45.5486],[23.8164,45.5415],[23.7841,45.5496],[23.8057,45.561]]],[[[23.8616,45.5557],[23.8542,45.5647],[23.8612,45.5637],[23.8616,45.5557]]],[[[23.7667,45.5537],[23.7541,45.5657],[23.777,45.5715],[23.7667,45.5537]]],[[[23.6568,45.5672],[23.6484,45.5675],[23.668,45.5759],[23.6568,45.5672]]],[[[23.5634,45.5879],[23.5687,45.5848],[23.5759,45.5907],[23.5776,45.5881],[23.5638,45.5809],[23.5634,45.5879]]],[[[23.6771,45.5754],[23.7157,45.5939],[23.7331,45.5721],[23.7741,45.5836],[23.7704,45.5984],[23.775,45.6158],[23.7758,45.5823],[23.7962,45.5946],[23.8274,45.585],[23.7359,45.5618],[23.6771,45.5754]]],[[[23.8677,45.5893],[23.8546,45.6027],[23.8639,45.6073],[23.8677,45.5893]]],[[[23.7995,45.6046],[23.8162,45.6017],[23.8102,45.5962],[23.7995,45.6046]]],[[[23.6515,45.6078],[23.6628,45.6178],[23.6574,45.6105],[23.6515,45.6078]]],[[[23.7226,45.6103],[23.7165,45.6153],[23.7293,45.6271],[23.7536,45.6191],[23.7226,45.6103]]],[[[23.8861,45.6124],[23.8608,45.6136],[23.8724,45.63],[23.8861,45.6124]]],[[[23.5848,45.6302],[23.6041,45.6353],[23.5956,45.6298],[23.5848,45.6302]]],[[[23.8064,45.64],[23.8105,45.6444],[23.8114,45.6446],[23.8125,45.6444],[23.8064,45.64]]],[[[23.637,45.6563],[23.5976,45.6741],[23.6316,45.6827],[23.637,45.6563]]],[[[23.8516,45.6626],[23.837,45.6677],[23.8391,45.6789],[23.8516,45.6626]]],[[[23.8235,45.6721],[23.8199,45.6742],[23.8322,45.6747],[23.8235,45.6721]]],[[[23.8936,45.6771],[23.8837,45.6796],[23.8874,45.6885],[23.8936,45.6771]]],[[[23.5654,45.692],[23.5661,45.6871],[23.5562,45.689],[23.5654,45.692]]],[[[23.7465,45.689],[23.7904,45.695],[23.7862,45.6875],[23.7465,45.689]]],[[[23.8183,45.6824],[23.8034,45.6905],[23.8478,45.7073],[23.8183,45.6824]]],[[[23.7622,45.7069],[23.7548,45.7116],[23.7635,45.7133],[23.7622,45.7069]]],[[[23.6613,45.7211],[23.6813,45.7181],[23.6647,45.7083],[23.6613,45.7211]]],[[[23.8918,45.7116],[23.8518,45.7122],[23.889,45.7283],[23.9309,45.7237],[23.8918,45.7116]],[[23.8834,45.7162],[23.8926,45.7225],[23.8834,45.7234],[23.8834,45.7162]]],[[[23.6488,45.7043],[23.6861,45.6812],[23.6002,45.6995],[23.6412,45.7601],[23.6406,45.7417],[23.672,45.7409],[23.6488,45.7043]]],[[[23.8336,45.7246],[23.8361,45.7355],[23.8427,45.7321],[23.8336,45.7246]]],[[[23.7905,45.7207],[23.7988,45.6874],[23.7774,45.7132],[23.7318,45.7322],[23.7379,45.7729],[23.7614,45.7805],[23.7542,45.7625],[23.7797,45.7794],[23.8043,45.774],[23.782,45.7695],[23.7823,45.75],[23.7996,45.7676],[23.8127,45.7678],[23.7953,45.7605],[23.815,45.7493],[23.7938,45.7408],[23.7985,45.7319],[23.8674,45.778],[23.7905,45.7207]],[[23.7824,45.725],[23.7917,45.729],[23.7857,45.7409],[23.7824,45.725]],[[23.7723,45.7376],[23.7643,45.7359],[23.7739,45.73],[23.7814,45.7466],[23.7723,45.7376]],[[23.7437,45.746],[23.7468,45.7418],[23.7615,45.744],[23.7437,45.746]]],[[[23.858,45.7435],[23.8688,45.7404],[23.8607,45.7348],[23.8672,45.7329],[23.857,45.7286],[23.858,45.7435]]],[[[23.867,45.7355],[23.8821,45.7447],[23.8739,45.7386],[23.867,45.7355]]],[[[23.5995,45.7761],[23.594,45.7775],[23.5998,45.7817],[23.6047,45.781],[23.5995,45.7761]]],[[[23.7458,45.7965],[23.7475,45.7995],[23.7615,45.8047],[23.7736,45.8039],[23.7828,45.796],[23.7118,45.7789],[23.6929,45.8011],[23.7438,45.8091],[23.7273,45.8144],[23.7269,45.8194],[23.7351,45.8287],[23.7918,45.8253],[23.7424,45.8005],[23.7458,45.7965]]],[[[23.5972,46.0135],[23.6094,45.976],[23.6372,45.9735],[23.5847,45.9738],[23.5766,45.99],[23.5959,45.9954],[23.5593,46.0071],[23.6185,46.0265],[23.6122,46.0047],[23.5972,46.0135]],[[23.5949,45.9869],[23.5954,45.9819],[23.5976,45.9879],[23.5949,45.9869]]],[[[23.702,46.0147],[23.7204,45.9847],[23.6696,46.0031],[23.6836,46.0124],[23.6629,46.0376],[23.7158,46.03],[23.702,46.0147]]],[[[23.7684,46.0166],[23.772,45.972],[23.7513,45.99],[23.7654,46.0246],[23.7933,46.0282],[23.7808,46.0399],[23.8034,46.0211],[23.8207,46.0471],[23.8494,46.0563],[23.811,46.0106],[23.7684,46.0166]]],[[[23.9033,46.0118],[23.9085,46.0257],[23.9034,46.0045],[23.9033,46.0118]]],[[[23.6376,46.0391],[23.6348,46.027],[23.6227,46.0205],[23.6484,46.053],[23.6376,46.0391]]],[[[23.7968,46.0393],[23.8056,46.0524],[23.8095,46.0466],[23.7968,46.0393]]],[[[23.7317,46.064],[23.7136,46.062],[23.7616,46.095],[23.7204,46.0428],[23.7317,46.064]]],[[[23.6996,46.084],[23.7125,46.0991],[23.7015,46.1136],[23.6853,46.093],[23.6923,46.12],[23.6827,46.1042],[23.6687,46.0967],[23.6573,46.106],[23.6794,46.1049],[23.6622,46.1115],[23.6851,46.1437],[23.7529,46.1466],[23.704,46.1329],[23.752,46.1378],[23.7587,46.1176],[23.6996,46.084]],[[23.729,46.1208],[23.7144,46.1074],[23.7517,46.123],[23.729,46.1208]]],[[[23.8849,46.1542],[23.8457,46.1372],[23.802,46.1556],[23.8313,46.1287],[23.8275,46.1268],[23.8205,46.1321],[23.8141,46.1343],[23.812,46.1332],[23.8293,46.1079],[23.8013,46.1099],[23.8139,46.1059],[23.8236,46.0982],[23.8578,46.1128],[23.8393,46.0969],[23.8535,46.0742],[23.7608,46.1268],[23.7983,46.1115],[23.8001,46.1463],[23.7797,46.1526],[23.779,46.1318],[23.7698,46.1543],[23.7873,46.1747],[23.8849,46.1542]]],[[[23.5985,46.1041],[23.5751,46.1384],[23.6368,46.1499],[23.5985,46.1041]]],[[[23.9077,46.1346],[23.8915,46.1371],[23.9073,46.154],[23.9077,46.1346]]],[[[23.5929,46.1903],[23.5434,46.1996],[23.5398,46.2161],[23.5929,46.1903]]],[[[23.7065,46.1743],[23.7044,46.1821],[23.7448,46.1949],[23.7338,46.217],[23.7492,46.2341],[23.7667,46.2311],[23.7498,46.21],[23.7764,46.2014],[23.7065,46.1743]]],[[[23.8339,46.2165],[23.8493,46.2205],[23.8321,46.2107],[23.8173,46.2208],[23.8339,46.2165]]],[[[23.7582,46.2381],[23.7728,46.2535],[23.7762,46.2436],[23.7582,46.2381]]],[[[23.5706,46.2498],[23.5654,46.2576],[23.5611,46.2582],[23.5714,46.2233],[23.5353,46.2618],[23.5617,46.2642],[23.5706,46.2498]]],[[[23.7628,46.2599],[23.763,46.2809],[23.7904,46.2884],[23.7886,46.2644],[23.7628,46.2599]]],[[[23.6628,46.2822],[23.6634,46.2777],[23.6574,46.2706],[23.6628,46.2822]]],[[[23.6,46.2812],[23.6082,46.2827],[23.6053,46.2777],[23.6,46.2812]]],[[[23.7003,46.2774],[23.6972,46.2638],[23.6943,46.262],[23.6888,46.292],[23.6744,46.2897],[23.6664,46.2931],[23.7115,46.304],[23.7003,46.2774]]],[[[23.6027,46.2989],[23.6022,46.2981],[23.5902,46.3111],[23.6027,46.2989]]],[[[23.9102,46.3264],[23.9442,46.337],[23.9193,46.3143],[23.9398,46.3199],[23.9158,46.3111],[23.9102,46.3264]]],[[[23.6087,46.3363],[23.5836,46.3405],[23.6028,46.348],[23.6206,46.3431],[23.6087,46.3363]]],[[[23.8898,46.3403],[23.879,46.3411],[23.9029,46.3613],[23.8898,46.3403]]],[[[23.5828,46.3557],[23.5747,46.352],[23.5774,46.3568],[23.5881,46.358],[23.5828,46.3557]]],[[[23.581,46.3662],[23.5886,46.3624],[23.5831,46.3588],[23.581,46.3662]]],[[[23.6221,46.3542],[23.6022,46.3751],[23.6336,46.3802],[23.6486,46.3746],[23.6221,46.3542]]],[[[23.6009,46.3671],[23.5623,46.3704],[23.5692,46.3983],[23.6009,46.3671]]],[[[23.6326,46.3815],[23.6322,46.3829],[23.6564,46.3818],[23.6326,46.3815]]],[[[23.704,46.3876],[23.7089,46.3823],[23.7029,46.3797],[23.704,46.3876]]],[[[23.612,46.3809],[23.6273,46.3887],[23.6265,46.3844],[23.612,46.3809]]],[[[23.5925,46.4102],[23.5938,46.3992],[23.5811,46.4056],[23.5655,46.3981],[23.571,46.4094],[23.5925,46.4102]]],[[[23.7341,46.4058],[23.6944,46.3851],[23.6865,46.4173],[23.7274,46.4127],[23.7341,46.4058]],[[23.7056,46.4062],[23.7081,46.4127],[23.6998,46.4154],[23.7056,46.4062]]],[[[23.7832,46.3918],[23.7456,46.4336],[23.7304,46.4242],[23.6991,46.4323],[23.7798,46.4502],[23.7649,46.4386],[23.7832,46.3918]]],[[[23.5925,46.4458],[23.6271,46.4323],[23.6687,46.3958],[23.6327,46.3889],[23.6284,46.4246],[23.5953,46.4334],[23.5963,46.4185],[23.5852,46.4151],[23.5624,46.4342],[23.5732,46.4554],[23.5858,46.4278],[23.5875,46.4572],[23.6499,46.458],[23.6271,46.4376],[23.5925,46.4458]]],[[[23.8887,46.4751],[23.9034,46.43],[23.8781,46.4239],[23.8994,46.4306],[23.8791,46.4661],[23.8413,46.4403],[23.8699,46.4335],[23.8028,46.4316],[23.7822,46.5069],[23.8887,46.4751]]],[[[23.6193,46.4607],[23.6074,46.4743],[23.625,46.4813],[23.6373,46.4651],[23.6193,46.4607]]],[[[23.7701,46.4681],[23.7317,46.4742],[23.7682,46.4785],[23.7488,46.4959],[23.7703,46.5035],[23.7701,46.4681]]],[[[23.593,46.4951],[23.6029,46.4982],[23.5847,46.4808],[23.593,46.4951]]],[[[23.5857,46.5025],[23.5957,46.5059],[23.5942,46.5018],[23.5857,46.5025]]],[[[23.6721,46.5145],[23.6639,46.5147],[23.6828,46.5551],[23.6988,46.5394],[23.6721,46.5145]]],[[[23.5725,46.5404],[23.5813,46.5405],[23.5796,46.5372],[23.5725,46.5404]]],[[[23.9279,46.5413],[23.9136,46.561],[23.9558,46.553],[23.9279,46.5413]]],[[[23.6667,46.5475],[23.629,46.5359],[23.6688,46.5787],[23.6667,46.5475]]],[[[23.6889,46.5667],[23.6767,46.5693],[23.6814,46.6013],[23.7122,46.5805],[23.6889,46.5667]]],[[[23.91,46.6146],[23.9263,46.618],[23.919,46.6201],[23.9119,46.6186],[23.9081,46.6197],[23.9186,46.621],[23.9401,46.6187],[23.9281,46.6001],[23.91,46.6146]]],[[[23.5524,46.6302],[23.545,46.6448],[23.5648,46.6557],[23.5524,46.6302]]],[[[23.9178,47.5786],[23.8936,47.5903],[23.9055,47.5911],[23.9178,47.5786]]],[[[23.9378,47.5905],[23.9178,47.5895],[23.9145,47.594],[23.9378,47.5905]]],[[[23.8613,47.6112],[23.8509,47.6077],[23.8352,47.6081],[23.8613,47.6112]]],[[[23.9057,47.6241],[23.9008,47.6126],[23.8939,47.6205],[23.8832,47.6087],[23.8921,47.602],[23.9002,47.6106],[23.9046,47.6105],[23.9084,47.6052],[23.9033,47.609],[23.8956,47.5991],[23.8811,47.6017],[23.876,47.6179],[23.8688,47.6064],[23.8745,47.6256],[23.9057,47.6241]],[[23.8865,47.6148],[23.8889,47.6231],[23.8787,47.6225],[23.876,47.6179],[23.8865,47.6148]]],[[[23.8221,47.6159],[23.8132,47.6169],[23.8106,47.6105],[23.8274,47.6084],[23.8095,47.6096],[23.8035,47.617],[23.8164,47.6171],[23.8221,47.6159]]],[[[23.8833,47.6406],[23.8859,47.6437],[23.8998,47.6412],[23.8833,47.6406]]],[[[23.7763,47.6562],[23.7805,47.6647],[23.7892,47.6593],[23.7763,47.6562]]],[[[23.9349,47.6811],[23.9399,47.6844],[23.937,47.6739],[23.9349,47.6811]]],[[[23.8295,47.6823],[23.8225,47.6825],[23.8366,47.691],[23.8293,47.6947],[23.841,47.7031],[23.8665,47.6931],[23.8295,47.6823]]],[[[23.7772,47.6857],[23.7954,47.6988],[23.8061,47.6978],[23.7772,47.6857]]],[[[23.9728,47.695],[23.9245,47.6988],[23.9213,47.67],[23.9156,47.6912],[23.8856,47.6874],[23.9281,47.7087],[23.9728,47.695]]],[[[23.8655,47.7066],[23.8667,47.7047],[23.853,47.7091],[23.8655,47.7066]]],[[[23.8174,47.7203],[23.834,47.7249],[23.847,47.7223],[23.8472,47.7177],[23.8537,47.7227],[23.8501,47.7137],[23.8235,47.7159],[23.8261,47.6981],[23.8174,47.7203]]],[[[23.8931,47.7127],[23.8925,47.7066],[23.873,47.7052],[23.8931,47.7127]]],[[[23.5927,47.7118],[23.5899,47.7147],[23.6017,47.7201],[23.5927,47.7118]]],[[[23.8601,47.7143],[23.859,47.7183],[23.8628,47.7191],[23.8601,47.7143]]],[[[23.5717,47.7147],[23.5749,47.7188],[23.583,47.7203],[23.5717,47.7147]]],[[[23.8167,47.7294],[23.8028,47.7389],[23.8054,47.7433],[23.8276,47.7319],[23.8092,47.7116],[23.797,47.7249],[23.8167,47.7294]]],[[[23.866,47.7334],[23.869,47.7274],[23.8498,47.7272],[23.8447,47.732],[23.8462,47.7361],[23.866,47.7334]]],[[[23.7011,47.7317],[23.6643,47.7329],[23.6741,47.7383],[23.7011,47.7317]]],[[[23.7851,47.7386],[23.7764,47.7349],[23.7709,47.7457],[23.7851,47.7386]]],[[[23.7538,47.7449],[23.7579,47.751],[23.7691,47.7434],[23.7538,47.7449]]],[[[23.7465,47.7515],[23.7557,47.7336],[23.7285,47.729],[23.7251,47.7615],[23.7465,47.7515]],[[23.7424,47.7388],[23.739,47.7367],[23.7426,47.732],[23.7473,47.7363],[23.7465,47.7399],[23.7424,47.7388]]],[[[23.8018,47.7495],[23.7885,47.7421],[23.7892,47.7498],[23.8018,47.7495]]],[[[23.5744,47.7524],[23.5715,47.7475],[23.5623,47.7544],[23.5744,47.7524]]],[[[23.6945,47.7707],[23.693,47.7763],[23.7074,47.7681],[23.6945,47.7707]]],[[[23.7833,47.7781],[23.7865,47.778],[23.7949,47.7702],[23.7833,47.7781]]],[[[23.785,47.7812],[23.7777,47.7917],[23.7842,47.786],[23.785,47.7812]]],[[[23.8614,47.8111],[23.8641,47.8066],[23.8602,47.8043],[23.8493,47.8035],[23.8566,47.8148],[23.8614,47.8111]]],[[[23.876,47.8274],[23.8932,47.8292],[23.8901,47.827],[23.876,47.8274]]],[[[23.867,47.832],[23.8635,47.8375],[23.8664,47.8393],[23.867,47.832]]],[[[23.6934,47.8398],[23.6996,47.838],[23.6836,47.835],[23.6934,47.8398]]],[[[23.7804,47.8741],[23.8193,47.8232],[23.8009,47.8546],[23.8346,47.8435],[23.8135,47.8396],[23.8401,47.8179],[23.806,47.7919],[23.8142,47.7901],[23.8194,47.7838],[23.7381,47.8002],[23.7432,47.8274],[23.7891,47.8387],[23.7689,47.8529],[23.7375,47.8586],[23.7228,47.8399],[23.7412,47.8491],[23.7519,47.8458],[23.7036,47.8299],[23.7148,47.8403],[23.6893,47.8537],[23.7349,47.8644],[23.755,47.8936],[23.7804,47.8741]],[[23.7965,47.8348],[23.7891,47.8255],[23.8053,47.8222],[23.7965,47.8348]],[[23.8052,47.8043],[23.8171,47.8094],[23.8135,47.8132],[23.8052,47.8043]],[[23.7816,47.8572],[23.7787,47.8478],[23.784,47.8496],[23.7816,47.8572]]],[[[23.7747,47.8385],[23.7616,47.8332],[23.7614,47.8418],[23.7747,47.8385]]],[[[23.6815,47.8432],[23.6723,47.8351],[23.6745,47.838],[23.6815,47.8432]]],[[[23.8604,47.8478],[23.8545,47.8482],[23.8573,47.8577],[23.8648,47.8548],[23.8604,47.8478]]],[[[23.8341,47.8521],[23.845,47.8601],[23.8434,47.8522],[23.8341,47.8521]]],[[[23.6634,47.8584],[23.6602,47.8652],[23.6786,47.8607],[23.6634,47.8584]]],[[[23.7122,47.8697],[23.715,47.868],[23.7022,47.8584],[23.6945,47.8729],[23.7122,47.8697]]],[[[23.8649,47.8705],[23.8799,47.873],[23.8795,47.8711],[23.8649,47.8705]]],[[[23.6311,47.8539],[23.6461,47.8808],[23.6561,47.8795],[23.6591,47.8901],[23.6667,47.8931],[23.6426,47.8542],[23.6311,47.8539]]],[[[23.8524,47.8716],[23.8442,47.8697],[23.8458,47.8756],[23.8574,47.8769],[23.8524,47.8716]]],[[[23.8187,47.8724],[23.8135,47.8764],[23.8245,47.8782],[23.8187,47.8724]]],[[[23.8265,47.8796],[23.8238,47.8798],[23.8261,47.8848],[23.8356,47.8839],[23.8265,47.8796]]],[[[23.8326,47.8868],[23.7982,47.8842],[23.8155,47.8955],[23.8326,47.8868]]],[[[23.5864,47.8965],[23.6267,47.8966],[23.5882,47.9074],[23.588,47.931],[23.6441,47.9484],[23.6473,47.9173],[23.6314,47.9277],[23.6132,47.9204],[23.637,47.9147],[23.6286,47.8905],[23.659,47.908],[23.6549,47.8833],[23.5864,47.8965]],[[23.6354,47.9336],[23.6377,47.9366],[23.6323,47.9409],[23.6354,47.9336]]],[[[23.5807,47.8977],[23.5885,47.8946],[23.5664,47.895],[23.5644,47.8993],[23.5807,47.8977]]],[[[23.818,47.9002],[23.774,47.8821],[23.749,47.9074],[23.7755,47.8906],[23.818,47.9002]]],[[[23.8624,47.9034],[23.8702,47.9065],[23.8744,47.8964],[23.8624,47.9034]]],[[[23.6382,47.9069],[23.6403,47.9105],[23.6443,47.9082],[23.6382,47.9069]]],[[[23.6894,47.9027],[23.6859,47.9046],[23.6887,47.9093],[23.6894,47.9027]]],[[[23.5784,47.9055],[23.5675,47.907],[23.5725,47.9153],[23.5784,47.9055]]],[[[23.5707,47.9167],[23.5516,47.9114],[23.5468,47.9143],[23.5707,47.9167]]],[[[23.738,47.9283],[23.741,47.9243],[23.7242,47.9286],[23.7238,47.9388],[23.738,47.9283]]],[[[23.683,47.9343],[23.6875,47.9383],[23.69,47.9314],[23.683,47.9343]]],[[[23.667,47.9399],[23.6637,47.9422],[23.6781,47.9419],[23.6722,47.9346],[23.667,47.9399]]],[[[23.564,47.9412],[23.5609,47.9438],[23.5673,47.9432],[23.5694,47.9341],[23.564,47.9412]]],[[[23.5697,47.9407],[23.5663,47.9524],[23.5715,47.9409],[23.5697,47.9407]]],[[[23.8109,47.9403],[23.765,47.9218],[23.7798,47.9438],[23.7497,47.9261],[23.747,47.9481],[23.7183,47.9529],[23.7152,47.9476],[23.7101,47.9487],[23.7254,47.9711],[23.7434,47.9717],[23.7298,47.9574],[23.769,47.943],[23.7841,47.9478],[23.7713,47.9447],[23.756,47.9586],[23.8109,47.9403]]],[[[23.6591,47.9565],[23.6691,47.9453],[23.6597,47.9449],[23.6591,47.9565]]],[[[23.6398,47.9541],[23.6374,47.9586],[23.6479,47.9555],[23.6562,47.9496],[23.6565,47.9457],[23.6398,47.9541]]],[[[23.6727,47.9519],[23.6678,47.9527],[23.6801,47.961],[23.6727,47.9519]]],[[[23.7479,47.9586],[23.7373,47.9629],[23.7496,47.9753],[23.7479,47.9586]]],[[[23.607,47.9629],[23.5856,47.9741],[23.6161,47.9866],[23.6355,47.983],[23.607,47.9629]]],[[[24.4189,42.6894],[24.4231,42.6879],[24.3789,42.6793],[24.4116,42.6465],[24.4504,42.6609],[24.4485,42.6875],[24.4689,42.682],[24.4575,42.6634],[24.482,42.6662],[24.4884,42.6617],[24.4348,42.6482],[24.4438,42.6407],[24.4201,42.6195],[24.4216,42.6439],[24.4122,42.6332],[24.3424,42.6739],[24.3817,42.67],[24.365,42.6756],[24.3835,42.693],[24.3515,42.696],[24.3496,42.7037],[24.4189,42.6894]]],[[[24.2781,42.6949],[24.2714,42.6969],[24.2821,42.7049],[24.2781,42.6949]]],[[[24.3818,42.7049],[24.3943,42.7031],[24.3939,42.7017],[24.3818,42.7049]]],[[[24.4255,42.7229],[24.4316,42.7261],[24.4329,42.7018],[24.4255,42.7229]]],[[[23.9506,42.7142],[23.9486,42.7166],[23.9707,42.717],[23.9506,42.7142]]],[[[24.4755,42.7097],[24.469,42.7195],[24.4726,42.715],[24.4755,42.7097]]],[[[24.0039,42.7151],[24.0126,42.717],[24.0089,42.7113],[24.0039,42.7151]]],[[[24.3453,42.7071],[24.3042,42.7101],[24.3113,42.7264],[24.3453,42.7071]]],[[[24.2934,42.7141],[24.2855,42.7165],[24.2931,42.7223],[24.2934,42.7141]]],[[[23.9842,42.7203],[23.9891,42.7275],[23.9975,42.7197],[23.9842,42.7203]]],[[[24.0501,42.722],[24.0508,42.7271],[24.0558,42.726],[24.0501,42.722]]],[[[24.1778,42.7258],[24.1857,42.7272],[24.1846,42.7194],[24.1778,42.7258]]],[[[23.9591,42.7252],[23.9478,42.7228],[23.9539,42.7274],[23.9591,42.7252]]],[[[23.9485,42.7321],[23.9361,42.7261],[23.9598,42.7407],[23.9485,42.7321]]],[[[24.3651,42.7295],[24.3637,42.733],[24.3678,42.7368],[24.3651,42.7295]]],[[[24.0052,42.7416],[24.0711,42.7399],[24.0957,42.734],[24.0955,42.7208],[24.0727,42.7375],[24.0746,42.7186],[24.0551,42.7328],[24.023,42.7287],[24.078,42.7017],[24.0418,42.7017],[24.0079,42.7291],[23.974,42.7287],[23.9752,42.7511],[23.9441,42.7463],[23.9452,42.7645],[24.0052,42.7416]]],[[[24.1088,42.7292],[24.1103,42.7402],[24.1168,42.7352],[24.1088,42.7292]]],[[[24.1317,42.7326],[24.1285,42.7374],[24.1338,42.7403],[24.1317,42.7326]]],[[[24.1578,42.7412],[24.1639,42.738],[24.1504,42.7362],[24.1578,42.7412]]],[[[24.1224,42.7436],[24.1256,42.7367],[24.1217,42.7353],[24.1224,42.7436]]],[[[24.1465,42.7695],[24.112,42.7413],[24.0657,42.7748],[24.1212,42.773],[24.1109,42.792],[24.2162,42.7652],[24.2778,42.7799],[24.2768,42.802],[24.3055,42.7944],[24.3035,42.7725],[24.3557,42.792],[24.3502,42.7694],[24.3796,42.7489],[24.4647,42.7518],[24.4806,42.7788],[24.4903,42.766],[24.5082,42.767],[24.5277,42.7505],[24.4943,42.7656],[24.468,42.7406],[24.4915,42.7346],[24.4931,42.7309],[24.4063,42.7308],[24.3902,42.7068],[24.3887,42.7247],[24.3575,42.7246],[24.3984,42.7395],[24.3614,42.7451],[24.3399,42.7275],[24.3436,42.7426],[24.294,42.7387],[24.2983,42.7607],[24.2916,42.7395],[24.2889,42.7613],[24.1527,42.7436],[24.1465,42.7695]]],[[[24.0014,42.7713],[24.0164,42.7729],[24.0027,42.7644],[24.0014,42.7713]]],[[[24.3929,42.7811],[24.3972,42.7829],[24.3987,42.7772],[24.3929,42.7811]]],[[[24.0647,42.7913],[24.0563,42.7838],[24.0552,42.7871],[24.0647,42.7913]]],[[[24.4425,42.8138],[24.4339,42.8106],[24.4254,42.8114],[24.4429,42.8153],[24.4425,42.8138]]],[[[24.3497,42.8129],[24.3357,42.8173],[24.3505,42.8145],[24.3497,42.8129]]],[[[24.1809,42.8059],[24.1767,42.8042],[24.1674,42.8173],[24.1689,42.8222],[24.1809,42.8059]]],[[[24.4285,42.8206],[24.4353,42.8193],[24.4233,42.8143],[24.4285,42.8206]]],[[[24.0546,42.8171],[24.0474,42.8189],[24.073,42.8245],[24.0754,42.8199],[24.0546,42.8171]]],[[[24.2804,42.8225],[24.2792,42.8266],[24.3033,42.82],[24.2804,42.8225]]],[[[24.3614,42.8298],[24.3694,42.8275],[24.3634,42.827],[24.3614,42.8298]]],[[[24.1089,42.8347],[24.1201,42.8411],[24.1376,42.8396],[24.1089,42.8347]]],[[[24.3969,42.8323],[24.4034,42.8375],[24.4252,42.8449],[24.3969,42.8323]]],[[[24.1018,42.8363],[24.0923,42.8389],[24.1136,42.8435],[24.1018,42.8363]]],[[[24.0691,42.8349],[24.0615,42.8438],[24.0681,42.847],[24.0691,42.8349]]],[[[24.1405,42.8442],[24.1624,42.8447],[24.1551,42.8418],[24.1405,42.8442]]],[[[24.2982,42.8482],[24.2919,42.8482],[24.2956,42.8497],[24.3085,42.8472],[24.2982,42.8482]]],[[[24.3698,42.8624],[24.4191,42.8593],[24.3815,42.8557],[24.3698,42.8624]]],[[[24.2319,42.8586],[24.2499,42.8619],[24.2499,42.8605],[24.2319,42.8586]]],[[[24.2091,42.8541],[24.1919,42.8621],[24.2,42.8664],[24.2091,42.8541]]],[[[24.113,42.8616],[24.0948,42.8585],[24.091,42.8604],[24.1045,42.8714],[24.1484,42.8593],[24.113,42.8616]]],[[[24.1592,42.861],[24.1472,42.8638],[24.1607,42.8669],[24.1667,42.8654],[24.1592,42.861]]],[[[24.3196,42.8774],[24.329,42.8689],[24.3022,42.8624],[24.3196,42.8774]]],[[[24.2897,42.8701],[24.2859,42.8738],[24.2974,42.8712],[24.2897,42.8701]]],[[[24.2136,42.8731],[24.2372,42.8759],[24.2347,42.8719],[24.2136,42.8731]]],[[[24.0835,42.8746],[24.0923,42.8792],[24.102,42.8749],[24.1078,42.8828],[24.1096,42.8795],[24.1037,42.8729],[24.0869,42.8696],[24.0835,42.8746]]],[[[24.2258,42.8751],[24.1967,42.8802],[24.2383,42.8862],[24.2258,42.8751]]],[[[24.312,42.8782],[24.3093,42.882],[24.3225,42.884],[24.312,42.8782]]],[[[24.4757,42.8719],[24.462,42.8833],[24.4982,42.8952],[24.4757,42.8719]]],[[[24.1721,42.8866],[24.1845,42.8698],[24.1666,42.8858],[24.1682,42.8708],[24.14,42.8695],[24.1229,42.8807],[24.1914,42.9005],[24.1721,42.8866]]],[[[24.448,42.8917],[24.4381,42.8834],[24.4475,42.8943],[24.448,42.8917]]],[[[24.3611,42.9038],[24.3718,42.8846],[24.3612,42.88],[24.3598,42.9044],[24.3841,42.9041],[24.3611,42.9038]]],[[[24.3955,42.8884],[24.3853,42.8889],[24.3999,42.9054],[24.4178,42.9027],[24.3955,42.8884]]],[[[24.35,42.8961],[24.3421,42.8969],[24.3558,42.9034],[24.35,42.8961]]],[[[24.4257,42.9027],[24.4245,42.8991],[24.419,42.8974],[24.4257,42.9027]]],[[[24.2422,42.9124],[24.2503,42.9036],[24.2074,42.8936],[24.2422,42.9124]]],[[[24.134,42.9174],[24.1414,42.9201],[24.1424,42.9172],[24.134,42.9174]]],[[[24.2388,42.9214],[24.2462,42.9187],[24.2449,42.9177],[24.2388,42.9214]]],[[[24.1392,42.9218],[24.1332,42.9258],[24.1388,42.9282],[24.1392,42.9218]]],[[[24.1151,42.9239],[24.0993,42.9285],[24.1041,42.9335],[24.1151,42.9239]]],[[[24.3712,42.9342],[24.3704,42.9353],[24.3803,42.9391],[24.3841,42.9369],[24.3712,42.9342]]],[[[24.2899,42.9402],[24.2919,42.9376],[24.2867,42.9352],[24.2899,42.9402]]],[[[24.3597,42.9398],[24.3523,42.9364],[24.3593,42.9412],[24.3597,42.9398]]],[[[24.162,42.9418],[24.1605,42.9457],[24.1829,42.9449],[24.162,42.9418]]],[[[24.1475,42.9384],[24.1542,42.9406],[24.1478,42.9418],[24.1584,42.9544],[24.1563,42.9394],[24.1475,42.9384]]],[[[24.2723,42.9459],[24.2691,42.949],[24.2864,42.9505],[24.2723,42.9459]]],[[[24.3313,42.9539],[24.3387,42.9561],[24.3396,42.9527],[24.3313,42.9539]]],[[[24.2458,42.9664],[24.1983,42.9759],[24.2288,42.9733],[24.2458,42.9664]]],[[[24.19,42.9702],[24.1829,42.9684],[24.1732,42.9721],[24.19,42.9702]]],[[[24.1565,42.9771],[24.1728,42.9674],[24.085,42.9673],[24.1565,42.9771]]],[[[24.2535,42.9915],[24.2513,43.0193],[24.2723,42.9894],[24.304,42.9958],[24.2732,42.985],[24.2535,42.9915]]],[[[24.2772,43.0],[24.2913,42.9968],[24.2834,42.9955],[24.2772,43.0]]],[[[24.2252,42.9947],[24.2026,42.9921],[24.2174,43.0125],[24.2252,42.9947]]],[[[24.2885,42.9998],[24.2847,43.0037],[24.2908,43.0092],[24.2885,42.9998]]],[[[24.204,43.0099],[24.1882,43.0184],[24.2031,43.0162],[24.2081,43.0025],[24.1875,43.0015],[24.204,43.0099]]],[[[24.2371,43.0179],[24.2359,43.0192],[24.2364,43.0276],[24.2371,43.0179]]],[[[24.2401,43.0389],[24.2452,43.036],[24.2343,43.0331],[24.2401,43.0389]]],[[[24.3126,43.0353],[24.3033,43.0425],[24.3143,43.0447],[24.3368,43.0421],[24.3126,43.0353]]],[[[24.1523,43.1225],[24.1457,43.1295],[24.1478,43.1314],[24.1766,43.1156],[24.1523,43.1225]]],[[[24.116,43.1294],[24.1151,43.1312],[24.1417,43.1275],[24.116,43.1294]]],[[[24.1087,43.1316],[24.1001,43.1515],[24.1061,43.1506],[24.1087,43.1316]]],[[[24.0092,43.1762],[24.0274,43.1624],[24.0094,43.1581],[24.0092,43.1762]],[[24.0131,43.1691],[24.0107,43.1614],[24.0133,43.1608],[24.0131,43.1691]]],[[[23.9854,43.1568],[23.9715,43.1689],[23.9752,43.1791],[23.995,43.1725],[23.9854,43.1568]]],[[[24.0454,43.2064],[24.0575,43.1932],[24.0476,43.1931],[24.0454,43.2064]]],[[[24.0288,43.2101],[24.0339,43.216],[24.0395,43.2052],[24.0288,43.2101]]],[[[24.3633,43.2149],[24.3698,43.206],[24.3656,43.2067],[24.3633,43.2149]]],[[[24.0411,43.2193],[24.0442,43.2217],[24.0487,43.2126],[24.0411,43.2193]]],[[[24.0273,43.2274],[24.0276,43.2102],[24.0113,43.225],[24.0273,43.2274]]],[[[23.9505,43.2279],[23.9532,43.2312],[23.9589,43.2249],[23.9505,43.2279]]],[[[24.0969,43.2302],[24.0888,43.2279],[24.0963,43.2314],[24.1035,43.2304],[24.0969,43.2302]]],[[[23.9429,43.2302],[23.9481,43.2261],[23.9394,43.2266],[23.9429,43.2302]]],[[[23.9842,43.2242],[23.9684,43.2284],[23.9631,43.2342],[23.9764,43.2409],[23.9944,43.2334],[23.9842,43.2242]],[[23.9748,43.232],[23.9701,43.2301],[23.9781,43.2291],[23.9748,43.232]]],[[[23.9457,43.2298],[23.9394,43.2382],[23.9464,43.2413],[23.9457,43.2298]]],[[[24.079,43.2473],[24.0717,43.2273],[24.0526,43.2427],[24.079,43.2473]]],[[[24.0331,43.2529],[24.0326,43.2452],[24.0195,43.2561],[24.0331,43.2529]]],[[[24.0143,43.265],[24.0306,43.269],[24.0201,43.2575],[24.0143,43.265]]],[[[24.1757,43.2772],[24.1,43.2958],[24.1953,43.2858],[24.1757,43.2772]]],[[[24.1527,43.3133],[24.1598,43.3141],[24.1621,43.308],[24.1527,43.3133]]],[[[24.093,43.3115],[24.0926,43.3137],[24.1037,43.3156],[24.1166,43.3096],[24.093,43.3115]]],[[[24.1916,43.4034],[24.1946,43.402],[24.1928,43.3899],[24.1916,43.4034]]],[[[24.2796,43.5296],[24.2515,43.5379],[24.2398,43.5064],[24.2418,43.5338],[24.2518,43.5392],[24.2796,43.5296]]],[[[24.4396,43.6936],[24.4441,43.6871],[24.443,43.686],[24.4396,43.6936]]],[[[24.4206,43.704],[24.4014,43.7089],[24.4219,43.7083],[24.4206,43.704]]],[[[24.4075,43.7395],[24.3854,43.724],[24.3412,43.706],[24.3999,43.7388],[24.4654,43.7574],[24.4075,43.7395]]],[[[24.1322,44.3091],[24.1408,44.3103],[24.132,44.3068],[24.1322,44.3091]]],[[[24.3844,44.3333],[24.3932,44.3217],[24.3881,44.3216],[24.3844,44.3333]]],[[[23.9566,45.2011],[23.9561,45.2151],[23.9672,45.2003],[23.9566,45.2011]]],[[[24.1824,45.2078],[24.1779,45.2097],[24.1954,45.2203],[24.1824,45.2078]]],[[[23.9984,45.2785],[23.9957,45.2647],[23.9944,45.2704],[23.9984,45.2785]]],[[[24.0203,45.2928],[24.0204,45.2747],[24.0139,45.2998],[24.0203,45.2928]]],[[[24.3091,45.2919],[24.3098,45.2884],[24.3053,45.2865],[24.3091,45.2919]]],[[[24.0978,45.3007],[24.0503,45.2955],[24.0621,45.2892],[24.0698,45.2801],[24.0514,45.267],[24.0538,45.293],[24.0173,45.3079],[24.0978,45.3007]]],[[[24.436,45.3027],[24.4364,45.3064],[24.4522,45.314],[24.436,45.3027]]],[[[24.3339,45.315],[24.3307,45.3215],[24.3362,45.3224],[24.3339,45.315]]],[[[24.4184,45.3065],[24.4302,45.3272],[24.4451,45.3204],[24.4678,45.3281],[24.4692,45.3339],[24.4989,45.3243],[24.4428,45.3163],[24.4184,45.3065]]],[[[24.452,45.3263],[24.4404,45.3293],[24.4652,45.3366],[24.452,45.3263]]],[[[24.4733,45.3544],[24.4816,45.351],[24.4769,45.3481],[24.4733,45.3544]]],[[[24.4564,45.3596],[24.4531,45.3613],[24.4639,45.3645],[24.4802,45.3585],[24.4564,45.3596]]],[[[23.9566,45.3578],[23.9514,45.3577],[23.9657,45.3689],[23.9767,45.3684],[23.9566,45.3578]]],[[[24.2356,45.3873],[24.236,45.3916],[24.2423,45.3922],[24.2356,45.3873]]],[[[24.053,45.3895],[24.0519,45.392],[24.0527,45.3967],[24.0557,45.3983],[24.0645,45.3915],[24.053,45.3895]]],[[[24.4769,45.4041],[24.4748,45.4047],[24.4845,45.4148],[24.4769,45.4041]]],[[[24.4524,45.4165],[24.4548,45.4076],[24.4512,45.4175],[24.462,45.4217],[24.4636,45.4206],[24.4524,45.4165]]],[[[24.2572,45.4187],[24.271,45.4215],[24.2696,45.4177],[24.2572,45.4187]]],[[[24.0044,45.418],[24.008,45.4222],[24.0215,45.4257],[24.0044,45.418]]],[[[24.4408,45.4134],[24.4322,45.409],[24.4357,45.4263],[24.4201,45.4278],[24.4337,45.4306],[24.4398,45.4236],[24.4408,45.4134]]],[[[24.418,45.4266],[24.4266,45.4225],[24.407,45.4224],[24.418,45.4266]]],[[[24.4706,45.4265],[24.4742,45.4251],[24.4804,45.4293],[24.4675,45.435],[24.4839,45.4295],[24.4835,45.4168],[24.4706,45.4265]]],[[[23.9846,45.4208],[24.0049,45.4355],[24.0004,45.4315],[23.9846,45.4208]]],[[[24.2378,45.4284],[24.2342,45.4242],[24.2321,45.4394],[24.2391,45.437],[24.2378,45.4284]]],[[[24.2763,45.4325],[24.2689,45.4363],[24.2738,45.4422],[24.2763,45.4325]]],[[[24.2364,45.4419],[24.2473,45.4444],[24.2532,45.4401],[24.2364,45.4419]]],[[[24.4326,45.4335],[24.4189,45.4296],[24.3966,45.452],[24.4326,45.4335]]],[[[24.442,45.4456],[24.4461,45.4437],[24.4358,45.4395],[24.4395,45.4485],[24.442,45.4456]]],[[[24.0821,45.4454],[24.0825,45.4478],[24.0929,45.4431],[24.0821,45.4454]]],[[[24.0043,45.4536],[23.9923,45.4502],[24.0033,45.4633],[24.0094,45.4609],[24.0043,45.4536]]],[[[23.9496,45.4527],[23.9567,45.4609],[23.9584,45.4595],[23.9496,45.4527]]],[[[23.9758,45.4545],[23.9723,45.4577],[23.9838,45.4574],[23.9758,45.4545]]],[[[24.1706,45.4634],[24.1648,45.4718],[24.1749,45.4722],[24.1706,45.4634]]],[[[24.1446,45.4726],[24.1513,45.4689],[24.1449,45.4685],[24.1446,45.4726]]],[[[24.4277,45.4742],[24.4445,45.4746],[24.4375,45.4651],[24.4277,45.4742]]],[[[24.3927,45.4629],[24.3801,45.484],[24.366,45.468],[24.3399,45.4708],[24.376,45.4819],[24.3436,45.4837],[24.3583,45.489],[24.3873,45.4883],[24.408,45.4767],[24.3927,45.4629]]],[[[24.4561,45.4749],[24.4482,45.4759],[24.4507,45.4843],[24.4561,45.4749]]],[[[24.4035,45.4828],[24.3998,45.4895],[24.4062,45.4838],[24.4215,45.4827],[24.4035,45.4828]]],[[[24.3491,45.4895],[24.345,45.4901],[24.3478,45.4949],[24.3491,45.4895]]],[[[24.3326,45.4924],[24.3316,45.4974],[24.3432,45.5131],[24.3573,45.5219],[24.3626,45.5107],[24.3518,45.5157],[24.3349,45.4775],[24.3142,45.4696],[24.3326,45.4924]]],[[[24.1792,45.502],[24.1762,45.5007],[24.1729,45.5067],[24.1792,45.502]]],[[[24.3268,45.5062],[24.3107,45.5018],[24.3006,45.522],[24.3268,45.5062]]],[[[23.9527,45.5146],[23.9411,45.5171],[23.9485,45.5194],[23.9527,45.5146]]],[[[24.0334,45.5244],[24.1044,45.5117],[24.1153,45.5231],[24.132,45.528],[24.1172,45.5103],[24.1521,45.5118],[24.1726,45.4955],[24.1017,45.5112],[24.0955,45.4903],[24.0649,45.5138],[24.0792,45.4817],[24.0476,45.4814],[24.0609,45.5131],[24.0083,45.5304],[24.0023,45.5575],[24.0229,45.5592],[24.0334,45.5244]]],[[[23.9978,45.5178],[23.9946,45.5208],[24.0014,45.5263],[24.0063,45.52],[24.006,45.5151],[23.9978,45.5178]]],[[[24.2892,45.5263],[24.277,45.5256],[24.2908,45.5304],[24.2993,45.5251],[24.2892,45.5263]]],[[[24.1066,45.529],[24.1059,45.533],[24.1122,45.5354],[24.1066,45.529]]],[[[24.1567,45.5285],[24.1774,45.5304],[24.1544,45.5282],[24.1567,45.5285]]],[[[24.0953,45.5326],[24.0903,45.5278],[24.0902,45.539],[24.0975,45.5402],[24.0953,45.5326]]],[[[24.0537,45.5388],[24.0578,45.5417],[24.0628,45.5361],[24.0537,45.5388]]],[[[24.4055,45.5376],[24.4302,45.5453],[24.4304,45.5379],[24.4055,45.5376]]],[[[23.9594,45.5376],[23.952,45.54],[23.9605,45.5521],[23.9594,45.5376]]],[[[24.1292,45.5507],[24.1373,45.5422],[24.1222,45.5492],[24.1292,45.5507]]],[[[24.1432,45.5438],[24.1354,45.5473],[24.1557,45.5564],[24.1663,45.5531],[24.1432,45.5438]]],[[[24.0807,45.5549],[24.0911,45.5544],[24.0768,45.5471],[24.0807,45.5549]]],[[[24.3455,45.5444],[24.3405,45.5482],[24.3599,45.5609],[24.3455,45.5444]]],[[[24.2016,45.5602],[24.176,45.5575],[24.1878,45.5591],[24.2016,45.5602]]],[[[23.9585,45.5648],[23.9632,45.5663],[23.9659,45.5544],[23.9585,45.5648]]],[[[23.9795,45.5591],[23.9748,45.5612],[23.9866,45.5676],[23.9795,45.5591]]],[[[24.0245,45.5683],[24.0219,45.5734],[24.0478,45.5748],[24.0245,45.5683]]],[[[24.0015,45.5662],[23.9942,45.5677],[23.9962,45.5806],[24.0015,45.5662]]],[[[24.07,45.5723],[24.0483,45.5738],[24.0568,45.5848],[24.07,45.5723]]],[[[24.3539,45.5865],[24.3607,45.5805],[24.3551,45.5793],[24.3358,45.5807],[24.3539,45.5865]]],[[[24.3219,45.5798],[24.3247,45.5881],[24.3314,45.5873],[24.3219,45.5798]]],[[[24.1744,45.592],[24.1669,45.59],[24.1771,45.5928],[24.1744,45.592]]],[[[24.2048,45.6079],[24.2094,45.6079],[24.2117,45.6069],[24.2117,45.579],[24.2048,45.6079]]],[[[24.3194,45.5979],[24.3198,45.6015],[24.3249,45.603],[24.3194,45.5979]]],[[[24.1147,45.5835],[24.1132,45.6036],[24.0908,45.5922],[24.059,45.5947],[24.109,45.6176],[24.1462,45.5958],[24.1147,45.5835]]],[[[23.9943,45.6135],[24.0044,45.6094],[23.9876,45.6124],[23.9814,45.6177],[23.9817,45.6195],[23.9943,45.6135]]],[[[24.1938,45.614],[24.2035,45.6173],[24.207,45.6134],[24.2212,45.6154],[24.2259,45.6121],[24.1924,45.6131],[24.1938,45.614]]],[[[24.2564,45.6205],[24.2672,45.6197],[24.2609,45.6142],[24.2564,45.6205]]],[[[24.1853,45.6109],[24.137,45.6127],[24.1948,45.6336],[24.2045,45.6272],[24.1853,45.6109]]],[[[23.9859,45.6331],[23.9874,45.6366],[23.9998,45.6306],[23.9859,45.6331]]],[[[24.0214,45.6248],[24.0037,45.6456],[24.011,45.6465],[24.0214,45.6248]]],[[[24.1736,45.6403],[24.1775,45.6396],[24.1733,45.6346],[24.1736,45.6403]]],[[[24.0855,45.6589],[24.0369,45.6437],[24.0591,45.6374],[24.0432,45.6192],[24.0123,45.6638],[24.0538,45.6885],[24.0485,45.662],[24.0212,45.6584],[24.0495,45.6487],[24.0694,45.6858],[24.0855,45.6589]]],[[[23.9891,45.6672],[24.0105,45.6736],[24.0064,45.6634],[23.9891,45.6672]]],[[[24.0346,45.6828],[24.0262,45.681],[24.0231,45.6913],[24.0462,45.6941],[24.0346,45.6828]]],[[[23.9898,45.7023],[23.9712,45.6899],[23.9741,45.6866],[24.0039,45.6855],[23.9339,45.67],[23.9164,45.6855],[23.9602,45.6856],[23.9898,45.7023]]],[[[23.9474,45.6972],[23.9616,45.7035],[23.9496,45.6878],[23.9474,45.6972]]],[[[23.9868,45.717],[23.9731,45.7115],[23.9621,45.7182],[23.9868,45.717]]],[[[24.2677,46.0358],[24.2592,46.0386],[24.2536,46.0477],[24.2677,46.0358]]],[[[24.2153,46.0458],[24.2251,46.0501],[24.2519,46.0438],[24.2244,46.0378],[24.2105,46.0464],[24.2153,46.0458]]],[[[24.3924,46.1518],[24.385,46.1482],[24.3892,46.1532],[24.3924,46.1518]]],[[[23.9523,46.6281],[23.9404,46.6347],[23.9436,46.6584],[23.9751,46.6525],[23.9523,46.6281]]],[[[24.3755,47.4552],[24.3441,47.4487],[24.3717,47.4472],[24.3687,47.4371],[24.3283,47.439],[24.327,47.4549],[24.3428,47.4651],[24.3492,47.4611],[24.3755,47.4552]],[[24.3494,47.4509],[24.3469,47.4612],[24.3411,47.4475],[24.3441,47.4487],[24.3494,47.4509]]],[[[24.3219,47.4555],[24.3244,47.4464],[24.3171,47.451],[24.3208,47.462],[24.3219,47.4555]]],[[[24.3194,47.4602],[24.3088,47.4532],[24.3182,47.446],[24.3031,47.4452],[24.3071,47.4553],[24.3194,47.4602]]],[[[24.3095,47.4764],[24.2964,47.4807],[24.3049,47.4872],[24.3095,47.4764]]],[[[24.2817,47.4788],[24.2524,47.4783],[24.2783,47.4926],[24.2817,47.4788]]],[[[24.3187,47.4885],[24.3161,47.4891],[24.3207,47.49],[24.3248,47.4847],[24.3177,47.4817],[24.3187,47.4885]]],[[[24.2896,47.4992],[24.2944,47.4999],[24.2954,47.4933],[24.2896,47.4992]]],[[[24.307,47.4956],[24.3026,47.5019],[24.3058,47.503],[24.307,47.4956]]],[[[24.3489,47.5177],[24.3641,47.5],[24.3396,47.5044],[24.3489,47.5177]]],[[[24.2496,47.5098],[24.2478,47.4916],[24.2402,47.4965],[24.2356,47.4874],[24.2279,47.4821],[24.2243,47.4819],[24.222,47.4942],[24.2527,47.5117],[24.2461,47.5368],[24.2793,47.5096],[24.2496,47.5098]]],[[[24.3164,47.5113],[24.3094,47.5111],[24.3165,47.5141],[24.3269,47.5086],[24.3164,47.5113]]],[[[24.0813,47.515],[24.1011,47.5281],[24.0937,47.5224],[24.0813,47.515]]],[[[24.1065,47.5084],[24.1004,47.5081],[24.1101,47.5343],[24.1065,47.5084]]],[[[24.0921,47.5428],[24.1126,47.5463],[24.1107,47.543],[24.0921,47.5428]]],[[[24.278,47.5511],[24.2829,47.5536],[24.2835,47.5466],[24.278,47.5511]]],[[[24.0284,47.5588],[24.0237,47.5615],[24.0285,47.57],[24.0284,47.5588]]],[[[24.156,47.5955],[24.1836,47.5961],[24.1704,47.5792],[24.156,47.5955]]],[[[24.2308,47.6016],[24.2201,47.5906],[24.208,47.5917],[24.2048,47.5794],[24.1892,47.5771],[24.1972,47.6021],[24.2308,47.6016]]],[[[24.2941,47.5929],[24.2974,47.5854],[24.2862,47.5854],[24.2813,47.5961],[24.2941,47.5929]]],[[[24.2536,47.5926],[24.2451,47.5927],[24.2419,47.5962],[24.2536,47.5926]]],[[[24.317,47.6172],[24.3356,47.6243],[24.3762,47.5901],[24.379,47.5688],[24.2965,47.5903],[24.2845,47.6047],[24.3105,47.6024],[24.2909,47.612],[24.2796,47.6119],[24.2785,47.5972],[24.2589,47.5949],[24.2769,47.5977],[24.2834,47.6353],[24.3026,47.6248],[24.2847,47.6132],[24.304,47.6183],[24.3236,47.5922],[24.317,47.6172]],[[24.3433,47.5889],[24.3333,47.5861],[24.3657,47.5876],[24.3433,47.5889]]],[[[24.1437,47.6184],[24.1642,47.6113],[24.1538,47.6018],[24.1437,47.6184]]],[[[24.1865,47.6089],[24.1654,47.6037],[24.1701,47.6174],[24.1865,47.6089]]],[[[24.2029,47.6172],[24.21,47.6302],[24.2484,47.6365],[24.2713,47.6113],[24.2029,47.6172]]],[[[24.1616,47.6397],[24.165,47.6236],[24.1953,47.6322],[24.15,47.6189],[24.1411,47.6275],[24.1616,47.6397]]],[[[24.0521,47.6447],[24.0666,47.646],[24.0638,47.6432],[24.0521,47.6447]]],[[[24.039,47.6632],[24.0403,47.6696],[24.0468,47.6595],[24.039,47.6632]]],[[[23.9577,47.665],[23.9427,47.6621],[23.9401,47.6684],[23.9593,47.6716],[23.9577,47.665]]],[[[23.9836,47.6754],[23.9747,47.6745],[23.9726,47.6824],[23.9836,47.6754]]],[[[23.9857,47.6891],[23.9797,47.6954],[23.9927,47.697],[23.9857,47.6891]]],[[[23.9491,47.7032],[23.9436,47.7086],[23.9614,47.7089],[23.9491,47.7032]]],[[[23.9804,47.7737],[24.0074,47.7433],[24.0222,47.7567],[24.0326,47.7485],[23.9958,47.7253],[24.0494,47.7057],[24.0256,47.6875],[23.9739,47.7056],[23.9599,47.7247],[23.9831,47.7246],[23.9514,47.7447],[23.9863,47.7311],[23.9681,47.7705],[23.9857,47.7806],[23.9804,47.7737]]],[[[24.0231,47.7344],[24.0177,47.7378],[24.0254,47.7416],[24.0231,47.7344]]],[[[24.0537,47.7349],[24.0501,47.7402],[24.0435,47.7345],[24.0479,47.7406],[24.0581,47.742],[24.0537,47.7349]]],[[[24.4701,47.7656],[24.467,47.7686],[24.4726,47.7718],[24.4701,47.7656]]],[[[24.4665,47.781],[24.4856,47.7953],[24.4822,47.7797],[24.4665,47.781]]],[[[24.116,47.8001],[24.0975,47.8106],[24.0998,47.8116],[24.116,47.8001]]],[[[24.3505,47.8783],[24.344,47.8792],[24.3555,47.8848],[24.3505,47.8783]]],[[[24.3653,47.8759],[24.3604,47.8812],[24.3712,47.8836],[24.3653,47.8759]]],[[[24.2117,47.8927],[24.2064,47.8957],[24.2133,47.8986],[24.2117,47.8927]]],[[[24.2967,47.8933],[24.2934,47.8988],[24.2995,47.9014],[24.2967,47.8933]]],[[[24.4583,47.9085],[24.5069,47.8947],[24.4357,47.8666],[24.4474,47.8859],[24.4217,47.8919],[24.445,47.9158],[24.427,47.9291],[24.46,47.9269],[24.4583,47.9085]]],[[[24.2786,47.8974],[24.2687,47.8929],[24.2729,47.9063],[24.2786,47.8974]]],[[[24.3596,47.895],[24.322,47.8867],[24.3407,47.9087],[24.2921,47.9108],[24.3565,47.9162],[24.3596,47.895]]],[[[24.5234,47.9575],[24.5195,47.9209],[24.4984,47.9538],[24.459,47.9495],[24.4282,47.9726],[24.5234,47.9575]]],[[[24.4436,47.95],[24.4496,47.9545],[24.4506,47.951],[24.4436,47.95]]],[[[24.7059,42.7008],[24.6972,42.6997],[24.7133,42.7102],[24.7168,42.7078],[24.7059,42.7008]]],[[[24.6934,42.7076],[24.6987,42.7107],[24.7008,42.708],[24.6934,42.7076]]],[[[25.0749,42.7413],[25.1421,42.7263],[25.1585,42.7048],[25.1125,42.7048],[25.1294,42.6798],[25.0522,42.6945],[25.0194,42.7406],[25.0319,42.7555],[25.0144,42.7661],[24.998,42.754],[25.0193,42.7486],[24.9833,42.7479],[25.0156,42.7229],[24.9906,42.7076],[24.987,42.6659],[24.9654,42.7038],[24.9738,42.6693],[24.9593,42.6674],[24.9411,42.7155],[24.8925,42.6849],[24.9421,42.6614],[24.8906,42.6662],[24.8922,42.645],[24.8519,42.6509],[24.863,42.6684],[24.8122,42.6664],[24.877,42.6933],[24.8551,42.7112],[24.7874,42.7151],[24.7819,42.6947],[24.7595,42.7107],[24.7764,42.716],[24.7048,42.7378],[24.7328,42.752],[24.7638,42.7278],[24.7762,42.7578],[24.7999,42.7309],[24.8528,42.7286],[24.8668,42.7629],[24.8705,42.7321],[24.9014,42.731],[25.0171,42.7699],[25.0547,42.7497],[25.1044,42.7609],[25.1347,42.7597],[25.0749,42.7413]]],[[[24.6516,42.7218],[24.6451,42.7257],[24.6553,42.7314],[24.6516,42.7218]]],[[[24.4971,42.741],[24.4997,42.7496],[24.5072,42.7436],[24.4971,42.741]]],[[[24.8865,42.7516],[24.8949,42.7558],[24.8968,42.7498],[24.8865,42.7516]]],[[[24.5576,42.7554],[24.5602,42.7623],[24.5641,42.7615],[24.5576,42.7554]]],[[[24.6573,42.7658],[24.6799,42.7843],[24.6807,42.7771],[24.7017,42.7795],[24.703,42.7759],[24.7166,42.7782],[24.7249,42.7746],[24.6597,42.7489],[24.6817,42.7314],[24.6744,42.7245],[24.6318,42.7558],[24.6381,42.7392],[24.6311,42.7319],[24.6282,42.753],[24.6058,42.7438],[24.6243,42.7697],[24.4846,42.7835],[24.4792,42.8041],[24.5295,42.787],[24.5942,42.8024],[24.6158,42.778],[24.6573,42.7658]]],[[[24.881,42.7695],[24.8441,42.776],[24.8659,42.7773],[24.881,42.7695]]],[[[24.6435,42.7809],[24.6518,42.7845],[24.6579,42.7729],[24.6435,42.7809]]],[[[24.6232,42.782],[24.6167,42.7805],[24.6246,42.787],[24.6232,42.782]]],[[[24.748,42.7888],[24.7216,42.7794],[24.7445,42.7934],[24.7498,42.791],[24.748,42.7888]]],[[[24.7159,42.7964],[24.6913,42.7932],[24.7175,42.8014],[24.7243,42.7994],[24.7159,42.7964]]],[[[24.8464,42.7987],[24.8429,42.8024],[24.8506,42.8056],[24.8464,42.7987]]],[[[24.7224,42.8059],[24.7304,42.8114],[24.7304,42.8064],[24.7224,42.8059]]],[[[24.8423,42.8109],[24.8335,42.8075],[24.834,42.8177],[24.8429,42.8159],[24.8423,42.8109]]],[[[24.9717,42.8196],[24.9792,42.8111],[24.9761,42.8097],[24.9717,42.8196]]],[[[24.7317,42.8317],[24.7385,42.8271],[24.7317,42.8242],[24.7317,42.8317]]],[[[24.7445,42.8324],[24.7347,42.8448],[24.7493,42.843],[24.7445,42.8324]]],[[[24.802,42.8522],[24.7901,42.8464],[24.7814,42.8491],[24.793,42.8549],[24.8222,42.8494],[24.8268,42.8453],[24.802,42.8522]]],[[[24.7427,42.8581],[24.7724,42.8564],[24.764,42.8497],[24.7427,42.8581]]],[[[24.8269,42.8689],[24.8401,42.8713],[24.8356,42.8586],[24.8269,42.8689]]],[[[24.9577,42.8711],[24.9498,42.8672],[24.9307,42.8717],[24.9577,42.8711]]],[[[24.9223,42.8754],[24.9089,42.8657],[24.8955,42.8685],[24.9308,42.8798],[24.934,42.8765],[24.9223,42.8754]]],[[[24.5199,42.8724],[24.5164,42.8747],[24.5316,42.8793],[24.5199,42.8724]]],[[[24.578,42.8904],[24.5526,42.8843],[24.5356,42.8898],[24.578,42.8904]]],[[[24.5124,42.8919],[24.5076,42.8954],[24.5272,42.893],[24.5124,42.8919]]],[[[24.7066,42.9774],[24.6898,42.9782],[24.7186,42.9781],[24.7066,42.9774]]],[[[24.6426,42.9782],[24.669,42.9787],[24.6566,42.9691],[24.6134,42.987],[24.6426,42.9782]]],[[[24.7423,42.9881],[24.7598,42.9888],[24.7466,42.9852],[24.7423,42.9881]]],[[[24.6089,42.9839],[24.5934,42.9895],[24.5962,42.9912],[24.6089,42.9839]]],[[[24.8562,43.0084],[24.8548,43.0093],[24.892,43.0052],[24.8562,43.0084]]],[[[24.9751,43.0038],[24.9738,43.0059],[24.981,43.0101],[24.9751,43.0038]]],[[[24.9034,43.0145],[24.9108,43.0136],[24.9061,43.0109],[24.9034,43.0145]]],[[[24.8795,43.0135],[24.8778,43.0153],[24.8981,43.0165],[24.8795,43.0135]]],[[[24.9522,43.0176],[24.9631,43.0141],[24.9595,43.0117],[24.9522,43.0176]]],[[[24.846,43.0206],[24.8645,43.0217],[24.8734,43.0176],[24.846,43.0206]]],[[[24.96,43.0199],[24.9527,43.0197],[24.9604,43.0227],[24.96,43.0199]]],[[[24.8037,43.0156],[24.7894,43.0124],[24.7801,43.0232],[24.8037,43.0156]]],[[[24.8984,43.0236],[24.8918,43.021],[24.8885,43.0238],[24.8987,43.0254],[24.8984,43.0236]]],[[[24.8854,43.0223],[24.8744,43.02],[24.8859,43.0284],[24.8854,43.0223]]],[[[24.9657,43.0203],[24.9515,43.0296],[24.9633,43.0299],[24.9657,43.0203]]],[[[24.7692,43.0277],[24.7651,43.0295],[24.8091,43.0402],[24.7692,43.0277]]],[[[24.5682,43.0431],[24.556,43.0451],[24.5652,43.054],[24.5682,43.0431]]],[[[24.5446,43.0485],[24.5414,43.0494],[24.5586,43.0524],[24.5446,43.0485]]],[[[24.7802,43.0493],[24.7516,43.0475],[24.7675,43.0561],[24.7802,43.0493]]],[[[24.9288,43.0582],[24.9362,43.0566],[24.915,43.0517],[24.9288,43.0582]]],[[[24.8478,43.0588],[24.8316,43.062],[24.8793,43.0603],[24.8478,43.0588]]],[[[24.9152,43.0705],[24.9253,43.0585],[24.9038,43.065],[24.9152,43.0705]]],[[[24.7473,43.0658],[24.7335,43.0722],[24.75,43.0716],[24.752,43.0681],[24.7473,43.0658]]],[[[24.8285,43.069],[24.8119,43.0653],[24.8082,43.071],[24.8285,43.069]]],[[[24.831,43.077],[24.8226,43.0834],[24.8285,43.0855],[24.831,43.077]]],[[[24.6558,43.0819],[24.6447,43.0847],[24.6729,43.0873],[24.6558,43.0819]]],[[[24.5327,43.0857],[24.5203,43.0863],[24.5423,43.0917],[24.5327,43.0857]]],[[[24.872,43.0961],[24.8882,43.0874],[24.8693,43.0838],[24.872,43.0961]]],[[[24.5531,43.0884],[24.5572,43.0933],[24.566,43.0935],[24.5531,43.0884]]],[[[24.5319,43.0916],[24.5229,43.0931],[24.5447,43.0958],[24.5319,43.0916]]],[[[24.5752,43.1007],[24.5653,43.0991],[24.5588,43.1016],[24.5804,43.1023],[24.5752,43.1007]]],[[[24.5821,43.1052],[24.5512,43.1047],[24.5662,43.1165],[24.5821,43.1052]]],[[[24.5056,43.1169],[24.5145,43.1157],[24.5159,43.1078],[24.5056,43.1169]]],[[[24.834,43.1246],[24.8378,43.124],[24.8239,43.1152],[24.834,43.1246]]],[[[24.727,43.1286],[24.7148,43.1235],[24.715,43.1244],[24.727,43.1286]]],[[[24.8284,43.124],[24.8224,43.1287],[24.8285,43.1303],[24.8284,43.124]]],[[[24.7302,43.1289],[24.7198,43.1309],[24.7273,43.135],[24.7384,43.1317],[24.7302,43.1289]]],[[[24.7746,43.1373],[24.7673,43.1317],[24.7691,43.1377],[24.7777,43.1397],[24.789,43.1361],[24.7746,43.1373]]],[[[24.8545,43.2028],[24.8497,43.2034],[24.8519,43.2124],[24.8545,43.2028]]],[[[24.8725,43.2084],[24.8521,43.2139],[24.8763,43.2241],[24.8857,43.2192],[24.8725,43.2084]]],[[[24.5629,43.2152],[24.555,43.2306],[24.5641,43.23],[24.5629,43.2152]]],[[[24.8857,43.2232],[24.8741,43.2286],[24.8923,43.2357],[24.8857,43.2232]]],[[[24.8979,43.2303],[24.8952,43.2366],[24.9163,43.2389],[24.8979,43.2303]]],[[[24.9568,43.2383],[24.9497,43.2399],[24.9585,43.2408],[24.9682,43.2344],[24.9568,43.2383]]],[[[24.5253,43.4103],[24.5375,43.4199],[24.5391,43.4135],[24.5253,43.4103]]],[[[24.9511,43.5703],[24.9303,43.5773],[24.9249,43.5854],[24.9511,43.5703]]],[[[24.8839,43.604],[24.8783,43.6063],[24.8904,43.6073],[24.9011,43.5996],[24.8839,43.604]]],[[[24.8765,43.6069],[24.856,43.6123],[24.8643,43.6122],[24.8765,43.6069]]],[[[24.8567,43.6832],[24.8483,43.6832],[24.851,43.6865],[24.8567,43.6832]]],[[[24.8798,43.698],[24.8768,43.7013],[24.8948,43.7049],[24.8798,43.698]]],[[[24.8032,43.7198],[24.7918,43.7273],[24.8162,43.7381],[24.8182,43.7286],[24.8032,43.7198]],[[24.8106,43.7353],[24.8001,43.7287],[24.8002,43.7282],[24.8106,43.7353]]],[[[24.7347,43.7126],[24.6803,43.7192],[24.5811,43.7694],[24.6472,43.7585],[24.6527,43.7667],[24.6596,43.7697],[24.6508,43.7785],[24.6451,43.7806],[24.6438,43.7829],[24.6524,43.7901],[24.6619,43.7706],[24.6485,43.7572],[24.6318,43.7563],[24.7347,43.7126]]],[[[24.593,43.7605],[24.5155,43.7728],[24.5341,43.7765],[24.593,43.7605]]],[[[24.763,43.7682],[24.7538,43.7714],[24.7388,43.7839],[24.763,43.7682]]],[[[24.7138,43.8066],[24.707,43.8089],[24.719,43.8062],[24.7363,43.7838],[24.7138,43.8066]]],[[[24.6031,44.4408],[24.6173,44.4262],[24.6103,44.4302],[24.6031,44.4408]]],[[[24.9096,45.0245],[24.9139,45.0332],[24.9115,45.0251],[24.9096,45.0245]]],[[[24.9191,45.0314],[24.9095,45.0352],[24.9155,45.04],[24.9191,45.0314]]],[[[24.5335,45.2999],[24.5476,45.2943],[24.5326,45.2865],[24.5335,45.2999]]],[[[24.9339,45.3073],[24.9566,45.3013],[24.9294,45.302],[24.9339,45.3073]]],[[[24.8409,45.3097],[24.8416,45.3155],[24.8471,45.3106],[24.8409,45.3097]]],[[[24.8918,45.3228],[24.8973,45.3159],[24.8837,45.3307],[24.8802,45.338],[24.8918,45.3228]]],[[[24.8479,45.3306],[24.8545,45.3239],[24.8533,45.3235],[24.8479,45.3306]]],[[[24.7571,45.3452],[24.7626,45.3558],[24.8024,45.3533],[24.7571,45.3452]]],[[[24.6754,45.3463],[24.6737,45.3469],[24.6802,45.3567],[24.6857,45.3562],[24.6754,45.3463]]],[[[24.5914,45.3552],[24.5901,45.3567],[24.6122,45.3556],[24.5914,45.3552]]],[[[24.7005,45.355],[24.7033,45.3501],[24.6948,45.3579],[24.7048,45.3613],[24.7005,45.355]]],[[[24.5261,45.3578],[24.5234,45.3622],[24.5462,45.3602],[24.5261,45.3578]]],[[[24.7674,45.3622],[24.7566,45.3673],[24.778,45.3655],[24.7674,45.3622]]],[[[24.7463,45.3604],[24.7369,45.3639],[24.7508,45.3767],[24.7463,45.3604]]],[[[24.6831,45.3731],[24.6854,45.3843],[24.6992,45.3769],[24.6831,45.3731]]],[[[24.7744,45.3845],[24.7656,45.3854],[24.7863,45.3894],[24.7744,45.3845]]],[[[24.5903,45.3884],[24.594,45.3816],[24.5847,45.3822],[24.5903,45.3884]]],[[[24.5094,45.3857],[24.5044,45.3796],[24.498,45.3874],[24.4696,45.3803],[24.4663,45.387],[24.5025,45.3892],[24.5094,45.3857]]],[[[24.8562,45.3972],[24.8462,45.4071],[24.8624,45.4093],[24.8562,45.3972]]],[[[24.7567,45.4191],[24.7407,45.4078],[24.7493,45.4159],[24.7567,45.4191]]],[[[24.5542,45.4206],[24.5571,45.4169],[24.5471,45.4169],[24.5542,45.4206]]],[[[24.6445,45.4341],[24.6422,45.4337],[24.6507,45.4475],[24.6591,45.4482],[24.6445,45.4341]]],[[[24.5328,45.4311],[24.5434,45.4288],[24.5333,45.4291],[24.5156,45.4361],[24.5139,45.451],[24.5209,45.4548],[24.5328,45.4311]]],[[[24.6868,45.4642],[24.6743,45.4611],[24.6747,45.4634],[24.6868,45.4642]]],[[[24.5486,45.4706],[24.5447,45.4699],[24.5442,45.4709],[24.5509,45.4728],[24.5486,45.4706]]],[[[24.5,45.4794],[24.4801,45.4848],[24.4959,45.5011],[24.5,45.4794]]],[[[24.9375,45.5109],[24.9486,45.5024],[24.9286,45.4942],[24.9317,45.5097],[24.9598,45.5333],[24.9375,45.5109]]],[[[25.0377,45.5922],[25.0513,45.5857],[25.0539,45.5803],[24.9862,45.5865],[25.0012,45.5561],[24.9826,45.5385],[24.9933,45.5647],[24.9568,45.592],[24.9667,45.5457],[24.9546,45.5372],[24.9283,45.5818],[24.932,45.5424],[24.9177,45.5298],[24.916,45.5919],[24.8567,45.5904],[24.8841,45.5649],[24.852,45.588],[24.8305,45.5887],[24.8431,45.5844],[24.8335,45.5759],[24.8517,45.5711],[24.8755,45.5441],[24.8741,45.5371],[24.8509,45.56],[24.8298,45.5471],[24.82,45.5867],[24.7999,45.5769],[24.8247,45.6014],[24.7424,45.5914],[24.7403,45.5752],[24.7622,45.5779],[24.7644,45.5666],[24.7434,45.5729],[24.7399,45.5572],[24.8318,45.4908],[24.8176,45.4733],[24.8023,45.4882],[24.8023,45.4743],[24.7915,45.4731],[24.7924,45.511],[24.7595,45.5075],[24.77,45.4755],[24.7507,45.4832],[24.751,45.453],[24.7273,45.4594],[24.7565,45.5195],[24.7343,45.5668],[24.7305,45.543],[24.7183,45.5563],[24.7088,45.5413],[24.7279,45.535],[24.7243,45.4938],[24.7136,45.5091],[24.6842,45.4722],[24.6678,45.494],[24.7067,45.5152],[24.6923,45.5349],[24.7409,45.591],[24.6614,45.5824],[24.6793,45.5702],[24.6494,45.5628],[24.6669,45.5313],[24.638,45.5591],[24.6465,45.5272],[24.6061,45.4992],[24.6305,45.5706],[24.6573,45.5898],[24.5727,45.5828],[24.7863,45.6101],[24.7701,45.6121],[24.7748,45.6185],[24.8773,45.6015],[24.8341,45.608],[24.8368,45.5925],[24.9117,45.5928],[24.9054,45.6188],[24.935,45.5829],[24.9567,45.595],[25.0377,45.5922]],[[24.7263,45.553],[24.7287,45.5523],[24.728,45.5586],[24.7263,45.553]]],[[[24.5213,45.5819],[24.5292,45.5809],[24.5376,45.585],[24.5437,45.5803],[24.5542,45.5874],[24.5871,45.5718],[24.5648,45.5684],[24.5623,45.4948],[24.5215,45.516],[24.5581,45.5318],[24.5615,45.5582],[24.5406,45.5487],[24.555,45.5774],[24.4952,45.5762],[24.5294,45.5383],[24.501,45.544],[24.5141,45.5303],[24.4814,45.491],[24.4825,45.5156],[24.4698,45.498],[24.4428,45.5046],[24.4892,45.5302],[24.4894,45.5544],[24.4368,45.5499],[24.4885,45.5626],[24.4899,45.5801],[24.4776,45.5704],[24.4032,45.5834],[24.4911,45.5819],[24.5045,45.6005],[24.5362,45.5894],[24.5213,45.5819]],[[24.4989,45.5879],[24.4989,45.5869],[24.5173,45.5838],[24.5209,45.5881],[24.4989,45.5879]]],[[[24.8127,45.5565],[24.8137,45.541],[24.8098,45.5417],[24.8127,45.5565]]],[[[24.5684,45.6098],[24.5734,45.6177],[24.5789,45.6104],[24.5756,45.6013],[24.5684,45.6098]]],[[[24.7393,45.6153],[24.7399,45.6318],[24.7431,45.6231],[24.7393,45.6153]]],[[[24.809,45.6205],[24.8282,45.6279],[24.8209,45.6242],[24.809,45.6205]]],[[[24.9432,46.0636],[24.9375,46.0669],[24.9235,46.0519],[24.8842,46.0418],[24.8982,46.0724],[24.9022,46.05],[24.9347,46.0692],[24.949,46.0714],[24.9643,46.0627],[24.9432,46.0636]]],[[[24.696,46.0839],[24.7,46.0897],[24.7044,46.0891],[24.696,46.0839]]],[[[24.8411,46.1928],[24.8351,46.2008],[24.8424,46.1981],[24.8411,46.1928]]],[[[24.7592,46.1866],[24.7571,46.1846],[24.7482,46.1844],[24.7653,46.2054],[24.7592,46.1866]]],[[[24.9183,46.2105],[24.9182,46.203],[24.9092,46.2041],[24.9183,46.2105]]],[[[24.9433,46.2014],[24.9332,46.2008],[24.9585,46.2201],[24.9433,46.2014]]],[[[24.8619,46.3471],[24.8576,46.3548],[24.8687,46.3572],[24.8619,46.3471]]],[[[24.9212,46.3649],[24.911,46.3679],[24.9017,46.3808],[24.9042,46.3837],[24.9212,46.3649]]],[[[24.9229,46.3755],[24.9213,46.3846],[24.9327,46.3712],[24.9229,46.3755]]],[[[24.9639,46.4342],[24.9449,46.4323],[24.9547,46.445],[24.9691,46.4412],[24.9639,46.4342]]],[[[24.9533,46.5446],[24.9464,46.548],[24.9594,46.5485],[24.9533,46.5446]]],[[[24.7403,46.9152],[24.739,46.9103],[24.7274,46.914],[24.7403,46.9152]]],[[[25.0066,47.0081],[24.9685,47.0289],[24.9722,47.0492],[24.9344,47.0381],[24.9252,47.0533],[24.9691,47.0777],[25.0066,47.0081]],[[24.9316,47.0468],[24.9425,47.0498],[24.9359,47.0504],[24.9316,47.0468]]],[[[24.8009,47.0504],[24.7963,47.0517],[24.8067,47.0571],[24.8009,47.0504]]],[[[24.8288,47.0699],[24.8204,47.0714],[24.8299,47.0751],[24.8288,47.0699]]],[[[24.8003,47.0979],[24.7564,47.1018],[24.8072,47.1126],[24.8003,47.0979]]],[[[24.8582,47.1185],[24.8704,47.1049],[24.8382,47.0904],[24.8582,47.1185]]],[[[24.7141,47.0999],[24.6878,47.0937],[24.6773,47.0939],[24.711,47.1058],[24.6839,47.1069],[24.6705,47.1145],[24.7354,47.1167],[24.7141,47.0999]]],[[[24.9864,47.1193],[24.9911,47.115],[24.9766,47.1055],[24.9864,47.1193]]],[[[24.9536,47.1198],[24.9666,47.1183],[24.9648,47.1162],[24.9536,47.1198]]],[[[24.915,47.1164],[24.9117,47.1239],[24.9198,47.1218],[24.915,47.1164]]],[[[24.7941,47.1222],[24.7855,47.1233],[24.8019,47.1215],[24.7941,47.1222]]],[[[24.9393,47.127],[24.9179,47.136],[24.9535,47.1352],[24.9393,47.127]]],[[[24.8131,47.127],[24.8225,47.1352],[24.819,47.1261],[24.8131,47.127]]],[[[25.0095,47.2507],[25.0086,47.2438],[24.9591,47.2404],[25.0095,47.2507]]],[[[24.7841,47.2689],[24.7755,47.2607],[24.7715,47.2664],[24.7841,47.2689]]],[[[24.7333,47.2838],[24.7316,47.2873],[24.7432,47.2869],[24.7333,47.2838]]],[[[24.8862,47.3855],[24.8901,47.389],[24.8866,47.3818],[24.8792,47.3813],[24.8862,47.3855]]],[[[24.9331,47.3805],[24.9222,47.3897],[24.9267,47.3922],[24.9331,47.3805]]],[[[24.8942,47.3881],[24.8881,47.3935],[24.8899,47.396],[24.8942,47.3881]]],[[[24.6086,47.4057],[24.614,47.4082],[24.6161,47.4071],[24.603,47.3988],[24.6086,47.4057]]],[[[24.6013,47.4185],[24.6061,47.4157],[24.5907,47.4072],[24.6013,47.4185]]],[[[24.6952,47.398],[24.6819,47.4068],[24.7055,47.4072],[24.7075,47.4254],[24.6735,47.4244],[24.7094,47.4316],[24.716,47.4141],[24.6952,47.398]]],[[[24.9467,47.4022],[24.9382,47.3999],[24.928,47.4261],[24.9467,47.4022]]],[[[24.6637,47.417],[24.652,47.4169],[24.6404,47.4247],[24.6637,47.417]]],[[[24.6633,47.428],[24.6614,47.435],[24.6673,47.4373],[24.6633,47.428]]],[[[24.5741,47.4353],[24.5571,47.4079],[24.5561,47.436],[24.5332,47.4157],[24.5145,47.4286],[24.553,47.4464],[24.5741,47.4353]]],[[[24.7209,47.4263],[24.7038,47.4412],[24.7075,47.444],[24.7209,47.4263]]],[[[24.7335,47.4239],[24.7215,47.4426],[24.7545,47.4492],[24.7335,47.4239]]],[[[24.6361,47.4279],[24.5993,47.4539],[24.6119,47.4586],[24.6361,47.4279]]],[[[24.5894,47.4322],[24.5872,47.4299],[24.5775,47.4555],[24.5894,47.4322]]],[[[24.7799,47.4484],[24.7729,47.4498],[24.801,47.4448],[24.7799,47.4484]]],[[[24.8194,47.4252],[24.8241,47.4477],[24.81,47.4392],[24.7987,47.4481],[24.875,47.4658],[24.8194,47.4252]]],[[[24.7241,47.4521],[24.7298,47.4562],[24.7346,47.4471],[24.7241,47.4521]]],[[[24.6815,47.447],[24.6747,47.4496],[24.6804,47.4555],[24.6815,47.447]]],[[[24.7981,47.466],[24.8056,47.4646],[24.8068,47.4522],[24.7981,47.466]]],[[[24.8097,47.4619],[24.8135,47.4649],[24.8186,47.4593],[24.8097,47.4619]]],[[[24.5873,47.4596],[24.5848,47.4639],[24.6011,47.4606],[24.5873,47.4596]]],[[[24.7717,47.4631],[24.7608,47.4747],[24.7933,47.4779],[24.7717,47.4631]]],[[[24.7981,47.4717],[24.8058,47.47],[24.7981,47.4692],[24.7921,47.4822],[24.7981,47.4717]]],[[[24.5625,47.4761],[24.5612,47.4807],[24.5696,47.4828],[24.5625,47.4761]]],[[[24.7085,47.4813],[24.681,47.466],[24.6678,47.4425],[24.6587,47.4619],[24.6825,47.4732],[24.6475,47.484],[24.6669,47.4967],[24.6488,47.5071],[24.6734,47.5146],[24.7085,47.4813]]],[[[24.6275,47.4622],[24.563,47.4942],[24.609,47.4994],[24.6118,47.4779],[24.6275,47.4622]]],[[[24.6158,47.48],[24.6295,47.4799],[24.6248,47.4798],[24.6158,47.48]]],[[[24.7927,47.497],[24.8096,47.4902],[24.7932,47.4922],[24.7927,47.497]]],[[[24.621,47.4973],[24.6246,47.4918],[24.623,47.4911],[24.621,47.4973]]],[[[24.8527,47.5153],[24.8405,47.5046],[24.841,47.506],[24.8527,47.5153]]],[[[24.8785,47.5567],[24.8816,47.5441],[24.9223,47.5523],[24.9071,47.5285],[24.9728,47.546],[25.0051,47.5431],[24.9209,47.5252],[24.935,47.4857],[24.8982,47.4855],[24.9097,47.4631],[24.8928,47.4478],[24.8904,47.4906],[24.9045,47.4892],[24.905,47.4986],[24.8619,47.4814],[24.8644,47.5078],[24.8394,47.4992],[24.8613,47.5245],[24.8169,47.5346],[24.7905,47.4981],[24.7803,47.5437],[24.8107,47.546],[24.7846,47.5649],[24.7492,47.5503],[24.756,47.5666],[24.7232,47.5718],[24.7045,47.5516],[24.7325,47.5392],[24.7155,47.5195],[24.6784,47.5499],[24.6635,47.5173],[24.6417,47.5341],[24.6164,47.498],[24.6174,47.5312],[24.5909,47.531],[24.6295,47.5406],[24.6098,47.5465],[24.6282,47.5682],[24.5789,47.5653],[24.5653,47.5217],[24.5419,47.5318],[24.5727,47.5843],[24.6272,47.5773],[24.6633,47.6012],[24.6352,47.5738],[24.674,47.5766],[24.6914,47.5473],[24.7238,47.5901],[24.757,47.5714],[24.7945,47.5916],[24.7932,47.5764],[24.8106,47.5689],[24.819,47.5731],[24.8249,47.592],[24.8436,47.5923],[24.8265,47.5727],[24.8684,47.5482],[24.8878,47.5722],[24.8663,47.5787],[24.9007,47.5826],[24.8995,47.5867],[24.8963,47.584],[24.8865,47.5917],[24.9195,47.5792],[24.8785,47.5567]],[[24.5848,47.5749],[24.5819,47.5726],[24.5994,47.569],[24.6121,47.5761],[24.5848,47.5749]]],[[[24.5073,47.5339],[24.5118,47.5305],[24.5058,47.5283],[24.5073,47.5339]]],[[[24.5331,47.5624],[24.5399,47.5638],[24.5399,47.5592],[24.5331,47.5624]]],[[[24.9752,47.5575],[24.9378,47.5564],[24.9354,47.5588],[24.9752,47.5575]]],[[[24.682,47.5659],[24.6854,47.5718],[24.6944,47.5649],[24.682,47.5659]]],[[[24.9842,47.5718],[24.9762,47.5742],[24.9849,47.5753],[24.9889,47.5686],[24.9842,47.5718]]],[[[24.4695,47.5895],[24.5007,47.5827],[24.4923,47.5754],[24.4695,47.5895]]],[[[24.7612,47.5814],[24.7511,47.5899],[24.7577,47.5965],[24.7612,47.5814]]],[[[24.8287,47.6013],[24.8131,47.573],[24.7831,47.6175],[24.8287,47.6013]]],[[[24.6258,47.5921],[24.6376,47.6059],[24.6418,47.5966],[24.6258,47.5921]]],[[[24.9375,47.6225],[24.9323,47.6212],[24.9341,47.6316],[24.9375,47.6225]]],[[[24.8637,47.6364],[24.8976,47.6112],[24.8748,47.6268],[24.8717,47.6044],[24.845,47.6034],[24.8783,47.5976],[24.8421,47.6001],[24.8425,47.6101],[24.8692,47.6194],[24.8284,47.6246],[24.8629,47.6407],[24.846,47.6541],[24.9168,47.6675],[24.8637,47.6364]]],[[[24.8264,47.6382],[24.8038,47.6505],[24.8179,47.6569],[24.8264,47.6382]]],[[[24.9179,47.6549],[24.9282,47.6511],[24.9237,47.646],[24.9179,47.6549]]],[[[24.801,47.6502],[24.7966,47.6533],[24.8004,47.6574],[24.801,47.6502]]],[[[24.8093,47.6669],[24.8093,47.6716],[24.814,47.6689],[24.8093,47.6669]]],[[[24.7425,47.6818],[24.7481,47.6861],[24.7509,47.6834],[24.7425,47.6818]]],[[[24.8729,47.6758],[24.8808,47.6904],[24.9223,47.6886],[24.8729,47.6758]]],[[[24.9119,47.691],[24.9054,47.7054],[24.9155,47.7094],[24.9119,47.691]]],[[[24.6487,47.6992],[24.6544,47.694],[24.6342,47.711],[24.6487,47.6992]]],[[[24.9412,47.7082],[24.9337,47.7135],[24.9407,47.7169],[24.9412,47.7082]]],[[[24.651,47.7092],[24.6474,47.7105],[24.6679,47.7147],[24.651,47.7092]]],[[[24.7081,47.7074],[24.6851,47.7254],[24.6998,47.7246],[24.7081,47.7074]]],[[[24.7498,47.7302],[24.8116,47.711],[24.7841,47.7031],[24.7498,47.7302]]],[[[24.895,47.7168],[24.8919,47.7176],[24.9013,47.7241],[24.9107,47.7216],[24.895,47.7168]]],[[[24.9712,47.7218],[24.9861,47.7277],[24.986,47.7223],[24.9712,47.7218]]],[[[24.944,47.7287],[24.9497,47.7287],[24.9467,47.7202],[24.944,47.7287]]],[[[24.8819,47.7276],[24.8669,47.7366],[24.8759,47.7355],[24.8819,47.7276]]],[[[24.8994,47.7333],[24.8861,47.7204],[24.8819,47.7377],[24.8901,47.7463],[24.8994,47.7333]]],[[[24.9776,47.7353],[24.9682,47.7329],[24.9818,47.7373],[24.9776,47.7353]]],[[[24.7336,47.7309],[24.7297,47.7222],[24.7116,47.7236],[24.7149,47.748],[24.7336,47.7309]]],[[[24.8735,47.7542],[24.8671,47.761],[24.8825,47.7618],[24.8735,47.7542]]],[[[24.8224,47.7658],[24.8247,47.7658],[24.8253,47.7602],[24.8224,47.7658]]],[[[24.7039,47.7655],[24.7082,47.7618],[24.7051,47.7596],[24.7039,47.7655]]],[[[24.4875,47.7728],[24.4861,47.7636],[24.4822,47.7638],[24.4875,47.7728]]],[[[24.654,47.777],[24.6508,47.7736],[24.6458,47.7744],[24.654,47.777]]],[[[24.4967,47.7729],[24.4894,47.7667],[24.4951,47.7834],[24.4967,47.7729]]],[[[24.845,47.7835],[24.861,47.781],[24.8574,47.7798],[24.845,47.7835]]],[[[24.5347,47.795],[24.5217,47.8011],[24.5364,47.8025],[24.5554,47.797],[24.5347,47.795]]],[[[24.5844,47.8085],[24.5912,47.816],[24.5942,47.8135],[24.5844,47.8085]]],[[[24.819,47.8192],[24.8179,47.8208],[24.8351,47.8227],[24.819,47.8192]]],[[[24.7801,47.8201],[24.772,47.8181],[24.7922,47.824],[24.7801,47.8201]]],[[[24.6319,47.818],[24.6189,47.8182],[24.6173,47.8285],[24.6319,47.818]]],[[[24.5904,47.8208],[24.5796,47.8351],[24.6237,47.8455],[24.5904,47.8208]]],[[[24.5344,47.8336],[24.5486,47.8397],[24.553,47.8388],[24.5344,47.8336]]],[[[24.7833,47.8236],[24.7748,47.8477],[24.7876,47.8416],[24.7833,47.8236]]],[[[24.7016,47.8269],[24.688,47.8372],[24.7071,47.8498],[24.7016,47.8269]]],[[[24.756,47.8356],[24.724,47.8379],[24.7412,47.8512],[24.756,47.8356]]],[[[24.5895,47.8648],[24.6227,47.8603],[24.6338,47.8519],[24.6593,47.8574],[24.6612,47.8501],[24.6438,47.8367],[24.5895,47.8648]]],[[[24.6331,47.8554],[24.6258,47.8602],[24.6364,47.861],[24.6331,47.8554]]],[[[24.7001,47.8569],[24.698,47.8637],[24.7133,47.8554],[24.7001,47.8569]]],[[[24.6326,47.8816],[24.6202,47.8801],[24.6385,47.8833],[24.6452,47.8795],[24.6326,47.8816]]],[[[24.5629,47.8928],[24.5333,47.8701],[24.5599,47.8925],[24.5708,47.8954],[24.5629,47.8928]]],[[[24.5887,47.8954],[24.5765,47.9023],[24.5798,47.9052],[24.5887,47.8954]]],[[[24.6183,47.9003],[24.6333,47.9051],[24.6313,47.9034],[24.6183,47.9003]]],[[[24.6828,47.9003],[24.6826,47.8531],[24.6389,47.8718],[24.6686,47.9012],[24.6396,47.8975],[24.6528,47.9142],[24.624,47.9496],[24.5982,47.9452],[24.6288,47.9513],[24.6828,47.9003]]],[[[24.5736,47.9083],[24.5614,47.9147],[24.579,47.9188],[24.5736,47.9083]]],[[[24.6194,47.9137],[24.6324,47.9189],[24.631,47.9151],[24.6194,47.9137]]],[[[24.603,47.9322],[24.5759,47.9294],[24.5928,47.941],[24.5768,47.9411],[24.5759,47.9445],[24.596,47.9415],[24.603,47.9322]]],[[[24.5587,47.9458],[24.5248,47.963],[24.5545,47.9686],[24.5587,47.9458]]],[[[24.5999,47.9488],[24.5719,47.9559],[24.5625,47.9766],[24.5999,47.9488]]],[[[25.2013,42.7002],[25.2022,42.706],[25.21,42.7016],[25.2013,42.7002]]],[[[25.1724,42.7538],[25.1827,42.7429],[25.1669,42.7518],[25.1708,42.7595],[25.1816,42.7606],[25.1724,42.7538]]],[[[25.1462,42.7692],[25.1537,42.7704],[25.1526,42.7671],[25.1462,42.7692]]],[[[25.1612,42.7733],[25.1568,42.7729],[25.1665,42.7799],[25.1612,42.7733]]],[[[24.9848,42.8171],[24.9791,42.82],[24.9915,42.8242],[24.9848,42.8171]]],[[[25.1222,42.8306],[25.1276,42.8287],[25.1246,42.8238],[25.1144,42.8249],[25.1222,42.8306]]],[[[25.159,42.8345],[25.163,42.8332],[25.1504,42.8302],[25.159,42.8345]]],[[[25.057,42.8471],[25.0515,42.848],[25.058,42.8492],[25.0685,42.842],[25.057,42.8471]]],[[[25.1545,42.8784],[25.1544,42.88],[25.1606,42.879],[25.1632,42.8698],[25.1545,42.8784]]],[[[25.2037,42.958],[25.1924,42.9606],[25.1954,42.9624],[25.2155,42.9535],[25.2037,42.958]]],[[[25.205,42.9836],[25.2125,42.9818],[25.2097,42.9787],[25.205,42.9836]]],[[[24.9991,43.0083],[25.0144,43.0155],[25.0099,43.0103],[24.9991,43.0083]]],[[[25.1649,43.0183],[25.1768,43.009],[25.1565,43.0166],[25.1649,43.0183]]],[[[25.2041,43.0235],[25.2023,43.026],[25.2142,43.0291],[25.2041,43.0235]]],[[[25.1643,43.0691],[25.1712,43.0628],[25.1567,43.0747],[25.1643,43.0691]]],[[[24.9893,43.0769],[24.9996,43.0801],[25.0054,43.0765],[24.9893,43.0769]]],[[[25.0061,43.0827],[24.9995,43.0856],[25.0081,43.0886],[25.0117,43.0857],[25.0061,43.0827]]],[[[25.1025,43.0878],[25.0987,43.0944],[25.1006,43.0982],[25.1025,43.0878]]],[[[25.082,43.0933],[25.0757,43.1051],[25.0892,43.1059],[25.082,43.0933]]],[[[25.0531,43.0901],[25.0372,43.0979],[25.0794,43.1087],[25.0531,43.0901]]],[[[25.1604,43.1028],[25.1795,43.1036],[25.176,43.0998],[25.1604,43.1028]]],[[[24.9995,43.1084],[24.9975,43.1118],[25.0294,43.1064],[24.9995,43.1084]]],[[[25.1597,43.1181],[25.1604,43.1167],[25.1373,43.1214],[25.1597,43.1181]]],[[[25.1297,43.1444],[25.1245,43.1518],[25.1486,43.1552],[25.1297,43.1444]]],[[[25.1908,43.1541],[25.189,43.158],[25.1957,43.1561],[25.1908,43.1541]]],[[[25.2023,43.1604],[25.2062,43.154],[25.2009,43.154],[25.2023,43.1604]]],[[[25.1783,43.1529],[25.174,43.1546],[25.2027,43.177],[25.1783,43.1529]]],[[[25.1444,43.4527],[25.1406,43.4476],[25.1284,43.4577],[25.1444,43.4527]]],[[[25.1879,44.785],[25.1746,44.7983],[25.1847,44.7981],[25.1879,44.785]]],[[[25.1813,44.8137],[25.173,44.815],[25.1777,44.8284],[25.1813,44.8137]]],[[[25.1144,44.8384],[25.1303,44.8391],[25.1296,44.8378],[25.1144,44.8384]]],[[[25.1081,44.8566],[25.1076,44.8592],[25.1234,44.8573],[25.129,44.847],[25.1081,44.8566]]],[[[25.0689,44.8664],[25.0768,44.8623],[25.0719,44.8572],[25.0689,44.8664]]],[[[25.2096,44.8528],[25.2087,44.874],[25.2113,44.8732],[25.2096,44.8528]]],[[[25.0629,44.8715],[25.0757,44.8671],[25.0638,44.8686],[25.0609,44.8616],[25.0514,44.881],[25.0629,44.8715]]],[[[25.0473,44.9093],[25.0527,44.9174],[25.0562,44.9127],[25.0473,44.9093]]],[[[24.9964,44.9136],[24.9986,44.9165],[25.0056,44.9065],[24.9964,44.9136]]],[[[25.1846,44.9458],[25.1947,44.9244],[25.1772,44.9224],[25.1846,44.9458]]],[[[25.0501,44.9914],[25.0453,44.9853],[25.0343,44.9923],[25.0501,44.9914]]],[[[25.0573,44.9929],[25.0578,44.9866],[25.0502,44.9894],[25.0547,44.9907],[25.0516,44.9973],[25.0556,45.0007],[25.0573,44.9929]]],[[[25.0906,45.0052],[25.0938,45.0081],[25.0993,44.9997],[25.0906,45.0052]]],[[[25.0411,44.9993],[25.0553,45.0046],[25.0479,44.9972],[25.0411,44.9993]]],[[[25.1828,45.0026],[25.182,45.0108],[25.1874,45.0121],[25.1828,45.0026]]],[[[25.1086,45.0157],[25.1145,45.024],[25.111,45.0152],[25.1077,45.0141],[25.1086,45.0157]]],[[[25.1825,45.0298],[25.1855,45.0453],[25.1961,45.0487],[25.1962,44.9966],[25.1825,45.0298]]],[[[25.053,45.0405],[25.0641,45.0548],[25.0646,45.0494],[25.053,45.0405]]],[[[25.1927,45.0495],[25.1992,45.0584],[25.2038,45.0539],[25.1927,45.0495]]],[[[25.0681,45.0587],[25.0575,45.0541],[25.0609,45.0639],[25.0746,45.0727],[25.0681,45.0587]]],[[[25.026,45.0603],[25.0208,45.0583],[25.0123,45.0715],[25.026,45.0603]]],[[[25.1833,45.0691],[25.1828,45.0757],[25.1919,45.0785],[25.2071,45.0685],[25.1833,45.0691]]],[[[25.0662,45.0729],[25.0649,45.0757],[25.0771,45.0773],[25.0662,45.0729]]],[[[25.1061,45.0856],[25.0862,45.0824],[25.1017,45.1011],[25.1061,45.0856]]],[[[25.0513,45.1029],[25.0607,45.1108],[25.0615,45.1058],[25.0513,45.1029]]],[[[25.1185,45.1064],[25.1117,45.1065],[25.112,45.1116],[25.1185,45.1064]]],[[[25.1123,45.1259],[25.1245,45.1245],[25.1179,45.1142],[25.1123,45.1259]]],[[[25.0726,45.1216],[25.0642,45.1166],[25.0625,45.1199],[25.0726,45.1216]]],[[[25.0677,45.1371],[25.0749,45.1325],[25.068,45.1252],[25.0677,45.1371]]],[[[25.0422,45.1339],[25.0359,45.1409],[25.0526,45.1511],[25.0422,45.1339]]],[[[25.017,45.1411],[25.0141,45.1463],[25.0275,45.1459],[25.017,45.1411]]],[[[25.0338,45.1391],[25.0282,45.1403],[25.0474,45.1609],[25.0338,45.1391]]],[[[25.0544,45.1628],[25.0573,45.164],[25.0598,45.158],[25.0544,45.1628]]],[[[25.0966,45.1856],[25.0992,45.1802],[25.0919,45.1758],[25.0966,45.1856]]],[[[25.0236,45.1987],[25.0305,45.194],[25.0292,45.1914],[25.0236,45.1987]]],[[[25.0664,45.2464],[25.059,45.25],[25.0758,45.2423],[25.0664,45.2464]]],[[[25.1975,45.2569],[25.2206,45.26],[25.1901,45.2472],[25.1975,45.2569]]],[[[25.1739,45.2885],[25.1714,45.2958],[25.1779,45.2945],[25.1739,45.2885]]],[[[25.2137,45.2784],[25.1828,45.2987],[25.223,45.3045],[25.2171,45.3038],[25.2073,45.31],[25.225,45.3078],[25.2137,45.2784]]],[[[25.1469,45.3],[25.1265,45.3076],[25.145,45.3219],[25.1469,45.3]]],[[[25.1944,45.3115],[25.1773,45.3157],[25.184,45.3177],[25.1944,45.3115]]],[[[25.0967,45.3039],[25.1073,45.3033],[25.1013,45.2976],[25.0818,45.3009],[25.0771,45.3331],[25.0967,45.3039]]],[[[25.1052,45.3057],[25.101,45.3148],[25.1204,45.3261],[25.1052,45.3057]]],[[[25.1598,45.3135],[25.1567,45.3104],[25.164,45.3218],[25.1598,45.3135]]],[[[25.2035,45.329],[25.1951,45.3331],[25.2045,45.3338],[25.2035,45.329]]],[[[25.0167,45.3448],[25.0058,45.3444],[25.0073,45.3461],[25.0167,45.3448]]],[[[25.0867,45.3738],[25.0856,45.4081],[25.098,45.3889],[25.0867,45.3738]]],[[[25.1172,45.4012],[25.13,45.3978],[25.1218,45.398],[25.1172,45.4012]]],[[[25.1059,45.434],[25.0759,45.4704],[25.0583,45.4621],[25.078,45.4822],[25.0535,45.4802],[25.0624,45.4986],[24.9657,45.4852],[24.9769,45.4402],[25.0358,45.4396],[24.9966,45.4189],[24.9378,45.445],[24.9931,45.3931],[24.9363,45.4087],[24.9494,45.4198],[24.928,45.4183],[24.9266,45.4454],[24.8905,45.3868],[24.8621,45.4106],[24.9501,45.4597],[24.9587,45.4843],[24.9973,45.5074],[25.0544,45.5051],[25.0654,45.5016],[25.0805,45.4826],[25.1059,45.434]]],[[[24.9884,45.4693],[24.9932,45.4635],[24.9846,45.4603],[24.9884,45.4693]]],[[[25.0288,45.4622],[25.0086,45.4847],[25.0198,45.4814],[25.0288,45.4622]]],[[[25.1871,45.4778],[25.1847,45.4791],[25.1911,45.4885],[25.1871,45.4778]]],[[[25.209,45.4997],[25.1956,45.4963],[25.1962,45.4992],[25.209,45.4997]]],[[[25.0496,45.5282],[25.0501,45.541],[25.0548,45.5412],[25.0496,45.5282]]],[[[25.1482,45.5351],[25.1407,45.5396],[25.1532,45.5441],[25.1715,45.5346],[25.1482,45.5351]]],[[[25.1408,45.5574],[25.151,45.5471],[25.1309,45.5438],[25.1408,45.5574]]],[[[25.0376,45.5777],[25.038,45.5801],[25.0487,45.5629],[25.0376,45.5777]]],[[[25.0581,45.6013],[25.0619,45.5992],[25.0482,45.5943],[25.0419,45.5954],[25.0581,45.6013]]],[[[25.1964,45.6089],[25.2073,45.6045],[25.2041,45.6034],[25.1964,45.6089]]],[[[25.1899,45.6137],[25.1955,45.6168],[25.1846,45.6011],[25.1899,45.6137]]],[[[25.1994,45.61],[25.1969,45.6121],[25.2084,45.6168],[25.2111,45.6079],[25.1994,45.61]]],[[[24.9874,45.6277],[25.004,45.6344],[24.9998,45.6253],[24.9874,45.6277]]],[[[25.1332,46.0229],[25.0951,46.0405],[25.111,46.0414],[25.1332,46.0229]]],[[[25.0942,46.0872],[25.1023,46.0978],[25.1095,46.0914],[25.0942,46.0872]]],[[[25.0848,46.0866],[25.0746,46.0994],[25.0976,46.1069],[25.0848,46.0866]]],[[[25.1539,46.0789],[25.1165,46.0981],[25.1046,46.1181],[25.166,46.102],[25.1672,46.0933],[25.1539,46.0789]],[[25.1448,46.0901],[25.158,46.0859],[25.1571,46.091],[25.1448,46.0901]],[[25.1505,46.0957],[25.1633,46.0939],[25.1602,46.1016],[25.1505,46.0957]]],[[[25.1122,46.1526],[25.1168,46.1556],[25.12,46.1514],[25.1122,46.1526]]],[[[25.1645,46.1708],[25.1722,46.1669],[25.177,46.1733],[25.179,46.1735],[25.1804,46.1729],[25.1789,46.1642],[25.1507,46.1571],[25.1452,46.164],[25.1406,46.1614],[25.1364,46.1626],[25.1352,46.1614],[25.1334,46.162],[25.1294,46.1608],[25.1291,46.1613],[25.1505,46.1752],[25.1329,46.1862],[25.1645,46.1708]]],[[[25.0617,46.2204],[25.076,46.2276],[25.0735,46.2221],[25.0617,46.2204]]],[[[25.055,46.2297],[25.0566,46.2249],[25.0224,46.2183],[25.0129,46.2356],[25.055,46.2297]]],[[[25.0637,46.2286],[25.0581,46.227],[25.0558,46.2391],[25.0637,46.2286]]],[[[25.1414,46.2352],[25.124,46.2402],[25.1456,46.2519],[25.1414,46.2352]]],[[[25.0756,46.2473],[25.0703,46.2427],[25.0544,46.2596],[25.0756,46.2473]]],[[[25.1584,46.2959],[25.1504,46.3084],[25.1605,46.3126],[25.1584,46.2959]]],[[[25.1301,46.3051],[25.112,46.3092],[25.1162,46.3181],[25.1301,46.3051]]],[[[25.055,46.3156],[25.0427,46.3041],[25.0212,46.3362],[25.055,46.3156]]],[[[24.9923,46.4262],[24.9805,46.4328],[24.9933,46.434],[24.9923,46.4262]]],[[[25.0311,46.5021],[25.0239,46.5054],[25.0279,46.5084],[25.0311,46.5021]]],[[[25.071,46.5054],[25.0632,46.5038],[25.0724,46.508],[25.0809,46.5049],[25.071,46.5054]]],[[[25.0869,46.5058],[25.0702,46.5176],[25.0805,46.5242],[25.0869,46.5058]]],[[[25.0245,46.5258],[25.0129,46.5118],[25.0093,46.5131],[25.0238,46.5411],[25.0623,46.546],[25.0245,46.5258]]],[[[25.0853,46.532],[25.0846,46.5315],[25.0816,46.5309],[25.0792,46.5282],[25.0675,46.5333],[25.0853,46.532]]],[[[25.2512,46.5653],[25.263,46.5439],[25.2489,46.5553],[25.1656,46.5383],[25.1817,46.5232],[25.1738,46.5201],[25.177,46.5136],[25.1665,46.5089],[25.1652,46.5029],[25.1792,46.5103],[25.1804,46.5183],[25.1931,46.5193],[25.1827,46.4954],[25.1615,46.5027],[25.1347,46.5465],[25.2719,46.5726],[25.2512,46.5653]]],[[[25.0812,46.5349],[25.0753,46.5371],[25.0964,46.5468],[25.0812,46.5349]]],[[[25.1471,46.5922],[25.1336,46.5927],[25.1573,46.6102],[25.1471,46.5922]]],[[[25.1258,46.6033],[25.1216,46.6032],[25.1393,46.6211],[25.1258,46.6033]]],[[[25.2034,46.6191],[25.1903,46.5963],[25.1952,46.6273],[25.219,46.6285],[25.2034,46.6191]]],[[[25.0627,46.6087],[25.0386,46.6076],[25.0439,46.6269],[25.0627,46.6087]]],[[[25.0128,46.6222],[25.0078,46.6255],[25.0371,46.6277],[25.0128,46.6222]]],[[[24.9928,46.6322],[24.9974,46.6306],[24.9711,46.6212],[24.9928,46.6322]]],[[[25.0113,46.6417],[25.0246,46.6349],[25.0201,46.6286],[25.0113,46.6417]]],[[[25.1653,46.6181],[25.1725,46.6371],[25.1462,46.6231],[25.1877,46.6499],[25.1653,46.6181]]],[[[25.0578,46.6333],[25.0545,46.6319],[25.0436,46.65],[25.0578,46.6333]]],[[[25.0064,46.6542],[25.0098,46.655],[24.999,46.6509],[25.0064,46.6542]]],[[[25.1589,46.663],[25.1704,46.6664],[25.1697,46.6614],[25.1589,46.663]]],[[[25.115,46.6664],[25.1014,46.6716],[25.1108,46.6786],[25.1293,46.6736],[25.115,46.6664]]],[[[25.0324,46.6695],[25.0267,46.6829],[25.0658,46.7032],[25.0694,46.6825],[25.0324,46.6695]],[[25.0313,46.6795],[25.0418,46.6756],[25.0516,46.6819],[25.0313,46.6795]]],[[[25.1074,46.6897],[25.0822,46.6887],[25.0914,46.698],[25.1074,46.6897]]],[[[25.1081,46.7152],[25.0335,46.7158],[25.0065,46.6882],[24.9727,46.6843],[25.0026,46.7],[24.9786,46.708],[25.0088,46.7114],[25.0034,46.7283],[25.1246,46.7201],[25.1081,46.7152]]],[[[25.1749,46.7306],[25.1841,46.7409],[25.1839,46.7355],[25.1749,46.7306]]],[[[25.0631,46.7564],[25.0776,46.751],[25.0397,46.7475],[25.0631,46.7564]]],[[[25.0427,46.7721],[25.0509,46.7836],[25.0567,46.7847],[25.0427,46.7721]]],[[[25.1954,46.7847],[25.2007,46.7814],[25.1781,46.7728],[25.1954,46.7847]]],[[[25.0244,46.7876],[25.0314,46.7874],[25.0253,46.7833],[25.0244,46.7876]]],[[[25.0897,46.7871],[25.0775,46.7907],[25.0908,46.7983],[25.1043,46.7989],[25.106,46.7955],[25.0897,46.7871]]],[[[24.9865,46.7951],[25.0104,46.807],[25.0074,46.8028],[24.9865,46.7951]]],[[[25.116,46.7994],[25.1479,46.8286],[25.1551,46.8205],[25.116,46.7994]]],[[[25.0847,46.8159],[25.0979,46.8174],[25.0978,46.8157],[25.0847,46.8159]]],[[[25.0492,46.8132],[25.0337,46.8144],[25.0756,46.825],[25.0492,46.8132]]],[[[25.1491,46.8422],[25.1747,46.8349],[25.1679,46.8317],[25.1491,46.8422]]],[[[25.1221,46.8503],[25.0568,46.8416],[25.078,46.8542],[25.0631,46.8542],[25.0494,46.8689],[25.0773,46.882],[25.056,46.8621],[25.1221,46.8503]]],[[[25.0096,46.8963],[24.9792,46.8882],[24.9869,46.9022],[25.0096,46.8963]]],[[[25.0836,46.9046],[25.0903,46.8966],[25.088,46.8955],[25.0836,46.9046]]],[[[25.2018,46.9316],[25.191,46.9388],[25.2208,46.9355],[25.2018,46.9316]]],[[[25.1122,46.9392],[25.1127,46.9474],[25.119,46.9444],[25.1122,46.9392]]],[[[25.2078,46.9416],[25.2025,46.9413],[25.2062,46.9612],[25.2078,46.9416]]],[[[25.0593,46.9537],[25.0546,46.9585],[25.065,46.962],[25.0593,46.9537]]],[[[25.0372,46.9639],[25.0405,46.9561],[25.0325,46.9609],[25.0372,46.9639]]],[[[25.2257,46.9701],[25.2243,46.9632],[25.2049,46.9837],[25.2011,46.9686],[25.1946,46.9709],[25.204,47.0035],[25.2257,46.9701]]],[[[25.0619,46.9672],[25.0396,46.9838],[25.0764,46.9838],[25.0782,46.9882],[25.0675,46.9912],[25.0682,46.9981],[25.0813,47.0045],[25.0793,46.9772],[25.0619,46.9672]]],[[[25.0584,46.9842],[25.0581,46.9847],[25.075,46.9871],[25.0584,46.9842]]],[[[25.1562,46.9987],[25.1647,46.9994],[25.162,46.9874],[25.1562,46.9987]]],[[[25.096,46.9944],[25.0955,46.9876],[25.0811,46.998],[25.096,46.9944]]],[[[25.0539,47.0098],[25.0486,47.0061],[25.0369,47.0189],[25.0572,47.0261],[25.0539,47.0098]]],[[[25.0912,47.0114],[25.074,47.0125],[25.077,47.027],[25.0912,47.0114]]],[[[25.0574,47.0182],[25.0611,47.0269],[25.0669,47.0203],[25.0574,47.0182]]],[[[25.0994,47.0331],[25.0912,47.0328],[25.0898,47.0422],[25.0994,47.0331]]],[[[25.0683,47.037],[25.0849,47.0471],[25.0836,47.0403],[25.0683,47.037]]],[[[25.145,47.1033],[25.1415,47.114],[25.1421,47.1143],[25.145,47.1033]]],[[[24.9984,47.1083],[24.9984,47.111],[25.0081,47.1129],[24.9984,47.1083]]],[[[25.1986,47.1161],[25.2014,47.1123],[25.1764,47.1267],[25.1986,47.1161]]],[[[25.1429,47.1345],[25.1462,47.1269],[25.1425,47.1282],[25.1429,47.1345]]],[[[25.1974,47.1353],[25.203,47.1302],[25.1952,47.1277],[25.1974,47.1353]]],[[[25.2142,47.1356],[25.2028,47.1367],[25.2149,47.1427],[25.2142,47.1356]]],[[[25.0894,47.1443],[25.0903,47.1429],[25.0769,47.14],[25.0894,47.1443]]],[[[25.1677,47.1509],[25.1599,47.1547],[25.1721,47.1499],[25.1677,47.1509]]],[[[25.1476,47.1586],[25.1588,47.153],[25.1581,47.1492],[25.1476,47.1586]]],[[[25.1381,47.1485],[25.1329,47.1492],[25.1368,47.1581],[25.147,47.1565],[25.1381,47.1485]]],[[[25.0277,47.1586],[25.0344,47.1528],[25.0188,47.1539],[25.0277,47.1586]]],[[[25.0405,47.159],[25.0431,47.1644],[25.0484,47.158],[25.0405,47.159]]],[[[25.0021,47.1601],[24.9943,47.1658],[24.9984,47.1666],[25.0021,47.1601]]],[[[25.1614,47.161],[25.1699,47.1761],[25.176,47.1675],[25.1614,47.161]]],[[[25.1822,47.1819],[25.1888,47.1793],[25.1695,47.1777],[25.1822,47.1819]]],[[[25.1612,47.2013],[25.1603,47.2058],[25.1687,47.1976],[25.1612,47.2013]]],[[[25.0109,47.2025],[25.0169,47.2051],[25.0187,47.1978],[25.0109,47.2025]]],[[[24.9931,47.2042],[25.0091,47.2104],[25.0104,47.2036],[24.9931,47.2042]]],[[[25.1302,47.2214],[25.136,47.227],[25.1318,47.2204],[25.1199,47.2198],[25.1302,47.2214]]],[[[25.1771,47.2225],[25.1731,47.2281],[25.1837,47.2306],[25.1771,47.2225]]],[[[25.0429,47.2198],[25.0184,47.2249],[25.0245,47.2355],[25.0429,47.2198]]],[[[25.1509,47.2281],[25.152,47.2405],[25.1606,47.2296],[25.1509,47.2281]]],[[[25.0796,47.2311],[25.0761,47.2287],[25.0709,47.2341],[25.0796,47.2311]]],[[[25.1183,47.2369],[25.1337,47.2322],[25.1244,47.2285],[25.1183,47.2369]]],[[[25.1989,47.2602],[25.1996,47.2382],[25.1754,47.2347],[25.1883,47.2677],[25.2209,47.2614],[25.1989,47.2602]],[[25.1884,47.2421],[25.1964,47.2431],[25.1952,47.2476],[25.1884,47.2421]]],[[[25.1355,47.2566],[25.1475,47.2589],[25.1417,47.2513],[25.1355,47.2566]]],[[[25.158,47.2546],[25.1553,47.2569],[25.1568,47.2625],[25.158,47.2546]]],[[[25.1621,47.2726],[25.1689,47.2754],[25.1714,47.2716],[25.1621,47.2726]]],[[[25.0647,47.2756],[25.0687,47.2737],[25.0638,47.2702],[25.0647,47.2756]]],[[[25.0063,47.2682],[24.9999,47.2682],[24.9984,47.2814],[25.0063,47.2682]]],[[[25.2046,47.2788],[25.1996,47.2819],[25.2031,47.2914],[25.2046,47.2788]]],[[[25.0513,47.2953],[25.0459,47.3004],[25.0506,47.2997],[25.0553,47.2911],[25.0513,47.2953]]],[[[25.0123,47.297],[25.0145,47.3041],[25.0281,47.2981],[25.0123,47.297]]],[[[25.0345,47.3571],[25.0402,47.3689],[25.047,47.3547],[25.0345,47.3571]]],[[[25.0715,47.3652],[25.0662,47.3668],[25.0689,47.3715],[25.0715,47.3652]]],[[[25.0358,47.376],[25.0344,47.3774],[25.0415,47.381],[25.0358,47.376]]],[[[25.0157,47.3881],[25.0064,47.3916],[25.0123,47.3941],[25.0157,47.3881]]],[[[25.1005,47.4055],[25.0944,47.404],[25.085,47.4126],[25.1005,47.4055]]],[[[25.0625,47.4081],[25.0634,47.414],[25.0757,47.4121],[25.0625,47.4081]]],[[[24.9856,47.4164],[24.9819,47.4256],[24.995,47.4154],[25.0098,47.4117],[24.9856,47.4164]]],[[[25.0619,47.4382],[25.0674,47.4374],[25.0677,47.4279],[25.0619,47.4382]]],[[[25.1306,47.4391],[25.1416,47.4394],[25.141,47.4261],[25.1306,47.4391]]],[[[25.0405,47.4385],[25.0491,47.4209],[25.0043,47.4229],[24.9876,47.4553],[25.0405,47.4385]]],[[[25.1534,47.4392],[25.1473,47.4473],[25.1536,47.4471],[25.1534,47.4392]]],[[[25.0542,47.4439],[25.0551,47.4483],[25.0632,47.4467],[25.0542,47.4439]]],[[[25.1407,47.4593],[25.1345,47.4508],[25.1333,47.4539],[25.1407,47.4593]]],[[[25.1084,47.4488],[25.1072,47.4715],[25.1175,47.4697],[25.1084,47.4488]]],[[[25.0634,47.4542],[25.0276,47.4656],[25.0428,47.4708],[25.0634,47.4542]]],[[[25.1955,47.4434],[25.2278,47.4461],[25.2057,47.457],[25.2076,47.4627],[25.1478,47.4521],[25.1816,47.494],[25.2218,47.4502],[25.2602,47.4559],[25.2394,47.4388],[25.1955,47.4434]]],[[[25.1294,47.4694],[25.1241,47.4726],[25.1346,47.4741],[25.1294,47.4694]]],[[[25.1138,47.4844],[25.1064,47.4888],[25.1163,47.491],[25.1138,47.4844]]],[[[25.0034,47.4916],[25.0166,47.499],[25.0157,47.4948],[25.0034,47.4916]]],[[[24.9986,47.4971],[25.0042,47.501],[25.009,47.4971],[24.9986,47.4971]]],[[[25.0566,47.5039],[25.113,47.504],[25.0603,47.4696],[25.09,47.499],[25.0491,47.4878],[25.0633,47.4996],[25.0345,47.5119],[25.0402,47.5203],[25.0142,47.5136],[25.0379,47.5268],[25.0142,47.5429],[25.0382,47.534],[25.0566,47.5039]]],[[[25.111,47.5225],[25.1033,47.5122],[25.0953,47.5383],[25.111,47.5225]]],[[[25.1288,47.5394],[25.1197,47.5442],[25.1353,47.5448],[25.1288,47.5394]]],[[[25.2085,47.5388],[25.2165,47.5382],[25.2018,47.5368],[25.1934,47.5421],[25.2085,47.5388]]],[[[25.0472,47.5748],[25.0571,47.5679],[25.0533,47.5645],[25.0472,47.5748]]],[[[25.0266,47.571],[25.0079,47.5718],[25.0186,47.5807],[25.0354,47.5785],[25.0417,47.5755],[25.0266,47.571]]],[[[25.1997,47.5697],[25.1721,47.5779],[25.1879,47.5836],[25.1997,47.5697]]],[[[25.0413,47.5924],[25.0384,47.5941],[25.0454,47.5956],[25.0413,47.5924]]],[[[24.9984,47.5957],[25.0037,47.6004],[25.0164,47.6007],[24.9984,47.5957]]],[[[25.1461,47.6127],[25.152,47.6221],[25.1613,47.617],[25.1461,47.6127]]],[[[25.1758,47.6177],[25.1766,47.6123],[25.1684,47.6142],[25.1758,47.6177]]],[[[25.021,47.6093],[25.0077,47.6159],[25.0104,47.6204],[25.021,47.6093]]],[[[25.123,47.6101],[25.1149,47.6149],[25.1283,47.6207],[25.123,47.6101]]],[[[25.1883,47.6061],[25.1778,47.6236],[25.2271,47.624],[25.1883,47.6061]]],[[[25.0391,47.6249],[25.047,47.6185],[25.0384,47.6163],[25.0391,47.6249]]],[[[24.9856,47.6181],[24.9765,47.6211],[24.993,47.6236],[24.9856,47.6181]]],[[[24.9984,47.6216],[24.9984,47.6294],[25.0078,47.6369],[24.9984,47.6216]]],[[[25.0382,47.6273],[25.0363,47.6365],[25.0504,47.63],[25.0382,47.6273]]],[[[25.0691,47.6247],[25.0667,47.6338],[25.1025,47.6338],[25.0691,47.6247]]],[[[25.0071,47.6388],[24.9954,47.6323],[24.9962,47.6269],[24.9901,47.6404],[25.0071,47.6388]]],[[[25.0893,47.6406],[25.0702,47.6479],[25.0751,47.6568],[25.1116,47.6475],[25.0893,47.6406]]],[[[24.9938,47.6446],[24.9874,47.6455],[24.9943,47.6577],[24.9938,47.6446]]],[[[25.2132,47.6469],[25.2068,47.6317],[25.1744,47.6256],[25.1572,47.6393],[25.1541,47.6624],[25.1376,47.6562],[25.1215,47.6649],[25.1498,47.6782],[25.1589,47.6706],[25.1592,47.6779],[25.1447,47.6812],[25.1638,47.6923],[25.1639,47.6768],[25.2132,47.6469]],[[25.1569,47.6549],[25.1742,47.6372],[25.1825,47.6535],[25.1569,47.6549]],[[25.1675,47.6641],[25.1519,47.67],[25.1566,47.663],[25.1675,47.6641]]],[[[25.0724,47.6603],[25.0709,47.6658],[25.0858,47.6655],[25.0724,47.6603]]],[[[25.0482,47.6652],[25.0325,47.6704],[25.0554,47.6875],[25.0845,47.6696],[25.0482,47.6652]]],[[[25.2072,47.6783],[25.2013,47.6784],[25.2044,47.6865],[25.2072,47.6783]]],[[[25.1786,47.6797],[25.1691,47.6801],[25.1745,47.6862],[25.1786,47.6797]]],[[[25.0264,47.6858],[25.0164,47.6877],[25.0246,47.6953],[25.0264,47.6858]]],[[[25.1328,47.7036],[25.1492,47.6958],[25.1268,47.693],[25.1293,47.7044],[25.1328,47.7036]]],[[[25.0437,47.6963],[25.0083,47.702],[25.0049,47.6897],[24.9934,47.6956],[25.0106,47.7133],[25.0437,47.6963]]],[[[25.0456,47.702],[25.0413,47.7073],[25.0642,47.7136],[25.0456,47.702]]],[[[25.1226,47.7374],[25.1368,47.7303],[25.1229,47.7141],[25.0754,47.7074],[25.0911,47.727],[25.0916,47.7169],[25.1039,47.7177],[25.0957,47.7277],[25.1208,47.7232],[25.1191,47.7374],[25.1292,47.7407],[25.1226,47.7374]]],[[[25.0826,47.7314],[25.0738,47.7371],[25.0918,47.7375],[25.0826,47.7314]]],[[[25.0607,47.7369],[25.0502,47.753],[25.0623,47.7526],[25.0607,47.7369]]],[[[25.1456,47.7733],[25.1407,47.7759],[25.1495,47.7829],[25.1456,47.7733]]],[[[25.3993,42.7031],[25.4156,42.7087],[25.4061,42.6981],[25.3993,42.7031]]],[[[25.262,42.7199],[25.2321,42.7083],[25.2471,42.7419],[25.262,42.7199]]],[[[25.3852,42.7283],[25.3885,42.7389],[25.4022,42.741],[25.3852,42.7283]]],[[[25.2831,42.7488],[25.28,42.7527],[25.2933,42.7546],[25.2831,42.7488]]],[[[25.2411,42.7664],[25.2521,42.7506],[25.2331,42.7475],[25.2411,42.7664]]],[[[25.3131,42.7818],[25.3078,42.7786],[25.3074,42.786],[25.3131,42.7818]]],[[[25.3683,42.7897],[25.3701,42.7918],[25.3787,42.7841],[25.3683,42.7897]]],[[[25.293,42.7967],[25.2967,42.7977],[25.2894,42.7884],[25.2855,42.7899],[25.293,42.7967]]],[[[25.2406,42.8133],[25.2406,42.8179],[25.2329,42.82],[25.2311,42.8268],[25.2523,42.8156],[25.2406,42.8133]]],[[[25.4074,42.8426],[25.4147,42.8401],[25.4064,42.8208],[25.4074,42.8426]]],[[[25.3955,42.8531],[25.3958,42.8557],[25.4023,42.8539],[25.3955,42.8531]]],[[[25.2297,42.8488],[25.222,42.8549],[25.2459,42.8642],[25.2297,42.8488]]],[[[25.3849,42.9273],[25.3706,42.9263],[25.3838,42.9308],[25.3849,42.9273]]],[[[25.2991,42.9272],[25.2971,42.9292],[25.3058,42.9364],[25.2991,42.9272]]],[[[25.3192,42.9425],[25.3353,42.9435],[25.332,42.9415],[25.3192,42.9425]]],[[[25.3992,42.9482],[25.4029,42.9529],[25.4113,42.9413],[25.3992,42.9482]]],[[[25.4142,42.9572],[25.4004,42.9594],[25.42,42.9611],[25.4142,42.9572]]],[[[25.3612,42.9528],[25.3569,42.9591],[25.3626,42.9605],[25.3612,42.9528]]],[[[25.2958,42.9534],[25.277,42.964],[25.2837,42.9656],[25.2958,42.9534]]],[[[25.2676,42.963],[25.2492,42.9718],[25.2755,42.9708],[25.2676,42.963]]],[[[25.3662,42.9711],[25.3736,42.9672],[25.3718,42.9652],[25.3662,42.9711]]],[[[25.4331,42.9928],[25.4094,42.989],[25.4139,43.0037],[25.4331,42.9928]]],[[[25.3809,42.9939],[25.3742,42.996],[25.3878,43.0034],[25.3809,42.9939]]],[[[25.2159,43.0238],[25.2239,43.0288],[25.2224,43.0204],[25.2159,43.0238]]],[[[25.4012,43.0264],[25.3761,43.0278],[25.3897,43.0374],[25.4012,43.0264]]],[[[25.4149,43.0415],[25.4333,43.0411],[25.4321,43.0405],[25.4149,43.0415]]],[[[25.3498,43.0444],[25.3679,43.0472],[25.3588,43.0402],[25.3498,43.0444]]],[[[25.3683,43.0434],[25.3767,43.0497],[25.3309,43.0532],[25.3867,43.0523],[25.3683,43.0434]]],[[[25.3874,43.0543],[25.4252,43.056],[25.4172,43.0533],[25.3874,43.0543]]],[[[25.3718,43.058],[25.3847,43.054],[25.3493,43.0577],[25.3718,43.058]]],[[[25.3859,43.4202],[25.3839,43.4218],[25.4239,43.4219],[25.3859,43.4202]]],[[[25.344,44.8103],[25.3509,44.8126],[25.3472,44.7928],[25.344,44.8103]]],[[[25.2556,44.8427],[25.2621,44.8473],[25.2639,44.8369],[25.2556,44.8427]]],[[[25.3195,44.8468],[25.3207,44.8468],[25.3128,44.8412],[25.3195,44.8468]]],[[[25.332,44.8511],[25.322,44.8462],[25.3314,44.8544],[25.332,44.8511]]],[[[25.216,44.8494],[25.2169,44.8459],[25.2136,44.8516],[25.2163,44.859],[25.216,44.8494]]],[[[25.2186,44.8807],[25.2059,44.8769],[25.2201,44.8856],[25.2186,44.8807]]],[[[25.2823,44.892],[25.2863,44.8992],[25.2932,44.8732],[25.2892,44.8673],[25.2823,44.892]]],[[[25.2241,44.8877],[25.2177,44.8868],[25.2239,44.8893],[25.2341,44.879],[25.2241,44.8877]]],[[[25.2451,44.9429],[25.2501,44.9523],[25.2497,44.9372],[25.2465,44.9311],[25.2435,44.9329],[25.2451,44.9429]]],[[[25.3992,44.9458],[25.3844,44.9536],[25.3975,44.9532],[25.3992,44.9458]]],[[[25.2521,44.9926],[25.25,44.9956],[25.2576,44.9999],[25.2521,44.9926]]],[[[25.2447,45.0179],[25.2546,45.0058],[25.251,45.0076],[25.2447,45.0179]]],[[[25.2435,45.0196],[25.2248,45.0483],[25.2415,45.046],[25.2462,45.0426],[25.2395,45.0454],[25.2361,45.0355],[25.2435,45.0196]]],[[[25.2417,45.0353],[25.2414,45.038],[25.2528,45.0383],[25.2417,45.0353]]],[[[25.215,45.0393],[25.2073,45.0344],[25.2062,45.0524],[25.215,45.0393]]],[[[25.227,45.0398],[25.2208,45.0402],[25.2118,45.0533],[25.227,45.0398]]],[[[25.3145,45.0503],[25.3078,45.0491],[25.2972,45.0593],[25.3145,45.0503]]],[[[25.3217,45.0548],[25.3116,45.0587],[25.3088,45.0668],[25.3217,45.0548]]],[[[25.4097,45.0648],[25.4202,45.0587],[25.4144,45.0597],[25.4097,45.0648]]],[[[25.2866,45.0732],[25.2974,45.0702],[25.2766,45.0692],[25.2866,45.0732]]],[[[25.2505,45.0876],[25.2582,45.0866],[25.2475,45.079],[25.2505,45.0876]]],[[[25.3378,45.0797],[25.3158,45.103],[25.3419,45.1097],[25.3378,45.0797]]],[[[25.3342,45.1122],[25.3218,45.1061],[25.3316,45.1142],[25.3453,45.1168],[25.3342,45.1122]]],[[[25.3603,45.1021],[25.3497,45.1168],[25.3665,45.1289],[25.3603,45.1021]]],[[[25.2319,45.1262],[25.2395,45.1271],[25.2361,45.118],[25.2319,45.1262]]],[[[25.3857,45.1262],[25.3952,45.129],[25.389,45.1242],[25.3776,45.1266],[25.3857,45.1262]]],[[[25.2452,45.1304],[25.242,45.1358],[25.2505,45.1303],[25.2452,45.1304]]],[[[25.304,45.1311],[25.3349,45.1407],[25.3295,45.1335],[25.304,45.1311]]],[[[25.2557,45.1306],[25.2525,45.1303],[25.246,45.1409],[25.2557,45.1306]]],[[[25.3763,45.1345],[25.3853,45.1331],[25.3756,45.1285],[25.3763,45.1345]]],[[[25.226,45.159],[25.2218,45.15],[25.218,45.1551],[25.226,45.159]]],[[[25.3938,45.1571],[25.3508,45.147],[25.3636,45.1665],[25.3938,45.1571]]],[[[25.2918,45.1587],[25.2773,45.1714],[25.3118,45.1723],[25.2918,45.1587]]],[[[25.4176,45.183],[25.4231,45.1847],[25.4242,45.1782],[25.4176,45.183]]],[[[25.3634,45.1671],[25.2978,45.1781],[25.369,45.1973],[25.3634,45.1671]]],[[[25.3968,45.1787],[25.3963,45.1791],[25.4085,45.1852],[25.3968,45.1787]]],[[[25.262,45.1804],[25.2233,45.1688],[25.2269,45.1879],[25.2731,45.1956],[25.262,45.1804]]],[[[25.2413,45.2008],[25.2396,45.2058],[25.2595,45.2068],[25.2413,45.2008]]],[[[25.2267,45.2064],[25.2237,45.206],[25.2282,45.2093],[25.2267,45.2064]]],[[[25.4279,45.1976],[25.4042,45.2153],[25.4142,45.2154],[25.4279,45.1976]]],[[[25.3008,45.2141],[25.303,45.2204],[25.3096,45.2105],[25.3008,45.2141]]],[[[25.4215,45.2243],[25.4223,45.212],[25.4175,45.2141],[25.4215,45.2243]]],[[[25.2329,45.2182],[25.2304,45.2212],[25.2554,45.2262],[25.2329,45.2182]]],[[[25.2321,45.2333],[25.2273,45.2359],[25.2262,45.231],[25.2076,45.2283],[25.2233,45.2599],[25.2321,45.2333]]],[[[25.3723,45.2472],[25.3617,45.2568],[25.3644,45.2589],[25.3723,45.2472]]],[[[25.3208,45.2655],[25.3311,45.2637],[25.3241,45.2642],[25.3208,45.2655]]],[[[25.3738,45.27],[25.3703,45.2744],[25.3891,45.2712],[25.3738,45.27]]],[[[25.2433,45.2783],[25.2409,45.2791],[25.2626,45.2812],[25.2433,45.2783]]],[[[25.2069,45.2726],[25.2474,45.2985],[25.2366,45.2836],[25.2069,45.2726]]],[[[25.3619,45.2906],[25.3224,45.3106],[25.2894,45.2747],[25.2987,45.2587],[25.259,45.2624],[25.317,45.3234],[25.3505,45.3215],[25.3619,45.2906]]],[[[25.3196,45.3702],[25.3491,45.349],[25.3252,45.3303],[25.2722,45.3378],[25.2499,45.3163],[25.2289,45.3133],[25.2594,45.3399],[25.3159,45.3407],[25.3184,45.3683],[25.2987,45.3705],[25.3404,45.3778],[25.3196,45.3702]]],[[[25.2571,45.3503],[25.2623,45.3547],[25.2577,45.3432],[25.2571,45.3503]]],[[[25.3516,45.3668],[25.3452,45.3864],[25.3639,45.385],[25.3516,45.3668]]],[[[25.3498,45.4004],[25.3623,45.3966],[25.3579,45.3938],[25.3498,45.4004]]],[[[25.3988,45.4136],[25.3855,45.4209],[25.4,45.4318],[25.3988,45.4136]]],[[[25.2351,45.5028],[25.23,45.5165],[25.251,45.5166],[25.2351,45.5028]]],[[[25.2093,45.5191],[25.2098,45.526],[25.2185,45.5154],[25.2093,45.5191]]],[[[25.2199,45.5275],[25.2342,45.5237],[25.2286,45.5177],[25.2199,45.5275]]],[[[25.3459,46.0407],[25.3374,46.0491],[25.3674,46.0702],[25.4045,46.0563],[25.416,46.0747],[25.4305,46.059],[25.3459,46.0407]],[[25.3699,46.047],[25.3717,46.0482],[25.3692,46.0559],[25.3699,46.047]]],[[[25.3795,46.1017],[25.3996,46.115],[25.4081,46.1007],[25.3795,46.1017]]],[[[25.3479,46.1097],[25.3439,46.1159],[25.358,46.1161],[25.3673,46.1041],[25.3479,46.1097]]],[[[25.3669,46.1128],[25.3516,46.1251],[25.383,46.1257],[25.3669,46.1128]]],[[[25.3896,46.1327],[25.3938,46.1271],[25.3921,46.1243],[25.3896,46.1327]]],[[[25.3523,46.1538],[25.3966,46.1547],[25.3849,46.1358],[25.3523,46.1538]]],[[[25.4,46.1544],[25.3898,46.1698],[25.3948,46.1731],[25.4,46.1544]]],[[[25.4145,46.1786],[25.4159,46.1774],[25.4092,46.1726],[25.4145,46.1786]]],[[[25.4138,46.1878],[25.4131,46.1944],[25.4186,46.1961],[25.4138,46.1878]]],[[[25.4144,46.213],[25.4324,46.2156],[25.4075,46.1973],[25.4144,46.213]]],[[[25.436,46.292],[25.4165,46.2701],[25.442,46.2723],[25.4199,46.2459],[25.4014,46.2539],[25.4146,46.3052],[25.3738,46.3051],[25.351,46.282],[25.3389,46.2858],[25.3805,46.3141],[25.4203,46.3159],[25.436,46.292]]],[[[25.4117,46.3706],[25.4075,46.3741],[25.4197,46.405],[25.4308,46.3865],[25.4117,46.3706]]],[[[25.2618,46.4167],[25.2719,46.4225],[25.2557,46.415],[25.2547,46.4164],[25.262,46.4215],[25.2794,46.4248],[25.2618,46.4167]]],[[[25.3624,46.4432],[25.3781,46.4496],[25.3659,46.4282],[25.3625,46.4417],[25.3467,46.4398],[25.3422,46.4108],[25.3195,46.4351],[25.3309,46.4527],[25.3576,46.4587],[25.3378,46.4467],[25.3624,46.4432]]],[[[25.4327,46.4398],[25.4172,46.4416],[25.4191,46.443],[25.4327,46.4398]]],[[[25.2623,46.4793],[25.2909,46.4577],[25.2905,46.4817],[25.3148,46.4884],[25.2936,46.4608],[25.3256,46.4588],[25.301,46.4539],[25.3202,46.4425],[25.2943,46.4007],[25.2568,46.3948],[25.3005,46.4371],[25.2523,46.471],[25.2534,46.4881],[25.2809,46.4898],[25.2623,46.4793]]],[[[25.3663,46.4533],[25.3614,46.4549],[25.3563,46.4624],[25.3663,46.4533]]],[[[25.3724,46.4788],[25.3574,46.4782],[25.3378,46.4686],[25.3296,46.4689],[25.369,46.4867],[25.3724,46.4788]]],[[[25.2396,46.5095],[25.2353,46.5123],[25.2637,46.5272],[25.2396,46.5095]]],[[[25.371,46.5178],[25.3757,46.5338],[25.4031,46.5389],[25.4084,46.5312],[25.3952,46.5109],[25.371,46.5178]],[[25.3954,46.5123],[25.3982,46.5303],[25.3954,46.5193],[25.3954,46.5123]]],[[[25.2162,46.5284],[25.2239,46.5359],[25.2331,46.5312],[25.2162,46.5284]]],[[[25.255,46.545],[25.2538,46.5357],[25.242,46.5397],[25.255,46.545]]],[[[25.3287,46.5413],[25.331,46.5554],[25.3353,46.5491],[25.3287,46.5413]]],[[[25.3123,46.5479],[25.3046,46.5556],[25.3092,46.5584],[25.3123,46.5479]]],[[[25.3782,46.5592],[25.3363,46.5454],[25.3372,46.5562],[25.3782,46.5592]]],[[[25.3181,46.5707],[25.3238,46.5669],[25.3177,46.562],[25.3181,46.5707]]],[[[25.3017,46.5756],[25.3047,46.5744],[25.3022,46.567],[25.3017,46.5756]]],[[[25.3464,46.5758],[25.3564,46.5779],[25.3549,46.5727],[25.3464,46.5758]]],[[[25.3019,46.5799],[25.2713,46.5761],[25.3009,46.592],[25.3094,46.5849],[25.3019,46.5799]]],[[[25.2844,46.5907],[25.2857,46.5899],[25.2782,46.5871],[25.2844,46.5907]]],[[[25.3198,46.5974],[25.3324,46.5898],[25.329,46.5901],[25.3198,46.5974]]],[[[25.2151,46.5844],[25.2191,46.601],[25.2283,46.5992],[25.2151,46.5844]]],[[[25.2954,46.5931],[25.29,46.5972],[25.2957,46.599],[25.2954,46.5931]]],[[[25.2552,46.589],[25.2475,46.6101],[25.2605,46.6198],[25.2928,46.6088],[25.2552,46.589]]],[[[25.2307,46.5999],[25.214,46.6038],[25.2333,46.6157],[25.2307,46.5999]]],[[[25.3485,46.6115],[25.3258,46.6101],[25.3295,46.6221],[25.3485,46.6115]]],[[[25.3391,46.6211],[25.3339,46.6226],[25.3571,46.6265],[25.3391,46.6211]]],[[[25.2383,46.6226],[25.2503,46.6283],[25.2458,46.6241],[25.2383,46.6226]]],[[[25.3786,46.6374],[25.3841,46.6361],[25.3837,46.6284],[25.3786,46.6374]]],[[[25.3246,46.632],[25.3204,46.6399],[25.339,46.6361],[25.3246,46.632]]],[[[25.3645,46.6318],[25.357,46.6332],[25.3577,46.639],[25.3645,46.6318]]],[[[25.3992,46.6342],[25.3981,46.6448],[25.4152,46.6463],[25.3992,46.6342]]],[[[25.306,46.6819],[25.3198,46.6777],[25.3151,46.6759],[25.306,46.6819]]],[[[25.3163,46.6949],[25.3106,46.7065],[25.3241,46.7019],[25.3163,46.6949]]],[[[25.3389,46.7065],[25.3423,46.7023],[25.3379,46.7011],[25.3389,46.7065]]],[[[25.3705,46.6974],[25.349,46.7133],[25.3637,46.7226],[25.3705,46.6974]]],[[[25.3358,46.7096],[25.3201,46.7112],[25.3319,46.7182],[25.3358,46.7096]]],[[[25.2623,46.7145],[25.2558,46.7165],[25.2604,46.7244],[25.2623,46.7145]]],[[[25.3557,46.7233],[25.3573,46.7207],[25.3486,46.7181],[25.3557,46.7233]]],[[[25.322,46.7196],[25.3126,46.7245],[25.3197,46.7263],[25.322,46.7196]]],[[[25.3118,46.7337],[25.2952,46.7315],[25.2984,46.7438],[25.3118,46.7337]]],[[[25.2827,46.7377],[25.2719,46.741],[25.2884,46.746],[25.2827,46.7377]]],[[[25.3038,46.7553],[25.3187,46.7489],[25.3073,46.746],[25.3038,46.7553]]],[[[25.3541,46.753],[25.3541,46.755],[25.3655,46.7496],[25.3541,46.753]]],[[[25.3293,46.7462],[25.3261,46.7469],[25.3337,46.7569],[25.3293,46.7462]]],[[[25.3091,46.7675],[25.3149,46.7676],[25.3136,46.7622],[25.3091,46.7675]]],[[[25.3109,46.7721],[25.3088,46.7741],[25.3283,46.7715],[25.3109,46.7721]]],[[[25.3446,46.779],[25.3368,46.7785],[25.3447,46.7836],[25.3506,46.7759],[25.3446,46.779]]],[[[25.3117,46.7858],[25.3126,46.7869],[25.3191,46.7861],[25.3117,46.7858]]],[[[25.354,46.7829],[25.3425,46.7887],[25.3522,46.7927],[25.354,46.7829]]],[[[25.2753,46.7924],[25.2677,46.7967],[25.2811,46.7967],[25.2753,46.7924]]],[[[25.331,46.8009],[25.3235,46.8067],[25.3338,46.8067],[25.331,46.8009]]],[[[25.2831,46.8078],[25.2795,46.8146],[25.2938,46.8163],[25.2831,46.8078]]],[[[25.3369,46.8099],[25.3548,46.8156],[25.3362,46.823],[25.3598,46.8151],[25.3369,46.8099]]],[[[25.2912,46.8271],[25.3079,46.8215],[25.2811,46.8182],[25.286,46.8419],[25.3217,46.8468],[25.2912,46.8271]]],[[[25.4027,46.862],[25.3316,46.8417],[25.3574,46.8587],[25.341,46.8567],[25.3373,46.8596],[25.3588,46.865],[25.3593,46.8695],[25.3707,46.8734],[25.3778,46.8814],[25.3126,46.8501],[25.3018,46.8596],[25.42,46.8968],[25.4027,46.862]]],[[[25.2552,46.8963],[25.278,46.9016],[25.2808,46.8726],[25.2642,46.8666],[25.2552,46.8963]]],[[[25.3125,46.8748],[25.3295,46.8922],[25.3326,46.8904],[25.3125,46.8748]]],[[[25.4223,46.8898],[25.4261,46.898],[25.4308,46.8894],[25.4223,46.8898]]],[[[25.3916,46.9365],[25.4006,46.9384],[25.3967,46.9321],[25.3916,46.9365]]],[[[25.4291,46.9637],[25.4308,46.9611],[25.4095,46.9674],[25.4291,46.9637]]],[[[25.335,46.9589],[25.3126,46.9403],[25.3234,46.9655],[25.2883,46.9746],[25.3012,46.9875],[25.335,46.9589]]],[[[25.3654,46.9738],[25.3934,46.9675],[25.3729,46.9628],[25.3654,46.9738]]],[[[25.365,46.9719],[25.3602,46.9591],[25.3225,46.9826],[25.365,46.9719]]],[[[25.4015,46.9772],[25.3877,46.9857],[25.3989,46.9893],[25.4015,46.9772]]],[[[25.3625,46.9789],[25.3491,46.9887],[25.3547,46.9872],[25.3625,46.9789]]],[[[25.2213,46.9856],[25.2215,46.9884],[25.2407,46.9894],[25.2213,46.9856]]],[[[25.378,46.9853],[25.367,46.9977],[25.3735,46.9988],[25.378,46.9853]]],[[[25.3962,46.9909],[25.3831,46.9917],[25.3864,46.9953],[25.3962,46.9909]]],[[[25.2745,46.9888],[25.2719,46.9863],[25.271,46.9962],[25.2793,46.9976],[25.2745,46.9888]]],[[[25.3497,46.9998],[25.3558,46.9988],[25.3518,46.9931],[25.3497,46.9998]]],[[[25.2321,46.9986],[25.2465,47.0005],[25.2436,46.9959],[25.2321,46.9986]]],[[[25.2217,47.0015],[25.217,47.0039],[25.2293,47.0063],[25.2217,47.0015]]],[[[25.3674,47.016],[25.3821,47.0047],[25.3752,47.0059],[25.3674,47.016]]],[[[25.4077,47.0158],[25.4114,47.0197],[25.4181,47.0198],[25.4077,47.0158]]],[[[25.4198,47.0217],[25.3974,47.0235],[25.4016,47.0293],[25.4198,47.0217]]],[[[25.3352,47.0204],[25.3206,47.0365],[25.3341,47.0426],[25.3352,47.0204]]],[[[25.2973,47.0299],[25.2922,47.0346],[25.3111,47.0355],[25.2973,47.0299]]],[[[25.2857,47.0371],[25.2901,47.0334],[25.2832,47.031],[25.2857,47.0371]]],[[[25.257,47.041],[25.2674,47.0481],[25.2846,47.0436],[25.2643,47.042],[25.2792,47.0383],[25.2686,47.0232],[25.2429,47.0517],[25.257,47.041]]],[[[25.3097,47.0427],[25.3053,47.0594],[25.3276,47.0584],[25.3529,47.0414],[25.3568,47.0816],[25.3654,47.0168],[25.3418,47.0467],[25.3097,47.0427]]],[[[25.407,47.0567],[25.4186,47.0686],[25.4254,47.0528],[25.407,47.0567]]],[[[25.3162,47.0754],[25.3463,47.0534],[25.3336,47.0569],[25.3162,47.0754]]],[[[25.256,47.0609],[25.2477,47.0812],[25.2555,47.086],[25.256,47.0609]]],[[[25.4003,47.0746],[25.39,47.078],[25.4026,47.0832],[25.4003,47.0746]]],[[[25.2477,47.0568],[25.1964,47.0684],[25.2288,47.1025],[25.253,47.0995],[25.2323,47.0847],[25.2477,47.0568]]],[[[25.4126,47.0934],[25.441,47.0881],[25.4387,47.0775],[25.4126,47.0934]]],[[[25.2638,47.0855],[25.2682,47.0903],[25.2722,47.0854],[25.2638,47.0855]]],[[[25.3703,47.0871],[25.3546,47.0847],[25.3531,47.0969],[25.3703,47.0871]]],[[[25.345,47.0633],[25.3097,47.0974],[25.2897,47.0898],[25.3069,47.0745],[25.2632,47.0924],[25.3011,47.095],[25.2919,47.1021],[25.3074,47.1036],[25.305,47.1294],[25.345,47.0633]]],[[[25.374,47.0935],[25.3765,47.1051],[25.3894,47.1055],[25.374,47.0935]]],[[[25.4248,47.1038],[25.4205,47.1053],[25.4077,47.1018],[25.405,47.1024],[25.4197,47.112],[25.4248,47.1038]]],[[[25.2185,47.1068],[25.2141,47.1097],[25.2088,47.1059],[25.2051,47.1064],[25.2133,47.1123],[25.2185,47.1068]]],[[[25.364,47.0952],[25.3421,47.1118],[25.3632,47.1232],[25.3811,47.1158],[25.364,47.0952]]],[[[25.3869,47.1093],[25.3814,47.1088],[25.386,47.1198],[25.3869,47.1093]]],[[[25.4197,47.1202],[25.4146,47.1273],[25.4209,47.1287],[25.4197,47.1202]]],[[[25.2849,47.126],[25.2804,47.1201],[25.2752,47.1202],[25.2791,47.1355],[25.2849,47.126]]],[[[25.348,47.1251],[25.3457,47.1288],[25.3566,47.1318],[25.348,47.1251]]],[[[25.2683,47.1293],[25.2649,47.142],[25.271,47.1411],[25.2683,47.1293]]],[[[25.3675,47.1356],[25.3357,47.1505],[25.3687,47.1502],[25.3675,47.1356]]],[[[25.4207,47.1459],[25.4072,47.1514],[25.4225,47.1567],[25.4457,47.1491],[25.4207,47.1459]]],[[[25.3479,47.1677],[25.2909,47.1408],[25.2825,47.1571],[25.3479,47.1677]]],[[[25.382,47.167],[25.383,47.1605],[25.3716,47.1643],[25.382,47.167]]],[[[25.328,47.1825],[25.3437,47.1803],[25.3369,47.1811],[25.328,47.1825]]],[[[25.3824,47.1784],[25.3671,47.1918],[25.3752,47.19],[25.3824,47.1784]]],[[[25.427,47.1939],[25.391,47.1813],[25.404,47.1973],[25.427,47.1939]]],[[[25.2241,47.1981],[25.2212,47.2098],[25.2621,47.2036],[25.2475,47.193],[25.2241,47.1981]],[[25.2554,47.2007],[25.2579,47.2023],[25.2392,47.2061],[25.2554,47.2007]]],[[[25.3896,47.1994],[25.3657,47.1954],[25.3759,47.207],[25.3896,47.1994]]],[[[25.3739,47.2094],[25.3726,47.2114],[25.3808,47.22],[25.3739,47.2094]]],[[[25.2217,47.2297],[25.2118,47.218],[25.2107,47.2246],[25.2217,47.2297]]],[[[25.2312,47.2264],[25.2226,47.2318],[25.2402,47.2386],[25.2537,47.2314],[25.2312,47.2264]]],[[[25.2414,47.2409],[25.2352,47.2452],[25.2413,47.2487],[25.2414,47.2409]]],[[[25.2776,47.2471],[25.2756,47.2501],[25.2907,47.2466],[25.2776,47.2471]]],[[[25.2262,47.2468],[25.2184,47.2486],[25.223,47.2575],[25.2262,47.2468]]],[[[25.2901,47.2672],[25.2898,47.265],[25.279,47.2656],[25.2901,47.2672]]],[[[25.2536,47.2743],[25.2549,47.2645],[25.236,47.2598],[25.2536,47.2743]]],[[[25.2579,47.2637],[25.2663,47.2738],[25.2688,47.2698],[25.2579,47.2637]]],[[[25.3109,47.2825],[25.3062,47.2861],[25.3139,47.2871],[25.3109,47.2825]]],[[[25.2884,47.2939],[25.2956,47.2847],[25.2718,47.2809],[25.2884,47.2939]]],[[[25.3442,47.3186],[25.3584,47.316],[25.3559,47.3139],[25.3442,47.3186]]],[[[25.2517,47.3751],[25.2564,47.3864],[25.2565,47.3777],[25.2517,47.3751]]],[[[25.4166,47.3769],[25.3952,47.3865],[25.4183,47.3967],[25.4166,47.3769]]],[[[25.3956,47.4001],[25.4042,47.4041],[25.4119,47.4019],[25.3956,47.4001]]],[[[25.2314,47.3861],[25.2461,47.3994],[25.2273,47.4237],[25.2497,47.3981],[25.2314,47.3861]]],[[[25.3056,47.4031],[25.2981,47.4045],[25.2982,47.4054],[25.3056,47.4031]]],[[[25.3637,47.4104],[25.3441,47.4121],[25.3693,47.4255],[25.3637,47.4104]]],[[[25.3597,47.4272],[25.3723,47.4339],[25.3714,47.4275],[25.3597,47.4272]]],[[[25.3784,47.5519],[25.3773,47.5561],[25.3828,47.5592],[25.3784,47.5519]]],[[[25.2153,47.5696],[25.2156,47.5746],[25.2385,47.57],[25.2153,47.5696]]],[[[25.2409,47.6176],[25.2637,47.6181],[25.261,47.6111],[25.2822,47.6217],[25.3181,47.5958],[25.3167,47.5869],[25.3066,47.5953],[25.299,47.5883],[25.2731,47.5858],[25.2919,47.5533],[25.1872,47.5935],[25.2546,47.6107],[25.2346,47.6173],[25.2281,47.6327],[25.2409,47.6176]],[[25.2606,47.6086],[25.2369,47.6023],[25.2665,47.5764],[25.2708,47.5901],[25.3019,47.5987],[25.2664,47.6125],[25.2846,47.6017],[25.2606,47.6086]],[[25.2307,47.5829],[25.2368,47.5975],[25.2145,47.5945],[25.2307,47.5829]],[[25.2648,47.5683],[25.2699,47.5711],[25.2671,47.5734],[25.2648,47.5683]]],[[[25.2432,47.6228],[25.2426,47.6248],[25.2553,47.6232],[25.2432,47.6228]]],[[[25.3933,47.6421],[25.3894,47.6335],[25.3732,47.6563],[25.3933,47.6421]]],[[[25.4185,47.6453],[25.4143,47.6476],[25.423,47.653],[25.4185,47.6453]]],[[[25.4039,47.6557],[25.4016,47.6536],[25.3958,47.6626],[25.4039,47.6557]]],[[[25.3798,47.6776],[25.3868,47.6676],[25.3824,47.6629],[25.3798,47.6776]]],[[[25.4156,47.6685],[25.4265,47.6617],[25.4047,47.6645],[25.4156,47.6685]]],[[[25.3716,47.6971],[25.3754,47.6944],[25.3746,47.6932],[25.3716,47.6971]]],[[[25.379,47.6916],[25.4061,47.7015],[25.3995,47.6924],[25.379,47.6916]]],[[[25.346,47.6948],[25.3249,47.7056],[25.3354,47.7006],[25.346,47.6948]]],[[[25.3352,47.7171],[25.3197,47.7167],[25.3229,47.7194],[25.3352,47.7171]]],[[[25.3277,47.7276],[25.3042,47.7252],[25.3195,47.7314],[25.3295,47.7309],[25.3277,47.7276]]],[[[25.2908,47.727],[25.2794,47.7354],[25.2862,47.7384],[25.2908,47.727]]],[[[25.3953,47.7794],[25.3988,47.7751],[25.3828,47.7798],[25.3953,47.7794]]],[[[25.351,47.8218],[25.3385,47.8289],[25.3377,47.8116],[25.3176,47.8416],[25.3647,47.8156],[25.351,47.8218]]],[[[25.557,42.6965],[25.5538,42.7013],[25.5569,42.7047],[25.557,42.6965]]],[[[25.5977,42.7207],[25.6016,42.7142],[25.5944,42.7151],[25.5977,42.7207]]],[[[25.4259,42.7373],[25.4473,42.7108],[25.4392,42.7],[25.4132,42.7334],[25.4333,42.7623],[25.4448,42.7469],[25.4259,42.7373]]],[[[25.5753,42.7777],[25.5721,42.7702],[25.5657,42.7679],[25.566,42.7748],[25.5758,42.7814],[25.5753,42.7777]]],[[[25.5734,42.7852],[25.5662,42.7775],[25.5634,42.7852],[25.5734,42.7852]]],[[[25.6345,42.7747],[25.6273,42.7789],[25.6338,42.7907],[25.6345,42.7747]]],[[[25.4548,42.7914],[25.467,42.7921],[25.462,42.7874],[25.4548,42.7914]]],[[[25.4639,42.7967],[25.4505,42.798],[25.4583,42.808],[25.4639,42.7967]]],[[[25.5574,42.7992],[25.5643,42.808],[25.5653,42.8007],[25.5574,42.7992]]],[[[25.428,42.8008],[25.4251,42.7959],[25.4271,42.8017],[25.4364,42.8077],[25.4444,42.808],[25.428,42.8008]]],[[[25.4336,42.8103],[25.4412,42.8178],[25.4417,42.8133],[25.4336,42.8103]]],[[[25.5952,42.8326],[25.5921,42.8294],[25.5924,42.8418],[25.5952,42.8326]]],[[[25.5701,42.8402],[25.5688,42.8418],[25.5808,42.8443],[25.5701,42.8402]]],[[[25.5817,42.8423],[25.586,42.8507],[25.5911,42.845],[25.5817,42.8423]]],[[[25.437,42.8441],[25.4529,42.8469],[25.4461,42.8444],[25.437,42.8441]]],[[[25.5375,42.8409],[25.5289,42.8389],[25.5432,42.8517],[25.5375,42.8409]]],[[[25.5962,42.8443],[25.5958,42.8517],[25.6034,42.8461],[25.5962,42.8443]]],[[[25.6074,42.8519],[25.6086,42.8639],[25.6129,42.8583],[25.6074,42.8519]]],[[[25.5958,42.8813],[25.5993,42.8557],[25.5928,42.8736],[25.5948,42.8827],[25.5958,42.8813]]],[[[25.571,42.8847],[25.5734,42.8821],[25.5589,42.8791],[25.5537,42.887],[25.571,42.8847]]],[[[25.5267,42.8916],[25.5167,42.8889],[25.5174,42.8965],[25.5267,42.8916]]],[[[25.5558,42.911],[25.5548,42.92],[25.5599,42.9224],[25.557,42.9025],[25.5558,42.911]]],[[[25.4301,42.9196],[25.4398,42.9175],[25.4284,42.9134],[25.4301,42.9196]]],[[[25.6105,42.917],[25.6219,42.9188],[25.621,42.9159],[25.6105,42.917]]],[[[25.582,42.9239],[25.5668,42.9237],[25.5785,42.9267],[25.5835,42.9242],[25.5861,42.92],[25.582,42.9239]]],[[[25.4866,42.9271],[25.4615,42.9245],[25.4975,42.9306],[25.4866,42.9271]]],[[[25.5316,42.9315],[25.5328,42.934],[25.5388,42.9281],[25.5316,42.9315]]],[[[25.5125,42.9306],[25.5044,42.9371],[25.5199,42.9371],[25.5125,42.9306]]],[[[25.4976,42.9382],[25.5023,42.9394],[25.5018,42.934],[25.4976,42.9382]]],[[[25.5667,42.9278],[25.5392,42.9308],[25.5617,42.9303],[25.5491,42.9352],[25.5478,42.9463],[25.5667,42.9278]]],[[[25.494,42.9334],[25.4808,42.9372],[25.4849,42.9422],[25.494,42.9334]]],[[[25.5333,42.9409],[25.5299,42.9444],[25.5431,42.9435],[25.5333,42.9409]]],[[[25.5362,42.9483],[25.5242,42.9499],[25.5333,42.956],[25.5362,42.9483]]],[[[25.5185,42.9499],[25.517,42.9473],[25.5081,42.9633],[25.5185,42.9499]]],[[[25.5181,42.9681],[25.5134,42.9772],[25.5249,42.9733],[25.5406,42.9746],[25.5181,42.9681]]],[[[25.511,42.978],[25.5127,42.9688],[25.5045,42.9721],[25.511,42.978]]],[[[25.521,42.9808],[25.5379,42.9795],[25.532,42.975],[25.521,42.9808]]],[[[25.4758,42.9918],[25.4717,42.9954],[25.4868,42.995],[25.4758,42.9918]]],[[[25.5458,42.9936],[25.536,42.9995],[25.5479,43.0009],[25.5458,42.9936]]],[[[25.5535,42.9991],[25.5694,42.9977],[25.5615,42.9961],[25.5535,42.9991]]],[[[25.4342,43.0171],[25.4471,43.0178],[25.4369,43.0121],[25.4342,43.0171]]],[[[25.4976,43.0202],[25.4673,43.025],[25.4827,43.0284],[25.4976,43.0202]]],[[[25.4364,43.0182],[25.4054,43.0319],[25.4347,43.0362],[25.4551,43.0289],[25.4364,43.0182]]],[[[25.5216,43.0239],[25.5173,43.0299],[25.5265,43.0311],[25.5216,43.0239]]],[[[25.5286,43.0404],[25.5439,43.041],[25.5355,43.039],[25.5286,43.0404]]],[[[25.4716,43.0565],[25.4477,43.0554],[25.4908,43.0589],[25.4716,43.0565]]],[[[25.5679,43.0992],[25.5668,43.1095],[25.5909,43.1112],[25.5679,43.0992]]],[[[25.5953,43.1116],[25.5807,43.1152],[25.5965,43.1276],[25.5953,43.1116]]],[[[25.5929,43.1362],[25.6012,43.134],[25.589,43.1278],[25.5929,43.1362]]],[[[25.5726,43.1352],[25.5661,43.1352],[25.5806,43.1369],[25.5726,43.1352]]],[[[25.425,43.1456],[25.4253,43.1489],[25.4389,43.1488],[25.425,43.1456]]],[[[25.4401,44.8793],[25.4374,44.8815],[25.4605,44.8722],[25.4401,44.8793]]],[[[25.4981,44.9588],[25.4849,44.9681],[25.4948,44.9673],[25.4981,44.9588]]],[[[25.4636,44.9675],[25.4791,44.9696],[25.48,44.9596],[25.4636,44.9675]]],[[[25.5179,44.9612],[25.5211,44.964],[25.5392,44.9662],[25.5179,44.9612]]],[[[25.4921,44.9746],[25.5056,44.9731],[25.5047,44.9713],[25.4921,44.9746]]],[[[25.5153,44.9785],[25.5174,44.9845],[25.5193,44.9766],[25.5153,44.9785]]],[[[25.5102,44.9949],[25.5093,44.9992],[25.5191,44.9974],[25.5102,44.9949]]],[[[25.4212,44.9925],[25.4171,45.0053],[25.4312,45.0141],[25.4442,44.9964],[25.4212,44.9925]]],[[[25.4499,45.0396],[25.4509,45.0372],[25.4402,45.039],[25.4499,45.0396]]],[[[25.5957,45.0378],[25.6101,45.044],[25.6135,45.0376],[25.5957,45.0378]]],[[[25.4711,45.0471],[25.4673,45.0491],[25.4722,45.0575],[25.4711,45.0471]]],[[[25.5645,45.0567],[25.5503,45.0583],[25.5676,45.0571],[25.5645,45.0567]]],[[[25.5215,45.071],[25.5199,45.0753],[25.5293,45.0745],[25.5215,45.071]]],[[[25.5777,45.0805],[25.576,45.0805],[25.5692,45.0939],[25.5777,45.0805]]],[[[25.5064,45.0912],[25.4991,45.0882],[25.5002,45.0922],[25.5064,45.0912]]],[[[25.532,45.0959],[25.5425,45.0944],[25.5373,45.0876],[25.532,45.0959]]],[[[25.4876,45.0944],[25.4725,45.0954],[25.4807,45.0869],[25.477,45.0825],[25.4684,45.0807],[25.4625,45.0925],[25.4804,45.1013],[25.4876,45.0944]]],[[[25.5676,45.1015],[25.5682,45.1034],[25.5794,45.1011],[25.5676,45.1015]]],[[[25.5611,45.1085],[25.5558,45.1082],[25.5862,45.1102],[25.5611,45.1085]]],[[[25.5879,45.1136],[25.6056,45.1166],[25.5922,45.0964],[25.5879,45.1136]]],[[[25.6421,45.1041],[25.6202,45.1107],[25.6363,45.1147],[25.6421,45.1041]]],[[[25.5714,45.1155],[25.57,45.1122],[25.5677,45.114],[25.5711,45.1164],[25.585,45.1144],[25.5714,45.1155]]],[[[25.5575,45.1238],[25.5343,45.1156],[25.5343,45.1285],[25.5575,45.1238]]],[[[25.5093,45.1119],[25.4925,45.1383],[25.5225,45.1293],[25.5186,45.1441],[25.5283,45.1297],[25.5093,45.1119]]],[[[25.4364,45.1251],[25.4264,45.1268],[25.4304,45.1314],[25.4364,45.1251]]],[[[25.6119,45.126],[25.628,45.127],[25.6252,45.1231],[25.6053,45.1241],[25.6119,45.126]]],[[[25.5866,45.1176],[25.5704,45.1188],[25.6036,45.1366],[25.5866,45.1176]]],[[[25.4424,45.1121],[25.4274,45.1144],[25.4555,45.1456],[25.4691,45.1345],[25.4424,45.1121]]],[[[25.5691,45.1468],[25.562,45.1419],[25.5775,45.1566],[25.5691,45.1468]]],[[[25.4641,45.1613],[25.4538,45.17],[25.4768,45.1767],[25.4641,45.1613]]],[[[25.4727,45.1806],[25.5117,45.1886],[25.4916,45.181],[25.4727,45.1806]]],[[[25.5583,45.1773],[25.5586,45.18],[25.5873,45.1769],[25.5583,45.1773]]],[[[25.5336,45.1783],[25.5078,45.1743],[25.53,45.1911],[25.5336,45.1783]]],[[[25.5624,45.1889],[25.5643,45.1881],[25.5604,45.1824],[25.5624,45.1889]]],[[[25.5335,45.1899],[25.5398,45.1943],[25.5575,45.1943],[25.5335,45.1899]]],[[[25.5219,45.2101],[25.5469,45.2083],[25.5478,45.2024],[25.5219,45.2101]]],[[[25.5071,45.2254],[25.4922,45.2088],[25.5148,45.2012],[25.4908,45.1904],[25.4617,45.2065],[25.5071,45.2254]],[[25.4878,45.2023],[25.493,45.2015],[25.4888,45.2084],[25.4878,45.2023]]],[[[25.5583,45.2017],[25.549,45.1976],[25.5638,45.2228],[25.5583,45.2017]]],[[[25.6156,45.2189],[25.6266,45.1944],[25.6001,45.1953],[25.5969,45.2226],[25.6156,45.2189]]],[[[25.6276,45.2257],[25.6351,45.2225],[25.6296,45.2188],[25.6276,45.2257]]],[[[25.5297,45.2161],[25.5047,45.2144],[25.5139,45.2294],[25.5325,45.2339],[25.5297,45.2161]]],[[[25.5551,45.2297],[25.5517,45.2278],[25.5621,45.2349],[25.5682,45.2338],[25.5551,45.2297]]],[[[25.5853,45.243],[25.6094,45.2328],[25.5751,45.234],[25.5578,45.2447],[25.5853,45.243]]],[[[25.5382,45.2463],[25.5302,45.2484],[25.535,45.2541],[25.5382,45.2463]]],[[[25.5998,45.2613],[25.6121,45.237],[25.5886,45.2706],[25.5998,45.2613]]],[[[25.4272,45.2853],[25.4243,45.2888],[25.4291,45.2861],[25.431,45.2754],[25.4272,45.2853]]],[[[25.5105,45.3055],[25.5134,45.3114],[25.524,45.3079],[25.5105,45.3055]]],[[[25.4548,45.3],[25.452,45.3001],[25.4484,45.3075],[25.4548,45.3]]],[[[25.5072,45.3884],[25.4738,45.3774],[25.5092,45.3841],[25.5117,45.3569],[25.4785,45.3392],[25.502,45.311],[25.4675,45.3244],[25.4558,45.3127],[25.4439,45.3207],[25.466,45.3402],[25.4411,45.3457],[25.4643,45.4161],[25.4406,45.3944],[25.4154,45.4124],[25.4122,45.4006],[25.4358,45.3864],[25.4407,45.3682],[25.4167,45.3834],[25.4227,45.3597],[25.3889,45.3517],[25.4018,45.3511],[25.4086,45.3265],[25.3752,45.3364],[25.4043,45.3824],[25.3633,45.391],[25.4024,45.3872],[25.4092,45.4255],[25.4528,45.4417],[25.4138,45.4475],[25.4547,45.4485],[25.5072,45.3884]],[[25.4954,45.3537],[25.4962,45.3604],[25.4855,45.3624],[25.4954,45.3537]],[[25.4293,45.4044],[25.4345,45.405],[25.4274,45.4174],[25.4293,45.4044]],[[25.4356,45.4212],[25.4397,45.4101],[25.4429,45.4194],[25.4356,45.4212]],[[25.4557,45.4247],[25.4562,45.4274],[25.4457,45.4261],[25.4557,45.4247]]],[[[25.5847,45.4604],[25.593,45.4713],[25.5923,45.4598],[25.5847,45.4604]]],[[[25.6297,45.4616],[25.6157,45.4625],[25.6209,45.4724],[25.6297,45.4616]]],[[[25.5488,45.5568],[25.5516,45.5554],[25.528,45.5442],[25.5488,45.5568]]],[[[25.4661,46.0978],[25.4807,46.0943],[25.4806,46.0936],[25.4661,46.0978]]],[[[25.4566,46.1137],[25.4602,46.12],[25.4411,46.1283],[25.4448,46.1356],[25.4369,46.1406],[25.4398,46.1299],[25.4109,46.1283],[25.4147,46.1107],[25.4022,46.1152],[25.4095,46.132],[25.428,46.1485],[25.4504,46.1393],[25.4638,46.1211],[25.4588,46.1419],[25.466,46.146],[25.496,46.1098],[25.4566,46.1137]],[[25.421,46.1333],[25.435,46.1331],[25.4317,46.1357],[25.421,46.1333]]],[[[25.4948,46.1256],[25.4817,46.1333],[25.4924,46.1424],[25.4948,46.1256]]],[[[25.5354,46.1381],[25.5105,46.1427],[25.5216,46.1484],[25.5421,46.1336],[25.5354,46.1381]]],[[[25.5542,46.1589],[25.5716,46.1736],[25.5615,46.1571],[25.5542,46.1589]]],[[[25.5976,46.1558],[25.5694,46.164],[25.5908,46.1861],[25.5976,46.1558]]],[[[25.6069,46.1792],[25.6095,46.1519],[25.6051,46.149],[25.592,46.2038],[25.6226,46.187],[25.6069,46.1792]]],[[[25.4516,46.1773],[25.4406,46.185],[25.4477,46.198],[25.4789,46.1916],[25.4761,46.1709],[25.4516,46.1773]]],[[[25.5815,46.1911],[25.5797,46.1959],[25.587,46.2002],[25.5815,46.1911]]],[[[25.5613,46.2015],[25.5681,46.1881],[25.5637,46.1882],[25.5613,46.2015]]],[[[25.6124,46.2219],[25.6215,46.2057],[25.6141,46.2079],[25.6124,46.2219]]],[[[25.5772,46.2104],[25.5733,46.2133],[25.5831,46.2253],[25.5772,46.2104]]],[[[25.531,46.2649],[25.5044,46.2277],[25.5404,46.2139],[25.5033,46.2206],[25.4929,46.2013],[25.5214,46.2071],[25.5072,46.1819],[25.5286,46.1821],[25.5412,46.1679],[25.4999,46.1846],[25.5318,46.1652],[25.5061,46.1691],[25.4958,46.1423],[25.4743,46.1549],[25.499,46.1619],[25.4852,46.1763],[25.5008,46.1924],[25.4709,46.2226],[25.5051,46.2245],[25.4696,46.2457],[25.5164,46.2522],[25.498,46.2743],[25.5252,46.3022],[25.531,46.2649]]],[[[25.5902,46.2406],[25.6072,46.2447],[25.5991,46.2304],[25.5902,46.2406]]],[[[25.5846,46.2475],[25.5679,46.2496],[25.5742,46.265],[25.5959,46.2573],[25.5846,46.2475]]],[[[25.6222,46.2905],[25.6205,46.2785],[25.6176,46.2802],[25.6222,46.2905]]],[[[25.6244,46.2907],[25.6232,46.2983],[25.6326,46.297],[25.6244,46.2907]]],[[[25.4429,46.3078],[25.4475,46.3079],[25.4589,46.2966],[25.4429,46.3078]]],[[[25.4545,46.3065],[25.4502,46.3056],[25.4588,46.3173],[25.4708,46.3159],[25.4545,46.3065]]],[[[25.4634,46.3254],[25.46,46.3227],[25.4622,46.3281],[25.4768,46.3259],[25.4792,46.3347],[25.4836,46.3247],[25.4634,46.3254]]],[[[25.5511,46.3594],[25.5491,46.3921],[25.5625,46.401],[25.5523,46.379],[25.5883,46.3628],[25.5511,46.3594]]],[[[25.5008,46.4022],[25.4757,46.3963],[25.4948,46.3992],[25.4899,46.3781],[25.4467,46.32],[25.4375,46.3371],[25.4154,46.3237],[25.4579,46.399],[25.5278,46.4325],[25.5008,46.4022]]],[[[25.4773,46.4159],[25.4627,46.411],[25.45,46.395],[25.4232,46.4179],[25.4269,46.4309],[25.4785,46.4206],[25.4773,46.4159]],[[25.4561,46.4156],[25.4617,46.4203],[25.4539,46.4219],[25.4561,46.4156]]],[[[25.5514,46.415],[25.5655,46.4181],[25.5628,46.4116],[25.5514,46.415]]],[[[25.5249,46.4161],[25.5206,46.4207],[25.528,46.4223],[25.5249,46.4161]]],[[[25.6078,46.448],[25.6114,46.445],[25.598,46.4427],[25.6078,46.448]]],[[[25.5903,46.4443],[25.5957,46.4431],[25.5836,46.4435],[25.5903,46.4443]]],[[[25.4733,46.5139],[25.5056,46.4966],[25.4657,46.5057],[25.4786,46.5223],[25.4997,46.5151],[25.4733,46.5139]]],[[[25.583,46.5008],[25.5757,46.5025],[25.5842,46.518],[25.583,46.5008]]],[[[25.4452,46.5329],[25.4565,46.546],[25.4642,46.5174],[25.4452,46.5329]]],[[[25.6192,46.5337],[25.6318,46.5318],[25.6263,46.5293],[25.6192,46.5337]]],[[[25.6182,46.5367],[25.6147,46.5432],[25.6222,46.5397],[25.6182,46.5367]]],[[[25.5424,46.5341],[25.5379,46.5472],[25.5479,46.542],[25.5424,46.5341]]],[[[25.4807,46.5301],[25.4707,46.5213],[25.4668,46.5547],[25.481,46.5626],[25.4807,46.5301]]],[[[25.4643,46.5478],[25.4638,46.5389],[25.4616,46.54],[25.4643,46.5478]]],[[[25.5937,46.5433],[25.6095,46.5443],[25.6068,46.5352],[25.5883,46.5434],[25.5937,46.5433]]],[[[25.5285,46.5441],[25.5167,46.5459],[25.5354,46.5476],[25.5285,46.5441]]],[[[25.6184,46.5664],[25.6275,46.5648],[25.6228,46.5519],[25.6184,46.5664]]],[[[25.502,46.5613],[25.5008,46.5661],[25.5149,46.5626],[25.502,46.5613]]],[[[25.5301,46.5743],[25.5411,46.5631],[25.53,46.5597],[25.5301,46.5743]]],[[[25.6032,46.5708],[25.5987,46.578],[25.6019,46.579],[25.6032,46.5708]]],[[[25.4804,46.5826],[25.476,46.5821],[25.4805,46.5884],[25.4916,46.5874],[25.4804,46.5826]]],[[[25.5515,46.575],[25.5396,46.5808],[25.5385,46.5936],[25.5611,46.5962],[25.5515,46.575]]],[[[25.5498,46.6236],[25.5543,46.6153],[25.5509,46.613],[25.5498,46.6236]]],[[[25.5311,46.626],[25.5523,46.6354],[25.5492,46.6293],[25.5311,46.626]]],[[[25.6282,46.6611],[25.6172,46.6665],[25.6417,46.6805],[25.6282,46.6611]]],[[[25.6278,46.7403],[25.5946,46.7357],[25.5881,46.7689],[25.6175,46.7624],[25.6278,46.7403]],[[25.6066,46.7635],[25.5944,46.7542],[25.6182,46.7529],[25.6066,46.7635]]],[[[25.6588,46.7498],[25.6323,46.7501],[25.6069,46.7884],[25.5781,46.771],[25.5725,46.7477],[25.5396,46.7651],[25.6198,46.7968],[25.6588,46.7498]]],[[[25.5694,46.8058],[25.5659,46.8135],[25.5713,46.8162],[25.5694,46.8058]]],[[[25.533,46.8391],[25.5636,46.8464],[25.5496,46.8333],[25.5708,46.8295],[25.5598,46.8074],[25.5794,46.7959],[25.5228,46.7906],[25.5519,46.8256],[25.5147,46.8422],[25.5462,46.8513],[25.533,46.8391]]],[[[25.5633,46.8332],[25.5577,46.8388],[25.5675,46.8464],[25.5918,46.8405],[25.5633,46.8332]]],[[[25.645,46.8296],[25.6271,46.8256],[25.6215,46.8672],[25.645,46.8296]]],[[[25.5874,46.8642],[25.6127,46.8656],[25.6048,46.8464],[25.5874,46.8642]]],[[[25.5636,46.852],[25.553,46.856],[25.5672,46.8605],[25.5636,46.852]]],[[[25.4208,46.8789],[25.4352,46.8858],[25.4392,46.8675],[25.4208,46.8789]]],[[[25.5183,46.8839],[25.5305,46.8814],[25.5315,46.8673],[25.5183,46.8839]]],[[[25.611,46.8761],[25.6042,46.8753],[25.6035,46.8781],[25.611,46.8761]]],[[[25.59,46.88],[25.5767,46.8802],[25.5758,46.8848],[25.59,46.88]]],[[[25.5217,46.9038],[25.5237,46.8924],[25.5034,46.8842],[25.5067,46.8629],[25.4597,46.8746],[25.4997,46.8696],[25.498,46.8845],[25.5186,46.895],[25.5177,46.9166],[25.5471,46.9014],[25.5217,46.9038]]],[[[25.4643,46.9022],[25.4741,46.9061],[25.4793,46.8896],[25.4643,46.9022]]],[[[25.4843,46.8896],[25.4762,46.9033],[25.493,46.9029],[25.4843,46.8896]]],[[[25.5777,46.8985],[25.5778,46.9007],[25.5998,46.8931],[25.5777,46.8985]]],[[[25.5976,46.9016],[25.6325,46.8959],[25.6218,46.8938],[25.5976,46.9016]]],[[[25.4589,46.9077],[25.4722,46.907],[25.4549,46.9001],[25.4589,46.9077]]],[[[25.4249,46.9058],[25.4228,46.9121],[25.4594,46.921],[25.4249,46.9058]]],[[[25.5946,46.917],[25.5925,46.9131],[25.582,46.9127],[25.5947,46.9202],[25.5946,46.917]]],[[[25.5037,46.9235],[25.4861,46.9233],[25.5031,46.9271],[25.5162,46.9174],[25.5037,46.9235]]],[[[25.4814,46.9303],[25.4852,46.9344],[25.4894,46.9335],[25.4814,46.9303]]],[[[25.5801,46.9339],[25.5842,46.9319],[25.5792,46.9285],[25.5801,46.9339]]],[[[25.498,46.9355],[25.5014,46.9336],[25.4946,46.9289],[25.498,46.9355]]],[[[25.4758,46.9234],[25.4572,46.9251],[25.4629,46.9397],[25.4928,46.9387],[25.4809,46.934],[25.4758,46.9234]]],[[[25.4471,46.9334],[25.4374,46.9321],[25.4492,46.9396],[25.4575,46.9358],[25.4471,46.9334]]],[[[25.4237,46.9206],[25.3881,46.9251],[25.4314,46.9406],[25.4005,46.9431],[25.4056,46.966],[25.434,46.9464],[25.4647,46.9587],[25.4237,46.9206]]],[[[25.4702,46.944],[25.4693,46.9444],[25.4742,46.9491],[25.4795,46.9424],[25.4702,46.944]]],[[[25.6336,46.9502],[25.6372,46.946],[25.6228,46.9453],[25.6211,46.9483],[25.6336,46.9502]]],[[[25.508,46.9474],[25.4916,46.96],[25.5346,46.9604],[25.508,46.9474]]],[[[25.6175,46.9689],[25.6052,46.9471],[25.5705,46.9386],[25.6283,46.9777],[25.6175,46.9689]]],[[[25.5139,46.9685],[25.5062,46.9693],[25.5144,46.9795],[25.5139,46.9685]]],[[[25.5526,46.9976],[25.5431,46.9933],[25.5511,47.0019],[25.5526,46.9976]]],[[[25.4741,47.02],[25.4867,47.0],[25.5091,47.0025],[25.4616,46.9813],[25.481,47.0005],[25.4754,47.0106],[25.4634,47.0098],[25.4613,47.012],[25.4716,47.0254],[25.4902,47.0205],[25.4741,47.02]]],[[[25.6221,47.0038],[25.641,47.0138],[25.6464,47.0106],[25.6221,47.0038]]],[[[25.6009,47.0131],[25.6002,47.0115],[25.5901,47.0112],[25.6039,47.0185],[25.6086,47.0184],[25.6133,47.0146],[25.6009,47.0131]]],[[[25.5878,47.0157],[25.5817,47.0257],[25.5878,47.0245],[25.5878,47.0157]]],[[[25.4444,47.0279],[25.4476,47.0325],[25.4536,47.0269],[25.4444,47.0279]]],[[[25.5151,47.0275],[25.5214,47.0395],[25.5093,47.041],[25.5159,47.0318],[25.4995,47.03],[25.5043,47.041],[25.5139,47.0453],[25.5359,47.0311],[25.5151,47.0275]]],[[[25.4924,47.0303],[25.4904,47.0288],[25.4878,47.0455],[25.4769,47.0487],[25.4863,47.0524],[25.4924,47.0303]]],[[[25.4806,47.0451],[25.4817,47.0443],[25.4652,47.0387],[25.4806,47.0451]]],[[[25.4477,47.042],[25.4385,47.0458],[25.4479,47.0594],[25.4477,47.042]]],[[[25.5804,47.0577],[25.5767,47.0528],[25.5776,47.0605],[25.5804,47.0577]]],[[[25.553,47.0432],[25.5363,47.0627],[25.5556,47.071],[25.5706,47.0486],[25.553,47.0432]],[[25.5584,47.0498],[25.562,47.0519],[25.5536,47.0568],[25.5584,47.0498]]],[[[25.6129,47.0678],[25.5992,47.0778],[25.6062,47.0791],[25.6129,47.0678]]],[[[25.5615,47.0789],[25.5584,47.0827],[25.5902,47.0797],[25.5615,47.0789]]],[[[25.5421,47.0868],[25.5444,47.0825],[25.5309,47.0797],[25.5256,47.0854],[25.5421,47.0868]]],[[[25.6202,47.0885],[25.6143,47.0837],[25.6195,47.0933],[25.6202,47.0885]]],[[[25.4908,47.1066],[25.4969,47.1053],[25.4925,47.0949],[25.4908,47.1066]]],[[[25.4494,47.1053],[25.4488,47.1094],[25.4677,47.1121],[25.4494,47.1053]]],[[[25.432,47.111],[25.4285,47.1171],[25.4406,47.1181],[25.432,47.111]]],[[[25.5733,47.1169],[25.5677,47.1218],[25.5781,47.1196],[25.5733,47.1169]]],[[[25.4831,47.1047],[25.4646,47.1409],[25.4692,47.1208],[25.4346,47.1286],[25.4639,47.1434],[25.4831,47.1047]]],[[[25.5978,47.1311],[25.6012,47.1367],[25.6188,47.1522],[25.5978,47.1311]]],[[[25.5881,47.1342],[25.5784,47.1441],[25.5868,47.1514],[25.5881,47.1342]]],[[[25.5152,47.1537],[25.5217,47.1505],[25.52,47.1476],[25.5238,47.1458],[25.5245,47.1451],[25.5245,47.1442],[25.5242,47.1437],[25.5053,47.1534],[25.5152,47.1537]]],[[[25.6261,47.1578],[25.5971,47.1816],[25.6207,47.1745],[25.6402,47.1755],[25.6261,47.1578]]],[[[25.4745,47.1669],[25.4666,47.1792],[25.4892,47.1795],[25.4745,47.1669]]],[[[25.5079,47.1796],[25.5079,47.1841],[25.5204,47.1792],[25.5079,47.1796]]],[[[25.4511,47.1925],[25.47,47.167],[25.4301,47.1704],[25.4396,47.1975],[25.4802,47.1935],[25.4511,47.1925]]],[[[25.5618,47.1837],[25.5561,47.1873],[25.5748,47.1916],[25.5923,47.186],[25.5618,47.1837]]],[[[25.547,47.1908],[25.5543,47.1924],[25.5499,47.1864],[25.547,47.1908]]],[[[25.5422,47.1956],[25.5013,47.2209],[25.5209,47.2284],[25.5422,47.1956]]],[[[25.5961,47.2165],[25.6037,47.2118],[25.5911,47.2098],[25.5961,47.2165]]],[[[25.4724,47.2019],[25.4737,47.2222],[25.4885,47.2229],[25.4724,47.2019]]],[[[25.4451,47.2181],[25.4407,47.2207],[25.4766,47.2379],[25.4451,47.2181]]],[[[25.4792,47.2353],[25.4891,47.2347],[25.4835,47.2263],[25.4792,47.2353]]],[[[25.4937,47.2272],[25.4982,47.2364],[25.5143,47.2315],[25.4937,47.2272]]],[[[25.6242,47.2469],[25.6124,47.2384],[25.6189,47.2445],[25.6242,47.2469]]],[[[25.4749,47.2521],[25.4652,47.2566],[25.4767,47.253],[25.4749,47.2521]]],[[[25.4845,47.2779],[25.5075,47.2671],[25.4894,47.2676],[25.4845,47.2779]]],[[[25.5472,47.2788],[25.5346,47.2782],[25.5431,47.2868],[25.5472,47.2788]]],[[[25.4344,47.2832],[25.4306,47.2862],[25.4367,47.2878],[25.4457,47.2821],[25.4344,47.2832]]],[[[25.5005,47.3035],[25.4963,47.302],[25.4934,47.3093],[25.5083,47.3175],[25.5005,47.3035]]],[[[25.5148,47.3397],[25.5073,47.3392],[25.4989,47.3438],[25.5148,47.3397]]],[[[25.4861,47.3493],[25.5012,47.3583],[25.4984,47.3495],[25.4861,47.3493]]],[[[25.4908,47.363],[25.4892,47.3642],[25.5016,47.3672],[25.4908,47.363]]],[[[25.5317,47.4097],[25.5259,47.4166],[25.5311,47.4188],[25.5317,47.4097]]],[[[25.5443,47.4148],[25.5357,47.4235],[25.5438,47.4239],[25.5443,47.4148]]],[[[25.4755,47.4138],[25.4817,47.428],[25.4519,47.4288],[25.4776,47.4449],[25.4881,47.421],[25.4755,47.4138]]],[[[25.5773,47.4254],[25.5741,47.4269],[25.5804,47.4346],[25.5773,47.4254]]],[[[25.5479,47.4329],[25.5598,47.4444],[25.5694,47.428],[25.5479,47.4329]]],[[[25.4551,47.4467],[25.459,47.4442],[25.4465,47.4435],[25.4447,47.447],[25.4551,47.4467]]],[[[25.595,47.4347],[25.5614,47.452],[25.5914,47.456],[25.6119,47.4413],[25.595,47.4347]]],[[[25.5252,47.4626],[25.5481,47.4542],[25.5336,47.4463],[25.5252,47.4626]]],[[[25.4569,47.4684],[25.4204,47.4575],[25.4285,47.4807],[25.4569,47.4684]]],[[[25.4685,47.535],[25.4631,47.5446],[25.4959,47.5422],[25.4685,47.535]]],[[[25.4495,47.5538],[25.4444,47.559],[25.4562,47.5542],[25.4608,47.5444],[25.4495,47.5538]]],[[[25.6119,47.5534],[25.6267,47.5566],[25.6246,47.5539],[25.6119,47.5534]]],[[[25.5084,47.6026],[25.5083,47.602],[25.4931,47.6088],[25.4872,47.6149],[25.5084,47.6026]]],[[[25.4428,47.6326],[25.4325,47.6312],[25.4382,47.636],[25.4498,47.6371],[25.4428,47.6326]]],[[[25.4616,47.6308],[25.4492,47.6438],[25.459,47.646],[25.4616,47.6308]]],[[[25.6242,47.6802],[25.6261,47.6778],[25.6113,47.6736],[25.6242,47.6802]]],[[[25.4991,47.6897],[25.5043,47.6853],[25.5025,47.6844],[25.4991,47.6897]]],[[[25.5123,47.8082],[25.5233,47.8051],[25.5194,47.8013],[25.5123,47.8082]]],[[[25.4408,47.8386],[25.4537,47.8373],[25.4404,47.8298],[25.4408,47.8386]]],[[[25.7786,42.6983],[25.7824,42.7006],[25.7852,42.6916],[25.7786,42.6983]]],[[[25.6698,42.7022],[25.6764,42.7038],[25.6816,42.7004],[25.6698,42.7022]]],[[[25.6536,42.703],[25.6629,42.7049],[25.6557,42.702],[25.6536,42.703]]],[[[25.7081,42.7112],[25.6877,42.7098],[25.6946,42.7127],[25.7081,42.7112]]],[[[25.8053,42.7145],[25.7962,42.7162],[25.8129,42.7237],[25.8053,42.7145]]],[[[25.8281,42.7161],[25.8217,42.7188],[25.8329,42.7287],[25.8281,42.7161]]],[[[25.7244,42.808],[25.7208,42.8085],[25.7335,42.8156],[25.7244,42.808]]],[[[25.7573,42.8302],[25.7622,42.8265],[25.761,42.8245],[25.7573,42.8302]]],[[[25.769,42.8232],[25.7668,42.8324],[25.779,42.8303],[25.769,42.8232]]],[[[25.6887,42.8588],[25.6653,42.8648],[25.6767,42.8669],[25.6887,42.8588]]],[[[25.808,42.8562],[25.805,42.8601],[25.8169,42.8735],[25.808,42.8562]]],[[[25.7211,42.8631],[25.7114,42.8668],[25.7187,42.8702],[25.7211,42.8631]]],[[[25.7406,42.8805],[25.7314,42.8795],[25.7384,42.8838],[25.7423,42.8808],[25.7406,42.8805]]],[[[25.7722,42.8932],[25.7882,42.8944],[25.7787,42.8908],[25.7722,42.8932]]],[[[25.6294,42.9249],[25.6352,42.9311],[25.6413,42.9253],[25.6294,42.9249]]],[[[25.7493,42.9975],[25.7436,42.9911],[25.7436,42.9966],[25.7493,42.9975]]],[[[25.8492,43.0039],[25.8646,43.0089],[25.8604,43.0011],[25.8492,43.0039]]],[[[25.7024,43.0299],[25.7051,43.0243],[25.6838,43.0197],[25.7024,43.0299]]],[[[25.6796,43.0213],[25.6787,43.028],[25.6888,43.0326],[25.6796,43.0213]]],[[[25.6601,43.0258],[25.6385,43.0345],[25.675,43.0326],[25.6601,43.0258]]],[[[25.767,43.0386],[25.7435,43.0472],[25.7585,43.0478],[25.767,43.0386]]],[[[25.6871,43.0539],[25.7063,43.0509],[25.6943,43.0482],[25.6871,43.0539]]],[[[25.6689,43.0531],[25.6587,43.0522],[25.6526,43.054],[25.6829,43.0531],[25.6689,43.0531]]],[[[25.7079,43.0759],[25.7192,43.0742],[25.7138,43.0729],[25.7079,43.0759]]],[[[25.6963,43.0889],[25.6891,43.0886],[25.6973,43.0943],[25.6963,43.0889]]],[[[25.7911,43.0927],[25.7828,43.0955],[25.7944,43.1012],[25.7969,43.0976],[25.7911,43.0927]]],[[[25.6433,43.0951],[25.6395,43.1051],[25.6612,43.1013],[25.6627,43.0957],[25.6433,43.0951]]],[[[25.7959,43.2506],[25.7982,43.2555],[25.8031,43.2552],[25.7959,43.2506]]],[[[25.6988,43.4391],[25.7025,43.4358],[25.6711,43.4437],[25.6712,43.4473],[25.6792,43.4543],[25.6988,43.4391]]],[[[25.77,43.4565],[25.7937,43.4586],[25.7818,43.4555],[25.77,43.4565]]],[[[25.7052,43.5341],[25.6794,43.547],[25.6963,43.5455],[25.7052,43.5341]]],[[[25.6394,43.5511],[25.6517,43.5605],[25.6594,43.5616],[25.6394,43.5511]]],[[[25.7377,44.9551],[25.7232,44.9527],[25.7065,44.9537],[25.7377,44.9551]]],[[[25.6498,44.9759],[25.6581,44.9776],[25.6577,44.974],[25.6498,44.9759]]],[[[25.6987,44.9948],[25.6944,44.9995],[25.705,45.0012],[25.6987,44.9948]]],[[[25.7135,44.9945],[25.7092,44.9994],[25.7164,45.0],[25.7135,44.9945]]],[[[25.7435,45.0162],[25.7509,45.0236],[25.7547,45.0135],[25.7435,45.0162]]],[[[25.7144,45.0238],[25.7144,45.0276],[25.7268,45.03],[25.7144,45.0238]]],[[[25.7068,45.0385],[25.7106,45.0471],[25.728,45.0593],[25.7068,45.0385]]],[[[25.663,45.0535],[25.6682,45.0505],[25.678,45.0571],[25.6833,45.0564],[25.6656,45.0492],[25.663,45.0535]]],[[[25.8804,45.0931],[25.8726,45.0827],[25.8517,45.1041],[25.8804,45.0931]]],[[[25.6887,45.0887],[25.6629,45.088],[25.6988,45.1233],[25.6887,45.0887]]],[[[25.822,45.1205],[25.8268,45.1166],[25.8174,45.1065],[25.822,45.1205]]],[[[25.779,45.111],[25.7776,45.1163],[25.7844,45.1176],[25.7919,45.1124],[25.779,45.111]]],[[[25.7004,45.1269],[25.6737,45.115],[25.6839,45.1387],[25.7004,45.1269]]],[[[25.6692,45.1319],[25.6752,45.1293],[25.6581,45.1243],[25.6692,45.1319]]],[[[25.8124,45.1278],[25.7903,45.1213],[25.8245,45.1403],[25.8124,45.1278]]],[[[25.845,45.1345],[25.8431,45.1372],[25.8497,45.1366],[25.845,45.1345]]],[[[25.6564,45.1285],[25.647,45.1338],[25.6685,45.1544],[25.6564,45.1285]]],[[[25.8523,45.1491],[25.8643,45.1567],[25.8585,45.1527],[25.8523,45.1491]]],[[[25.8405,45.1644],[25.848,45.1496],[25.8027,45.169],[25.8405,45.1644]]],[[[25.8475,45.1673],[25.8619,45.1712],[25.8669,45.1682],[25.8475,45.1673]]],[[[25.6996,45.1706],[25.7253,45.1713],[25.7159,45.1651],[25.6996,45.1706]]],[[[25.7289,45.1885],[25.7305,45.1919],[25.7395,45.1845],[25.7289,45.1885]]],[[[25.8669,45.1888],[25.8768,45.1877],[25.874,45.1874],[25.8669,45.1888]]],[[[25.7021,45.1955],[25.6941,45.205],[25.7049,45.2057],[25.7021,45.1955]]],[[[25.6838,45.209],[25.6866,45.2149],[25.6944,45.208],[25.6838,45.209]]],[[[25.6915,45.2239],[25.6979,45.2135],[25.6894,45.2135],[25.6915,45.2239]]],[[[25.7045,45.2399],[25.7008,45.2453],[25.7066,45.2475],[25.7155,45.2432],[25.7045,45.2399]]],[[[25.6996,45.2597],[25.6705,45.2515],[25.6716,45.2639],[25.6996,45.2597]]],[[[25.7137,45.2773],[25.7094,45.2722],[25.7202,45.2703],[25.6922,45.271],[25.7137,45.2773]]],[[[25.8022,45.2835],[25.8094,45.2909],[25.811,45.2851],[25.8071,45.278],[25.8022,45.2835]]],[[[25.8011,45.3006],[25.797,45.3021],[25.7976,45.3062],[25.8011,45.3006]]],[[[25.8418,45.3063],[25.8576,45.3119],[25.8569,45.3056],[25.8418,45.3063]]],[[[25.8442,45.3227],[25.8255,45.3212],[25.8343,45.3331],[25.8444,45.3366],[25.8501,45.3356],[25.8442,45.3227]]],[[[25.8798,45.3431],[25.8625,45.3448],[25.8644,45.3589],[25.8798,45.3431]]],[[[25.6846,45.4555],[25.7106,45.4401],[25.685,45.4379],[25.7086,45.4234],[25.6852,45.4258],[25.6826,45.394],[25.6597,45.412],[25.6295,45.4109],[25.6702,45.3576],[25.6272,45.3792],[25.6412,45.3496],[25.6243,45.3429],[25.6469,45.3283],[25.6196,45.3189],[25.6905,45.2903],[25.6659,45.294],[25.6658,45.2745],[25.6303,45.2702],[25.6597,45.2843],[25.6204,45.3132],[25.6046,45.2956],[25.6121,45.3167],[25.6027,45.3001],[25.597,45.301],[25.6149,45.3289],[25.5984,45.332],[25.5809,45.3168],[25.5751,45.3195],[25.5807,45.3325],[25.6167,45.338],[25.5761,45.347],[25.6257,45.3655],[25.6191,45.3849],[25.5831,45.3687],[25.5866,45.3922],[25.6148,45.3951],[25.5754,45.4245],[25.6718,45.4172],[25.6508,45.4426],[25.6827,45.4414],[25.6686,45.4775],[25.7192,45.4646],[25.6846,45.4555]]],[[[25.9017,45.4078],[25.8616,45.3944],[25.8795,45.386],[25.8302,45.3361],[25.7332,45.3116],[25.8406,45.3628],[25.8357,45.3708],[25.8059,45.3572],[25.7936,45.36],[25.8451,45.376],[25.8268,45.3876],[25.8537,45.3997],[25.8197,45.3991],[25.84,45.4231],[25.817,45.4189],[25.7981,45.4327],[25.854,45.434],[25.8714,45.4641],[25.9135,45.468],[25.9017,45.4078]],[[25.8576,45.4096],[25.8627,45.4154],[25.8406,45.4191],[25.8576,45.4096]]],[[[25.8061,45.4591],[25.8007,45.4697],[25.8284,45.4613],[25.8061,45.4591]]],[[[25.8529,45.4756],[25.8698,45.4799],[25.8663,45.4754],[25.8529,45.4756]]],[[[25.7977,45.4716],[25.7686,45.4526],[25.7636,45.4873],[25.7904,45.5212],[25.7977,45.4716]]],[[[25.7068,45.5086],[25.7038,45.4974],[25.7162,45.5001],[25.7302,45.4978],[25.6731,45.4879],[25.7011,45.4956],[25.6779,45.519],[25.7068,45.5086]]],[[[25.6498,45.5446],[25.634,45.5383],[25.6331,45.5546],[25.6498,45.5446]]],[[[25.6798,45.5595],[25.683,45.5601],[25.6737,45.5514],[25.6798,45.5595]]],[[[25.6636,45.5959],[25.6649,45.5898],[25.6541,45.5926],[25.6636,45.5959]]],[[[25.862,46.0078],[25.8565,46.0079],[25.8616,46.0183],[25.862,46.0078]]],[[[25.7619,46.0121],[25.7616,46.0168],[25.7698,46.0212],[25.7619,46.0121]]],[[[25.7027,46.0412],[25.7154,46.0564],[25.7376,46.0367],[25.7027,46.0412]]],[[[25.6384,46.044],[25.6477,46.0498],[25.6437,46.0403],[25.6384,46.044]]],[[[25.6362,46.0528],[25.6349,46.0406],[25.6287,46.0448],[25.6352,46.0558],[25.655,46.0647],[25.6528,46.0689],[25.6642,46.0658],[25.6362,46.0528]]],[[[25.8119,46.0686],[25.7967,46.066],[25.827,46.0614],[25.775,46.0553],[25.7955,46.0667],[25.7815,46.0879],[25.8071,46.0897],[25.7907,46.0788],[25.8119,46.0686]]],[[[25.7536,46.0816],[25.7612,46.0717],[25.7387,46.0764],[25.7536,46.0816]]],[[[25.7891,46.1143],[25.7893,46.1037],[25.7711,46.0877],[25.7622,46.0945],[25.746,46.0933],[25.7593,46.0902],[25.7723,46.0796],[25.7698,46.0766],[25.7188,46.1016],[25.7541,46.1412],[25.7338,46.1211],[25.7247,46.1179],[25.7301,46.1281],[25.7851,46.1604],[25.7879,46.1565],[25.7655,46.1482],[25.7519,46.1336],[25.7457,46.1167],[25.7554,46.1169],[25.73,46.1114],[25.7891,46.1143]],[[25.7508,46.0961],[25.7652,46.0957],[25.7652,46.101],[25.7508,46.0961]]],[[[25.7698,46.1165],[25.7767,46.1187],[25.7712,46.1212],[25.7884,46.1241],[25.773,46.1149],[25.7698,46.1165]]],[[[25.7568,46.1334],[25.7692,46.1409],[25.7524,46.1214],[25.7568,46.1334]]],[[[25.7959,46.1387],[25.807,46.1367],[25.7978,46.1324],[25.7959,46.1387]]],[[[25.7718,46.1485],[25.7567,46.1352],[25.7595,46.1413],[25.7718,46.1485]]],[[[25.7505,46.1459],[25.7431,46.137],[25.7469,46.1461],[25.7701,46.1607],[25.7765,46.1606],[25.7505,46.1459]]],[[[25.7743,46.163],[25.7658,46.162],[25.7584,46.1562],[25.7512,46.1578],[25.7662,46.1655],[25.7743,46.163]]],[[[25.8269,46.16],[25.8092,46.1596],[25.8101,46.1625],[25.8043,46.1636],[25.8034,46.1691],[25.8269,46.16]]],[[[25.6723,46.1556],[25.6926,46.1462],[25.6334,46.1554],[25.695,46.1852],[25.6723,46.1556]]],[[[25.754,46.166],[25.7606,46.1741],[25.7675,46.1735],[25.754,46.166]]],[[[25.7865,46.1725],[25.7797,46.1739],[25.7921,46.1922],[25.7865,46.1725]]],[[[25.7061,46.1677],[25.7288,46.1984],[25.7301,46.1846],[25.7061,46.1677]]],[[[25.6927,46.201],[25.677,46.187],[25.6797,46.1944],[25.6927,46.201]]],[[[25.6352,46.1925],[25.6498,46.1996],[25.646,46.1912],[25.6352,46.1925]]],[[[25.7023,46.1998],[25.7138,46.2047],[25.7051,46.1827],[25.7023,46.1998]]],[[[25.7161,46.2043],[25.7217,46.2027],[25.7217,46.1984],[25.7161,46.2043]]],[[[25.7301,46.2098],[25.7291,46.2107],[25.724,46.2095],[25.7183,46.2093],[25.7168,46.2099],[25.7357,46.2142],[25.7301,46.2098]]],[[[25.6959,46.2043],[25.7133,46.2263],[25.6949,46.2208],[25.6748,46.1999],[25.6692,46.2013],[25.697,46.2244],[25.7132,46.229],[25.7187,46.2267],[25.6959,46.2043]]],[[[25.6378,46.2004],[25.698,46.228],[25.6609,46.2008],[25.6277,46.2],[25.6283,46.2214],[25.6637,46.2433],[25.6378,46.2004]]],[[[25.7838,46.2168],[25.781,46.2271],[25.7865,46.2276],[25.7838,46.2168]]],[[[25.7779,46.2272],[25.7806,46.2204],[25.7728,46.2226],[25.7779,46.2272]]],[[[25.7641,46.2491],[25.7765,46.2498],[25.7734,46.2431],[25.7641,46.2491]]],[[[25.7488,46.2397],[25.737,46.2463],[25.7574,46.2528],[25.7488,46.2397]]],[[[25.6874,46.2439],[25.6824,46.2485],[25.7276,46.2541],[25.6874,46.2439]]],[[[25.6578,46.2479],[25.6369,46.2415],[25.6783,46.2682],[25.6578,46.2479]]],[[[25.7279,46.2693],[25.7259,46.2738],[25.7319,46.2746],[25.7279,46.2693]]],[[[25.6623,46.2925],[25.6586,46.2965],[25.67,46.3008],[25.6623,46.2925]]],[[[25.7405,46.2902],[25.7284,46.3019],[25.7569,46.3051],[25.7405,46.2902]]],[[[25.728,46.309],[25.7235,46.3151],[25.7295,46.317],[25.728,46.309]]],[[[25.6963,46.3151],[25.7119,46.317],[25.7086,46.3142],[25.6963,46.3151]]],[[[25.7494,46.311],[25.761,46.3245],[25.7621,46.3145],[25.7494,46.311]]],[[[25.6281,46.3203],[25.6597,46.328],[25.6579,46.3208],[25.6281,46.3203]]],[[[25.698,46.3332],[25.7025,46.3301],[25.6919,46.3296],[25.698,46.3332]]],[[[25.6394,46.3362],[25.6201,46.3468],[25.6844,46.3549],[25.6614,46.3453],[25.6746,46.3366],[25.6394,46.3362]]],[[[25.7068,46.3459],[25.7022,46.3404],[25.6938,46.3563],[25.7055,46.3667],[25.7068,46.3459]]],[[[25.6496,46.3757],[25.659,46.3885],[25.6641,46.38],[25.6496,46.3757]]],[[[25.8666,46.4189],[25.8613,46.4239],[25.8723,46.4255],[25.8666,46.4189]]],[[[25.6401,46.5033],[25.656,46.5091],[25.6495,46.5034],[25.6401,46.5033]]],[[[25.639,46.5185],[25.6327,46.5217],[25.6598,46.5207],[25.639,46.5185]]],[[[25.6437,46.5443],[25.6519,46.5415],[25.6419,46.5402],[25.6345,46.5492],[25.6437,46.5443]]],[[[25.8405,46.5393],[25.8071,46.5476],[25.8306,46.5584],[25.8773,46.5493],[25.8405,46.5393]]],[[[25.8467,46.5617],[25.8589,46.5684],[25.8636,46.5654],[25.8467,46.5617]]],[[[25.8689,46.5651],[25.8615,46.5689],[25.8708,46.5713],[25.8689,46.5651]]],[[[25.852,46.569],[25.8228,46.5755],[25.8352,46.5856],[25.852,46.569]]],[[[25.6529,46.5746],[25.6461,46.5804],[25.6638,46.5826],[25.6825,46.5798],[25.6529,46.5746]]],[[[25.6555,46.5922],[25.6544,46.5976],[25.6761,46.5922],[25.6555,46.5922]]],[[[25.8546,46.6035],[25.8511,46.6067],[25.8612,46.6076],[25.8722,46.603],[25.8767,46.5986],[25.8546,46.6035]]],[[[25.8441,46.6108],[25.8093,46.5931],[25.8294,46.6231],[25.8441,46.6108]]],[[[25.8618,46.6245],[25.8868,46.6093],[25.87,46.6076],[25.8618,46.6245]]],[[[25.7566,46.6396],[25.7385,46.6541],[25.7605,46.645],[25.7566,46.6396]]],[[[25.6828,46.6435],[25.6661,46.6513],[25.6716,46.6519],[25.6828,46.6435]]],[[[25.7417,46.6369],[25.7252,46.6501],[25.7129,46.6434],[25.7087,46.6603],[25.746,46.6418],[25.7417,46.6369]]],[[[25.7805,46.6525],[25.7863,46.6333],[25.7629,46.6524],[25.7521,46.6675],[25.7805,46.6525]]],[[[25.6581,46.6522],[25.6543,46.6567],[25.6766,46.6581],[25.6581,46.6522]]],[[[25.6769,46.6595],[25.6735,46.6636],[25.6913,46.6664],[25.6955,46.6539],[25.6769,46.6595]]],[[[25.856,46.6632],[25.8449,46.6636],[25.85,46.6742],[25.856,46.6632]]],[[[25.8063,46.6655],[25.8152,46.6629],[25.8195,46.677],[25.8268,46.6778],[25.8285,46.6717],[25.8109,46.659],[25.8063,46.6655]]],[[[25.7862,46.6732],[25.7858,46.6669],[25.7832,46.6655],[25.7788,46.6664],[25.7862,46.6732]]],[[[25.7884,46.6683],[25.7884,46.6739],[25.7954,46.6717],[25.7884,46.6683]]],[[[25.8047,46.6777],[25.8163,46.68],[25.7986,46.6748],[25.8047,46.6777]]],[[[25.708,46.679],[25.7048,46.6855],[25.7108,46.6862],[25.708,46.679]]],[[[25.6902,46.682],[25.6829,46.6886],[25.6899,46.6889],[25.6902,46.682]]],[[[25.7534,46.6938],[25.7538,46.6869],[25.7471,46.688],[25.7534,46.6938]]],[[[25.8311,46.6852],[25.795,46.703],[25.7941,46.7084],[25.8311,46.6852]]],[[[25.7882,46.6972],[25.7898,46.6927],[25.7804,46.6896],[25.7882,46.6972]]],[[[25.8738,46.6916],[25.8509,46.6823],[25.8497,46.7],[25.8738,46.6916]]],[[[25.6718,46.7105],[25.6775,46.7137],[25.6846,46.707],[25.6718,46.7105]]],[[[25.6556,46.7201],[25.6609,46.7174],[25.6485,46.7165],[25.6556,46.7201]]],[[[25.7926,46.716],[25.7982,46.7271],[25.7805,46.7277],[25.7667,46.7396],[25.7823,46.7442],[25.8292,46.7129],[25.7926,46.716]]],[[[25.7042,46.7255],[25.6987,46.7261],[25.6994,46.731],[25.7042,46.7255]]],[[[25.6734,46.743],[25.6619,46.7381],[25.6655,46.748],[25.6734,46.743]]],[[[25.8319,46.7455],[25.8267,46.7582],[25.8458,46.7375],[25.8319,46.7455]]],[[[25.7832,46.7631],[25.7925,46.7639],[25.7944,46.7441],[25.7832,46.7631]]],[[[25.6773,46.7517],[25.6708,46.7561],[25.6711,46.7574],[25.6773,46.7517]]],[[[25.719,46.758],[25.713,46.7544],[25.7162,46.7646],[25.7239,46.7695],[25.7273,46.7667],[25.719,46.758]]],[[[25.7777,46.7599],[25.7699,46.7598],[25.7534,46.7813],[25.7777,46.7599]]],[[[25.8178,46.7717],[25.8117,46.7765],[25.8185,46.777],[25.8178,46.7717]]],[[[25.662,46.7717],[25.6524,46.7809],[25.6772,46.7779],[25.662,46.7717]]],[[[25.7375,46.7758],[25.7296,46.7784],[25.7387,46.7816],[25.7375,46.7758]]],[[[25.7228,46.7717],[25.7077,46.7725],[25.7132,46.7845],[25.7228,46.7717]]],[[[25.7998,46.7868],[25.8103,46.7852],[25.8062,46.7766],[25.7998,46.7868]]],[[[25.8622,46.7803],[25.8418,46.792],[25.8586,46.7961],[25.8622,46.7803]]],[[[25.716,46.7923],[25.7142,46.7982],[25.7245,46.7926],[25.716,46.7923]]],[[[25.6898,46.8021],[25.6835,46.7999],[25.6897,46.804],[25.7104,46.8006],[25.6898,46.8021]]],[[[25.8452,46.8004],[25.8308,46.799],[25.8336,46.8129],[25.8452,46.8004]]],[[[25.7381,46.803],[25.7358,46.811],[25.7447,46.8097],[25.7381,46.803]]],[[[25.7406,46.837],[25.7359,46.8392],[25.7442,46.848],[25.7406,46.837]]],[[[25.8215,46.868],[25.8299,46.8599],[25.8055,46.8469],[25.8319,46.8325],[25.7984,46.8171],[25.7624,46.8432],[25.8139,46.8549],[25.7755,46.8707],[25.8215,46.868]]],[[[25.7392,46.8485],[25.7368,46.8571],[25.7695,46.8541],[25.7392,46.8485]]],[[[25.8409,46.8662],[25.8868,46.843],[25.8613,46.8447],[25.8703,46.8243],[25.8332,46.8578],[25.8308,46.8683],[25.8585,46.8839],[25.8704,46.8774],[25.8409,46.8662]]],[[[25.8263,46.8796],[25.8246,46.8805],[25.8352,46.8832],[25.8263,46.8796]]],[[[25.6988,46.8957],[25.688,46.8961],[25.6924,46.8999],[25.6988,46.8957]]],[[[25.8088,46.9033],[25.8166,46.8964],[25.8084,46.8938],[25.8088,46.9033]]],[[[25.8416,46.9041],[25.8378,46.9123],[25.857,46.9118],[25.8416,46.9041]]],[[[25.8088,46.9273],[25.8349,46.9228],[25.7873,46.9041],[25.8189,46.9486],[25.8088,46.9273]]],[[[25.6445,46.9312],[25.637,46.9369],[25.6567,46.9322],[25.6445,46.9312]]],[[[25.6574,46.9716],[25.6932,46.9692],[25.688,46.9643],[25.6485,46.9519],[25.6574,46.9716]]],[[[25.7356,46.9899],[25.7551,47.0019],[25.7545,46.9981],[25.7356,46.9899]]],[[[25.8324,47.0061],[25.8526,47.0139],[25.8537,47.0124],[25.8324,47.0061]]],[[[25.7888,47.0169],[25.7944,47.0162],[25.7899,47.0043],[25.7888,47.0169]]],[[[25.6633,47.0185],[25.6565,47.0231],[25.6654,47.0251],[25.6633,47.0185]]],[[[25.7081,47.0291],[25.7061,47.0351],[25.7522,47.0316],[25.7081,47.0291]]],[[[25.6343,47.0406],[25.639,47.0538],[25.6562,47.0455],[25.6343,47.0406]]],[[[25.733,47.0498],[25.7438,47.0507],[25.7411,47.0465],[25.733,47.0498]]],[[[25.7861,47.075],[25.7874,47.068],[25.7803,47.0699],[25.7861,47.075]]],[[[25.7645,47.0797],[25.7623,47.0724],[25.7466,47.0835],[25.7645,47.0797]]],[[[25.6314,47.0876],[25.6278,47.0917],[25.6301,47.0952],[25.6469,47.09],[25.6314,47.0876]]],[[[25.7629,47.1015],[25.7597,47.1024],[25.7716,47.1078],[25.7629,47.1015]]],[[[25.723,47.1046],[25.6826,47.0959],[25.6712,47.1156],[25.6667,47.0919],[25.6591,47.0936],[25.663,47.1183],[25.6759,47.1236],[25.723,47.1046]]],[[[25.7952,47.1036],[25.7816,47.1085],[25.8061,47.1188],[25.7952,47.1036]]],[[[25.7226,47.1103],[25.7176,47.1089],[25.7343,47.1206],[25.7226,47.1103]]],[[[25.8618,47.1505],[25.8489,47.1352],[25.8655,47.1276],[25.8343,47.1206],[25.8126,47.1488],[25.8618,47.1505]]],[[[25.6956,47.1468],[25.7147,47.1441],[25.6994,47.1433],[25.6956,47.1468]]],[[[25.6534,47.1414],[25.6558,47.1479],[25.6623,47.139],[25.6534,47.1414]]],[[[25.7906,47.1464],[25.7825,47.1296],[25.7472,47.1394],[25.7655,47.1363],[25.7498,47.1485],[25.7707,47.1675],[25.7774,47.149],[25.7948,47.1538],[25.7829,47.1575],[25.7819,47.1784],[25.8169,47.1584],[25.7906,47.1464]]],[[[25.7454,47.1696],[25.7558,47.1681],[25.7478,47.1594],[25.7454,47.1696]]],[[[25.7358,47.1616],[25.6947,47.1605],[25.7012,47.1709],[25.7358,47.1616]]],[[[25.7362,47.1639],[25.7299,47.167],[25.7386,47.1697],[25.7362,47.1639]]],[[[25.8195,47.1765],[25.828,47.1778],[25.829,47.175],[25.8195,47.1765]]],[[[25.7938,47.1787],[25.8053,47.1875],[25.8124,47.1772],[25.7938,47.1787]]],[[[25.7206,47.179],[25.7364,47.1852],[25.7359,47.1799],[25.7206,47.179]]],[[[25.7557,47.1808],[25.7564,47.1743],[25.7384,47.1824],[25.7557,47.1808]]],[[[25.7724,47.1803],[25.7577,47.1853],[25.766,47.1889],[25.7724,47.1803]]],[[[25.8651,47.1817],[25.8543,47.1896],[25.8677,47.1887],[25.8651,47.1817]]],[[[25.8366,47.1866],[25.8368,47.1936],[25.8427,47.1925],[25.8366,47.1866]]],[[[25.7136,47.1867],[25.6897,47.197],[25.7329,47.205],[25.7387,47.1952],[25.7136,47.1867]],[[25.7205,47.1955],[25.7331,47.1965],[25.7315,47.1992],[25.7205,47.1955]]],[[[25.6743,47.2008],[25.6803,47.2006],[25.6776,47.191],[25.6743,47.2008]]],[[[25.6678,47.1967],[25.668,47.1941],[25.6559,47.1971],[25.6678,47.1967]]],[[[25.7639,47.2065],[25.7651,47.2116],[25.7912,47.2042],[25.7755,47.2198],[25.8115,47.2292],[25.7922,47.2082],[25.8045,47.2045],[25.8075,47.198],[25.7958,47.2045],[25.7959,47.1888],[25.7851,47.1875],[25.7639,47.2065]],[[25.7871,47.2014],[25.7788,47.1945],[25.794,47.1901],[25.7871,47.2014]]],[[[25.6671,47.2084],[25.6638,47.211],[25.6833,47.2138],[25.6671,47.2084]]],[[[25.7066,47.2256],[25.7256,47.2172],[25.7153,47.2093],[25.7066,47.2256]]],[[[25.8105,47.2441],[25.7788,47.2265],[25.794,47.2409],[25.7541,47.2435],[25.7735,47.2365],[25.7627,47.2131],[25.7425,47.2346],[25.7734,47.2673],[25.8105,47.2441]],[[25.7627,47.2304],[25.7691,47.2321],[25.7603,47.2363],[25.7627,47.2304]],[[25.7644,47.2488],[25.7724,47.2533],[25.7666,47.2562],[25.7644,47.2488]]],[[[25.8266,47.2571],[25.818,47.2609],[25.8334,47.2601],[25.8348,47.2416],[25.8266,47.2571]]],[[[25.7238,47.2347],[25.7092,47.2419],[25.7346,47.2797],[25.7238,47.2347]]],[[[25.7924,47.2622],[25.7932,47.271],[25.8154,47.2627],[25.7924,47.2622]]],[[[25.6849,47.2795],[25.6927,47.276],[25.6896,47.2746],[25.6849,47.2795]]],[[[25.8067,47.273],[25.8161,47.274],[25.8108,47.2711],[25.7996,47.273],[25.7803,47.2832],[25.8067,47.273]]],[[[25.6769,47.2804],[25.6717,47.2891],[25.6984,47.2915],[25.6769,47.2804]]],[[[25.6641,47.2919],[25.6675,47.2788],[25.6624,47.2741],[25.6591,47.2951],[25.6641,47.2919]]],[[[25.6839,47.2994],[25.6758,47.3032],[25.6703,47.3034],[25.6839,47.3129],[25.6949,47.3056],[25.6816,47.2938],[25.6748,47.3003],[25.6837,47.2973],[25.6839,47.2994]]],[[[25.7133,47.3],[25.7081,47.3061],[25.7267,47.3049],[25.7133,47.3]]],[[[25.803,47.2932],[25.7721,47.3161],[25.8055,47.3218],[25.803,47.2932]],[[25.7981,47.3128],[25.8025,47.3137],[25.7926,47.3182],[25.7981,47.3128]]],[[[25.6576,47.3057],[25.6443,47.3133],[25.6517,47.3158],[25.6576,47.3057]]],[[[25.6783,47.3189],[25.6761,47.3128],[25.6637,47.3136],[25.6857,47.3238],[25.6884,47.3237],[25.6901,47.3228],[25.6783,47.3189]]],[[[25.7379,47.3379],[25.7217,47.3376],[25.7205,47.3487],[25.7446,47.3377],[25.7375,47.3116],[25.7379,47.3379]]],[[[25.8577,47.327],[25.8508,47.3183],[25.8533,47.3519],[25.8577,47.327]]],[[[25.7572,47.3493],[25.7456,47.3548],[25.7555,47.3589],[25.7572,47.3493]]],[[[25.7555,47.3627],[25.7384,47.3615],[25.7462,47.3633],[25.7555,47.3627]]],[[[25.7083,47.364],[25.6866,47.3708],[25.7006,47.3868],[25.7083,47.364]]],[[[25.6928,47.4027],[25.7015,47.404],[25.701,47.4],[25.6928,47.4027]]],[[[25.6378,47.4723],[25.6365,47.482],[25.6404,47.4766],[25.6378,47.4723]]],[[[25.6466,47.4779],[25.639,47.4848],[25.6583,47.4859],[25.6466,47.4779]]],[[[25.6929,47.4902],[25.7035,47.4874],[25.6977,47.4863],[25.6929,47.4902]]],[[[25.673,47.4936],[25.6802,47.4901],[25.6722,47.4858],[25.673,47.4936]]],[[[25.8515,47.5744],[25.8555,47.5779],[25.8726,47.5623],[25.8515,47.5744]]],[[[25.7567,47.5704],[25.7492,47.577],[25.7578,47.5792],[25.7567,47.5704]]],[[[25.7057,47.5813],[25.6822,47.5896],[25.6844,47.5918],[25.7057,47.5813]]],[[[25.7623,47.5812],[25.758,47.5924],[25.7722,47.5954],[25.7623,47.5812]]],[[[25.7029,47.5945],[25.6934,47.5986],[25.6935,47.6151],[25.7029,47.5945]]],[[[25.7259,47.5978],[25.7183,47.6094],[25.7458,47.6136],[25.7259,47.5978]]],[[[25.6639,47.8492],[25.6657,47.859],[25.6695,47.8528],[25.6639,47.8492]]],[[[26.0323,42.7093],[26.0322,42.7163],[26.039,42.7158],[26.0323,42.7093]]],[[[25.9909,42.7101],[25.9828,42.7144],[25.9927,42.7184],[25.9909,42.7101]]],[[[25.9783,42.7185],[25.9781,42.7124],[25.9728,42.711],[25.9781,42.7209],[25.9856,42.7231],[25.9896,42.7223],[25.9921,42.7195],[25.9783,42.7185]]],[[[25.9328,42.7111],[25.9252,42.7092],[25.9204,42.725],[25.9328,42.7111]]],[[[25.953,42.7246],[25.9617,42.7303],[25.9612,42.7157],[25.953,42.7246]]],[[[26.0165,42.7185],[26.0087,42.7265],[26.0243,42.7231],[26.0262,42.7193],[26.0165,42.7185]]],[[[26.0737,42.7256],[26.0741,42.7242],[26.0862,42.7244],[26.087,42.7189],[26.0712,42.7182],[26.0683,42.7284],[26.0737,42.7256]]],[[[25.8781,42.7183],[25.8722,42.7353],[25.879,42.7319],[25.8781,42.7183]]],[[[25.9956,42.7296],[26.007,42.7255],[26.0052,42.7239],[25.9956,42.7296]]],[[[26.0193,42.7384],[26.0353,42.7345],[26.0335,42.7335],[26.0193,42.7384]]],[[[25.9939,42.7415],[25.9926,42.7439],[25.9991,42.7457],[25.9939,42.7415]]],[[[26.106,42.7832],[26.1154,42.7947],[26.1233,42.7881],[26.106,42.7832]]],[[[26.0441,42.7871],[26.0568,42.7955],[26.0652,42.7909],[26.0441,42.7871]]],[[[26.0832,42.8086],[26.0754,42.8143],[26.0827,42.816],[26.0832,42.8086]]],[[[25.98,42.8385],[25.9676,42.8481],[25.9786,42.8425],[25.98,42.8385]]],[[[25.9643,42.863],[25.963,42.8645],[25.9746,42.8639],[25.9643,42.863]]],[[[26.0555,42.8687],[26.0655,42.8739],[26.0699,42.8672],[26.0555,42.8687]]],[[[26.0841,42.8754],[26.0834,42.881],[26.0926,42.8776],[26.0841,42.8754]]],[[[26.0441,42.8945],[26.0373,42.8951],[26.0456,42.9045],[26.0576,42.9028],[26.0441,42.8945]]],[[[26.0702,42.9069],[26.0638,42.9113],[26.0709,42.9125],[26.0702,42.9069]]],[[[25.9317,42.9212],[25.9273,42.9295],[25.9324,42.9316],[25.9317,42.9212]]],[[[25.9277,42.9352],[25.9211,42.9349],[25.9388,42.9437],[25.9277,42.9352]]],[[[25.9815,42.952],[25.9454,42.9497],[25.9602,42.9605],[25.9825,42.9635],[25.9815,42.952]]],[[[26.0367,42.9674],[26.038,42.9593],[26.0361,42.9587],[26.0367,42.9674]]],[[[26.0558,42.9689],[26.0606,42.9699],[26.0621,42.962],[26.0558,42.9689]]],[[[26.0,42.9735],[26.0102,42.9733],[26.0059,42.9672],[26.0,42.9735]]],[[[25.954,43.0036],[25.9423,43.0],[25.9355,43.0043],[25.954,43.0036]]],[[[26.0012,43.0018],[26.011,43.0024],[26.0092,43.0137],[26.0132,42.9993],[26.0012,43.0018]]],[[[25.988,43.0029],[25.9877,43.0095],[26.0013,43.0132],[26.0068,43.0097],[25.988,43.0029]]],[[[25.9238,43.0129],[25.9254,43.0093],[25.9146,43.0113],[25.9238,43.0129]]],[[[25.9184,43.0177],[25.9215,43.0223],[25.9261,43.0203],[25.9184,43.0177]]],[[[25.9018,43.0232],[25.919,43.0287],[25.9194,43.0235],[25.9018,43.0232]]],[[[25.9616,43.0933],[25.9666,43.099],[25.9693,43.0982],[25.9589,43.0895],[25.9616,43.0933]]],[[[25.9453,43.1045],[25.9379,43.1083],[25.9564,43.1063],[25.9453,43.1045]]],[[[25.9263,43.1096],[25.933,43.1121],[25.9378,43.1104],[25.9263,43.1096]]],[[[25.9623,43.1046],[25.9599,43.1061],[25.9691,43.1161],[25.9623,43.1046]]],[[[25.9481,43.115],[25.9408,43.1198],[25.9531,43.1271],[25.9481,43.115]]],[[[25.9501,43.1764],[25.9338,43.1776],[25.932,43.1866],[25.9501,43.1764]]],[[[25.9984,43.2372],[26.0084,43.2378],[26.0074,43.234],[25.9984,43.2372]]],[[[26.0256,43.5235],[26.0115,43.5266],[26.0202,43.53],[26.0376,43.5241],[26.0256,43.5235]]],[[[26.0381,43.5261],[26.0344,43.5307],[26.0407,43.5355],[26.0459,43.532],[26.0381,43.5261]]],[[[25.987,43.5297],[25.9659,43.5419],[25.9763,43.5433],[25.987,43.5297]]],[[[25.9627,43.5436],[25.9572,43.5439],[25.9467,43.5489],[25.9627,43.5436]]],[[[25.9532,43.5631],[25.9409,43.5754],[25.9531,43.5674],[25.9532,43.5631]]],[[[25.9652,43.5813],[25.9891,43.5808],[25.9835,43.5772],[25.9652,43.5813]]],[[[25.9508,43.5785],[25.933,43.5916],[25.9407,43.597],[25.9508,43.5785]]],[[[25.9688,43.5926],[25.9891,43.5865],[25.9753,43.583],[25.9688,43.5926]]],[[[25.9728,43.5952],[25.9586,43.5924],[25.9631,43.5964],[25.9728,43.5952]]],[[[26.0923,43.6009],[26.0904,43.6017],[26.0982,43.6065],[26.1067,43.5997],[26.0923,43.6009]]],[[[26.0766,43.6169],[26.078,43.6138],[26.075,43.6104],[26.0766,43.6169]]],[[[26.0201,43.641],[26.02,43.6445],[26.03,43.6412],[26.0318,43.6362],[26.0295,43.6353],[26.0201,43.641]]],[[[26.0112,43.6538],[26.012,43.6523],[25.9984,43.6502],[26.0112,43.6538]]],[[[26.026,43.694],[26.0481,43.6735],[25.997,43.6904],[26.026,43.694]]],[[[25.965,43.7683],[25.9552,43.7727],[25.9549,43.7793],[25.965,43.7683]]],[[[26.0029,44.3081],[26.0054,44.3185],[26.0113,44.3156],[26.0029,44.3081]]],[[[26.0673,45.1204],[26.0437,45.1239],[26.0601,45.1419],[26.0673,45.1204]]],[[[26.1273,45.1229],[26.0856,45.1293],[26.1046,45.1478],[26.1183,45.143],[26.1273,45.1229]],[[26.1069,45.13],[26.1213,45.1325],[26.1114,45.1385],[26.1069,45.13]]],[[[25.9404,45.1415],[25.9232,45.1433],[25.9347,45.1562],[25.9404,45.1415]]],[[[25.9701,45.1461],[25.9786,45.1594],[25.9848,45.1469],[25.9701,45.1461]]],[[[25.8846,45.1562],[25.8847,45.1558],[25.8801,45.1522],[25.8713,45.1556],[25.8846,45.1562]]],[[[25.8761,45.1685],[25.8574,45.1785],[25.8867,45.186],[25.8761,45.1685]]],[[[25.9955,45.1923],[25.9806,45.1861],[25.9782,45.1921],[25.9955,45.1923]]],[[[25.9806,45.2079],[25.9954,45.2093],[25.9985,45.2038],[25.9664,45.2094],[25.9806,45.2079]]],[[[26.1111,45.2247],[26.111,45.2286],[26.128,45.2261],[26.1111,45.2247]]],[[[26.0671,45.3662],[26.0616,45.3703],[26.0792,45.3731],[26.0671,45.3662]]],[[[25.9884,45.3803],[25.9744,45.3767],[25.9893,45.3918],[25.9884,45.3803]]],[[[26.1103,45.3879],[26.1142,45.3887],[26.1144,45.3842],[26.1103,45.3879]]],[[[26.095,45.4354],[26.0979,45.4404],[26.1054,45.4336],[26.095,45.4354]]],[[[26.0666,45.4775],[26.0506,45.4791],[26.0648,45.4305],[26.0432,45.4243],[26.0579,45.4117],[26.0499,45.3981],[26.0432,45.3926],[26.0338,45.3905],[26.0317,45.3876],[26.0657,45.3915],[26.0279,45.3654],[26.0309,45.3886],[26.0473,45.4105],[26.0243,45.4262],[26.0406,45.4245],[26.0491,45.4319],[26.0212,45.4364],[26.0527,45.4505],[26.0434,45.4589],[26.0422,45.4932],[26.0489,45.4832],[26.0614,45.4881],[26.0423,45.5013],[26.0825,45.5129],[26.0666,45.4775]]],[[[26.1176,45.4519],[26.1282,45.4555],[26.1277,45.4506],[26.1176,45.4519]]],[[[26.0155,45.4654],[26.0066,45.4734],[26.0251,45.4776],[26.0155,45.4654]]],[[[25.9764,45.4751],[25.9745,45.4714],[25.9737,45.475],[25.9802,45.4817],[25.9764,45.4751]]],[[[25.953,45.482],[25.9626,45.4768],[25.9513,45.471],[25.953,45.482]]],[[[25.978,45.4879],[25.9902,45.4886],[25.9853,45.4858],[25.978,45.4879]]],[[[25.8736,45.5015],[25.8778,45.5034],[25.883,45.4972],[25.8736,45.5015]]],[[[26.0063,45.5068],[25.9741,45.5039],[25.9925,45.5003],[25.9726,45.4966],[25.9832,45.4925],[25.9778,45.4916],[25.9735,45.4835],[25.9401,45.4866],[25.9781,45.5144],[26.0063,45.5068]]],[[[25.8893,45.4865],[25.9216,45.5242],[25.9595,45.5109],[25.8893,45.4865]]],[[[25.8843,45.5206],[25.8756,45.5201],[25.8849,45.5303],[25.8843,45.5206]]],[[[26.0389,45.5198],[26.0275,45.4864],[26.0232,45.521],[26.0088,45.5175],[26.0192,45.5237],[26.0092,45.523],[26.0054,45.5313],[25.979,45.5385],[25.9751,45.5447],[26.012,45.55],[25.9875,45.5713],[26.0152,45.5521],[26.0389,45.5198]]],[[[25.9558,45.5358],[25.961,45.533],[25.9511,45.5254],[25.9558,45.5358]]],[[[25.9391,45.5354],[25.9417,45.5413],[25.9642,45.5461],[25.9391,45.5354]]],[[[25.8872,45.6233],[25.8854,45.6249],[25.892,45.6313],[25.8872,45.6233]]],[[[25.9073,46.0116],[25.9358,46.0019],[25.9424,45.9738],[25.9111,45.9999],[25.9168,45.9798],[25.8948,45.9845],[25.901,46.0166],[25.8909,46.0132],[25.8733,46.0141],[25.8723,46.0165],[25.9247,46.0469],[25.9073,46.0116]]],[[[25.9537,46.0073],[25.936,46.0248],[25.9398,46.0271],[25.9537,46.0073]]],[[[25.9313,46.0335],[25.9306,46.0366],[25.9665,46.0321],[25.9313,46.0335]]],[[[25.8809,46.0357],[25.8578,46.0381],[25.8567,46.0437],[25.8899,46.0352],[25.8809,46.0357]]],[[[25.8735,46.0488],[25.8713,46.0558],[25.8857,46.0615],[25.8735,46.0488]]],[[[25.9824,46.0618],[25.963,46.0602],[25.9775,46.0393],[25.9579,46.0366],[25.9556,46.0672],[25.9824,46.0618]]],[[[25.9001,46.0526],[25.8976,46.0534],[25.9233,46.0669],[25.9001,46.0526]]],[[[25.8851,46.0643],[25.8889,46.085],[25.9027,46.0796],[25.8851,46.0643]]],[[[26.0653,46.0654],[26.0477,46.0848],[26.0645,46.089],[26.0653,46.0654]]],[[[25.9908,46.0816],[25.9899,46.0787],[25.9831,46.0833],[25.9908,46.0816]]],[[[25.8899,46.0884],[25.9063,46.0914],[25.9073,46.084],[25.8899,46.0884]]],[[[25.9003,46.1004],[25.9042,46.0975],[25.8897,46.0909],[25.9003,46.1004]]],[[[26.0369,46.0972],[26.029,46.0906],[26.0215,46.0927],[26.0369,46.0972]]],[[[26.053,46.0943],[26.053,46.1061],[26.057,46.1034],[26.053,46.0943]]],[[[26.0953,46.099],[26.0959,46.0974],[26.0869,46.0988],[26.0849,46.1046],[26.0953,46.099]]],[[[25.9628,46.1023],[25.9587,46.1065],[25.9893,46.0961],[25.9628,46.1023]]],[[[25.9778,46.1044],[25.9783,46.1105],[25.9894,46.1079],[25.9989,46.1015],[25.9778,46.1044]]],[[[25.8935,46.1161],[25.8947,46.1008],[25.8721,46.1078],[25.8975,46.124],[25.8935,46.1161]]],[[[25.9722,46.1178],[25.9842,46.1206],[25.9821,46.116],[25.9722,46.1178]]],[[[26.1141,46.1157],[26.1092,46.1101],[26.089,46.1091],[26.1141,46.1157]]],[[[25.9861,46.1238],[25.9893,46.125],[25.9887,46.1126],[25.9861,46.1238]]],[[[26.033,46.1132],[26.0163,46.1101],[26.016,46.102],[26.0129,46.1009],[26.007,46.1268],[26.0259,46.1375],[26.0097,46.1222],[26.033,46.1132]]],[[[26.0835,46.1107],[26.0499,46.1077],[26.0585,46.1278],[26.0819,46.1325],[26.0835,46.1107]],[[26.0612,46.1212],[26.067,46.1169],[26.0692,46.1251],[26.0612,46.1212]]],[[[26.0438,46.1246],[26.0424,46.1341],[26.0468,46.134],[26.0438,46.1246]]],[[[25.9835,46.1387],[26.0015,46.1299],[25.9936,46.1253],[25.9835,46.1387]]],[[[25.8981,46.1336],[25.9038,46.1264],[25.8929,46.1338],[25.8981,46.1336]]],[[[25.9541,46.1387],[25.9538,46.1414],[25.9691,46.1371],[25.9541,46.1387]]],[[[25.9177,46.1351],[25.9158,46.1405],[25.935,46.1394],[25.9177,46.1351]]],[[[26.0842,46.1414],[26.0929,46.1443],[26.092,46.1397],[26.0842,46.1414]]],[[[25.9361,46.1466],[25.9442,46.1438],[25.9446,46.1404],[25.9302,46.1461],[25.9361,46.1466]]],[[[25.8905,46.1534],[25.8953,46.1529],[25.8946,46.1434],[25.8905,46.1534]]],[[[25.9468,46.1425],[25.9423,46.1553],[25.9581,46.1554],[25.9468,46.1425]]],[[[26.0751,46.1402],[26.0413,46.1598],[26.0708,46.1632],[26.0751,46.1402]]],[[[26.0356,46.1624],[26.0348,46.1532],[26.0295,46.142],[26.0267,46.1412],[26.0342,46.166],[26.0356,46.1624]]],[[[25.9271,46.1492],[25.9151,46.1708],[25.9351,46.1575],[25.9271,46.1492]]],[[[25.9875,46.1528],[25.9756,46.1485],[25.9736,46.1902],[25.9875,46.1528]]],[[[26.0558,46.1736],[26.0624,46.1697],[26.0562,46.1665],[26.0558,46.1736]]],[[[25.9415,46.16],[25.9303,46.164],[25.953,46.1705],[25.952,46.1799],[25.9266,46.1702],[25.9369,46.1904],[25.9546,46.1812],[25.9555,46.1718],[25.9415,46.16]]],[[[26.0592,46.1738],[26.0586,46.1782],[26.0674,46.1824],[26.0592,46.1738]]],[[[26.138,46.2778],[26.1379,46.2738],[26.122,46.2728],[26.1247,46.2846],[26.1124,46.2742],[26.1035,46.2837],[26.1322,46.2923],[26.138,46.2778]]],[[[26.0739,46.2916],[26.0689,46.2945],[26.0916,46.3024],[26.0739,46.2916]]],[[[25.9963,46.2968],[26.0057,46.3127],[26.007,46.3095],[25.9963,46.2968]]],[[[26.0219,46.3001],[26.0037,46.2897],[26.0099,46.314],[26.0157,46.321],[26.0136,46.3067],[26.0219,46.3001]]],[[[26.1178,46.3152],[26.0979,46.3276],[26.1012,46.3283],[26.1178,46.3152]]],[[[26.0391,46.3426],[26.0444,46.33],[26.0216,46.3068],[26.0425,46.3308],[26.0178,46.3454],[26.0391,46.3426]]],[[[26.11,46.3533],[26.1024,46.3632],[26.1082,46.3643],[26.11,46.3533]]],[[[26.0922,46.371],[26.1028,46.359],[26.0971,46.3596],[26.0997,46.3558],[26.084,46.3483],[26.08,46.3416],[26.0777,46.3421],[26.0926,46.3641],[26.0714,46.377],[26.0922,46.371]]],[[[26.0864,46.3894],[26.0734,46.3942],[26.0633,46.3347],[26.0488,46.3362],[26.0533,46.3756],[26.0376,46.354],[26.0231,46.3547],[26.0323,46.3844],[26.0423,46.397],[26.0613,46.3711],[26.0715,46.4005],[26.044,46.3981],[26.0443,46.4052],[26.0767,46.4049],[26.0864,46.3894]],[[26.0569,46.3604],[26.0632,46.3574],[26.0659,46.3587],[26.0569,46.3604]],[[26.0497,46.3754],[26.053,46.3783],[26.0455,46.3802],[26.0497,46.3754]]],[[[26.0117,46.3854],[25.9927,46.3908],[25.9888,46.378],[26.0181,46.3852],[26.013,46.36],[25.9644,46.3614],[25.9888,46.3649],[25.9744,46.3801],[25.9874,46.3676],[25.9956,46.3705],[25.9823,46.3822],[25.9942,46.3935],[25.9825,46.3951],[25.9779,46.3979],[26.0064,46.3933],[26.0117,46.3854]]],[[[26.0804,46.3768],[26.0736,46.3865],[26.0812,46.3869],[26.0804,46.3768]]],[[[25.896,46.4132],[25.9076,46.4073],[25.8956,46.4047],[25.896,46.4132]]],[[[26.1203,46.3967],[26.0788,46.4023],[26.0949,46.4189],[26.1498,46.4281],[26.1223,46.4127],[26.1203,46.3967]]],[[[26.0568,46.4228],[26.0439,46.4254],[26.048,46.4325],[26.0631,46.4351],[26.0568,46.4228]]],[[[26.0766,46.4506],[26.0615,46.4523],[26.0695,46.4569],[26.0766,46.4506]]],[[[26.0511,46.4897],[26.0647,46.4819],[26.0504,46.4805],[26.0511,46.4897]]],[[[26.063,46.4916],[26.0878,46.4817],[26.0894,46.4772],[26.0568,46.4941],[26.0646,46.5214],[26.1045,46.5082],[26.063,46.4916]]],[[[25.9115,46.5051],[25.9267,46.5102],[25.927,46.5054],[25.9115,46.5051]]],[[[25.9063,46.5161],[25.9272,46.5166],[25.9212,46.5104],[25.9063,46.5161]]],[[[25.9184,46.5211],[25.8753,46.5365],[25.8869,46.5561],[25.9184,46.5211]]],[[[26.0479,46.5301],[26.0335,46.533],[26.0173,46.553],[26.0348,46.5559],[26.0092,46.5606],[26.032,46.5635],[26.0653,46.5401],[26.0479,46.5301]]],[[[25.9165,46.5607],[25.9259,46.5551],[25.9185,46.5485],[25.9165,46.5607]]],[[[25.9581,46.5571],[25.9485,46.5707],[25.9578,46.5669],[25.9581,46.5571]]],[[[25.9104,46.5627],[25.8863,46.5575],[25.8876,46.5765],[25.9104,46.5627]]],[[[25.97,46.5835],[25.9528,46.593],[25.9714,46.5998],[25.97,46.5835]]],[[[25.9201,46.6148],[25.9301,46.5793],[25.9614,46.5765],[25.9485,46.5707],[25.9349,46.5648],[25.9164,46.5673],[25.9048,46.5883],[25.9131,46.6039],[25.8613,46.6436],[25.858,46.6623],[25.9201,46.6148]],[[25.9188,46.569],[25.9223,46.5682],[25.9274,46.5782],[25.9118,46.5892],[25.9188,46.569]],[[25.9267,46.571],[25.9316,46.566],[25.9359,46.5732],[25.9267,46.571]]],[[[26.069,46.6563],[26.0469,46.6591],[26.0283,46.6239],[26.0497,46.6142],[26.0147,46.593],[26.0279,46.6094],[26.0058,46.6056],[26.0049,46.6153],[26.0287,46.6217],[26.0097,46.626],[26.0433,46.6538],[26.0315,46.6746],[26.069,46.6563]],[[26.0127,46.616],[26.0116,46.6122],[26.0281,46.6106],[26.0127,46.616]]],[[[26.0153,46.6537],[26.0291,46.6535],[26.0218,46.6429],[26.0153,46.6537]]],[[[25.9281,46.6538],[25.9321,46.6517],[25.9259,46.6457],[25.9281,46.6538]]],[[[25.8921,46.6529],[25.881,46.6602],[25.8948,46.6593],[25.8921,46.6529]]],[[[25.9101,46.6588],[25.9182,46.6664],[25.9193,46.6601],[25.9101,46.6588]]],[[[26.0155,46.6566],[26.0072,46.6551],[26.0247,46.6805],[26.0155,46.6566]]],[[[26.015,46.6367],[25.9847,46.6422],[25.9819,46.6653],[25.9616,46.6409],[25.9439,46.66],[25.9741,46.6726],[25.9466,46.6677],[25.9373,46.6828],[25.9728,46.6785],[25.9777,46.7011],[26.0184,46.6953],[26.0109,46.6785],[26.0151,46.6931],[25.995,46.6972],[25.9846,46.6888],[26.0048,46.6913],[25.978,46.6789],[26.015,46.6367]]],[[[26.1015,46.6768],[26.104,46.6793],[26.1108,46.6757],[26.1015,46.6768]]],[[[25.9132,46.6833],[25.9174,46.6787],[25.9101,46.6767],[25.9132,46.6833]]],[[[26.1216,46.6792],[26.1139,46.676],[26.1147,46.6877],[26.1216,46.6792]]],[[[26.0449,46.6923],[26.0504,46.6845],[26.0468,46.6826],[26.0449,46.6923]]],[[[25.9635,46.6843],[25.9596,46.6923],[25.9719,46.6904],[25.9635,46.6843]]],[[[25.9008,46.6932],[25.9286,46.6933],[25.9272,46.6907],[25.9008,46.6932]]],[[[26.0776,46.6935],[26.0731,46.6857],[26.0536,46.6992],[26.0776,46.6935]]],[[[25.8957,46.7011],[25.8977,46.6917],[25.8761,46.6939],[25.8733,46.707],[25.8957,46.7011]]],[[[25.9475,46.7243],[25.9253,46.7155],[25.9377,46.7005],[25.9084,46.7127],[25.9475,46.7243]]],[[[25.94,46.7315],[25.9372,46.7327],[25.9497,46.735],[25.94,46.7315]]],[[[25.9279,46.7344],[25.9334,46.7325],[25.9185,46.7322],[25.9279,46.7344]]],[[[26.0129,46.7352],[26.0275,46.7345],[26.0092,46.7303],[25.994,46.7641],[26.0129,46.7352]]],[[[25.9861,46.7409],[25.9978,46.747],[25.9844,46.7664],[26.0055,46.7363],[25.9861,46.7409]]],[[[25.9012,46.7479],[25.8895,46.7442],[25.9043,46.7617],[25.9012,46.7479]]],[[[25.9703,46.7537],[25.9856,46.756],[25.9804,46.7508],[25.9703,46.7537]]],[[[25.925,46.7537],[25.9125,46.7472],[25.9292,46.7606],[25.9575,46.7589],[25.925,46.7537]]],[[[26.0264,46.7629],[26.0354,46.7743],[26.036,46.7707],[26.0264,46.7629]]],[[[25.9627,46.7594],[25.9599,46.7778],[25.9727,46.7791],[25.9627,46.7594]]],[[[26.0486,46.7695],[26.0572,46.7641],[26.0374,46.7699],[26.0486,46.7695]]],[[[25.9096,46.7554],[25.905,46.7898],[25.9477,46.7771],[25.9096,46.7554]],[[25.9167,46.7709],[25.9335,46.7773],[25.9146,46.7762],[25.9167,46.7709]]],[[[25.9825,46.7686],[25.976,46.781],[25.9875,46.7802],[25.9825,46.7686]]],[[[26.012,46.776],[25.9935,46.7672],[25.9821,46.8069],[26.012,46.776]]],[[[25.9771,46.7905],[25.963,46.7798],[25.9671,46.8041],[25.9771,46.7905]]],[[[25.9128,46.8114],[25.9057,46.8219],[25.9272,46.8262],[25.9514,46.797],[25.9128,46.8114]]],[[[25.9737,46.8215],[25.974,46.8235],[25.9848,46.8187],[25.9737,46.8215]]],[[[26.0132,46.8281],[26.0157,46.8252],[26.0017,46.8261],[26.0132,46.8281]]],[[[25.9828,46.8306],[25.9805,46.8377],[25.9929,46.8405],[26.0006,46.8376],[26.0038,46.8321],[25.9828,46.8306]]],[[[25.9433,46.8334],[25.938,46.8378],[25.9674,46.8396],[25.9433,46.8334]]],[[[26.021,46.8509],[26.0366,46.8488],[26.0309,46.8438],[26.021,46.8509]]],[[[26.0425,46.8592],[26.0464,46.8547],[26.0386,46.8551],[26.0425,46.8592]]],[[[26.0023,46.8687],[25.992,46.8688],[26.0048,46.8727],[26.0023,46.8687]]],[[[26.0487,46.8777],[26.0575,46.861],[26.0368,46.8626],[26.0487,46.8777]]],[[[26.0102,46.8941],[25.9923,46.8851],[26.0034,46.8944],[26.0102,46.8941]]],[[[26.041,46.9199],[26.0356,46.9182],[26.0308,46.9112],[26.0225,46.9168],[26.0249,46.908],[26.0512,46.9161],[26.0465,46.8983],[25.9928,46.8949],[26.0181,46.9319],[26.041,46.9199]]],[[[25.9719,46.907],[25.9595,46.9264],[25.9686,46.925],[25.9719,46.907]]],[[[25.8805,46.9156],[25.8692,46.9157],[25.8652,46.919],[25.8836,46.9225],[25.8805,46.9156]]],[[[25.9595,46.9326],[25.9548,46.9372],[25.9674,46.945],[25.9595,46.9326]]],[[[25.944,46.9359],[25.9381,46.9328],[25.9315,46.9451],[25.944,46.9359]]],[[[25.9883,46.94],[26.0064,46.9458],[26.0065,46.9387],[25.9883,46.94]]],[[[26.0886,46.9419],[26.0888,46.94],[26.0717,46.9424],[26.0886,46.9419]]],[[[26.0596,46.9516],[26.061,46.9453],[26.0584,46.9453],[26.0596,46.9516]]],[[[25.9391,46.9596],[25.9229,46.9582],[25.9515,46.9669],[25.9486,46.9452],[25.9391,46.9596]]],[[[26.0146,46.95],[25.988,46.9542],[25.9917,46.9651],[26.0146,46.95]]],[[[26.0967,46.9626],[26.0823,46.9684],[26.1054,46.9814],[26.0967,46.9626]]],[[[26.0,46.9728],[26.0182,46.9816],[26.016,46.971],[26.0,46.9728]]],[[[26.0384,47.0003],[26.0384,47.0052],[26.0512,47.0101],[26.0673,46.9964],[26.0384,47.0003]]],[[[26.1054,46.9906],[26.0886,47.0178],[26.1325,47.0113],[26.1054,46.9906]]],[[[25.9035,47.0059],[25.898,46.9891],[25.8903,46.9873],[25.908,47.0246],[25.9253,47.0196],[25.9035,47.0059]]],[[[25.9834,47.0091],[25.979,47.0112],[25.9833,47.0185],[25.9834,47.0091]]],[[[26.0071,47.0295],[26.0043,47.0079],[26.039,47.0092],[26.0369,47.0009],[25.9951,47.0045],[26.0071,47.0295]]],[[[25.9619,47.0117],[25.9364,47.0226],[25.9588,47.0384],[25.9619,47.0117]]],[[[25.9268,47.0295],[25.9203,47.0326],[25.9246,47.0369],[25.9268,47.0295]]],[[[25.9795,47.0405],[25.9847,47.0378],[25.9786,47.0312],[25.9795,47.0405]]],[[[25.9324,47.0358],[25.9287,47.0383],[25.9429,47.0429],[25.9324,47.0358]]],[[[26.1132,47.0445],[26.1212,47.0391],[26.1198,47.0366],[26.1064,47.0365],[26.1132,47.0445]]],[[[25.9139,47.0364],[25.8969,47.0366],[25.9094,47.0508],[25.9139,47.0364]]],[[[26.0094,47.0494],[26.0091,47.0599],[26.0189,47.0551],[26.0094,47.0494]]],[[[25.9409,47.0647],[25.9249,47.0641],[25.9237,47.0798],[25.9409,47.0647]]],[[[26.0055,47.0712],[25.9984,47.0578],[25.968,47.065],[25.9841,47.0847],[26.0055,47.0712]]],[[[26.0192,47.0919],[26.0216,47.0774],[25.987,47.0953],[26.0192,47.0919]]],[[[25.918,47.0943],[25.9267,47.1031],[25.9355,47.0972],[25.918,47.0943]]],[[[25.8763,47.1033],[25.8874,47.0966],[25.8683,47.0912],[25.8763,47.1033]]],[[[25.9008,47.1022],[25.8879,47.1001],[25.9133,47.1078],[25.92,47.1027],[25.9008,47.1022]]],[[[25.8883,47.1196],[25.8993,47.1231],[25.9136,47.1137],[25.8599,47.1218],[25.8883,47.1196]]],[[[26.0586,47.1314],[26.0909,47.1255],[26.0725,47.1145],[26.0485,47.1175],[26.0586,47.1314]]],[[[25.8982,47.1344],[25.9129,47.1386],[25.9113,47.1356],[25.8982,47.1344]]],[[[26.0432,47.1416],[26.0628,47.138],[26.0522,47.1279],[26.0432,47.1416]]],[[[26.0352,47.1402],[26.0421,47.1364],[26.0361,47.1341],[26.0352,47.1402]]],[[[26.022,47.1418],[26.0271,47.1402],[26.0188,47.1354],[26.022,47.1418]]],[[[26.0248,47.1595],[26.0306,47.1586],[26.0267,47.1527],[26.0248,47.1595]]],[[[25.8749,47.1518],[25.8608,47.1539],[25.8885,47.1762],[25.8749,47.1518]]],[[[25.9849,47.1724],[25.9854,47.169],[25.979,47.1609],[25.9625,47.1707],[25.9849,47.1724]]],[[[25.9232,47.1743],[25.9409,47.181],[25.9386,47.1724],[25.9232,47.1743]]],[[[26.0741,47.1817],[26.0813,47.1704],[26.0615,47.1755],[26.0741,47.1817]]],[[[25.9128,47.1724],[25.9063,47.1684],[25.8993,47.1863],[25.9128,47.1724]]],[[[25.957,47.1725],[25.9584,47.1837],[25.9652,47.1804],[25.957,47.1725]]],[[[26.022,47.1856],[26.0053,47.1872],[26.0166,47.1937],[26.0285,47.1929],[26.022,47.1856]]],[[[25.9633,47.1885],[25.9595,47.1909],[25.9621,47.1945],[25.9633,47.1885]]],[[[26.1112,47.2023],[26.1053,47.1969],[26.114,47.2074],[26.1112,47.2023]]],[[[25.8781,47.1874],[25.8551,47.2022],[25.8769,47.2037],[25.8981,47.2241],[25.8781,47.1874]]],[[[25.9395,47.2328],[25.9549,47.2354],[25.9566,47.2246],[25.9395,47.2328]]],[[[25.9037,47.234],[25.8936,47.2356],[25.9075,47.2503],[25.9268,47.2517],[25.9345,47.2487],[25.9037,47.234]]],[[[25.9369,47.2557],[25.9,47.2631],[25.9317,47.2767],[25.9369,47.2557]]],[[[25.8808,47.2869],[25.8901,47.268],[25.8572,47.2951],[25.8808,47.2869]]],[[[25.9257,47.3063],[25.9352,47.2984],[25.9236,47.2998],[25.9257,47.3063]]],[[[25.9194,47.3199],[25.9248,47.3185],[25.9137,47.3124],[25.9194,47.3199]]],[[[25.9503,47.3652],[25.9435,47.3667],[25.9475,47.3833],[25.9503,47.3652]]],[[[25.9691,47.3823],[25.9577,47.3787],[25.9577,47.3899],[25.9691,47.3823]]],[[[26.4669,42.7003],[26.4773,42.7113],[26.4414,42.7126],[26.4438,42.7182],[26.4699,42.7183],[26.4981,42.7002],[26.479,42.7097],[26.4674,42.6769],[26.4669,42.7003]]],[[[26.4408,42.6902],[26.4321,42.7126],[26.4541,42.6957],[26.4408,42.6902]]],[[[26.3749,42.695],[26.3527,42.7],[26.3754,42.7162],[26.3749,42.695]]],[[[26.3299,42.7003],[26.315,42.7092],[26.345,42.707],[26.3511,42.6982],[26.3299,42.7003]]],[[[26.239,42.7181],[26.2248,42.7025],[26.2146,42.7189],[26.2046,42.7036],[26.1658,42.7045],[26.2113,42.7236],[26.239,42.7181]]],[[[26.3675,42.7154],[26.3591,42.7089],[26.3625,42.7133],[26.3675,42.7154]]],[[[26.1748,42.7175],[26.1781,42.7133],[26.1681,42.7112],[26.1748,42.7175]]],[[[26.4009,42.7209],[26.4003,42.7137],[26.3838,42.7252],[26.4009,42.7209]]],[[[26.3514,42.7178],[26.3489,42.7165],[26.3507,42.7242],[26.3574,42.7211],[26.3514,42.7178]]],[[[26.3049,42.7291],[26.2882,42.7362],[26.3247,42.7432],[26.3049,42.7291]]],[[[26.39,42.7389],[26.3864,42.738],[26.3889,42.7412],[26.3978,42.7399],[26.39,42.7389]]],[[[26.4701,42.739],[26.4608,42.7301],[26.4358,42.745],[26.4701,42.739]]],[[[26.4047,42.7437],[26.3932,42.75],[26.4203,42.7559],[26.4047,42.7437]]],[[[26.2654,42.7583],[26.2496,42.7583],[26.2503,42.7694],[26.2654,42.7583]]],[[[26.2227,42.7709],[26.237,42.7715],[26.2304,42.7575],[26.2227,42.7709]]],[[[26.2863,42.7559],[26.2954,42.7773],[26.3386,42.7799],[26.3636,42.778],[26.3787,42.773],[26.2863,42.7559]]],[[[26.1397,42.7775],[26.1356,42.7823],[26.1537,42.7734],[26.1397,42.7775]]],[[[26.4232,42.7689],[26.3986,42.7808],[26.4469,42.7853],[26.4232,42.7689]]],[[[26.4687,42.7731],[26.4579,42.7862],[26.4746,42.7845],[26.4687,42.7731]]],[[[26.514,42.7869],[26.5109,42.7896],[26.5238,42.7903],[26.514,42.7869]]],[[[26.2951,42.7885],[26.3209,42.7894],[26.2928,42.7821],[26.255,42.795],[26.2677,42.7773],[26.257,42.7765],[26.2207,42.8093],[26.2951,42.7885]]],[[[26.3296,42.7971],[26.4069,42.7988],[26.3924,42.7907],[26.3296,42.7971]]],[[[26.1886,42.786],[26.2128,42.8096],[26.2201,42.8059],[26.1886,42.786]]],[[[26.3145,42.8018],[26.2911,42.8085],[26.2973,42.8133],[26.3145,42.8018]]],[[[26.3264,42.7989],[26.2924,42.8203],[26.3262,42.826],[26.3603,42.8215],[26.3264,42.7989]]],[[[26.4036,42.8069],[26.3871,42.8176],[26.4048,42.8163],[26.4036,42.8069]]],[[[26.4516,42.8161],[26.4487,42.8207],[26.4609,42.8164],[26.4516,42.8161]]],[[[26.2804,42.8185],[26.2742,42.8208],[26.2822,42.8249],[26.2804,42.8185]]],[[[26.3941,42.8261],[26.4061,42.8208],[26.3914,42.8187],[26.3941,42.8261]]],[[[26.4091,42.8268],[26.4144,42.8329],[26.4324,42.8289],[26.4091,42.8268]]],[[[26.4363,42.8273],[26.4209,42.8351],[26.4397,42.8337],[26.4449,42.8286],[26.4363,42.8273]]],[[[26.3761,42.8285],[26.3493,42.8529],[26.3898,42.8484],[26.3761,42.8285]]],[[[26.4631,42.8439],[26.4155,42.8425],[26.4246,42.8513],[26.4845,42.8432],[26.4631,42.8439]]],[[[26.5273,42.8419],[26.5194,42.8462],[26.5223,42.8488],[26.5273,42.8419]]],[[[26.5291,42.8599],[26.4939,42.8631],[26.5179,42.8667],[26.5291,42.8599]]],[[[26.3147,42.8639],[26.3055,42.8567],[26.3037,42.8684],[26.3147,42.8639]]],[[[26.3822,42.8686],[26.3792,42.8725],[26.3972,42.8825],[26.3822,42.8686]]],[[[26.4103,42.8764],[26.4077,42.8835],[26.4189,42.8849],[26.4103,42.8764]]],[[[26.2258,42.8823],[26.2171,42.8871],[26.2239,42.8895],[26.2418,42.8846],[26.2258,42.8823]]],[[[26.31,42.8934],[26.3179,42.8899],[26.2961,42.8853],[26.31,42.8934]]],[[[26.2812,42.8855],[26.2742,42.8936],[26.297,42.8921],[26.2812,42.8855]]],[[[26.3868,42.8982],[26.3665,42.8891],[26.3543,42.8978],[26.3882,42.8991],[26.3868,42.8982]]],[[[26.3442,42.8928],[26.337,42.8943],[26.3356,42.8971],[26.3471,42.8922],[26.3442,42.8928]]],[[[26.402,42.8925],[26.3871,42.9011],[26.4372,42.9123],[26.402,42.8925]]],[[[26.1225,42.9119],[26.1191,42.9144],[26.1341,42.9126],[26.1374,42.9099],[26.1225,42.9119]]],[[[26.4985,42.921],[26.5182,42.9152],[26.4832,42.9107],[26.4985,42.921]]],[[[26.532,42.9232],[26.5374,42.9155],[26.5335,42.9185],[26.532,42.9232]]],[[[26.5128,42.94],[26.5023,42.9337],[26.4933,42.9369],[26.5195,42.9415],[26.5128,42.94]]],[[[26.3356,42.9436],[26.3326,42.952],[26.3342,42.9528],[26.3356,42.9436]]],[[[26.3107,42.9524],[26.3152,42.9573],[26.3219,42.9588],[26.3107,42.9524]]],[[[26.4711,42.9554],[26.4811,42.9484],[26.4593,42.95],[26.4711,42.9554]]],[[[26.3309,42.9538],[26.3302,42.9602],[26.3357,42.9669],[26.3259,42.9661],[26.325,42.9687],[26.322,42.9613],[26.3105,42.9571],[26.3181,42.9758],[26.338,42.9666],[26.3309,42.9538]]],[[[26.312,42.964],[26.3078,42.9637],[26.3137,42.9718],[26.312,42.964]]],[[[26.3011,42.9686],[26.2993,42.9607],[26.3017,42.9751],[26.3011,42.9686]]],[[[26.2885,42.9731],[26.2884,42.9657],[26.2839,42.9652],[26.2864,42.9752],[26.2934,42.9738],[26.2885,42.9731]]],[[[26.5384,43.1205],[26.5418,43.1196],[26.536,43.1169],[26.5384,43.1205]]],[[[26.1725,43.2021],[26.1744,43.2072],[26.1758,43.1997],[26.1725,43.2021]]],[[[26.2941,43.3406],[26.2925,43.3464],[26.3023,43.3452],[26.2941,43.3406]]],[[[26.4318,43.4405],[26.4489,43.4387],[26.4199,43.434],[26.4153,43.437],[26.4318,43.4405]]],[[[26.1764,43.5834],[26.1843,43.5761],[26.1815,43.5744],[26.1764,43.5834]]],[[[26.4225,43.5783],[26.4502,43.5682],[26.4229,43.5738],[26.4063,43.59],[26.4225,43.5783]]],[[[26.2648,43.6617],[26.2745,43.6559],[26.2684,43.654],[26.2648,43.6617]]],[[[26.3794,44.0144],[26.3794,44.0075],[26.369,44.0108],[26.3794,44.0144]]],[[[26.5361,44.2192],[26.5399,44.2147],[26.5346,44.2167],[26.5361,44.2192]]],[[[26.4862,44.2941],[26.4865,44.2997],[26.4991,44.2866],[26.4862,44.2941]]],[[[26.1581,44.31],[26.1742,44.3041],[26.1583,44.3087],[26.1568,44.3064],[26.1395,44.3111],[26.1581,44.31]]],[[[26.2775,44.3199],[26.2659,44.3266],[26.2717,44.3296],[26.2775,44.3199]]],[[[26.4049,44.3385],[26.4029,44.3353],[26.4032,44.332],[26.4012,44.3285],[26.3963,44.3471],[26.4049,44.3385]]],[[[26.5111,44.507],[26.5214,44.5028],[26.5124,44.5023],[26.5111,44.507]]],[[[26.4888,44.5342],[26.4927,44.541],[26.5019,44.5454],[26.4888,44.5342]]],[[[26.1451,44.8947],[26.1497,44.9081],[26.1575,44.8967],[26.1451,44.8947]]],[[[26.3936,45.134],[26.4014,45.1275],[26.3833,45.1223],[26.3936,45.134]]],[[[26.26,45.1364],[26.2361,45.1542],[26.2344,45.1276],[26.2268,45.1434],[26.2109,45.1223],[26.2284,45.1577],[26.2487,45.1513],[26.26,45.1364]]],[[[26.2924,45.1284],[26.2651,45.1419],[26.2783,45.1586],[26.2876,45.1362],[26.2983,45.1405],[26.3547,45.1632],[26.3609,45.147],[26.2924,45.1284]]],[[[26.3095,45.1467],[26.2983,45.1405],[26.2938,45.144],[26.3095,45.1467]]],[[[26.4893,45.2688],[26.4876,45.2669],[26.4859,45.2798],[26.4893,45.2688]]],[[[26.1448,45.3298],[26.1436,45.3237],[26.1402,45.3261],[26.1448,45.3298]]],[[[26.125,45.385],[26.1327,45.3846],[26.1275,45.3856],[26.1445,45.4034],[26.1338,45.38],[26.125,45.385]]],[[[26.172,45.4079],[26.156,45.4141],[26.1772,45.419],[26.1832,45.4165],[26.1831,45.4113],[26.172,45.4079]]],[[[26.1365,45.4125],[26.1489,45.411],[26.1629,45.4031],[26.1613,45.4008],[26.1172,45.4118],[26.1223,45.44],[26.1383,45.4425],[26.1291,45.4163],[26.1487,45.4292],[26.1365,45.4125]]],[[[26.2306,45.4205],[26.228,45.4233],[26.2351,45.4357],[26.2306,45.4205]]],[[[26.2351,45.4357],[26.2241,45.429],[26.2344,45.4471],[26.2491,45.4444],[26.2351,45.4357]]],[[[26.1531,45.4443],[26.139,45.4451],[26.136,45.4668],[26.1667,45.469],[26.1531,45.4443]]],[[[26.1972,45.4701],[26.1928,45.4648],[26.1915,45.4723],[26.1983,45.4767],[26.1972,45.4701]]],[[[26.384,45.4754],[26.3855,45.4788],[26.3895,45.4819],[26.3941,45.4812],[26.384,45.4754]]],[[[26.1754,45.4766],[26.183,45.4916],[26.1876,45.4895],[26.1754,45.4766]]],[[[26.2428,45.4871],[26.2333,45.4796],[26.2459,45.4897],[26.2428,45.4871]]],[[[26.4872,45.4822],[26.4869,45.4886],[26.4943,45.4879],[26.4872,45.4822]]],[[[26.3197,45.4915],[26.3283,45.4906],[26.3225,45.4853],[26.3197,45.4915]]],[[[26.4434,45.492],[26.4631,45.4923],[26.4577,45.4894],[26.4434,45.492]]],[[[26.3543,45.5],[26.3587,45.4982],[26.3583,45.4916],[26.3543,45.5]]],[[[26.1766,45.4872],[26.156,45.4884],[26.1592,45.5128],[26.1849,45.495],[26.1693,45.502],[26.1766,45.4872]]],[[[26.3905,45.4999],[26.3873,45.5122],[26.3931,45.513],[26.3905,45.4999]]],[[[26.2306,45.5046],[26.2237,45.5108],[26.2447,45.5152],[26.2306,45.5046]]],[[[26.1669,45.5209],[26.1243,45.4902],[26.1188,45.5175],[26.1055,45.5018],[26.1156,45.5215],[26.1669,45.5209]]],[[[26.2276,45.5152],[26.2174,45.5113],[26.2415,45.5403],[26.2276,45.5152]]],[[[26.239,45.5171],[26.2506,45.5372],[26.2519,45.5242],[26.239,45.5171]]],[[[26.4471,45.5273],[26.4419,45.5135],[26.4261,45.5175],[26.3988,45.5439],[26.4471,45.5273]]],[[[26.508,45.5345],[26.5022,45.5313],[26.5,45.5367],[26.508,45.5345]]],[[[26.2061,45.5474],[26.2051,45.5214],[26.1844,45.555],[26.2061,45.5474]]],[[[26.2613,45.5369],[26.2547,45.5309],[26.2554,45.5423],[26.2683,45.5471],[26.2613,45.5369]]],[[[26.5254,45.5377],[26.5125,45.5371],[26.5177,45.5435],[26.5296,45.5439],[26.5254,45.5377]]],[[[26.5202,45.5552],[26.5274,45.5538],[26.5258,45.5489],[26.5202,45.5552]]],[[[26.5323,45.5555],[26.5422,45.5555],[26.535,45.5497],[26.5174,45.5619],[26.5323,45.5555]]],[[[26.5433,45.5784],[26.5339,45.5664],[26.5289,45.5741],[26.5433,45.5784]]],[[[26.4211,45.5923],[26.397,45.5965],[26.428,45.6191],[26.4211,45.5923]]],[[[26.4189,45.6315],[26.4157,45.6374],[26.4308,45.6414],[26.4189,45.6315]]],[[[26.1443,45.6296],[26.1358,45.6307],[26.135,45.6432],[26.1443,45.6296]]],[[[26.4103,45.6517],[26.4195,45.6421],[26.4031,45.6363],[26.4103,45.6517]]],[[[26.3079,45.6463],[26.3306,45.6634],[26.3304,45.6488],[26.3079,45.6463]]],[[[26.2109,45.648],[26.203,45.6562],[26.2339,45.67],[26.2109,45.648]]],[[[26.1859,45.6556],[26.1814,45.6625],[26.1943,45.6629],[26.1859,45.6556]]],[[[26.3987,45.6705],[26.3995,45.6648],[26.3739,45.6695],[26.3987,45.6705]]],[[[26.3786,45.6815],[26.3711,45.6852],[26.3779,45.6953],[26.3828,45.6942],[26.3786,45.6815]]],[[[26.4449,45.6814],[26.4289,45.6928],[26.4279,45.6966],[26.4449,45.6814]]],[[[26.2012,45.6823],[26.1499,45.6938],[26.1824,45.6903],[26.2012,45.6823]]],[[[26.1969,45.7099],[26.2008,45.7115],[26.1944,45.699],[26.1969,45.7099]]],[[[26.3427,45.7317],[26.3555,45.7221],[26.3524,45.7221],[26.3427,45.7317]]],[[[26.1977,45.7237],[26.1969,45.7371],[26.2082,45.7346],[26.1977,45.7237]]],[[[26.4229,45.7248],[26.4384,45.7303],[26.447,45.7468],[26.4594,45.725],[26.4229,45.7248]]],[[[26.4205,45.7315],[26.4166,45.7437],[26.4345,45.7417],[26.4205,45.7315]]],[[[26.4442,45.7644],[26.458,45.7476],[26.4507,45.7429],[26.4413,45.7607],[26.444,45.7671],[26.4442,45.7644]]],[[[26.421,45.7621],[26.438,45.7648],[26.4281,45.7534],[26.4166,45.7538],[26.421,45.7621]]],[[[26.2752,45.769],[26.2671,45.7613],[26.2187,45.7743],[26.2186,45.7827],[26.2752,45.769]]],[[[26.2913,45.7739],[26.2784,45.7733],[26.2863,45.7801],[26.2913,45.7739]]],[[[26.2855,45.7697],[26.3068,45.7829],[26.3021,45.7737],[26.2855,45.7697]]],[[[26.5014,45.7866],[26.525,45.7861],[26.5238,45.7822],[26.5014,45.7866]]],[[[26.5287,45.7972],[26.5311,45.7927],[26.5252,45.7909],[26.5287,45.7972]]],[[[26.2782,45.7961],[26.2938,45.7986],[26.2984,45.7912],[26.2782,45.7961]]],[[[26.3969,45.7976],[26.3969,45.7989],[26.405,45.8002],[26.3969,45.7976]]],[[[26.4276,45.805],[26.4125,45.7922],[26.4145,45.8083],[26.4276,45.805]]],[[[26.3668,45.8085],[26.3721,45.8009],[26.368,45.7977],[26.3668,45.8085]]],[[[26.2624,45.7965],[26.289,45.8225],[26.3098,45.8091],[26.2624,45.7965]]],[[[26.4537,45.8237],[26.4575,45.8196],[26.4416,45.8201],[26.4518,45.7968],[26.4336,45.8087],[26.443,45.8243],[26.4537,45.8237]]],[[[26.3717,45.8147],[26.3725,45.8184],[26.3808,45.8158],[26.3717,45.8147]]],[[[26.4226,45.8115],[26.3923,45.8258],[26.423,45.8227],[26.4226,45.8115]]],[[[26.3234,45.8278],[26.3479,45.8251],[26.3271,45.8154],[26.3234,45.8278]]],[[[26.3904,45.8262],[26.3776,45.8176],[26.3833,45.8258],[26.3904,45.8262]]],[[[26.315,45.8363],[26.3129,45.823],[26.3109,45.8385],[26.315,45.8363]]],[[[26.518,45.8393],[26.5298,45.8422],[26.5288,45.8393],[26.518,45.8393]]],[[[26.4783,45.833],[26.4707,45.8302],[26.4483,45.836],[26.4783,45.833]]],[[[26.4514,45.8425],[26.4486,45.8521],[26.4576,45.8511],[26.4514,45.8425]]],[[[26.4912,45.8466],[26.4762,45.8486],[26.4693,45.861],[26.4912,45.8466]]],[[[26.3018,45.8427],[26.2891,45.8467],[26.284,45.8643],[26.3454,45.8629],[26.3018,45.8427]]],[[[26.2457,45.8644],[26.2531,45.868],[26.2511,45.8601],[26.2457,45.8644]]],[[[26.5164,45.859],[26.558,45.878],[26.5412,45.8669],[26.5164,45.859]]],[[[26.3942,45.9221],[26.3856,45.9192],[26.3874,45.9386],[26.3942,45.9221]]],[[[26.3209,45.958],[26.3242,45.9549],[26.3098,45.9481],[26.3209,45.958]]],[[[26.4431,45.9608],[26.452,45.9661],[26.4419,45.9763],[26.4485,45.9862],[26.458,45.9606],[26.4431,45.9608]]],[[[26.3476,45.9666],[26.3453,45.9691],[26.3513,45.9831],[26.3643,45.9886],[26.3476,45.9666]]],[[[26.4446,45.9839],[26.4117,45.9717],[26.4396,45.9904],[26.4465,46.0185],[26.4446,45.9839]]],[[[26.3538,46.0056],[26.3492,46.0099],[26.3644,46.0152],[26.3538,46.0056]]],[[[26.3663,46.0374],[26.368,46.0239],[26.3599,46.0292],[26.3663,46.0374]]],[[[26.3775,46.0357],[26.3828,46.0445],[26.3843,46.0424],[26.3775,46.0357]]],[[[26.4354,46.0535],[26.438,46.0541],[26.4424,46.039],[26.4371,46.0351],[26.4354,46.0535]]],[[[26.1681,46.0878],[26.1491,46.0703],[26.1559,46.0599],[26.1382,46.0477],[26.1278,46.0499],[26.1479,46.0609],[26.1366,46.0845],[26.1647,46.0864],[26.1351,46.0903],[26.1292,46.1229],[26.1681,46.0878]]],[[[26.364,46.1004],[26.3657,46.1051],[26.3903,46.0936],[26.364,46.1004]]],[[[26.3629,46.0951],[26.3372,46.0959],[26.3426,46.0985],[26.3431,46.1047],[26.3481,46.1079],[26.3629,46.0951]]],[[[26.3399,46.1263],[26.3495,46.114],[26.3579,46.1134],[26.3608,46.1089],[26.3355,46.116],[26.3479,46.1463],[26.3399,46.1263]]],[[[26.3923,46.1225],[26.3679,46.1275],[26.3871,46.1332],[26.3723,46.1462],[26.3894,46.133],[26.3923,46.1225]]],[[[26.2887,46.1259],[26.2782,46.1144],[26.2689,46.1426],[26.2802,46.1529],[26.2887,46.1259]]],[[[26.1762,46.1469],[26.1755,46.1361],[26.1708,46.133],[26.1684,46.1427],[26.1777,46.1506],[26.1877,46.1473],[26.1762,46.1469]]],[[[26.4423,46.1451],[26.4274,46.1464],[26.4265,46.1613],[26.4423,46.1451]]],[[[26.2485,46.1493],[26.2285,46.1569],[26.2528,46.1682],[26.2485,46.1493]]],[[[26.1696,46.1527],[26.1689,46.1693],[26.1903,46.1576],[26.1696,46.1527]]],[[[26.3295,46.1592],[26.3312,46.1622],[26.3322,46.1538],[26.3174,46.1546],[26.3295,46.1592]]],[[[26.2234,46.161],[26.199,46.143],[26.1904,46.1783],[26.2234,46.161]]],[[[26.3406,46.1646],[26.336,46.17],[26.3541,46.1677],[26.3406,46.1646]]],[[[26.2426,46.1641],[26.224,46.163],[26.2362,46.191],[26.2669,46.188],[26.2426,46.1641]]],[[[26.1526,46.1746],[26.1446,46.1839],[26.1532,46.1886],[26.1526,46.1746]]],[[[26.3436,46.1882],[26.3436,46.1894],[26.35,46.1905],[26.3436,46.1882]]],[[[26.1781,46.1915],[26.1764,46.1846],[26.1736,46.1853],[26.1741,46.1947],[26.1887,46.1981],[26.1781,46.1915]]],[[[26.2826,46.2009],[26.2691,46.1963],[26.262,46.1981],[26.2826,46.2045],[26.2878,46.2012],[26.2826,46.2009]]],[[[26.2,46.1941],[26.1965,46.1962],[26.2238,46.2148],[26.2,46.1941]]],[[[26.2737,46.2038],[26.249,46.2011],[26.2541,46.2122],[26.2737,46.2038]]],[[[26.2188,46.2312],[26.2191,46.2339],[26.2275,46.236],[26.221,46.218],[26.2188,46.2312]]],[[[26.1854,46.2537],[26.189,46.2442],[26.2113,46.2532],[26.2026,46.2433],[26.1819,46.2419],[26.1854,46.2537]]],[[[26.2157,46.2651],[26.1958,46.2623],[26.204,46.2568],[26.2029,46.2534],[26.1982,46.2523],[26.1929,46.2612],[26.1861,46.2542],[26.1653,46.2543],[26.1981,46.2693],[26.2157,46.2651]]],[[[26.1988,46.295],[26.2017,46.2947],[26.2021,46.2833],[26.1988,46.295]]],[[[26.1532,46.3112],[26.1557,46.3055],[26.1495,46.3062],[26.1484,46.3114],[26.1561,46.3147],[26.1604,46.3144],[26.1532,46.3112]]],[[[26.1573,46.3279],[26.1649,46.329],[26.1629,46.3164],[26.1573,46.3279]]],[[[26.1658,46.323],[26.165,46.3261],[26.1836,46.3373],[26.1658,46.323]]],[[[26.1517,46.3333],[26.1605,46.3489],[26.1533,46.3358],[26.1517,46.3333]]],[[[26.3358,46.3682],[26.3332,46.3712],[26.352,46.3761],[26.3381,46.3809],[26.3405,46.3844],[26.3567,46.3883],[26.3541,46.376],[26.3358,46.3682]]],[[[26.1291,46.4118],[26.1395,46.4099],[26.1337,46.4064],[26.1291,46.4118]]],[[[26.4046,46.4848],[26.409,46.4873],[26.418,46.4791],[26.4046,46.4848]]],[[[26.1472,46.4843],[26.1541,46.4852],[26.1581,46.4822],[26.1472,46.4843]]],[[[26.4352,46.5021],[26.4414,46.5084],[26.45,46.5081],[26.4352,46.5021]]],[[[26.271,46.6725],[26.2785,46.6652],[26.2636,46.6562],[26.271,46.6725]]],[[[26.4995,46.6671],[26.4723,46.6758],[26.4849,46.6804],[26.4995,46.6671]]],[[[26.404,46.7087],[26.3933,46.7122],[26.4296,46.7156],[26.404,46.7087]]],[[[26.4901,46.7445],[26.4986,46.7508],[26.4949,46.7444],[26.4789,46.7374],[26.4629,46.7517],[26.4901,46.7445]]],[[[26.4049,46.7776],[26.3995,46.7773],[26.3991,46.7848],[26.4049,46.7776]]],[[[26.4664,46.7878],[26.4673,46.7673],[26.4233,46.778],[26.4453,46.7882],[26.4267,46.7932],[26.4379,46.8095],[26.4664,46.7878]]],[[[26.1364,46.7931],[26.1467,46.7952],[26.1456,46.7926],[26.1364,46.7931]]],[[[26.4036,46.8232],[26.4099,46.8215],[26.4091,46.8186],[26.4036,46.8232]]],[[[26.2928,46.8334],[26.2901,46.8401],[26.3001,46.8391],[26.2928,46.8334]]],[[[26.3814,46.8642],[26.3703,46.8676],[26.3686,46.8702],[26.3814,46.8642]]],[[[26.2753,46.8723],[26.2372,46.8617],[26.2155,46.8755],[26.2753,46.8723]]],[[[26.3762,46.8746],[26.3701,46.8792],[26.375,46.8803],[26.3762,46.8746]]],[[[26.2717,46.8878],[26.2804,46.8805],[26.273,46.8758],[26.2558,46.877],[26.2717,46.8878]]],[[[26.2453,46.8877],[26.2516,46.8758],[26.2429,46.8862],[26.2457,46.8915],[26.2453,46.8877]]],[[[26.4003,46.8819],[26.3726,46.885],[26.3887,46.8918],[26.4003,46.8819]]],[[[26.3378,46.8887],[26.3263,46.8989],[26.3615,46.8854],[26.3378,46.8887]]],[[[26.2056,46.9131],[26.2215,46.9129],[26.2225,46.9021],[26.2056,46.9131]]],[[[26.3155,46.8991],[26.3065,46.9052],[26.3016,46.9172],[26.3155,46.8991]]],[[[26.2642,46.9197],[26.2669,46.9179],[26.2568,46.9148],[26.2642,46.9197]]],[[[26.1543,46.9268],[26.1518,46.9355],[26.1627,46.9332],[26.1543,46.9268]]],[[[26.1234,46.9311],[26.1191,46.9338],[26.1273,46.9465],[26.1234,46.9311]]],[[[26.1746,46.9378],[26.17,46.9461],[26.1991,46.9419],[26.1746,46.9378]]],[[[26.2456,46.9574],[26.2558,46.9506],[26.2502,46.9449],[26.2456,46.9574]]],[[[26.1644,46.9618],[26.1448,46.9578],[26.1441,46.9666],[26.1767,46.9668],[26.1507,46.9529],[26.1644,46.9618]]],[[[26.2021,46.9625],[26.2042,46.9596],[26.183,46.9633],[26.2021,46.9625]]],[[[26.1335,46.9521],[26.1151,46.9626],[26.1467,46.977],[26.1335,46.9521]]],[[[26.3192,46.9687],[26.3167,46.9734],[26.331,46.9688],[26.3192,46.9687]]],[[[26.2325,46.9684],[26.2306,46.9693],[26.2398,46.9761],[26.2325,46.9684]]],[[[26.231,46.9818],[26.239,46.9818],[26.2403,46.9779],[26.231,46.9818]]],[[[26.1535,46.987],[26.1713,46.989],[26.1668,46.9849],[26.1535,46.987]]],[[[26.1248,46.9907],[26.138,46.9914],[26.122,46.9891],[26.1248,46.9907]]],[[[26.1414,46.9968],[26.1252,46.9971],[26.134,47.0008],[26.1414,46.9968]]],[[[26.2808,47.0156],[26.2908,47.0079],[26.2924,47.0026],[26.2808,47.0156]]],[[[26.2422,47.0322],[26.2454,47.0271],[26.2316,47.0258],[26.2422,47.0322]]],[[[26.1967,47.0367],[26.2074,47.0329],[26.1978,47.0239],[26.1967,47.0367]]],[[[26.2075,47.0554],[26.2023,47.0611],[26.2129,47.0641],[26.2075,47.0554]]],[[[26.1897,47.0731],[26.1835,47.0752],[26.1952,47.0765],[26.1897,47.0731]]],[[[26.1866,47.0813],[26.1707,47.0612],[26.1464,47.0773],[26.1866,47.0813]]],[[[26.1611,47.0885],[26.1535,47.0899],[26.1531,47.0942],[26.1611,47.0885]]],[[[26.265,47.0924],[26.2797,47.1015],[26.2994,47.0935],[26.265,47.0924]]],[[[26.2052,47.0956],[26.2158,47.0981],[26.2082,47.0892],[26.2052,47.0956]]],[[[26.1296,47.1042],[26.1517,47.1075],[26.1554,47.1024],[26.1296,47.1042]]],[[[26.1412,47.1104],[26.1378,47.1149],[26.1497,47.1097],[26.1412,47.1104]]],[[[26.1845,47.1238],[26.1904,47.1191],[26.182,47.1166],[26.1683,47.1202],[26.1845,47.1238]]],[[[26.2415,47.1106],[26.1951,47.1171],[26.1951,47.1268],[26.206,47.1351],[26.2328,47.1301],[26.2415,47.1106]],[[26.1966,47.118],[26.2194,47.1261],[26.208,47.1338],[26.1966,47.118]],[[26.2177,47.1194],[26.2235,47.1146],[26.2331,47.1234],[26.2177,47.1194]]],[[[26.1311,47.1287],[26.1359,47.145],[26.1613,47.1231],[26.1311,47.1287]]],[[[26.2432,47.1457],[26.238,47.1522],[26.2458,47.1541],[26.2432,47.1457]]],[[[26.1988,47.1524],[26.1986,47.1581],[26.2085,47.1532],[26.1988,47.1524]]],[[[26.235,47.1762],[26.2344,47.1897],[26.2408,47.1845],[26.235,47.1762]]],[[[26.1315,47.185],[26.1368,47.1845],[26.1418,47.1879],[26.15,47.1868],[26.1546,47.1754],[26.1315,47.185]]],[[[26.1346,47.2818],[26.1472,47.2823],[26.1276,47.2771],[26.1346,47.2818]]],[[[26.7617,42.6702],[26.7509,42.6632],[26.7128,42.6823],[26.7503,42.6784],[26.7417,42.7015],[26.7441,42.7049],[26.7617,42.6702]]],[[[26.7597,42.6906],[26.7516,42.7019],[26.7555,42.7026],[26.7597,42.6906]]],[[[26.6141,42.6896],[26.6041,42.6961],[26.6139,42.7038],[26.6141,42.6896]]],[[[27.2625,42.7012],[27.2618,42.7025],[27.2798,42.6957],[27.2625,42.7012]]],[[[26.585,42.7001],[26.5827,42.7053],[26.5889,42.7049],[26.585,42.7001]]],[[[26.8134,42.7054],[26.8049,42.708],[26.8172,42.7068],[26.8134,42.7054]]],[[[26.7599,42.7081],[26.7562,42.7137],[26.7598,42.714],[26.7612,42.7022],[26.7599,42.7081]]],[[[27.2905,42.702],[27.3027,42.7095],[27.2977,42.7212],[27.3146,42.7056],[27.2905,42.702]]],[[[27.2798,42.7114],[27.2603,42.7062],[27.2831,42.7194],[27.2798,42.7114]]],[[[26.8048,42.7172],[26.8192,42.7136],[26.7953,42.7085],[26.8048,42.7172]]],[[[26.7695,42.7101],[26.7672,42.7215],[26.7716,42.7209],[26.7695,42.7101]]],[[[26.5354,42.7238],[26.5517,42.7203],[26.5597,42.7116],[26.5354,42.7238]]],[[[26.8592,42.7142],[26.8251,42.7204],[26.8311,42.7236],[26.8592,42.7142]]],[[[26.727,42.7127],[26.7211,42.7249],[26.7386,42.7172],[26.727,42.7127]]],[[[27.2361,42.7218],[27.2457,42.7073],[27.2194,42.7267],[27.2361,42.7218]]],[[[27.2878,42.7147],[27.2822,42.7272],[27.2931,42.7249],[27.2878,42.7147]]],[[[26.6264,42.7242],[26.6167,42.7092],[26.5441,42.7247],[26.6264,42.7242]]],[[[27.0393,42.7315],[27.0084,42.7284],[26.9807,42.7362],[27.0426,42.7405],[27.0393,42.7315]],[[27.0237,42.736],[27.0316,42.7336],[27.0263,42.7385],[27.0237,42.736]]],[[[27.3617,42.7272],[27.3554,42.7433],[27.3626,42.7439],[27.3617,42.7272]]],[[[27.0692,42.7323],[27.0611,42.7402],[27.0836,42.7398],[27.0692,42.7323]]],[[[26.8855,42.7379],[26.8911,42.7447],[26.9099,42.7395],[26.8855,42.7379]]],[[[26.924,42.739],[26.9466,42.7468],[26.9459,42.7411],[26.924,42.739]]],[[[27.1914,42.7374],[27.1676,42.7412],[27.1919,42.7436],[27.1914,42.7374]]],[[[27.4091,42.7413],[27.4076,42.7436],[27.4401,42.7418],[27.4091,42.7413]]],[[[27.3132,42.7526],[27.3254,42.7429],[27.3137,42.7356],[27.3132,42.7526]]],[[[27.0589,42.7515],[27.0657,42.7478],[27.0627,42.744],[27.0589,42.7515]]],[[[26.5507,42.7588],[26.5558,42.7459],[26.5339,42.7544],[26.5507,42.7588]]],[[[27.1903,42.7517],[27.1695,42.757],[27.1934,42.7565],[27.1903,42.7517]]],[[[26.6681,42.7499],[26.6676,42.7556],[26.6906,42.7589],[26.6681,42.7499]]],[[[27.1513,42.7506],[27.1346,42.7508],[27.1505,42.764],[27.1513,42.7506]]],[[[27.1062,42.7505],[27.0994,42.7624],[27.1039,42.7654],[27.1251,42.7612],[27.1062,42.7505]]],[[[26.617,42.7647],[26.6192,42.7616],[26.5807,42.753],[26.617,42.7647]]],[[[26.9948,42.7612],[26.9975,42.7566],[26.9947,42.7566],[26.9948,42.7612]]],[[[26.6613,42.7619],[26.6653,42.7604],[26.6558,42.7573],[26.6613,42.7619]]],[[[26.9321,42.7692],[26.9232,42.7573],[26.9079,42.7665],[26.9066,42.7745],[26.9321,42.7692]]],[[[27.4242,42.7599],[27.4025,42.7727],[27.4186,42.7781],[27.4242,42.7599]]],[[[26.683,42.7642],[26.6682,42.769],[26.7202,42.7831],[26.683,42.7642]]],[[[27.1954,42.7733],[27.1904,42.7766],[27.2213,42.774],[27.1954,42.7733]]],[[[26.7249,42.7748],[26.7302,42.7801],[26.7342,42.7755],[26.7249,42.7748]]],[[[27.0903,42.7799],[27.0739,42.7682],[27.0817,42.7776],[27.0707,42.7857],[27.0903,42.7799]]],[[[27.2137,42.7794],[27.2187,42.7766],[27.1922,42.7776],[27.2137,42.7794]]],[[[27.0413,42.7781],[27.0325,42.7812],[27.0471,42.782],[27.0748,42.7787],[27.0413,42.7781]]],[[[26.7429,42.7832],[26.7597,42.7783],[26.7589,42.7771],[26.7429,42.7832]]],[[[27.1356,42.7868],[27.1343,42.7756],[27.1283,42.7771],[27.1356,42.7868]]],[[[26.996,42.7864],[27.007,42.7853],[27.007,42.7776],[26.996,42.7864]]],[[[26.9749,42.7796],[26.968,42.7808],[26.9709,42.7888],[26.9882,42.7855],[26.9749,42.7796]]],[[[26.7988,42.7836],[26.8123,42.7816],[26.7987,42.7771],[26.7886,42.7942],[26.7988,42.7836]]],[[[27.1842,42.7832],[27.1814,42.7901],[27.1972,42.7848],[27.1842,42.7832]]],[[[26.8318,42.7902],[26.8369,42.7955],[26.8396,42.7814],[26.8318,42.7902]]],[[[26.8824,42.7878],[26.88,42.7963],[26.8934,42.7926],[26.8824,42.7878]]],[[[26.9284,42.7917],[26.9262,42.7979],[26.9344,42.798],[26.9284,42.7917]]],[[[27.0908,42.7981],[27.0951,42.7992],[27.0948,42.793],[27.0908,42.7981]]],[[[27.0419,42.7995],[27.0553,42.7959],[27.0548,42.7949],[27.0419,42.7995]]],[[[27.1484,42.8035],[27.1658,42.8016],[27.1601,42.7953],[27.1484,42.8035]]],[[[27.3677,42.7983],[27.3587,42.8],[27.3731,42.8045],[27.3677,42.7983]]],[[[27.3338,42.8003],[27.3142,42.8042],[27.3569,42.8083],[27.3338,42.8003]]],[[[27.4496,42.8016],[27.4468,42.8054],[27.459,42.8064],[27.4649,42.8023],[27.4496,42.8016]]],[[[26.554,42.8061],[26.56,42.8104],[26.5593,42.8007],[26.554,42.8061]]],[[[26.8817,42.8057],[26.8739,42.8101],[26.8858,42.8086],[26.8817,42.8057]]],[[[26.7448,42.8112],[26.7559,42.811],[26.753,42.8047],[26.7448,42.8112]]],[[[26.5531,42.8129],[26.5526,42.8018],[26.5469,42.804],[26.5517,42.8223],[26.5531,42.8129]]],[[[27.0258,42.8202],[27.0307,42.8184],[27.0249,42.814],[27.0197,42.818],[27.0258,42.8202]]],[[[27.4524,42.8146],[27.4476,42.8219],[27.4563,42.8213],[27.4524,42.8146]]],[[[26.7616,42.8168],[26.759,42.821],[26.7787,42.8241],[26.7616,42.8168]]],[[[27.0124,42.821],[27.0178,42.8168],[27.0006,42.816],[26.9819,42.8233],[27.0124,42.821]]],[[[26.9439,42.8197],[26.9522,42.8253],[26.9579,42.825],[26.9439,42.8197]]],[[[27.2242,42.8271],[27.1938,42.8382],[27.2358,42.8317],[27.2242,42.8271]]],[[[26.5373,42.826],[26.5381,42.8375],[26.5429,42.8323],[26.5373,42.826]]],[[[27.1422,42.8355],[27.1489,42.8318],[27.1482,42.8305],[27.1422,42.8355]]],[[[27.072,42.8302],[27.0528,42.8357],[27.0577,42.8381],[27.072,42.8302]]],[[[26.816,42.8338],[26.8111,42.8421],[26.8332,42.8468],[26.816,42.8338]]],[[[27.2661,42.8368],[27.2642,42.8275],[27.2055,42.8428],[27.2036,42.8571],[27.2661,42.8368]]],[[[26.6975,42.8376],[26.6945,42.8411],[26.6997,42.8455],[26.6975,42.8376]]],[[[27.1692,42.8517],[27.1806,42.8494],[27.184,42.8532],[27.1826,42.8446],[27.1692,42.8517]]],[[[27.2881,42.8499],[27.2922,42.8563],[27.2957,42.8399],[27.2881,42.8499]]],[[[26.8559,42.8473],[26.847,42.8448],[26.8514,42.8525],[26.8559,42.8473]]],[[[27.0936,42.8448],[27.0605,42.8521],[27.0737,42.8565],[27.0936,42.8448]]],[[[27.1845,42.8551],[27.1739,42.852],[27.1677,42.8583],[27.1845,42.8551]]],[[[27.2474,42.8573],[27.2601,42.8477],[27.2344,42.8617],[27.2474,42.8573]]],[[[27.3158,42.8583],[27.3177,42.8639],[27.3238,42.862],[27.3158,42.8583]]],[[[27.2329,42.8644],[27.2236,42.8557],[27.2149,42.8559],[27.2329,42.8644]]],[[[26.8544,42.8599],[26.8505,42.8672],[26.856,42.867],[26.8544,42.8599]]],[[[27.2004,42.8614],[27.1962,42.8627],[27.1975,42.8665],[27.2004,42.8614]]],[[[27.1743,42.8649],[27.1635,42.8614],[27.1595,42.8652],[27.1797,42.8711],[27.1743,42.8649]]],[[[26.5454,42.8676],[26.541,42.8697],[26.5447,42.876],[26.5454,42.8676]]],[[[26.6992,42.86],[26.6841,42.8812],[26.7141,42.8812],[26.6992,42.86]]],[[[26.7364,42.8762],[26.742,42.8572],[26.7203,42.8735],[26.7297,42.8909],[26.7523,42.8708],[26.7364,42.8762]]],[[[26.5643,42.8835],[26.5609,42.8866],[26.558,42.8821],[26.5519,42.8843],[26.5608,42.8883],[26.5691,42.8796],[26.5592,42.8663],[26.5643,42.8835]]],[[[26.7854,42.8763],[26.7969,42.8779],[26.7964,42.8752],[26.7854,42.8763]]],[[[26.7839,42.877],[26.7565,42.8718],[26.7641,42.8927],[26.7839,42.877]]],[[[26.7999,42.8756],[26.7903,42.8866],[26.8122,42.8826],[26.7999,42.8756]]],[[[27.2833,42.8682],[27.2589,42.8728],[27.2494,42.889],[27.2628,42.8776],[27.341,42.8972],[27.2957,42.8811],[27.3298,42.8795],[27.3316,42.8702],[27.2833,42.8682]],[[27.2862,42.8751],[27.2907,42.8718],[27.2933,42.8766],[27.2862,42.8751]]],[[[26.5369,42.879],[26.535,42.8872],[26.5381,42.8891],[26.5534,42.881],[26.5369,42.879]]],[[[26.8783,42.8889],[26.8842,42.8799],[26.8797,42.8831],[26.8783,42.8889]]],[[[26.7454,42.8867],[26.7585,42.8926],[26.7591,42.886],[26.7454,42.8867]]],[[[26.6036,42.8923],[26.6117,42.893],[26.6121,42.8896],[26.6036,42.8923]]],[[[26.5803,42.8902],[26.587,42.8874],[26.5756,42.8861],[26.5563,42.8921],[26.5803,42.8902]]],[[[26.5498,42.8865],[26.5434,42.89],[26.5505,42.8947],[26.5498,42.8865]]],[[[26.872,42.893],[26.8662,42.8807],[26.861,42.8921],[26.885,42.9022],[26.9086,42.8902],[26.872,42.893]]],[[[26.5864,42.8898],[26.5874,42.8968],[26.5971,42.8932],[26.5864,42.8898]]],[[[26.968,42.891],[26.9664,42.8973],[26.9711,42.893],[26.978,42.8948],[26.968,42.891]]],[[[27.09,42.8955],[27.0895,42.9],[27.0975,42.8908],[27.09,42.8955]]],[[[26.7399,42.8886],[26.7406,42.9022],[26.7503,42.9037],[26.7399,42.8886]]],[[[27.1035,42.8916],[27.0963,42.8983],[27.1389,42.8997],[27.1035,42.8916]]],[[[26.7267,42.8948],[26.7258,42.9011],[26.7332,42.8979],[26.7267,42.8948]]],[[[27.0126,42.897],[26.99,42.8952],[26.9925,42.9007],[27.0126,42.897]]],[[[27.1669,42.8967],[27.164,42.8998],[27.1697,42.9012],[27.1669,42.8967]]],[[[26.7687,42.8996],[26.7636,42.9033],[26.7905,42.8965],[26.7687,42.8996]]],[[[26.9718,42.8959],[26.9825,42.9021],[26.9799,42.8963],[26.9718,42.8959]]],[[[27.2116,42.8974],[27.202,42.902],[27.2107,42.9039],[27.2116,42.8974]]],[[[26.9532,42.9003],[26.9448,42.8969],[26.9594,42.9062],[26.9532,42.9003]]],[[[26.6991,42.9041],[26.7073,42.9022],[26.7071,42.9014],[26.6991,42.9041]]],[[[27.1805,42.8957],[27.1602,42.9083],[27.1752,42.9075],[27.1805,42.8957]]],[[[27.201,42.907],[27.2043,42.9053],[27.1915,42.8985],[27.201,42.907]]],[[[27.3304,42.9044],[27.3245,42.8986],[27.3119,42.9001],[27.3304,42.9044]]],[[[27.2822,42.9041],[27.2863,42.9091],[27.3118,42.9112],[27.2822,42.9041]]],[[[27.2803,42.9033],[27.2805,42.8983],[27.2463,42.9038],[27.2803,42.9033]]],[[[27.2079,42.9056],[27.2057,42.9176],[27.2261,42.9156],[27.2079,42.9056]]],[[[26.5652,42.9114],[26.5709,42.9172],[26.5743,42.9089],[26.5652,42.9114]]],[[[26.8153,42.9087],[26.8185,42.9099],[26.8077,42.9133],[26.8168,42.9226],[26.8334,42.9165],[26.8167,42.9189],[26.823,42.909],[26.814,42.9075],[26.8153,42.9087]]],[[[26.8468,42.9172],[26.8523,42.9158],[26.839,42.9141],[26.8468,42.9172]]],[[[26.7793,42.9145],[26.7658,42.9153],[26.7667,42.9172],[26.7793,42.9145]]],[[[27.1559,42.9193],[27.1676,42.9164],[27.1624,42.9158],[27.1559,42.9193]]],[[[27.1375,42.9214],[27.1551,42.9205],[27.1501,42.9111],[27.1375,42.9214]]],[[[27.2633,42.9195],[27.2788,42.9179],[27.2647,42.9149],[27.2633,42.9195]]],[[[27.2303,42.9245],[27.2449,42.9185],[27.2369,42.9131],[27.2303,42.9245]]],[[[27.1356,42.9192],[27.1315,42.916],[27.1269,42.9222],[27.1356,42.9192]]],[[[27.1056,42.922],[27.1137,42.9135],[27.102,42.922],[27.1056,42.922]]],[[[27.2389,42.9259],[27.2668,42.9335],[27.2607,42.9201],[27.2389,42.9259]]],[[[27.141,42.9309],[27.1355,42.9336],[27.1596,42.9328],[27.141,42.9309]]],[[[27.151,42.9341],[27.1406,42.9368],[27.1581,42.937],[27.151,42.9341]]],[[[26.5507,42.945],[26.5348,42.9418],[26.5507,42.9472],[26.5507,42.945]]],[[[26.9883,42.942],[26.9812,42.9426],[26.9872,42.9467],[26.9883,42.942]]],[[[26.5603,42.9447],[26.57,42.9485],[26.5739,42.9444],[26.5603,42.9447]]],[[[27.1712,42.9522],[27.1693,42.9468],[27.1586,42.9517],[27.1861,42.954],[27.1712,42.9522]]],[[[27.2224,42.9445],[27.2139,42.9487],[27.2465,42.9619],[27.258,42.9477],[27.2224,42.9445]]],[[[27.3099,42.9535],[27.3013,42.9562],[27.3146,42.956],[27.3099,42.9535]]],[[[26.9028,42.9541],[26.899,42.959],[26.9127,42.9587],[26.9028,42.9541]]],[[[27.3045,42.9623],[27.305,42.9636],[27.3228,42.9619],[27.3264,42.9551],[27.3045,42.9623]]],[[[27.1893,42.9516],[27.1901,42.9541],[27.1804,42.9562],[27.203,42.9581],[27.1893,42.9516]]],[[[26.9874,42.954],[26.9813,42.961],[26.9922,42.9703],[26.9874,42.954]]],[[[27.1441,42.9592],[27.1249,42.955],[27.1207,42.9641],[27.1441,42.9592]]],[[[26.7424,42.9616],[26.7401,42.9666],[26.7487,42.966],[26.7424,42.9616]]],[[[27.2951,42.9668],[27.3008,42.9665],[27.3018,42.9633],[27.2951,42.9668]]],[[[26.5545,42.9611],[26.5403,42.967],[26.5509,42.9654],[26.5545,42.9611]]],[[[26.9055,42.966],[26.9051,42.9699],[26.931,42.9681],[26.9055,42.966]]],[[[27.2775,42.9653],[27.267,42.9686],[27.2842,42.9687],[27.2859,42.9672],[27.2775,42.9653]]],[[[27.1082,42.9701],[27.1283,42.9679],[27.123,42.9667],[27.1082,42.9701]]],[[[27.25,42.9742],[27.2651,42.9754],[27.278,42.9712],[27.2409,42.9743],[27.25,42.9742]]],[[[27.0667,42.9704],[27.0612,42.9667],[27.0508,42.979],[27.0667,42.9704]]],[[[27.4104,42.9777],[27.3716,42.9779],[27.4013,42.9781],[27.4104,42.9777]]],[[[27.3354,42.9845],[27.3489,42.993],[27.3486,42.9846],[27.3354,42.9845]]],[[[27.1894,42.9841],[27.1955,42.9909],[27.2109,42.9933],[27.2314,42.9889],[27.1894,42.9841]]],[[[27.023,42.9912],[27.0164,42.9962],[27.0134,42.9926],[26.9775,43.0027],[27.0344,42.9988],[27.023,42.9912]]],[[[27.1101,43.0061],[27.0761,43.013],[27.1044,43.0173],[27.1101,43.0061]]],[[[27.1408,43.0185],[27.1326,43.0263],[27.1494,43.0252],[27.1408,43.0185]]],[[[27.2151,43.0272],[27.229,43.0334],[27.2276,43.0284],[27.2151,43.0272]]],[[[26.9811,43.0329],[26.97,43.0415],[26.965,43.036],[26.9608,43.047],[26.991,43.0361],[26.9811,43.0329]]],[[[27.0709,43.0418],[27.0565,43.0461],[27.0692,43.0586],[27.0709,43.0418]]],[[[26.7819,43.0552],[26.787,43.05],[26.7749,43.0501],[26.7819,43.0552]]],[[[26.948,43.055],[26.9382,43.0607],[26.9465,43.0594],[26.9507,43.0549],[26.948,43.055]]],[[[26.9047,43.099],[26.9167,43.0965],[26.9082,43.0974],[26.9047,43.099]]],[[[26.6232,43.1375],[26.6193,43.1422],[26.6344,43.1426],[26.6232,43.1375]]],[[[26.7992,43.1458],[26.8112,43.1388],[26.803,43.1388],[26.7992,43.1458]]],[[[27.0987,43.139],[27.1072,43.1483],[27.1152,43.1474],[27.0987,43.139]]],[[[26.8138,43.1413],[26.8019,43.151],[26.8086,43.148],[26.8138,43.1413]]],[[[27.4305,43.1588],[27.4312,43.1668],[27.444,43.1589],[27.4305,43.1588]]],[[[26.6673,43.1661],[26.6842,43.1661],[26.6803,43.165],[26.6673,43.1661]]],[[[27.1937,43.168],[27.1943,43.1663],[27.1649,43.1721],[27.1937,43.168]]],[[[27.4519,43.179],[27.4499,43.1774],[27.4485,43.186],[27.4568,43.1897],[27.4519,43.179]]],[[[26.8723,43.2213],[26.8673,43.2266],[26.871,43.228],[26.8723,43.2213]]],[[[27.3417,43.2378],[27.338,43.2429],[27.3481,43.2381],[27.3417,43.2378]]],[[[27.3497,43.2422],[27.3682,43.2403],[27.3642,43.2385],[27.3497,43.2422]]],[[[27.3592,43.2538],[27.3961,43.2493],[27.3733,43.2383],[27.3592,43.2538]]],[[[27.2501,43.2509],[27.2539,43.2481],[27.2469,43.2448],[27.2501,43.2509]]],[[[27.2641,43.253],[27.2675,43.2503],[27.2602,43.2476],[27.2641,43.253]]],[[[27.2725,43.2515],[27.272,43.2547],[27.2862,43.254],[27.2917,43.2496],[27.2725,43.2515]]],[[[27.34,43.2541],[27.3575,43.2571],[27.354,43.254],[27.34,43.2541]]],[[[27.3266,43.2528],[27.3233,43.2581],[27.3382,43.2494],[27.3266,43.2528]]],[[[27.2996,43.2535],[27.299,43.2627],[27.3217,43.2617],[27.2996,43.2535]]],[[[27.3376,43.2556],[27.33,43.2606],[27.3471,43.2612],[27.3494,43.2596],[27.3376,43.2556]]],[[[27.1683,43.2546],[27.1651,43.2585],[27.1672,43.264],[27.1713,43.2641],[27.1683,43.2546]]],[[[27.4296,43.2747],[27.4572,43.2724],[27.431,43.2554],[27.4296,43.2747]]],[[[27.4685,43.2769],[27.4371,43.2788],[27.4859,43.2797],[27.4649,43.26],[27.4685,43.2769]]],[[[27.2438,43.272],[27.2416,43.2766],[27.2447,43.2788],[27.2438,43.272]]],[[[27.2354,43.2822],[27.2312,43.2814],[27.2337,43.2868],[27.2354,43.2822]]],[[[27.3076,43.281],[27.2973,43.2959],[27.3033,43.3005],[27.3146,43.3007],[27.3254,43.2931],[27.3076,43.281]],[[27.3036,43.2912],[27.3189,43.2959],[27.3142,43.299],[27.3036,43.2912]]],[[[27.2384,43.2927],[27.2328,43.2951],[27.2279,43.299],[27.2278,43.3081],[27.2384,43.2927]]],[[[27.3944,43.339],[27.3834,43.3489],[27.3923,43.3505],[27.3944,43.339]]],[[[27.3073,43.3437],[27.3181,43.3302],[27.2958,43.3571],[27.3073,43.3437]]],[[[27.2108,43.4015],[27.2103,43.4075],[27.2256,43.4088],[27.2108,43.4015]]],[[[27.1953,43.4183],[27.1883,43.42],[27.1986,43.4282],[27.1953,43.4183]]],[[[27.1782,43.4848],[27.2103,43.5037],[27.204,43.4896],[27.1782,43.4848]]],[[[26.5791,43.9047],[26.5742,43.9052],[26.5821,43.9125],[26.5791,43.9047]]],[[[26.6188,44.0204],[26.6018,44.0237],[26.5931,44.0291],[26.565,44.0222],[26.5579,44.0267],[26.597,44.0349],[26.6152,44.0291],[26.6188,44.0204]]],[[[27.4516,44.0337],[27.4584,44.021],[27.4553,44.0205],[27.4516,44.0337]]],[[[27.4471,44.056],[27.4561,44.0487],[27.4512,44.0469],[27.4471,44.056]]],[[[26.5918,44.0707],[26.5868,44.0664],[26.5812,44.0693],[26.5917,44.0718],[26.6057,44.0637],[26.5918,44.0707]]],[[[26.748,44.3783],[26.7535,44.3769],[26.7514,44.3699],[26.748,44.3783]]],[[[26.5582,44.5799],[26.542,44.5717],[26.5386,44.5702],[26.5582,44.5799]]],[[[26.9579,44.6005],[26.9645,44.594],[26.9572,44.5939],[26.9579,44.6005]]],[[[27.085,45.1154],[27.1017,45.119],[27.1026,45.1133],[27.085,45.1154]]],[[[26.5823,45.1021],[26.5681,45.1207],[26.5981,45.1415],[26.6126,45.1227],[26.5823,45.1021]]],[[[26.6871,45.2925],[26.6959,45.2983],[26.6937,45.2909],[26.6871,45.2925]]],[[[26.6255,45.4308],[26.6286,45.4193],[26.6263,45.4199],[26.6255,45.4308]]],[[[26.6886,45.5336],[26.6885,45.5379],[26.697,45.5344],[26.6886,45.5336]]],[[[26.9632,45.5316],[26.9706,45.5351],[26.9865,45.537],[26.9632,45.5316]]],[[[26.5904,45.5335],[26.5921,45.5412],[26.598,45.5391],[26.5904,45.5335]]],[[[26.9943,45.5447],[26.9801,45.5455],[26.986,45.5521],[26.9943,45.5447]]],[[[26.5428,45.565],[26.554,45.5627],[26.5483,45.5576],[26.5428,45.565]]],[[[26.8358,45.6191],[26.8258,45.6142],[26.8367,45.6237],[26.8358,45.6191]]],[[[26.5942,45.6202],[26.6117,45.6273],[26.5969,45.6129],[26.5942,45.6202]]],[[[26.6309,45.6301],[26.6192,45.6291],[26.623,45.6342],[26.6309,45.6301]]],[[[26.8267,45.6302],[26.8083,45.6322],[26.8194,45.6346],[26.8267,45.6302]]],[[[26.6899,45.6576],[26.6997,45.6577],[26.6956,45.6517],[26.6899,45.6576]]],[[[26.9265,45.6674],[26.9161,45.6572],[26.9155,45.6676],[26.9265,45.6674]]],[[[26.6541,45.7153],[26.6396,45.7364],[26.6448,45.7384],[26.6541,45.7153]]],[[[26.6123,45.7303],[26.6204,45.737],[26.6338,45.7376],[26.6123,45.7303]]],[[[26.9932,45.7505],[26.9972,45.746],[26.9915,45.7391],[26.9932,45.7505]]],[[[26.6813,45.7704],[26.7042,45.7531],[26.6782,45.7534],[26.6813,45.7704]]],[[[26.8778,45.7596],[26.8683,45.7677],[26.8774,45.7678],[26.8778,45.7596]]],[[[26.5858,45.8421],[26.5832,45.8496],[26.5992,45.8499],[26.5858,45.8421]]],[[[26.8938,45.8609],[26.8823,45.8545],[26.8823,45.8572],[26.8938,45.8609]]],[[[26.8627,45.8549],[26.8476,45.8572],[26.8561,45.8651],[26.8627,45.8549]]],[[[26.8583,45.8675],[26.8578,45.8722],[26.864,45.8743],[26.8583,45.8675]]],[[[26.5807,45.8849],[26.5526,45.868],[26.558,45.876],[26.5807,45.8849]]],[[[26.9283,45.8794],[26.9291,45.8867],[26.9394,45.8882],[26.9283,45.8794]]],[[[26.9203,45.8893],[26.922,45.8972],[26.9276,45.8953],[26.9203,45.8893]]],[[[26.9922,45.9868],[26.98,45.9822],[26.9722,45.9888],[26.9922,45.9868]]],[[[26.8745,46.0243],[26.871,46.0312],[26.8761,46.0267],[26.8817,46.036],[26.8797,46.0249],[26.8745,46.0243]]],[[[26.8757,46.033],[26.8566,46.028],[26.868,46.0472],[26.8853,46.0392],[26.8757,46.033]]],[[[26.8383,46.0395],[26.8371,46.035],[26.8244,46.0533],[26.8383,46.0395]]],[[[26.8165,46.0423],[26.8032,46.0456],[26.8065,46.049],[26.8165,46.0423]]],[[[26.8519,46.0522],[26.8569,46.053],[26.8474,46.0404],[26.8519,46.0522]]],[[[26.8368,46.059],[26.8432,46.0561],[26.8416,46.0436],[26.8318,46.0542],[26.8375,46.0546],[26.8355,46.0607],[26.8426,46.0639],[26.8368,46.059]]],[[[26.7021,46.0543],[26.6801,46.058],[26.6766,46.0606],[26.6762,46.0629],[26.6812,46.0685],[26.7081,46.0589],[26.6887,46.0749],[26.6906,46.0845],[26.7,46.0854],[26.724,46.0722],[26.7185,46.0605],[26.7021,46.0543]],[[26.6967,46.0565],[26.7005,46.0577],[26.687,46.0634],[26.6967,46.0565]],[[26.709,46.0643],[26.7158,46.0597],[26.7134,46.0685],[26.709,46.0643]]],[[[26.7483,46.0488],[26.72,46.0858],[26.7079,46.085],[26.6996,46.09],[26.736,46.0872],[26.7483,46.0488]]],[[[26.5766,46.1573],[26.5765,46.1637],[26.5813,46.1643],[26.5766,46.1573]]],[[[26.814,46.4112],[26.8188,46.4104],[26.8186,46.4011],[26.814,46.4112]]],[[[26.6813,46.6241],[26.673,46.6249],[26.6699,46.6358],[26.6813,46.6241]]],[[[27.2792,46.7993],[27.2745,46.7936],[27.2745,46.8034],[27.2792,46.7993]]],[[[27.5782,42.6911],[27.5703,42.6868],[27.5501,42.7014],[27.5782,42.6911]]],[[[27.4693,42.7002],[27.4771,42.7003],[27.4835,42.6968],[27.4693,42.7002]]],[[[27.841,42.7006],[27.8658,42.7138],[27.8788,42.7018],[27.841,42.7006]]],[[[27.895,42.6978],[27.867,42.7146],[27.8871,42.7095],[27.895,42.6978]]],[[[27.7924,42.7083],[27.7838,42.7215],[27.8032,42.7158],[27.7924,42.7083]]],[[[27.8188,42.7139],[27.8251,42.7232],[27.8372,42.7275],[27.8188,42.7139]]],[[[27.7364,42.714],[27.7365,42.7235],[27.7409,42.7226],[27.7364,42.714]]],[[[27.779,42.7291],[27.781,42.7201],[27.7675,42.7269],[27.7691,42.7333],[27.779,42.7291]]],[[[27.8355,42.7343],[27.8332,42.736],[27.8496,42.736],[27.8513,42.7338],[27.8355,42.7343]]],[[[27.8248,42.7438],[27.7881,42.7645],[27.8089,42.7663],[27.8248,42.7438]]],[[[27.4727,42.7618],[27.4705,42.7632],[27.4853,42.7654],[27.4727,42.7618]]],[[[27.778,42.7733],[27.7776,42.7752],[27.7903,42.7791],[27.778,42.7733]]],[[[27.6501,42.7883],[27.7083,42.7907],[27.6823,42.789],[27.6501,42.7883]]],[[[27.5603,42.7979],[27.5597,42.801],[27.5693,42.8016],[27.5603,42.7979]]],[[[27.6694,42.8054],[27.6828,42.8011],[27.6675,42.7956],[27.6694,42.8054]]],[[[27.4742,42.7987],[27.4725,42.8034],[27.4862,42.8064],[27.4742,42.7987]]],[[[27.7407,42.8064],[27.7401,42.8097],[27.7669,42.8087],[27.7407,42.8064]]],[[[27.6905,42.7981],[27.6806,42.8104],[27.6567,42.8067],[27.6483,42.8121],[27.6979,42.8184],[27.6905,42.7981]]],[[[27.8598,42.8112],[27.8636,42.8165],[27.8687,42.8137],[27.8598,42.8112]]],[[[27.5433,42.8055],[27.53,42.8175],[27.538,42.8272],[27.5433,42.8055]]],[[[27.4714,42.8186],[27.4674,42.8125],[27.461,42.8147],[27.4714,42.8186]]],[[[27.5099,42.8133],[27.5049,42.8134],[27.5013,42.8246],[27.5099,42.8133]]],[[[27.6114,42.8044],[27.5943,42.8018],[27.6087,42.8266],[27.5941,42.8306],[27.5942,42.8338],[27.6492,42.8366],[27.6225,42.821],[27.6114,42.8044]]],[[[27.5589,42.8115],[27.5518,42.8244],[27.559,42.8273],[27.5589,42.8115]]],[[[27.5965,42.8124],[27.5829,42.8151],[27.5913,42.8278],[27.5965,42.8124]]],[[[27.6406,42.8179],[27.6369,42.8265],[27.6522,42.8282],[27.6406,42.8179]]],[[[27.4742,42.8282],[27.4801,42.828],[27.4795,42.8176],[27.4742,42.8282]]],[[[27.5742,42.8251],[27.5708,42.8186],[27.563,42.8246],[27.5742,42.8251]]],[[[27.5784,42.8109],[27.5728,42.8129],[27.5832,42.8362],[27.5784,42.8109]]],[[[27.76,42.8268],[27.7784,42.816],[27.7388,42.8252],[27.7337,42.8337],[27.76,42.8268]]],[[[27.7265,42.8201],[27.7197,42.8213],[27.7252,42.8307],[27.7265,42.8201]]],[[[27.5661,42.8367],[27.5622,42.8405],[27.5856,42.8562],[27.5661,42.8367]]],[[[27.5984,42.8407],[27.5884,42.8438],[27.618,42.8635],[27.6248,42.8616],[27.5984,42.8407]]],[[[27.6201,42.8451],[27.6096,42.8446],[27.6387,42.8623],[27.6201,42.8451]]],[[[27.5505,42.8586],[27.542,42.8678],[27.5461,42.8729],[27.5505,42.8586]]],[[[27.5926,42.8773],[27.5863,42.8827],[27.6105,42.8806],[27.5926,42.8773]]],[[[27.8317,42.8854],[27.8536,42.8569],[27.8284,42.8889],[27.8407,42.9002],[27.8317,42.8854]]],[[[27.8967,42.8797],[27.8983,42.8877],[27.9022,42.8871],[27.8967,42.8797]]],[[[27.527,42.8752],[27.5107,42.8803],[27.5405,42.8916],[27.527,42.8752]]],[[[27.5088,42.8889],[27.4981,42.8948],[27.5032,42.8971],[27.5088,42.8889]]],[[[27.4548,42.9003],[27.4429,42.9057],[27.5185,42.919],[27.4548,42.9003]]],[[[27.5711,42.92],[27.5681,42.9235],[27.5883,42.9205],[27.5711,42.92]]],[[[27.6036,42.9273],[27.5745,42.9347],[27.585,42.9401],[27.606,42.9368],[27.6036,42.9273]]],[[[27.4611,42.9529],[27.4692,42.9498],[27.4679,42.9483],[27.4611,42.9529]]],[[[27.8719,42.9978],[27.875,43.0005],[27.8783,42.9908],[27.8719,42.9978]]],[[[27.5819,43.1702],[27.5853,43.1702],[27.5821,43.1624],[27.5819,43.1702]]],[[[27.6712,43.1769],[27.6787,43.1765],[27.6774,43.1712],[27.6712,43.1769]]],[[[27.5159,43.1909],[27.5134,43.1987],[27.5308,43.1972],[27.5159,43.1909]]],[[[27.5312,43.1892],[27.5338,43.1967],[27.5303,43.2017],[27.537,43.197],[27.5312,43.1892]]],[[[27.742,43.1969],[27.7476,43.1977],[27.757,43.1924],[27.742,43.1969]]],[[[27.7149,43.2056],[27.7178,43.1988],[27.695,43.2251],[27.7149,43.2056]]],[[[27.6262,43.2109],[27.627,43.2175],[27.637,43.2181],[27.6262,43.2109]]],[[[27.6648,43.2221],[27.6674,43.2163],[27.6598,43.2136],[27.6648,43.2221]]],[[[27.7071,43.2219],[27.7037,43.2368],[27.711,43.2348],[27.7071,43.2219]]],[[[27.5679,43.2406],[27.5695,43.237],[27.555,43.2314],[27.5679,43.2406]]],[[[27.4585,43.241],[27.4521,43.243],[27.4616,43.2541],[27.4585,43.241]]],[[[27.6559,43.2479],[27.6613,43.2471],[27.6515,43.2442],[27.6517,43.2539],[27.6559,43.2479]]],[[[27.5123,43.3097],[27.5122,43.3004],[27.5028,43.3091],[27.5123,43.3097]]],[[[27.9109,43.3479],[27.909,43.3539],[27.9152,43.3551],[27.9109,43.3479]]],[[[27.9166,43.3592],[27.9253,43.361],[27.9299,43.3555],[27.9166,43.3592]]],[[[28.4389,43.3901],[28.4253,43.4073],[28.461,43.399],[28.4666,43.3609],[28.359,43.4113],[28.4389,43.3901]],[[28.4602,43.384],[28.4575,43.389],[28.4537,43.3851],[28.4602,43.384]]],[[[28.486,43.3956],[28.4731,43.3833],[28.4638,43.4097],[28.486,43.3956]]],[[[28.1897,43.4057],[28.1921,43.4053],[28.1839,43.4027],[28.1728,43.4042],[28.1897,43.4057]]],[[[27.8016,43.4048],[27.7913,43.3889],[27.7837,43.4129],[27.75,43.4303],[27.8016,43.4048]]],[[[28.3509,43.4126],[28.2915,43.4195],[28.313,43.4317],[28.3509,43.4126]]],[[[27.7654,43.4158],[27.7661,43.419],[27.7595,43.4242],[27.7686,43.4192],[27.7654,43.4158]]],[[[27.532,43.4377],[27.541,43.4474],[27.5447,43.4402],[27.532,43.4377]]],[[[28.5492,43.4405],[28.4878,43.3977],[28.49,43.4198],[28.5757,43.4781],[28.5492,43.4405]]],[[[27.6075,43.499],[27.6216,43.4975],[27.622,43.4795],[27.5942,43.4713],[27.6075,43.499]]],[[[27.57,43.5116],[27.5713,43.5103],[27.5608,43.4966],[27.57,43.5116]]],[[[28.5939,43.5108],[28.6027,43.5295],[28.5985,43.511],[28.5827,43.5006],[28.5939,43.5108]]],[[[28.5746,43.6346],[28.5714,43.639],[28.5763,43.6406],[28.5746,43.6346]]],[[[27.6079,43.6446],[27.6096,43.6506],[27.6336,43.6362],[27.6079,43.6446]]],[[[27.4899,43.6448],[27.4943,43.6512],[27.505,43.6437],[27.4899,43.6448]]],[[[27.5973,43.6712],[27.6027,43.6715],[27.5977,43.6663],[27.5973,43.6712]]],[[[27.7522,43.6661],[27.7491,43.672],[27.7539,43.6778],[27.7522,43.6661]]],[[[27.6292,43.6713],[27.6016,43.6746],[27.6081,43.6823],[27.6292,43.6713]]],[[[27.5791,43.6787],[27.5766,43.679],[27.5773,43.6914],[27.5791,43.6787]]],[[[27.7413,43.6811],[27.7384,43.682],[27.744,43.6919],[27.7413,43.6811]]],[[[28.4951,43.8085],[28.4969,43.7988],[28.482,43.778],[28.4722,43.8019],[28.4906,43.7979],[28.4926,43.8063],[28.4864,43.8127],[28.5149,43.8112],[28.4951,43.8085]]],[[[28.4905,43.806],[28.4893,43.7997],[28.4654,43.817],[28.4905,43.806]]],[[[27.7682,43.9843],[27.748,43.9795],[27.7615,44.014],[27.7395,44.0117],[27.7672,44.0167],[27.7682,43.9843]]],[[[27.6329,44.0288],[27.6464,44.0336],[27.6468,44.0317],[27.6329,44.0288]]],[[[27.5008,44.0419],[27.5028,44.0501],[27.5036,44.0396],[27.5008,44.0419]]],[[[27.6709,44.0377],[27.6557,44.0497],[27.6701,44.0582],[27.6902,44.0536],[27.6709,44.0377]]],[[[27.717,44.0566],[27.7046,44.0588],[27.7184,44.0586],[27.717,44.0566]]],[[[27.8137,44.0615],[27.8179,44.0508],[27.8116,44.0585],[27.7945,44.0529],[27.8137,44.0615]]],[[[27.5617,44.0576],[27.5655,44.0535],[27.5517,44.0546],[27.5466,44.0617],[27.5617,44.0576]]],[[[27.7378,44.0605],[27.744,44.0663],[27.7506,44.0596],[27.7378,44.0605]]],[[[27.9629,44.0544],[27.9807,44.0667],[27.9816,44.0626],[27.9629,44.0544]]],[[[27.8629,44.0546],[27.8372,44.0568],[27.8539,44.0369],[27.8303,44.0641],[27.8574,44.0853],[27.8629,44.0546]]],[[[27.6841,44.0609],[27.6782,44.06],[27.6886,44.0681],[27.6841,44.0609]]],[[[27.7166,44.0627],[27.7159,44.0668],[27.7284,44.0673],[27.7341,44.0607],[27.7166,44.0627]]],[[[27.7835,44.0634],[27.7817,44.0579],[27.7759,44.076],[27.7883,44.0849],[27.7835,44.0634]]],[[[27.9088,44.0763],[27.9148,44.0657],[27.8851,44.0887],[27.9088,44.0763]]],[[[27.7742,44.0795],[27.7709,44.0655],[27.7584,44.0935],[27.7742,44.0795]]],[[[28.4978,44.0945],[28.4978,44.0846],[28.4944,44.0843],[28.4978,44.0945]]],[[[27.774,44.089],[27.7882,44.095],[27.779,44.0851],[27.774,44.089]]],[[[27.8151,44.0927],[27.8038,44.0966],[27.8362,44.1011],[27.8151,44.0927]]],[[[27.9125,44.1266],[27.9279,44.1137],[27.9209,44.1054],[27.9102,44.1274],[27.938,44.1197],[27.9125,44.1266]]],[[[27.8731,44.1378],[27.8908,44.14],[27.8854,44.1307],[27.8903,44.1287],[27.8966,44.1324],[27.9043,44.1289],[27.8783,44.1117],[27.8731,44.1378]]],[[[27.7774,44.1422],[27.7803,44.121],[27.7692,44.1315],[27.7774,44.1422]]],[[[27.9184,44.1359],[27.9391,44.1389],[27.938,44.136],[27.9089,44.1345],[27.9184,44.1359]]],[[[28.098,44.135],[28.0809,44.1622],[28.092,44.1452],[28.098,44.135]]],[[[27.8828,44.1643],[27.904,44.1539],[27.8896,44.1502],[27.8999,44.134],[27.8887,44.1305],[27.8935,44.1438],[27.8692,44.1587],[27.8946,44.1925],[27.9157,44.1644],[27.8828,44.1643]]],[[[28.0634,44.177],[28.0638,44.1545],[28.0497,44.1754],[28.0493,44.1551],[28.0372,44.1726],[28.0328,44.1528],[28.0121,44.1563],[28.0341,44.1901],[28.0634,44.177]]],[[[28.0792,44.1681],[28.0364,44.1938],[28.0623,44.1878],[28.0702,44.1943],[28.0733,44.19],[28.0792,44.1681]]],[[[28.0367,44.1955],[28.0352,44.1992],[28.0624,44.1986],[28.0367,44.1955]]],[[[28.0235,44.1825],[28.0019,44.1781],[28.0138,44.2161],[28.0235,44.1825]]],[[[28.0774,44.2082],[28.0862,44.1909],[28.0649,44.1988],[28.0734,44.2103],[28.0831,44.2112],[28.0935,44.1958],[28.0774,44.2082]]],[[[28.0041,44.2079],[27.9921,44.218],[28.0061,44.2296],[28.0041,44.2079]]],[[[27.8265,44.2444],[27.8469,44.2438],[27.8113,44.2391],[27.8265,44.2444]]],[[[28.6065,44.3655],[28.6173,44.3623],[28.612,44.3612],[28.6065,44.3655]]],[[[28.0887,44.3989],[28.0844,44.4019],[28.0967,44.4157],[28.0887,44.3989]]],[[[28.1196,44.4169],[28.1178,44.4069],[28.0991,44.4141],[28.1196,44.4169]]],[[[28.4791,44.4506],[28.4562,44.4559],[28.4955,44.4777],[28.518,44.4644],[28.4791,44.4506]]],[[[28.4678,44.4703],[28.4507,44.4866],[28.4815,44.4937],[28.4678,44.4703]]],[[[28.4423,44.4752],[28.4157,44.4846],[28.4116,44.4909],[28.4423,44.4752]]],[[[28.4101,44.4983],[28.4135,44.4965],[28.4124,44.492],[28.4101,44.4983]]],[[[28.3958,44.4998],[28.4011,44.5002],[28.3975,44.4961],[28.3958,44.4998]]],[[[28.3911,44.5034],[28.3907,44.4991],[28.3827,44.5004],[28.3911,44.5034]]],[[[28.4255,44.4997],[28.4332,44.5049],[28.45,44.4957],[28.4219,44.4973],[28.4127,44.5151],[28.4255,44.4997]]],[[[28.0473,44.5857],[28.0337,44.5673],[28.0393,44.5858],[28.0705,44.5861],[28.0473,44.5857]]],[[[27.9207,44.5916],[27.923,44.5851],[27.9112,44.5742],[27.9059,44.5999],[27.9207,44.5916]]],[[[28.0474,44.6181],[28.0515,44.5975],[28.0474,44.6061],[28.0474,44.6181]]],[[[28.7957,44.624],[28.8016,44.6391],[28.8023,44.6236],[28.7957,44.624]]],[[[28.7839,44.5986],[28.8481,44.6509],[28.8977,44.6779],[28.7839,44.5986]]],[[[28.7323,44.6873],[28.7368,44.6917],[28.7468,44.6871],[28.7323,44.6873]]],[[[28.0457,44.6934],[28.0508,44.7008],[28.0715,44.7121],[28.0766,44.7267],[28.0711,44.7035],[28.0961,44.7091],[28.0457,44.6934]]],[[[28.483,44.712],[28.4751,44.7128],[28.4811,44.7165],[28.483,44.712]]],[[[29.0466,44.7364],[29.0185,44.7309],[29.0894,44.7538],[29.0466,44.7364]]],[[[28.928,44.7549],[28.9086,44.7705],[28.9298,44.766],[28.928,44.7549]]],[[[29.1654,44.7853],[29.098,44.7576],[29.1968,44.8129],[29.1785,44.7919],[29.2943,44.8035],[29.1654,44.7853]]],[[[28.7044,44.8029],[28.6986,44.8165],[28.7278,44.8056],[28.7044,44.8029]]],[[[28.6835,44.8088],[28.6868,44.8168],[28.6967,44.8111],[28.6835,44.8088]]],[[[28.7405,44.8168],[28.753,44.8055],[28.7475,44.8071],[28.7405,44.8168]]],[[[28.7515,44.8201],[28.7518,44.8136],[28.7426,44.8208],[28.7515,44.8201]]],[[[29.3579,44.8239],[29.3175,44.8193],[29.2916,44.8176],[29.3579,44.8239]]],[[[28.9514,44.8248],[28.8878,44.853],[28.8536,44.8374],[28.8814,44.7995],[28.7826,44.8128],[28.8474,44.8575],[28.8937,44.8612],[28.9514,44.8248]]],[[[29.4287,44.8381],[29.4413,44.8389],[29.4137,44.8323],[29.387,44.8295],[29.4287,44.8381]]],[[[29.5685,44.8526],[29.54,44.8327],[29.5786,44.85],[29.5724,44.8431],[29.5432,44.8314],[29.4998,44.8214],[29.4676,44.8182],[29.458,44.8193],[29.539,44.8386],[29.5768,44.8773],[29.5685,44.8526]]],[[[28.6226,44.8661],[28.6305,44.8595],[28.6201,44.8558],[28.6226,44.8661]]],[[[27.837,44.8367],[27.8488,44.8737],[27.8881,44.8876],[27.8888,44.8737],[27.837,44.8367]],[[27.8837,44.8852],[27.8687,44.8733],[27.8756,44.8725],[27.8837,44.8852]],[[27.863,44.8689],[27.8645,44.8752],[27.8541,44.8742],[27.863,44.8689]]],[[[29.494,44.8675],[29.5142,44.8809],[29.4872,44.8623],[29.4604,44.8542],[29.4296,44.848],[29.494,44.8675]]],[[[29.5389,44.88],[29.5156,44.8658],[29.4558,44.8466],[29.5024,44.8639],[29.528,44.8838],[29.5202,44.8708],[29.5389,44.88]]],[[[29.2774,44.8634],[29.3126,44.885],[29.3773,44.9129],[29.2774,44.8634]]],[[[29.6049,44.8899],[29.6009,44.9006],[29.6169,44.9017],[29.6049,44.8899]]],[[[29.4931,44.8741],[29.5306,44.9136],[29.5216,44.8962],[29.4931,44.8741]]],[[[28.2031,44.8886],[28.186,44.8864],[28.2013,44.8919],[28.1709,44.9024],[28.2122,44.8958],[28.2031,44.8886]]],[[[28.2973,44.9143],[28.2983,44.8984],[28.2689,44.9072],[28.2973,44.9143]]],[[[28.2453,44.915],[28.2077,44.9408],[28.2413,44.9342],[28.2453,44.915]]],[[[28.6821,44.9357],[28.6923,44.9276],[28.6873,44.9262],[28.6821,44.9357]]],[[[29.4924,44.9463],[29.4866,44.9386],[29.4725,44.9284],[29.4924,44.9463]]],[[[28.2804,44.9357],[28.2556,44.9537],[28.2948,44.9593],[28.2804,44.9357]]],[[[28.2549,44.9441],[28.2382,44.9373],[28.2095,44.9539],[28.2304,44.962],[28.2549,44.9441]]],[[[28.6061,44.9528],[28.6112,44.9688],[28.6205,44.9569],[28.6061,44.9528]]],[[[29.5887,44.9082],[29.5889,44.9329],[29.5582,44.9374],[29.5855,44.9614],[29.5493,44.9356],[29.5738,44.9696],[29.5276,44.9661],[29.6376,45.0034],[29.6302,44.9603],[29.5724,44.946],[29.6039,44.9248],[29.5887,44.9082]]],[[[28.2444,44.9548],[28.2407,44.9614],[28.2475,44.9645],[28.2444,44.9548]]],[[[28.9778,44.9741],[28.9826,44.9677],[28.9711,44.9655],[28.9778,44.9741]]],[[[28.598,44.9777],[28.6057,44.9607],[28.5988,44.9536],[28.5805,44.9825],[28.598,44.9777]]],[[[28.2044,44.9782],[28.1942,44.9576],[28.1843,44.9693],[28.2096,44.9836],[28.2557,44.9668],[28.2044,44.9782]]],[[[28.7695,44.9881],[28.7758,44.9848],[28.7694,44.9729],[28.7695,44.9881]]],[[[28.733,44.9887],[28.7481,44.9889],[28.7489,44.9838],[28.733,44.9887]]],[[[29.4937,44.9722],[29.5513,44.9953],[29.6402,45.0167],[29.4937,44.9722]]],[[[29.4652,44.9696],[29.4602,44.9725],[29.4778,44.9883],[29.498,44.9984],[29.4686,44.977],[29.5147,44.9972],[29.6423,45.0311],[29.4652,44.9696]]],[[[28.308,45.0033],[28.3729,45.0014],[28.2989,44.9858],[28.3032,45.0063],[28.2762,45.0151],[28.3282,45.0104],[28.308,45.0033]]],[[[28.7008,45.004],[28.6905,44.9882],[28.6789,44.9921],[28.6825,45.0159],[28.7008,45.004]]],[[[28.5861,45.0084],[28.5796,45.0059],[28.5815,45.0138],[28.5861,45.0084]]],[[[28.6072,45.0194],[28.6063,45.025],[28.6152,45.0309],[28.6072,45.0194]]],[[[28.7758,45.0245],[28.7708,45.0261],[28.7815,45.029],[28.7758,45.0245]]],[[[28.3993,45.0441],[28.4053,45.0195],[28.4001,45.0196],[28.3993,45.0441]]],[[[28.8191,45.0375],[28.8307,45.0333],[28.8264,45.0288],[28.8191,45.0375]]],[[[28.7626,45.0343],[28.7684,45.0416],[28.7844,45.0424],[28.7626,45.0343]]],[[[29.3794,45.0285],[29.3698,45.0355],[29.3735,45.05],[29.3794,45.0285]]],[[[28.4794,45.0437],[28.4734,45.0498],[28.492,45.0471],[28.4794,45.0437]]],[[[28.5137,45.0534],[28.5104,45.0371],[28.4913,45.0661],[28.5137,45.0534]]],[[[28.3152,45.0508],[28.3171,45.0658],[28.3251,45.0629],[28.3152,45.0508]]],[[[29.0217,45.0532],[29.0244,45.0489],[28.9849,45.0635],[29.0217,45.0532]]],[[[29.4086,45.0457],[29.3987,45.0665],[29.4187,45.0575],[29.4086,45.0457]]],[[[28.3124,45.0584],[28.315,45.0544],[28.3047,45.0507],[28.313,45.0559],[28.2723,45.0531],[28.266,45.0574],[28.3124,45.0584]]],[[[28.5691,45.0654],[28.5728,45.0668],[28.586,45.0582],[28.5691,45.0654]]],[[[28.815,45.0693],[28.8144,45.0753],[28.8269,45.0592],[28.815,45.0693]]],[[[28.7751,45.0844],[28.7838,45.0773],[28.775,45.0781],[28.7799,45.0625],[28.7666,45.0527],[28.7751,45.0844]]],[[[28.3669,45.0628],[28.3527,45.0687],[28.3552,45.0771],[28.3669,45.0628]]],[[[28.8037,45.0759],[28.8057,45.0699],[28.8023,45.0714],[28.8037,45.0759]]],[[[28.3942,45.0694],[28.3938,45.0664],[28.3768,45.0742],[28.385,45.0806],[28.3938,45.0803],[28.3942,45.0694]]],[[[28.3476,45.0713],[28.3452,45.0651],[28.3145,45.0778],[28.3476,45.0713]]],[[[28.6159,45.0851],[28.6172,45.0811],[28.6146,45.079],[28.6159,45.0851]]],[[[29.0586,45.087],[29.0811,45.0899],[29.0793,45.0826],[29.0586,45.087]]],[[[28.5832,45.1064],[28.6079,45.0981],[28.5836,45.0965],[28.593,45.0859],[28.5909,45.0802],[28.573,45.0915],[28.5832,45.1064]]],[[[28.2879,45.0948],[28.2769,45.1024],[28.2822,45.1007],[28.2879,45.0948]]],[[[28.4149,45.0945],[28.4211,45.1128],[28.4322,45.0869],[28.4149,45.0945]]],[[[29.1322,45.0873],[29.1259,45.0981],[29.1451,45.1117],[29.1322,45.0873]]],[[[28.3098,45.0976],[28.3085,45.1012],[28.3212,45.1052],[28.3098,45.0976]]],[[[28.7693,45.1065],[28.7578,45.1142],[28.7664,45.1155],[28.7693,45.1065]]],[[[28.1966,45.1196],[28.2141,45.1113],[28.2078,45.11],[28.1966,45.1196]]],[[[28.9589,45.1147],[28.9497,45.1199],[28.9675,45.1228],[28.9589,45.1147]]],[[[28.2644,45.1372],[28.2944,45.1209],[28.2846,45.1065],[28.2685,45.1327],[28.2559,45.1312],[28.2762,45.1061],[28.248,45.1145],[28.2586,45.0944],[28.22,45.1135],[28.2457,45.1136],[28.2486,45.1521],[28.2858,45.1366],[28.2644,45.1372]]],[[[28.7854,45.1275],[28.7822,45.1385],[28.7955,45.154],[28.7854,45.1275]]],[[[29.3845,45.1729],[29.3748,45.1423],[29.3713,45.1468],[29.3845,45.1729]]],[[[28.2963,45.1707],[28.3047,45.1659],[28.2888,45.1603],[28.2963,45.1707]]],[[[28.2832,45.1691],[28.2724,45.177],[28.2815,45.1797],[28.2832,45.1691]]],[[[28.493,45.1762],[28.491,45.1866],[28.5078,45.1764],[28.493,45.1762]]],[[[28.4803,45.1701],[28.4773,45.1638],[28.4643,45.1649],[28.4631,45.1723],[28.4505,45.1815],[28.4441,45.1959],[28.4646,45.186],[28.4803,45.1701]],[[28.4508,45.1889],[28.4607,45.1868],[28.4491,45.1925],[28.4508,45.1889]]],[[[28.5621,45.1952],[28.5846,45.1693],[28.5886,45.1623],[28.5842,45.1598],[28.5473,45.2055],[28.5621,45.1952]]],[[[28.2672,45.1782],[28.2637,45.1806],[28.2673,45.1943],[28.2672,45.1782]]],[[[29.3979,45.1958],[29.3855,45.1772],[29.385,45.1776],[29.3979,45.1958]]],[[[28.2511,45.1949],[28.2625,45.202],[28.2642,45.1913],[28.2525,45.1899],[28.237,45.2064],[28.2624,45.2113],[28.2511,45.1949]]],[[[29.5945,45.2083],[29.584,45.218],[29.5973,45.2117],[29.6097,45.202],[29.5945,45.2083]]],[[[28.1984,45.2387],[28.207,45.2379],[28.2334,45.1931],[28.2005,45.215],[28.1765,45.268],[28.1984,45.2387]]],[[[29.5181,45.2322],[29.5363,45.2137],[29.5322,45.2101],[29.5181,45.2322]]],[[[29.6306,45.2309],[29.6271,45.2224],[29.6262,45.2228],[29.6306,45.2309]]],[[[29.5395,45.2276],[29.5523,45.2133],[29.534,45.2269],[29.5168,45.2515],[29.5395,45.2276]]],[[[28.7739,45.2421],[28.7694,45.2452],[28.7749,45.2458],[28.7739,45.2421]]],[[[28.3553,45.2612],[28.3428,45.2649],[28.3559,45.2744],[28.3553,45.2612]]],[[[29.6216,45.2437],[29.6077,45.286],[29.6469,45.2584],[29.632,45.2329],[29.5816,45.2512],[29.5413,45.3023],[29.5455,45.2802],[29.5389,45.2727],[29.6068,45.2371],[29.5432,45.2688],[29.5886,45.2283],[29.541,45.2595],[29.5572,45.2374],[29.5289,45.2717],[29.5348,45.3113],[29.6216,45.2437]]],[[[29.5104,45.2593],[29.4922,45.273],[29.5058,45.2494],[29.4691,45.2759],[29.5033,45.2405],[29.4932,45.2322],[29.4456,45.2647],[29.4542,45.2267],[29.4378,45.2532],[29.4301,45.221],[29.4098,45.2138],[29.4942,45.3372],[29.4847,45.3082],[29.5139,45.2904],[29.5104,45.2593]]],[[[29.0789,45.266],[28.9694,45.2863],[28.9314,45.2705],[28.9621,45.2916],[29.1345,45.269],[29.2808,45.2828],[29.2338,45.2725],[29.0789,45.266]]],[[[28.1229,45.2726],[28.1018,45.2787],[28.0947,45.2859],[28.1229,45.2726]]],[[[29.3215,45.3092],[29.3173,45.3066],[29.3166,45.3105],[29.3215,45.3092]]],[[[29.5674,45.3897],[29.5716,45.3713],[29.5688,45.3712],[29.5674,45.3897]]],[[[29.4705,45.4104],[29.4985,45.4054],[29.4526,45.4084],[29.485,45.395],[29.419,45.4048],[29.4877,45.4176],[29.4705,45.4104]]],[[[28.1643,45.5735],[28.1631,45.5683],[28.1567,45.5687],[28.1643,45.5735]]],[[[28.1688,45.7239],[28.1677,45.7137],[28.1609,45.7249],[28.1672,45.7363],[28.1513,45.7443],[28.1449,45.7638],[28.1692,45.7357],[28.1688,45.7239]]],[[[27.8276,45.8617],[27.8256,45.8585],[27.8209,45.8623],[27.8276,45.8617]]],[[[27.7254,45.9291],[27.7201,45.9322],[27.7236,45.9395],[27.7254,45.9291]]],[[[27.6259,47.1715],[27.6093,47.19],[27.6289,47.17],[27.6254,47.1684],[27.6259,47.1715]]]]}}
]
}
