{
"type": "FeatureCollection",
"name": "SELECT",
"crs": { "type": "name", "properties": { "name": "urn:ogc:def:crs:OGC:1.3:CRS84" } },
"xy_coordinate_resolution": 0.0001,
"features": [
{"type":"Feature","properties":{"klasse":"obstbau"},"geometry":{"type":"MultiPolygon","coordinates":[[[[20.0914,43.6934],[20.1191,43.6964],[20.1089,43.6861],[20.0914,43.6934]]],[[[19.6584,44.5149],[19.6632,44.5186],[19.6671,44.5122],[19.6584,44.5149]]],[[[19.8251,44.6284],[19.8253,44.632],[19.8284,44.6277],[19.8251,44.6284]]],[[[20.0125,44.6582],[20.0059,44.6607],[20.0262,44.6648],[20.0125,44.6582]]],[[[20.0663,44.6622],[20.0588,44.6646],[20.0617,44.6671],[20.0663,44.6622]]],[[[19.5046,44.6655],[19.4868,44.664],[19.4908,44.6753],[19.5046,44.6655]]],[[[19.5096,44.7279],[19.5214,44.7341],[19.5196,44.7278],[19.5096,44.7279]]],[[[19.6596,44.751],[19.6608,44.7649],[19.6678,44.7622],[19.6596,44.751]]],[[[20.0874,44.8357],[20.1064,44.8326],[20.0992,44.8313],[20.0874,44.8357]]],[[[19.8368,45.0349],[19.8259,45.0242],[19.8313,45.0301],[19.8368,45.0349]]],[[[19.8154,45.0456],[19.8043,45.0437],[19.8078,45.0589],[19.8154,45.0456]]],[[[19.5037,45.061],[19.5037,45.0666],[19.5089,45.0667],[19.5037,45.061]]],[[[19.9321,45.0827],[19.9249,45.0758],[19.9269,45.0819],[19.9321,45.0827]]],[[[19.6159,45.0826],[19.6139,45.0823],[19.6138,45.0916],[19.6159,45.0826]]],[[[19.8283,45.104],[19.8276,45.1192],[19.8322,45.1154],[19.8283,45.104]]],[[[19.8173,45.1244],[19.8229,45.1245],[19.8205,45.1187],[19.8173,45.1244]]],[[[20.0575,45.1543],[20.0496,45.1553],[20.0507,45.1588],[20.0575,45.1543]]],[[[19.5145,45.3054],[19.4925,45.3135],[19.4976,45.3139],[19.5145,45.3054]]],[[[19.9095,45.3102],[19.9261,45.3125],[19.9225,45.3078],[19.9095,45.3102]]],[[[19.4851,45.3276],[19.5067,45.3141],[19.4988,45.3156],[19.4851,45.3276]]],[[[19.8492,45.3362],[19.8535,45.3349],[19.8491,45.3261],[19.8492,45.3362]]],[[[20.0693,45.5486],[20.0742,45.5319],[20.0676,45.5318],[20.0693,45.5486]]],[[[19.7109,45.5415],[19.7003,45.5374],[19.6988,45.5444],[19.7109,45.5415]]],[[[20.0745,45.5497],[20.0585,45.5524],[20.0686,45.5557],[20.0745,45.5497]]],[[[20.1012,45.5687],[20.0973,45.5635],[20.0871,45.5612],[20.1012,45.5687]]],[[[20.094,45.583],[20.0791,45.582],[20.0798,45.5859],[20.094,45.583]]],[[[19.6491,45.595],[19.6512,45.5984],[19.6621,45.5948],[19.6491,45.595]]],[[[19.6347,45.8784],[19.6397,45.8793],[19.6367,45.8454],[19.6347,45.8784]]],[[[20.1125,45.9002],[20.1089,45.8998],[20.1132,45.9043],[20.1247,45.8976],[20.1125,45.9002]]],[[[19.7936,46.073],[19.8125,46.0731],[19.801,46.0706],[19.7936,46.073]]],[[[19.513,46.0677],[19.5012,46.081],[19.528,46.0826],[19.513,46.0677]]],[[[19.9066,46.0867],[19.9007,46.0933],[19.9042,46.0949],[19.9066,46.0867]]],[[[19.8036,46.1137],[19.8062,46.1098],[19.8044,46.1086],[19.8036,46.1137]]],[[[19.9048,46.1108],[19.8714,46.0804],[19.8399,46.0967],[19.8397,46.1017],[19.8625,46.1006],[19.8668,46.1029],[19.8536,46.1018],[19.8248,46.1254],[19.8191,46.1255],[19.8345,46.1088],[19.8301,46.1051],[19.7752,46.1258],[19.7557,46.1456],[19.8337,46.1354],[19.8346,46.1215],[19.8557,46.1041],[19.8539,46.1488],[19.9048,46.1108]],[[19.798,46.1254],[19.8056,46.1275],[19.797,46.1351],[19.798,46.1254]],[[19.7735,46.1331],[19.7843,46.1377],[19.7815,46.1407],[19.7735,46.1331]],[[19.8104,46.1264],[19.8053,46.125],[19.8079,46.1193],[19.8104,46.1264]]],[[[19.7764,46.1194],[19.7783,46.1158],[19.7695,46.115],[19.7764,46.1194]]],[[[19.7179,46.1195],[19.728,46.1198],[19.7287,46.1173],[19.7179,46.1195]]],[[[19.7426,46.1124],[19.738,46.124],[19.753,46.1203],[19.7426,46.1124]]],[[[19.7613,46.1206],[19.739,46.1332],[19.7459,46.1368],[19.7613,46.1206]]],[[[19.5841,46.1414],[19.5924,46.1328],[19.5885,46.1341],[19.5841,46.1414]]],[[[19.988,46.1415],[19.9781,46.1493],[20.0062,46.1442],[19.988,46.1415]]],[[[19.8934,46.1477],[19.8935,46.1464],[19.8841,46.151],[19.8934,46.1477]]],[[[19.6067,46.1488],[19.5851,46.1632],[19.5973,46.1576],[19.6067,46.1488]]],[[[19.5561,46.1629],[19.5634,46.155],[19.5559,46.1509],[19.5561,46.1629]]],[[[19.9414,46.158],[19.9478,46.1626],[19.9508,46.1597],[19.9414,46.158]]],[[[19.6151,46.1575],[19.5993,46.1688],[19.6285,46.1693],[19.6151,46.1575]]],[[[19.9626,46.2632],[19.966,46.2589],[19.9617,46.2563],[19.9626,46.2632]]],[[[19.8894,46.2596],[19.8841,46.2683],[19.8794,46.2656],[19.8771,46.2674],[19.8841,46.2707],[19.8894,46.2596]]],[[[19.675,46.2744],[19.6794,46.2716],[19.6675,46.2714],[19.675,46.2744]]],[[[20.0046,46.3034],[20.0054,46.3017],[20.0047,46.2978],[20.0046,46.3034]]],[[[19.9595,46.2969],[19.9555,46.308],[19.9631,46.3088],[19.9595,46.2969]]],[[[19.9323,46.3142],[19.936,46.2994],[19.89,46.3185],[19.9323,46.3142]]],[[[19.8814,46.3054],[19.9023,46.3003],[19.8781,46.3039],[19.8742,46.3124],[19.8814,46.3054]]],[[[19.9524,46.3151],[19.9448,46.3228],[19.9495,46.3284],[19.9524,46.3151]]],[[[19.6285,46.3282],[19.6315,46.3256],[19.6256,46.319],[19.6285,46.3282]]],[[[19.8631,46.3293],[19.8733,46.3228],[19.8701,46.3203],[19.8631,46.3293]]],[[[20.0074,46.3306],[20.0139,46.3293],[20.0092,46.323],[20.0074,46.3306]]],[[[19.9945,46.3379],[19.989,46.3328],[19.9807,46.3368],[19.9945,46.3379]]],[[[19.9685,46.3342],[19.9711,46.3481],[19.9796,46.3481],[19.9685,46.3342]]],[[[20.0212,46.3715],[20.0275,46.3687],[20.0231,46.364],[20.0212,46.3715]]],[[[19.9511,46.363],[19.9448,46.367],[19.9479,46.3713],[19.9506,46.3728],[19.9511,46.363]]],[[[19.9489,46.3753],[19.9299,46.3625],[19.9385,46.3847],[19.9489,46.3753]]],[[[19.9566,46.4246],[19.9508,46.4307],[19.9557,46.433],[19.9566,46.4246]]],[[[19.6998,46.4415],[19.7069,46.4477],[19.7143,46.444],[19.6998,46.4415]]],[[[19.7364,46.455],[19.7391,46.4508],[19.7311,46.4468],[19.7364,46.455]]],[[[19.7177,46.4547],[19.7225,46.4563],[19.7206,46.4483],[19.709,46.45],[19.7177,46.4547]]],[[[19.9405,46.4908],[19.952,46.4935],[19.9561,46.4895],[19.9405,46.4908]]],[[[19.6829,46.4969],[19.6856,46.4933],[19.6791,46.4903],[19.6829,46.4969]]],[[[19.8981,46.5044],[19.909,46.5009],[19.8993,46.495],[19.8981,46.5044]]],[[[19.6905,46.5069],[19.6864,46.5146],[19.6903,46.5157],[19.6905,46.5069]]],[[[19.6822,46.512],[19.687,46.5086],[19.6751,46.5108],[19.6822,46.512]]],[[[19.8001,46.5252],[19.8019,46.5348],[19.8221,46.5254],[19.8001,46.5252]]],[[[19.6911,46.5535],[19.6909,46.5605],[19.7079,46.5519],[19.6911,46.5535]]],[[[19.6036,46.5758],[19.5983,46.5763],[19.602,46.5828],[19.6036,46.5758]]],[[[19.6587,46.581],[19.6508,46.5986],[19.6576,46.5977],[19.6587,46.581]]],[[[19.865,46.6856],[19.8575,46.692],[19.8663,46.6908],[19.865,46.6856]]],[[[19.6603,46.6868],[19.6574,46.6879],[19.6519,46.6937],[19.6543,46.6957],[19.6438,46.6978],[19.6528,46.7058],[19.6603,46.6868]]],[[[19.5808,46.7198],[19.588,46.7135],[19.5857,46.7105],[19.5808,46.7198]]],[[[19.5701,46.747],[19.5515,46.7535],[19.5689,46.7666],[19.5701,46.747]]],[[[19.5821,46.7562],[19.5787,46.7627],[19.5872,46.7623],[19.5821,46.7562]]],[[[19.6144,46.7834],[19.5975,46.7887],[19.6026,46.7929],[19.6144,46.7834]]],[[[19.6822,46.8166],[19.6576,46.8221],[19.6675,46.8295],[19.7057,46.8047],[19.6822,46.8166]]],[[[19.7467,46.8218],[19.7486,46.8159],[19.7378,46.8102],[19.7467,46.8218]]],[[[19.6046,46.8251],[19.5897,46.8203],[19.5864,46.8248],[19.6046,46.8251]]],[[[19.7055,46.8202],[19.6997,46.829],[19.7017,46.8302],[19.7055,46.8202]]],[[[19.6221,46.8231],[19.6275,46.8257],[19.6192,46.8191],[19.5994,46.8355],[19.6221,46.8231]]],[[[19.9189,46.8282],[19.9132,46.8303],[19.9192,46.8372],[19.9189,46.8282]]],[[[19.6627,46.8519],[19.6943,46.8411],[19.6924,46.8313],[19.6627,46.8519]]],[[[19.8916,46.8427],[19.8855,46.8493],[19.9007,46.8497],[19.8916,46.8427]]],[[[20.0949,46.8434],[20.0865,46.8467],[20.1072,46.8569],[20.1138,46.8552],[20.0949,46.8434]]],[[[19.65,46.8441],[19.6464,46.855],[19.6582,46.8593],[19.65,46.8441]]],[[[20.0682,46.852],[20.0624,46.8524],[20.0524,46.8639],[20.0682,46.852]]],[[[19.9053,46.865],[19.8844,46.8691],[19.8923,46.8716],[19.9053,46.865]]],[[[20.0174,46.8905],[20.0389,46.8947],[20.0352,46.8897],[20.0174,46.8905]]],[[[20.0127,46.8982],[20.0148,46.8934],[20.0015,46.8914],[20.0127,46.8982]]],[[[19.548,46.8894],[19.5325,46.8969],[19.5406,46.9038],[19.548,46.8894]]],[[[19.7821,46.901],[19.7862,46.8988],[19.7715,46.8944],[19.7821,46.901]]],[[[19.5295,46.9024],[19.5334,46.8998],[19.5159,46.8942],[19.5295,46.9024]]],[[[19.9969,46.8941],[19.9862,46.9025],[19.9963,46.8985],[19.9969,46.8941]]],[[[19.5743,46.9043],[19.5766,46.9003],[19.5683,46.8979],[19.5743,46.9043]]],[[[20.0405,46.9074],[20.0567,46.9096],[20.0528,46.9083],[20.0405,46.9074]]],[[[19.7874,46.9168],[19.7693,46.9276],[19.7806,46.9289],[19.7874,46.9168]]],[[[19.7991,46.9312],[19.8106,46.9299],[19.8029,46.928],[19.7991,46.9312]]],[[[19.7958,46.9419],[19.8021,46.9381],[19.7917,46.9308],[19.7958,46.9419]]],[[[20.0802,46.9421],[20.0729,46.9487],[20.0852,46.9561],[20.0802,46.9421]]],[[[20.0337,46.9609],[20.0405,46.9651],[20.042,46.9605],[20.0337,46.9609]]],[[[19.5086,46.9646],[19.512,46.9629],[19.4991,46.963],[19.5086,46.9646]]],[[[19.756,46.9644],[19.7624,46.9717],[19.7695,46.9697],[19.756,46.9644]]],[[[19.6215,46.969],[19.6169,46.9727],[19.6189,46.9725],[19.6215,46.969]]],[[[19.8312,46.9762],[19.8257,46.9756],[19.841,46.9805],[19.8312,46.9762]]],[[[19.8141,46.9762],[19.8094,46.9799],[19.8173,46.9852],[19.8141,46.9762]]],[[[20.011,46.9823],[20.001,46.9818],[20.009,46.9854],[20.011,46.9823]]],[[[20.0941,46.9825],[20.1051,46.9922],[20.1098,46.9896],[20.0941,46.9825]]],[[[19.8027,46.9828],[19.7918,46.9886],[19.804,46.9891],[19.8027,46.9828]]],[[[19.63,46.9841],[19.6263,46.9852],[19.63,46.9908],[19.63,46.9841]]],[[[19.7595,46.9877],[19.76,46.9954],[19.7771,46.9932],[19.7901,46.9821],[19.7595,46.9877]]],[[[19.4977,46.9866],[19.48,46.9835],[19.5161,46.9977],[19.4977,46.9866]]],[[[20.0426,46.9948],[20.0342,46.9941],[20.045,46.998],[20.0426,46.9948]]],[[[19.8141,47.0006],[19.8011,46.9963],[19.8105,47.0027],[19.8189,46.9989],[19.8141,47.0006]]],[[[19.6453,46.9945],[19.6372,46.9929],[19.6198,47.0072],[19.6453,46.9945]]],[[[19.8267,47.0043],[19.8183,47.0039],[19.8166,47.022],[19.8267,47.0043]]],[[[19.9388,47.0088],[19.9284,47.0115],[19.9305,47.0155],[19.9388,47.0088]]],[[[19.7999,47.0126],[19.7966,47.0085],[19.7928,47.0165],[19.7999,47.0126]]],[[[19.542,47.0513],[19.5524,47.0445],[19.5454,47.0437],[19.542,47.0513]]],[[[19.5366,47.0472],[19.5297,47.0476],[19.5232,47.0548],[19.5366,47.0472]]],[[[19.5411,47.0557],[19.5249,47.0561],[19.5171,47.0699],[19.5411,47.0557]]],[[[19.5083,47.0816],[19.5273,47.0787],[19.5144,47.0719],[19.5083,47.0816]]],[[[19.5404,47.0816],[19.5457,47.0871],[19.5509,47.0842],[19.5404,47.0816]]],[[[19.7885,47.0817],[19.7853,47.084],[19.7968,47.0922],[19.8089,47.089],[19.7885,47.0817]]],[[[19.5293,47.0847],[19.5224,47.09],[19.5335,47.095],[19.5293,47.0847]]],[[[19.7836,47.0834],[19.7696,47.0884],[19.7865,47.1045],[19.7836,47.0834]]],[[[19.8366,47.0921],[19.8277,47.0942],[19.8305,47.0978],[19.8366,47.0921]]],[[[19.8563,47.1038],[19.861,47.1023],[19.8543,47.0968],[19.8563,47.1038]]],[[[19.819,47.114],[19.814,47.1119],[19.8016,47.1138],[19.819,47.114]]],[[[19.8341,47.12],[19.8429,47.1157],[19.8415,47.1143],[19.8341,47.12]]],[[[19.7709,47.126],[19.7781,47.1309],[19.7809,47.1238],[19.7709,47.126]]],[[[19.691,47.1549],[19.6992,47.1512],[19.6915,47.1478],[19.691,47.1549]]],[[[19.8545,47.1595],[19.8612,47.1523],[19.8576,47.1489],[19.8545,47.1595]]],[[[19.8338,47.1599],[19.8209,47.1545],[19.8352,47.1691],[19.8338,47.1599]]],[[[19.4968,47.1788],[19.4905,47.1814],[19.4949,47.1851],[19.4968,47.1788]]],[[[19.5726,47.1961],[19.5762,47.1997],[19.5864,47.1993],[19.5837,47.1892],[19.5467,47.205],[19.5726,47.1961]]],[[[19.5657,47.214],[19.5899,47.2067],[19.5682,47.2017],[19.5546,47.2212],[19.5657,47.214]]],[[[19.5134,47.2119],[19.5121,47.2224],[19.5248,47.2167],[19.5134,47.2119]]],[[[19.7045,47.22],[19.7102,47.2184],[19.7116,47.214],[19.7045,47.22]]],[[[19.5027,47.2308],[19.5116,47.2301],[19.5017,47.222],[19.5027,47.2308]]],[[[19.5379,47.2264],[19.5329,47.2285],[19.5337,47.2352],[19.5379,47.2264]]],[[[19.5202,47.2399],[19.5196,47.2348],[19.5077,47.2357],[19.5202,47.2399]]],[[[19.6768,47.2396],[19.6792,47.2401],[19.6734,47.231],[19.6768,47.2396]]],[[[19.6696,47.2532],[19.6562,47.2513],[19.6735,47.2591],[19.6926,47.2498],[19.6696,47.2532]]],[[[19.6413,47.2533],[19.6352,47.2559],[19.6355,47.2609],[19.6469,47.2666],[19.6413,47.2533]]],[[[19.8683,47.2653],[19.8768,47.272],[19.8753,47.2656],[19.8683,47.2653]]],[[[19.5937,47.2735],[19.6032,47.2692],[19.6001,47.2676],[19.5937,47.2735]]],[[[19.6087,47.2795],[19.6041,47.2821],[19.607,47.2855],[19.6087,47.2795]]],[[[19.583,47.2926],[19.5905,47.287],[19.5857,47.2848],[19.583,47.2926]]],[[[19.5057,47.2899],[19.5112,47.2975],[19.5254,47.2887],[19.5057,47.2899]]],[[[19.8205,47.2992],[19.7995,47.3091],[19.8034,47.3137],[19.8205,47.2992]]],[[[19.509,47.3518],[19.5005,47.3574],[19.5332,47.3515],[19.509,47.3518]]],[[[20.0712,47.5797],[20.092,47.5746],[20.0885,47.5714],[20.0712,47.5797]]],[[[19.7514,47.6376],[19.755,47.6369],[19.7442,47.6289],[19.7514,47.6376]]],[[[19.7898,47.6341],[19.7786,47.6347],[19.7804,47.6396],[19.7898,47.6341]]],[[[19.7568,47.6514],[19.7707,47.6343],[19.7851,47.6297],[19.7602,47.6275],[19.7538,47.6473],[19.7363,47.6343],[19.7568,47.6514]]],[[[19.5101,47.697],[19.494,47.7048],[19.5046,47.7063],[19.5101,47.697]]],[[[19.8062,47.7075],[19.8037,47.7128],[19.8201,47.7146],[19.8062,47.7075]]],[[[19.805,47.7151],[19.8018,47.7186],[19.8033,47.7189],[19.805,47.7151]]],[[[19.8561,47.7252],[19.8592,47.731],[19.867,47.7192],[19.8561,47.7252]]],[[[19.8095,47.7323],[19.8113,47.7262],[19.8109,47.726],[19.8039,47.7265],[19.8095,47.7323]]],[[[19.7054,47.7332],[19.7198,47.7452],[19.7202,47.7187],[19.7054,47.7332]]],[[[19.9949,47.7348],[19.9933,47.7391],[20.0104,47.745],[19.9949,47.7348]]],[[[19.8832,47.7578],[19.8992,47.7591],[19.8943,47.7568],[19.8832,47.7578]]],[[[19.9305,47.7536],[19.9264,47.7536],[19.9277,47.7633],[19.9305,47.7536]]],[[[19.9532,47.8008],[19.9578,47.7993],[19.9562,47.7962],[19.9532,47.8008]]],[[[19.602,47.8154],[19.6145,47.8085],[19.6104,47.8057],[19.602,47.8154]]],[[[19.6122,47.8197],[19.6218,47.8134],[19.6181,47.8109],[19.6122,47.8197]]],[[[19.774,47.828],[19.7499,47.8467],[19.7542,47.8481],[19.774,47.828]]],[[[19.5473,47.8989],[19.5518,47.8966],[19.5416,47.8953],[19.5473,47.8989]]],[[[19.6261,47.9062],[19.6134,47.9026],[19.6182,47.9059],[19.6261,47.9062]]],[[[19.6068,47.9126],[19.613,47.9079],[19.6057,47.9029],[19.6068,47.9126]]],[[[19.6662,47.9568],[19.6747,47.9559],[19.6713,47.952],[19.6662,47.9568]]],[[[20.0495,47.9721],[20.0449,47.9726],[20.0484,47.9808],[20.0495,47.9721]]],[[[19.7487,48.028],[19.7464,48.0328],[19.7534,48.0336],[19.7487,48.028]]],[[[19.7078,48.0294],[19.7072,48.0276],[19.6979,48.0321],[19.7078,48.0294]]],[[[19.659,48.0358],[19.665,48.0294],[19.656,48.033],[19.659,48.0358]]],[[[19.591,48.065],[19.6,48.0671],[19.5985,48.0612],[19.591,48.065]]],[[[19.5432,48.0964],[19.5362,48.0927],[19.5422,48.0997],[19.5432,48.0964]]],[[[19.6957,48.115],[19.703,48.1218],[19.711,48.1223],[19.6957,48.115]]],[[[19.7117,48.1237],[19.7071,48.1231],[19.7052,48.1269],[19.7117,48.1237]]],[[[19.7075,48.2113],[19.7067,48.2177],[19.7129,48.2106],[19.7075,48.2113]]],[[[19.8915,48.2473],[19.8827,48.2426],[19.8668,48.2508],[19.8915,48.2473]]],[[[19.9186,48.2825],[19.9015,48.296],[19.9098,48.2987],[19.9186,48.2825]]],[[[19.6772,48.3079],[19.6787,48.2955],[19.6725,48.2987],[19.6772,48.3079]]],[[[19.9873,48.3074],[19.9994,48.306],[19.9975,48.3042],[19.9873,48.3074]]],[[[19.7168,48.3129],[19.713,48.3095],[19.7075,48.3212],[19.7168,48.3129]]],[[[19.7925,48.3121],[19.7874,48.3284],[19.796,48.3245],[19.7925,48.3121]]],[[[19.8208,48.399],[19.828,48.4131],[19.8399,48.4006],[19.8208,48.399]]],[[[19.6727,48.4542],[19.6843,48.4508],[19.6826,48.4491],[19.6727,48.4542]]],[[[19.7406,48.4611],[19.7334,48.47],[19.7378,48.47],[19.7406,48.4611]]],[[[19.7173,48.5073],[19.729,48.508],[19.728,48.4981],[19.7173,48.5073]]],[[[20.0041,48.5311],[19.9998,48.5335],[20.0157,48.5332],[20.0041,48.5311]]],[[[19.7494,49.1047],[19.7433,49.1055],[19.7493,49.1113],[19.7494,49.1047]]],[[[21.0812,43.4651],[21.0874,43.4619],[21.0807,43.4602],[21.0812,43.4651]]],[[[21.1041,43.4608],[21.0927,43.4695],[21.1099,43.4657],[21.1041,43.4608]]],[[[21.0652,43.4594],[21.047,43.4679],[21.0595,43.476],[21.0652,43.4594]]],[[[20.116,43.6694],[20.1276,43.6796],[20.1277,43.6728],[20.116,43.6694]]],[[[20.1279,43.6874],[20.1253,43.681],[20.1184,43.7097],[20.1279,43.6874]]],[[[20.1734,43.7108],[20.1903,43.7004],[20.1762,43.7035],[20.1734,43.7108]]],[[[20.2988,43.9457],[20.3046,43.9333],[20.2626,43.9222],[20.2608,43.9619],[20.2988,43.9457]],[[20.2793,43.9329],[20.2898,43.9399],[20.2693,43.9412],[20.2793,43.9329]]],[[[20.2355,43.9688],[20.2514,43.9612],[20.235,43.9638],[20.2355,43.9688]]],[[[20.6639,44.0094],[20.6739,44.0042],[20.6701,44.0036],[20.6639,44.0094]]],[[[20.7466,44.1549],[20.7419,44.1585],[20.7464,44.1608],[20.7466,44.1549]]],[[[20.6954,44.2156],[20.6439,44.1967],[20.6897,44.2022],[20.6648,44.1874],[20.6783,44.1845],[20.6762,44.1741],[20.6202,44.1803],[20.6165,44.2054],[20.6402,44.2089],[20.5989,44.2207],[20.6226,44.2429],[20.6954,44.2156]],[[20.6368,44.2142],[20.6481,44.2208],[20.6451,44.2256],[20.6368,44.2142]],[[20.6748,44.2159],[20.6659,44.2226],[20.6532,44.2241],[20.6748,44.2159]],[[20.6627,44.2049],[20.6683,44.209],[20.6552,44.2077],[20.6627,44.2049]]],[[[20.6603,44.2453],[20.6599,44.236],[20.6467,44.2493],[20.6596,44.2565],[20.6674,44.2472],[20.6603,44.2453]]],[[[20.6045,44.2504],[20.5989,44.2529],[20.6019,44.2574],[20.6045,44.2504]]],[[[20.9254,44.3091],[20.9065,44.3062],[20.9138,44.3174],[20.9352,44.3169],[20.9254,44.3091]]],[[[21.0376,44.4298],[21.038,44.4311],[21.0491,44.4289],[21.0376,44.4298]]],[[[20.9488,44.4701],[20.9486,44.4626],[20.9453,44.4628],[20.9488,44.4701]]],[[[20.4709,44.4718],[20.484,44.4676],[20.4783,44.4627],[20.4709,44.4718]]],[[[20.5113,44.4715],[20.5108,44.4767],[20.5163,44.4785],[20.5113,44.4715]]],[[[20.8921,44.4802],[20.8929,44.4726],[20.8816,44.4789],[20.8921,44.4802]]],[[[20.8534,44.4805],[20.8537,44.4905],[20.863,44.4874],[20.8534,44.4805]]],[[[20.5508,44.4868],[20.5572,44.4846],[20.539,44.4829],[20.5508,44.4868]]],[[[20.5599,44.4864],[20.5563,44.49],[20.5601,44.4926],[20.5599,44.4864]]],[[[20.7946,44.4993],[20.8037,44.4993],[20.8016,44.4924],[20.7946,44.4993]]],[[[20.3863,44.5052],[20.3865,44.5012],[20.3802,44.5003],[20.3863,44.5052]]],[[[20.8378,44.4943],[20.8252,44.4992],[20.8532,44.515],[20.8378,44.4943]]],[[[20.7451,44.5139],[20.7378,44.5096],[20.7269,44.5124],[20.7451,44.5139]]],[[[20.7699,44.5232],[20.7691,44.5336],[20.7798,44.5325],[20.7699,44.5232]]],[[[20.7315,44.5343],[20.7371,44.537],[20.7375,44.5278],[20.7315,44.5343]]],[[[20.6164,44.5492],[20.6103,44.5269],[20.5768,44.5548],[20.6164,44.5492]]],[[[20.4327,44.5448],[20.4398,44.5434],[20.4326,44.5384],[20.4327,44.5448]]],[[[21.0268,44.548],[21.0124,44.5342],[21.0112,44.5432],[21.0268,44.548]]],[[[20.6424,44.5323],[20.6172,44.552],[20.6663,44.5541],[20.6424,44.5323]]],[[[20.7544,44.5362],[20.7456,44.543],[20.7852,44.5547],[20.7544,44.5362]]],[[[20.8666,44.5411],[20.8758,44.5315],[20.8554,44.5342],[20.8516,44.5309],[20.8414,44.5295],[20.8399,44.5309],[20.8915,44.5629],[20.8666,44.5411]]],[[[20.8028,44.554],[20.8269,44.5605],[20.8203,44.5502],[20.8028,44.554]]],[[[20.8902,44.5475],[20.9119,44.5676],[20.9166,44.5541],[20.8902,44.5475]]],[[[20.8076,44.5696],[20.809,44.5656],[20.8007,44.5613],[20.7967,44.5681],[20.8076,44.5696]]],[[[20.9845,44.5733],[20.9869,44.5663],[20.9808,44.5662],[20.9845,44.5733]]],[[[20.3049,44.5703],[20.3212,44.5773],[20.3152,44.5719],[20.3049,44.5703]]],[[[20.8518,44.5689],[20.8333,44.5722],[20.8491,44.5806],[20.8518,44.5689]]],[[[20.4047,44.5818],[20.4099,44.5774],[20.4028,44.5721],[20.4047,44.5818]]],[[[20.4205,44.5798],[20.428,44.5845],[20.43,44.5805],[20.4205,44.5798]]],[[[20.9166,44.605],[20.9311,44.5831],[20.9256,44.5806],[20.8432,44.5926],[20.8956,44.607],[20.9082,44.589],[20.9125,44.6101],[20.9166,44.605]]],[[[20.8193,44.5954],[20.8158,44.5986],[20.8211,44.6011],[20.838,44.5954],[20.8193,44.5954]]],[[[20.6497,44.6189],[20.659,44.6133],[20.7011,44.6164],[20.6979,44.5902],[20.6726,44.6126],[20.6549,44.5899],[20.6409,44.599],[20.6411,44.6254],[20.669,44.6175],[20.6497,44.6189]]],[[[20.8766,44.62],[20.8961,44.6164],[20.8935,44.612],[20.8766,44.62]]],[[[20.8109,44.6177],[20.8083,44.6011],[20.7784,44.6087],[20.8109,44.6177]]],[[[20.9399,44.6094],[20.9207,44.618],[20.9361,44.6274],[20.9399,44.6094]]],[[[20.7781,44.6195],[20.7696,44.6212],[20.7998,44.6377],[20.7781,44.6195]]],[[[20.8625,44.6235],[20.8811,44.6045],[20.8364,44.6024],[20.843,44.6214],[20.8161,44.6125],[20.8024,44.6441],[20.819,44.6552],[20.834,44.6543],[20.8115,44.6379],[20.8219,44.6236],[20.8345,44.6524],[20.8407,44.6322],[20.8391,44.6523],[20.8747,44.6532],[20.888,44.6459],[20.8625,44.6235]],[[20.8563,44.6312],[20.8793,44.643],[20.8635,44.6411],[20.8563,44.6312]],[[20.8356,44.6281],[20.8296,44.6259],[20.8378,44.6259],[20.8356,44.6281]]],[[[20.6586,44.6348],[20.658,44.6362],[20.6682,44.6333],[20.6586,44.6348]]],[[[20.7626,44.6239],[20.7426,44.6242],[20.7505,44.6461],[20.7604,44.6281],[20.7874,44.6401],[20.7626,44.6239]]],[[[20.6504,44.6314],[20.6441,44.6365],[20.6483,44.6385],[20.6504,44.6314]]],[[[20.678,44.6325],[20.6436,44.6465],[20.656,44.6514],[20.678,44.6325]]],[[[20.7642,44.654],[20.8028,44.6551],[20.7863,44.6493],[20.7642,44.654]]],[[[20.7069,44.6574],[20.7182,44.6656],[20.733,44.6528],[20.7326,44.6263],[20.7189,44.6562],[20.7083,44.6325],[20.676,44.6532],[20.7034,44.6823],[20.7069,44.6574]],[[20.6946,44.653],[20.7024,44.6587],[20.6995,44.6641],[20.6946,44.653]]],[[[20.6445,44.6725],[20.6654,44.6686],[20.6592,44.6638],[20.6445,44.6725]]],[[[20.7718,44.6784],[20.7892,44.675],[20.7844,44.6714],[20.7718,44.6784]]],[[[20.6743,44.6879],[20.6863,44.6745],[20.6646,44.6741],[20.6649,44.6981],[20.6579,44.6793],[20.6222,44.6847],[20.6795,44.7118],[20.6743,44.6879]]],[[[20.6799,44.699],[20.6829,44.7161],[20.6896,44.7084],[20.6799,44.699]]],[[[20.6085,44.7161],[20.6149,44.7091],[20.6119,44.7079],[20.6085,44.7161]]],[[[20.5805,44.7089],[20.5707,44.716],[20.6002,44.7139],[20.5805,44.7089]]],[[[20.6753,44.727],[20.6195,44.7075],[20.6053,44.7486],[20.6268,44.7572],[20.6753,44.727]],[[20.636,44.7337],[20.6387,44.7335],[20.6302,44.7481],[20.636,44.7337]]],[[[20.5857,44.7552],[20.6052,44.754],[20.5871,44.7492],[20.5729,44.7655],[20.5857,44.7552]]],[[[20.5823,44.7769],[20.5949,44.7747],[20.5894,44.7673],[20.5683,44.7676],[20.5823,44.7769]]],[[[20.5924,44.8027],[20.5975,44.8062],[20.6048,44.7998],[20.5924,44.8027]]],[[[20.5889,44.8081],[20.5844,44.8152],[20.5921,44.8208],[20.5889,44.8081]]],[[[20.1316,45.1579],[20.1476,45.1591],[20.1447,45.1477],[20.1316,45.1579]]],[[[20.2335,45.2191],[20.269,45.2143],[20.2684,45.2075],[20.2335,45.2191]]],[[[20.7071,45.2642],[20.6752,45.2731],[20.6776,45.2805],[20.7071,45.2642]]],[[[20.3776,45.3994],[20.3844,45.4097],[20.3853,45.3958],[20.3776,45.3994]]],[[[20.4017,45.6566],[20.407,45.6632],[20.407,45.6489],[20.4017,45.6566]]],[[[20.7231,45.6646],[20.7449,45.6612],[20.7385,45.6558],[20.7231,45.6646]]],[[[20.5386,45.8617],[20.5458,45.8649],[20.5502,45.8565],[20.5386,45.8617]]],[[[20.8483,46.0475],[20.8578,46.0463],[20.853,46.0389],[20.8483,46.0475]]],[[[20.8231,46.1011],[20.8052,46.1069],[20.797,46.1231],[20.8231,46.1011]]],[[[20.1412,46.1177],[20.1407,46.1155],[20.1322,46.1132],[20.1412,46.1177]]],[[[20.7789,46.1376],[20.7864,46.1309],[20.7829,46.1256],[20.7789,46.1376]]],[[[20.4054,46.2174],[20.4274,46.2135],[20.4266,46.2122],[20.4054,46.2174]]],[[[20.3988,46.6012],[20.4047,46.6011],[20.3963,46.5954],[20.3988,46.6012]]],[[[21.0445,46.596],[21.0385,46.603],[21.0466,46.6033],[21.0445,46.596]]],[[[20.8304,46.6202],[20.8507,46.6222],[20.8541,46.6133],[20.8304,46.6202]]],[[[20.7971,46.6673],[20.8107,46.6694],[20.8114,46.6616],[20.7971,46.6673]]],[[[20.7665,46.9044],[20.7584,46.9029],[20.7583,46.9062],[20.7665,46.9044]]],[[[21.1721,46.9151],[21.174,46.9074],[21.162,46.9059],[21.1721,46.9151]]],[[[20.1525,47.0048],[20.1252,46.9983],[20.1339,47.0164],[20.1525,47.0048]]],[[[21.1437,47.0137],[21.1377,47.0126],[21.135,47.0181],[21.1437,47.0137]]],[[[20.9576,47.0218],[20.9781,47.0187],[20.9705,47.0148],[20.9576,47.0218]]],[[[20.5651,47.0195],[20.5859,47.0261],[20.5813,47.0187],[20.5651,47.0195]]],[[[20.3969,47.2059],[20.397,47.2115],[20.4027,47.2129],[20.3969,47.2059]]],[[[20.4844,47.2744],[20.4896,47.2737],[20.4854,47.2655],[20.4844,47.2744]]],[[[20.4313,47.2736],[20.4099,47.2842],[20.434,47.2816],[20.4313,47.2736]]],[[[20.4082,47.2961],[20.4053,47.2992],[20.4188,47.3],[20.4082,47.2961]]],[[[20.4283,47.3216],[20.4422,47.3233],[20.4409,47.3176],[20.4283,47.3216]]],[[[20.62,47.4777],[20.6381,47.4777],[20.6315,47.4746],[20.62,47.4777]]],[[[20.7682,47.5626],[20.7689,47.574],[20.7706,47.5742],[20.7682,47.5626]]],[[[20.2378,47.5763],[20.242,47.5715],[20.238,47.5701],[20.2378,47.5763]]],[[[20.2314,47.598],[20.2536,47.5955],[20.2533,47.5789],[20.2314,47.598]]],[[[20.2013,47.5908],[20.2022,47.5869],[20.1933,47.5877],[20.2013,47.5908]]],[[[20.7359,47.5929],[20.733,47.5845],[20.7261,47.5897],[20.7359,47.5929]]],[[[20.2091,47.6016],[20.1975,47.6019],[20.1976,47.6036],[20.2091,47.6016]]],[[[20.2448,47.6062],[20.2422,47.6012],[20.2327,47.6001],[20.2448,47.6062]]],[[[20.3165,47.6123],[20.321,47.6075],[20.3152,47.6051],[20.3165,47.6123]]],[[[20.2335,47.6191],[20.2508,47.6184],[20.2441,47.6118],[20.2335,47.6191]]],[[[20.2558,47.6358],[20.265,47.6329],[20.2616,47.6271],[20.2558,47.6358]]],[[[20.3129,47.6378],[20.3089,47.6394],[20.3124,47.6444],[20.3129,47.6378]]],[[[20.1433,47.6495],[20.1468,47.6447],[20.1417,47.643],[20.1433,47.6495]]],[[[20.3056,47.6224],[20.2615,47.6177],[20.272,47.645],[20.2981,47.6419],[20.2834,47.6655],[20.3045,47.6762],[20.3056,47.6224]]],[[[20.3467,47.6525],[20.3489,47.6432],[20.345,47.6432],[20.3467,47.6525]]],[[[20.4527,47.6515],[20.4421,47.6551],[20.4541,47.662],[20.4527,47.6515]]],[[[20.3277,47.6557],[20.3194,47.6662],[20.3233,47.6681],[20.3277,47.6557]]],[[[20.2078,47.6724],[20.2164,47.673],[20.2109,47.6684],[20.2078,47.6724]]],[[[20.2756,47.682],[20.2731,47.6875],[20.2856,47.6858],[20.2756,47.682]]],[[[20.289,47.7037],[20.2983,47.6938],[20.2765,47.6959],[20.289,47.7037]]],[[[20.3084,47.7132],[20.3106,47.7091],[20.3039,47.7075],[20.3084,47.7132]]],[[[20.3123,47.7095],[20.3102,47.7135],[20.3176,47.7148],[20.3123,47.7095]]],[[[20.3957,47.7751],[20.3914,47.7766],[20.3941,47.7811],[20.4108,47.7774],[20.3957,47.7751]]],[[[20.421,47.7828],[20.426,47.7765],[20.4163,47.7759],[20.421,47.7828]]],[[[20.3818,47.7831],[20.3773,47.7733],[20.3697,47.7787],[20.3818,47.7831]]],[[[20.9181,47.789],[20.9501,47.7836],[20.9451,47.7714],[20.9181,47.789]]],[[[20.4361,47.7847],[20.4271,47.7913],[20.4311,47.792],[20.4361,47.7847]]],[[[20.331,47.7918],[20.3236,47.7991],[20.3366,47.8015],[20.331,47.7918]]],[[[20.3325,47.8118],[20.3403,47.813],[20.3344,47.8052],[20.3325,47.8118]]],[[[20.4571,47.8212],[20.4679,47.8192],[20.4679,47.8189],[20.4571,47.8212]]],[[[20.5379,47.8404],[20.5278,47.8448],[20.5379,47.8484],[20.5379,47.8404]]],[[[20.2565,47.8524],[20.2671,47.8437],[20.2627,47.8413],[20.2565,47.8524]]],[[[20.6374,47.8847],[20.6478,47.8858],[20.6485,47.8777],[20.6374,47.8847]]],[[[20.8583,47.9014],[20.8626,47.9131],[20.8728,47.9004],[20.8583,47.9014]]],[[[20.1123,47.921],[20.1232,47.9276],[20.118,47.9211],[20.1123,47.921]]],[[[20.4862,47.9236],[20.4815,47.9348],[20.4981,47.9256],[20.4862,47.9236]]],[[[20.6217,47.93],[20.6223,47.9295],[20.6227,47.9286],[20.6221,47.9271],[20.6127,47.9273],[20.6118,47.932],[20.6217,47.93]]],[[[20.6322,47.953],[20.629,47.9564],[20.6371,47.9571],[20.6322,47.953]]],[[[20.4167,47.96],[20.4167,47.9572],[20.408,47.9599],[20.4167,47.96]]],[[[20.1904,47.9705],[20.1864,47.9547],[20.177,47.9516],[20.1813,47.9723],[20.2032,47.9761],[20.2132,47.9648],[20.1904,47.9705]]],[[[20.6997,47.9591],[20.6995,47.9671],[20.7129,47.9642],[20.6997,47.9591]]],[[[21.1394,47.986],[21.1339,47.9807],[21.1343,47.988],[21.1394,47.986]]],[[[20.7973,47.9912],[20.8087,47.9898],[20.8059,47.9882],[20.7973,47.9912]]],[[[20.7983,48.0033],[20.7956,48.0109],[20.8101,48.0071],[20.7983,48.0033]]],[[[20.2074,48.0066],[20.2052,48.0125],[20.2138,48.0139],[20.2074,48.0066]]],[[[20.7814,48.0189],[20.8,48.0183],[20.7939,48.0097],[20.7814,48.0189]]],[[[20.2152,48.0191],[20.219,48.0231],[20.2323,48.0158],[20.2152,48.0191]]],[[[20.9483,48.0219],[20.9323,48.0305],[20.9361,48.0318],[20.9483,48.0219]]],[[[20.8862,48.103],[20.8737,48.1],[20.8718,48.1056],[20.8862,48.103]]],[[[21.0827,48.147],[21.0918,48.1537],[21.097,48.1411],[21.0827,48.147]]],[[[21.1189,48.1569],[21.1196,48.1552],[21.1172,48.151],[21.0951,48.1498],[21.1189,48.1569]]],[[[21.0849,48.1704],[21.0832,48.1664],[21.0752,48.1675],[21.0849,48.1704]]],[[[21.1194,48.172],[21.105,48.1722],[21.1068,48.1771],[21.1194,48.172]]],[[[21.1689,48.1733],[21.1621,48.1816],[21.1791,48.1877],[21.1689,48.1733]]],[[[21.0064,48.1872],[21.0253,48.1943],[21.0261,48.1901],[21.0064,48.1872]]],[[[21.1323,48.2012],[21.134,48.1962],[21.1252,48.1943],[21.1323,48.2012]]],[[[20.9044,48.2302],[20.9069,48.2239],[20.8934,48.225],[20.9044,48.2302]]],[[[21.1675,48.2439],[21.1776,48.2415],[21.1704,48.2402],[21.1675,48.2439]]],[[[20.7884,48.2411],[20.7873,48.2454],[20.7977,48.2442],[20.7884,48.2411]]],[[[20.8902,48.245],[20.8884,48.2519],[20.9052,48.2536],[20.8902,48.245]]],[[[20.9492,48.2547],[20.9805,48.2526],[20.9693,48.241],[20.9492,48.2547]]],[[[20.9453,48.2573],[20.9429,48.2711],[20.9488,48.2713],[20.9453,48.2573]]],[[[20.9688,48.3006],[20.9726,48.2918],[20.9673,48.2924],[20.9688,48.3006]]],[[[21.1671,48.2948],[21.1623,48.2954],[21.1648,48.3022],[21.1671,48.2948]]],[[[20.9393,48.3362],[20.946,48.3353],[20.943,48.3287],[20.9393,48.3362]]],[[[20.9658,48.3395],[20.9534,48.3263],[20.9574,48.3351],[20.9658,48.3395]]],[[[20.291,48.331],[20.2896,48.3398],[20.2965,48.3369],[20.291,48.331]]],[[[21.0678,48.3408],[21.0743,48.3313],[21.0662,48.33],[21.0678,48.3408]]],[[[21.0846,48.3436],[21.0784,48.3396],[21.0702,48.364],[21.0846,48.3436]]],[[[20.983,48.3562],[20.993,48.3602],[20.9911,48.3528],[20.983,48.3562]]],[[[20.8523,48.361],[20.8585,48.3608],[20.8548,48.3526],[20.8523,48.361]]],[[[21.127,48.3573],[21.1205,48.3599],[21.1216,48.3642],[21.127,48.3573]]],[[[20.8677,48.3627],[20.8606,48.3664],[20.8739,48.3668],[20.8677,48.3627]]],[[[20.8796,48.3767],[20.8877,48.3784],[20.8864,48.3629],[20.8796,48.3767]]],[[[21.0587,48.378],[21.0582,48.371],[21.0351,48.3674],[21.0295,48.3719],[21.0691,48.3813],[21.0587,48.378]]],[[[21.0177,48.3715],[21.0046,48.3808],[21.0066,48.3815],[21.0177,48.3715]]],[[[20.9201,48.3825],[20.9186,48.3735],[20.918,48.3751],[20.9201,48.3825]]],[[[21.0211,48.3743],[21.007,48.3926],[21.016,48.395],[21.0211,48.3743]]],[[[21.1338,48.393],[21.1325,48.3996],[21.1393,48.3997],[21.1338,48.393]]],[[[20.3673,48.4017],[20.3578,48.4077],[20.3676,48.4056],[20.3673,48.4017]]],[[[20.7863,48.4103],[20.793,48.4154],[20.7996,48.4124],[20.7863,48.4103]]],[[[20.2251,48.4662],[20.2238,48.4664],[20.2344,48.4747],[20.2251,48.4662]]],[[[20.9881,48.4822],[20.9918,48.4735],[20.9869,48.4709],[20.9881,48.4822]]],[[[20.965,48.4695],[20.9476,48.4695],[20.9633,48.4856],[20.965,48.4695]]],[[[21.0276,48.486],[21.0435,48.4888],[21.0314,48.4754],[21.0276,48.486]]],[[[21.0088,48.488],[21.0179,48.4927],[21.0128,48.4833],[21.0088,48.488]]],[[[21.0631,48.4838],[21.063,48.4855],[21.0688,48.4888],[21.0631,48.4838]]],[[[20.9384,48.4989],[20.9371,48.4823],[20.932,48.492],[20.9384,48.4989]]],[[[20.9482,48.4963],[20.959,48.4966],[20.9505,48.4896],[20.9482,48.4963]]],[[[20.981,48.5036],[20.9793,48.4819],[20.9655,48.4966],[20.981,48.5036]]],[[[21.0937,48.4943],[21.089,48.4978],[21.0919,48.5016],[21.0937,48.4943]]],[[[21.0531,48.5165],[21.0714,48.5226],[21.068,48.5197],[21.0531,48.5165]]],[[[20.3635,48.6702],[20.3726,48.6739],[20.3743,48.6713],[20.3635,48.6702]]],[[[20.9891,48.6857],[20.9901,48.6848],[20.9844,48.6796],[20.9891,48.6857]]],[[[20.8525,48.7183],[20.8637,48.7182],[20.8616,48.7129],[20.8525,48.7183]]],[[[20.8684,48.941],[20.8503,48.9446],[20.854,48.9496],[20.8684,48.941]]],[[[21.0125,48.9748],[21.0263,48.9695],[21.0048,48.9698],[21.0125,48.9748]]],[[[20.6787,48.9963],[20.6727,49.0039],[20.6809,49.0046],[20.6787,48.9963]]],[[[20.6203,49.022],[20.5975,49.0263],[20.6059,49.0323],[20.6007,49.037],[20.6057,49.046],[20.6203,49.022]]],[[[21.0902,49.0953],[21.0728,49.1022],[21.0977,49.0987],[21.0902,49.0953]]],[[[21.0987,49.1143],[21.0998,49.1278],[21.1047,49.1253],[21.0987,49.1143]]],[[[21.0839,49.1327],[21.0858,49.1223],[21.0755,49.1259],[21.0839,49.1327]]],[[[20.9888,49.1343],[20.9886,49.1223],[20.9835,49.1264],[20.9888,49.1343]]],[[[21.0907,49.1321],[21.0855,49.1365],[21.0933,49.1368],[21.0907,49.1321]]],[[[21.5749,42.8973],[21.5835,42.8966],[21.5813,42.8902],[21.5749,42.8973]]],[[[21.6197,43.0789],[21.6082,43.0859],[21.6088,43.087],[21.6197,43.0789]]],[[[21.4436,43.2112],[21.4369,43.2172],[21.4627,43.2229],[21.4436,43.2112]]],[[[21.4281,43.2144],[21.4224,43.2148],[21.4334,43.2203],[21.4281,43.2144]]],[[[21.2036,43.2165],[21.1868,43.2257],[21.2038,43.2289],[21.2036,43.2165]]],[[[21.2531,43.2524],[21.2713,43.2569],[21.2688,43.2488],[21.2531,43.2524]]],[[[21.4688,43.2501],[21.4522,43.2681],[21.455,43.2697],[21.4688,43.2501]]],[[[21.4425,43.2677],[21.4501,43.2644],[21.446,43.2626],[21.4425,43.2677]]],[[[21.4151,43.2721],[21.4217,43.2643],[21.4132,43.2648],[21.4151,43.2721]]],[[[21.4624,43.2738],[21.4743,43.2821],[21.4923,43.267],[21.4624,43.2738]]],[[[21.3226,43.2782],[21.3252,43.2869],[21.3386,43.2794],[21.3226,43.2782]]],[[[21.2727,43.2843],[21.2842,43.2912],[21.2852,43.2865],[21.2727,43.2843]]],[[[21.4258,43.297],[21.4296,43.2821],[21.4247,43.2826],[21.4258,43.297]]],[[[21.2478,43.285],[21.2454,43.291],[21.2614,43.2955],[21.2478,43.285]]],[[[21.3111,43.3013],[21.3136,43.3022],[21.322,43.2844],[21.3111,43.3013]]],[[[21.4808,43.3],[21.4997,43.3092],[21.5027,43.2944],[21.4808,43.3]]],[[[21.3832,43.3029],[21.3835,43.3134],[21.3891,43.3087],[21.3832,43.3029]]],[[[21.2978,43.2996],[21.2935,43.3126],[21.3048,43.3185],[21.2978,43.2996]]],[[[21.4521,43.3198],[21.4649,43.2988],[21.4422,43.292],[21.4142,43.3355],[21.4373,43.3079],[21.4492,43.3343],[21.4699,43.314],[21.4521,43.3198]]],[[[21.4138,43.3118],[21.413,43.294],[21.4006,43.3421],[21.4138,43.3118]]],[[[21.2276,43.3247],[21.2355,43.3351],[21.246,43.326],[21.2276,43.3247]]],[[[21.5246,43.4847],[21.5332,43.4861],[21.5344,43.4839],[21.5246,43.4847]]],[[[21.5716,43.6335],[21.5783,43.63],[21.5731,43.6235],[21.5716,43.6335]]],[[[21.5998,44.6036],[21.5758,44.6054],[21.5766,44.6071],[21.5998,44.6036]]],[[[21.6314,44.722],[21.6421,44.7246],[21.6382,44.7185],[21.6314,44.722]]],[[[21.6921,44.7653],[21.6966,44.7619],[21.6912,44.757],[21.6921,44.7653]]],[[[21.3739,44.8922],[21.3734,44.8972],[21.3879,44.9021],[21.3739,44.8922]]],[[[21.4868,44.907],[21.4884,44.9131],[21.5126,44.9089],[21.4868,44.907]]],[[[21.4474,44.9073],[21.4476,44.9099],[21.4579,44.9072],[21.4474,44.9073]]],[[[21.4287,44.9152],[21.4378,44.9072],[21.4289,44.9081],[21.4287,44.9152]]],[[[21.4021,44.9065],[21.3842,44.9252],[21.3909,44.9296],[21.4162,44.9183],[21.4021,44.9065]]],[[[21.6427,44.9278],[21.6418,44.9384],[21.6464,44.9383],[21.6427,44.9278]]],[[[21.6996,45.0219],[21.6995,45.0099],[21.6785,45.0261],[21.6996,45.0219]]],[[[21.6663,45.0272],[21.6566,45.0311],[21.6616,45.0338],[21.6663,45.0272]]],[[[21.622,45.0435],[21.6176,45.0521],[21.6321,45.0531],[21.622,45.0435]]],[[[21.6899,45.0569],[21.6967,45.0567],[21.694,45.0499],[21.6899,45.0569]]],[[[21.3336,45.1441],[21.313,45.138],[21.3214,45.1438],[21.3336,45.1441]]],[[[21.627,45.1359],[21.6026,45.1314],[21.6161,45.1514],[21.627,45.1359]]],[[[21.6478,45.2013],[21.6344,45.1651],[21.6536,45.142],[21.64,45.1418],[21.6141,45.1951],[21.6478,45.2013]]],[[[21.4374,45.1805],[21.4394,45.1776],[21.4274,45.1814],[21.4374,45.1805]]],[[[21.5474,45.1971],[21.5233,45.1871],[21.5021,45.1931],[21.5474,45.1971]]],[[[21.5045,45.2535],[21.4982,45.2506],[21.4921,45.2532],[21.5045,45.2535]]],[[[21.5941,45.2987],[21.5919,45.2872],[21.5882,45.2884],[21.5941,45.2987]]],[[[21.3174,45.3169],[21.319,45.3154],[21.3069,45.3042],[21.3174,45.3169]]],[[[21.6161,45.3098],[21.611,45.3171],[21.6252,45.3119],[21.6161,45.3098]]],[[[21.6007,45.3362],[21.596,45.3419],[21.6053,45.3377],[21.6007,45.3362]]],[[[21.583,45.3464],[21.5795,45.351],[21.587,45.3486],[21.583,45.3464]]],[[[21.5697,45.3594],[21.5567,45.365],[21.5648,45.3762],[21.5697,45.3594]]],[[[21.6871,45.3905],[21.6771,45.4014],[21.6794,45.4029],[21.6871,45.3905]]],[[[21.6674,45.4432],[21.7098,45.4504],[21.7076,45.447],[21.6674,45.4432]]],[[[21.6848,45.5217],[21.6911,45.5211],[21.6875,45.516],[21.6848,45.5217]]],[[[21.6135,45.5476],[21.6246,45.5468],[21.6204,45.5404],[21.6135,45.5476]]],[[[21.6897,45.5499],[21.6682,45.5492],[21.6785,45.5591],[21.6897,45.5499]]],[[[21.6805,45.5728],[21.6928,45.5619],[21.679,45.5603],[21.6805,45.5728]]],[[[21.5767,45.5912],[21.5904,45.58],[21.5751,45.5683],[21.5767,45.5912]]],[[[21.6602,45.6187],[21.669,45.6146],[21.6637,45.6099],[21.6602,45.6187]]],[[[21.4241,45.6645],[21.4225,45.6709],[21.4261,45.6708],[21.4241,45.6645]]],[[[21.44,45.728],[21.4423,45.7264],[21.4408,45.722],[21.44,45.728]]],[[[21.6334,45.7832],[21.6361,45.7901],[21.6427,45.7879],[21.6284,45.7782],[21.6334,45.7832]]],[[[21.6168,45.785],[21.622,45.7964],[21.6363,45.7923],[21.6168,45.785]]],[[[21.6453,45.8335],[21.6421,45.8251],[21.6381,45.8254],[21.6453,45.8335]]],[[[21.5969,45.8292],[21.6064,45.8431],[21.6085,45.8342],[21.5969,45.8292]]],[[[21.5226,45.8372],[21.5197,45.8432],[21.5245,45.8452],[21.5226,45.8372]]],[[[21.5683,45.8573],[21.578,45.8588],[21.5765,45.8554],[21.5683,45.8573]]],[[[21.3556,45.8607],[21.3644,45.8702],[21.3536,45.8497],[21.345,45.8463],[21.3556,45.8607]]],[[[21.3587,45.8585],[21.3668,45.8703],[21.3701,45.8634],[21.3587,45.8585]]],[[[21.4999,45.8712],[21.5156,45.8771],[21.5055,45.8681],[21.4999,45.8712]]],[[[21.3868,45.897],[21.4041,45.8937],[21.3981,45.8913],[21.3868,45.897]]],[[[21.6362,45.898],[21.6364,45.9],[21.647,45.9005],[21.6507,45.8944],[21.6362,45.898]]],[[[21.404,45.901],[21.3771,45.8978],[21.3848,45.9138],[21.404,45.901]]],[[[21.6854,45.9022],[21.684,45.9009],[21.6706,45.9075],[21.6854,45.9022]]],[[[21.6398,45.9096],[21.6412,45.9059],[21.6357,45.905],[21.6398,45.9096]]],[[[21.5486,45.9322],[21.5441,45.9349],[21.552,45.9394],[21.5486,45.9322]]],[[[21.6685,45.9426],[21.6729,45.9374],[21.6628,45.9359],[21.6685,45.9426]]],[[[21.4429,45.934],[21.4336,45.9457],[21.4396,45.9467],[21.4429,45.934]]],[[[21.5689,45.9449],[21.5801,45.9394],[21.5757,45.9373],[21.5689,45.9449]]],[[[21.6749,45.9471],[21.666,45.9509],[21.6781,45.9485],[21.6749,45.9471]]],[[[21.6671,45.945],[21.6604,45.9451],[21.655,45.946],[21.6549,45.9463],[21.6671,45.945]]],[[[21.6317,45.9531],[21.6159,45.9539],[21.6169,45.9551],[21.6317,45.9531]]],[[[21.4784,45.9519],[21.4744,45.9595],[21.494,45.9662],[21.4784,45.9519]]],[[[21.5018,45.9692],[21.5124,45.9639],[21.5053,45.9607],[21.5018,45.9692]]],[[[21.6203,45.9679],[21.6253,45.9724],[21.6277,45.9655],[21.6203,45.9679]]],[[[21.5077,46.0121],[21.5033,46.0203],[21.5243,46.0182],[21.5077,46.0121]]],[[[21.5553,46.0175],[21.5619,46.0244],[21.5602,46.0176],[21.5649,46.0114],[21.5553,46.0175]]],[[[21.5999,46.0184],[21.6029,46.0059],[21.5629,46.0181],[21.5999,46.0184]]],[[[21.6425,46.0241],[21.6295,46.0344],[21.6468,46.037],[21.6425,46.0241]]],[[[21.6004,46.03],[21.6068,46.0395],[21.6092,46.036],[21.6004,46.03]]],[[[21.6381,46.0399],[21.6217,46.0641],[21.6535,46.0665],[21.6575,46.0454],[21.6381,46.0399]],[[21.6514,46.0563],[21.6482,46.0562],[21.6518,46.0492],[21.6514,46.0563]]],[[[21.6778,46.0562],[21.6741,46.0709],[21.6924,46.067],[21.6778,46.0562]]],[[[21.6727,46.0759],[21.6652,46.0782],[21.6642,46.0848],[21.6756,46.0818],[21.6727,46.0759]]],[[[21.6317,46.1917],[21.618,46.1995],[21.6331,46.2023],[21.6317,46.1917]]],[[[21.6534,46.7769],[21.6516,46.779],[21.6564,46.783],[21.6534,46.7769]]],[[[21.349,46.8483],[21.35,46.852],[21.3513,46.8529],[21.3586,46.8473],[21.349,46.8483]]],[[[21.2329,47.0826],[21.2254,47.087],[21.229,47.0896],[21.2329,47.0826]]],[[[21.2599,47.1054],[21.262,47.0993],[21.2499,47.0976],[21.2599,47.1054]]],[[[21.2072,47.1226],[21.1995,47.1235],[21.2227,47.1247],[21.2072,47.1226]]],[[[21.2171,47.1324],[21.2181,47.1355],[21.2228,47.1349],[21.2237,47.1276],[21.2171,47.1324]]],[[[21.1826,47.1523],[21.1737,47.1536],[21.1745,47.1569],[21.1826,47.1523]]],[[[21.216,47.22],[21.2391,47.224],[21.2363,47.2162],[21.216,47.22]]],[[[21.6148,47.347],[21.6064,47.3517],[21.6093,47.357],[21.6148,47.347]]],[[[21.5902,47.3943],[21.6084,47.3964],[21.5966,47.3769],[21.5902,47.3943]]],[[[21.6556,47.4809],[21.6544,47.4856],[21.6609,47.4877],[21.6556,47.4809]]],[[[21.6737,47.5713],[21.6696,47.5723],[21.6782,47.5807],[21.6737,47.5713]]],[[[21.6639,47.5886],[21.6734,47.5806],[21.6727,47.5772],[21.6639,47.5886]]],[[[21.6254,47.5897],[21.6147,47.5911],[21.6206,47.6014],[21.6292,47.6021],[21.6254,47.5897]]],[[[21.6659,47.6117],[21.6634,47.6241],[21.6751,47.6201],[21.6659,47.6117]]],[[[21.6413,47.6259],[21.647,47.6226],[21.6395,47.6174],[21.6413,47.6259]]],[[[21.6954,47.6329],[21.6857,47.62],[21.6834,47.6281],[21.6954,47.6329]]],[[[21.6532,47.6669],[21.6608,47.6482],[21.6506,47.6489],[21.6532,47.6669]]],[[[21.5779,47.766],[21.5718,47.7614],[21.5674,47.765],[21.5779,47.766]]],[[[21.578,47.7784],[21.5781,47.7712],[21.5705,47.7707],[21.578,47.7784]]],[[[21.6356,47.7777],[21.6362,47.7742],[21.625,47.7735],[21.6356,47.7777]]],[[[21.6177,47.7884],[21.6105,47.7799],[21.6095,47.7853],[21.6177,47.7884]]],[[[21.632,47.781],[21.6226,47.7879],[21.6415,47.7961],[21.632,47.781]]],[[[21.5606,47.7869],[21.5546,47.7875],[21.5556,47.7931],[21.5606,47.7869]]],[[[21.5484,47.7882],[21.542,47.7903],[21.5468,47.7996],[21.5484,47.7882]]],[[[21.5619,47.7936],[21.5636,47.8026],[21.5697,47.8018],[21.5619,47.7936]]],[[[21.5428,47.829],[21.5508,47.8326],[21.5508,47.8013],[21.5428,47.829]]],[[[21.6576,47.8203],[21.6461,47.8309],[21.6761,47.8283],[21.6576,47.8203]]],[[[21.6763,47.8341],[21.6717,47.8342],[21.6724,47.8398],[21.6763,47.8341]]],[[[21.5463,47.8393],[21.5553,47.8428],[21.5519,47.8342],[21.5463,47.8393]]],[[[21.6605,47.8351],[21.6471,47.8363],[21.6561,47.8427],[21.6605,47.8351]]],[[[21.5878,47.8715],[21.5871,47.877],[21.6027,47.8757],[21.5878,47.8715]]],[[[21.6607,47.8847],[21.6594,47.8777],[21.6593,47.8826],[21.6607,47.8847]]],[[[21.5459,47.9131],[21.5462,47.9064],[21.5402,47.9063],[21.5459,47.9131]]],[[[21.4467,47.9088],[21.4393,47.9086],[21.4384,47.9272],[21.4467,47.9088]]],[[[21.552,47.9264],[21.5639,47.9265],[21.5457,47.917],[21.552,47.9264]]],[[[21.6406,47.9488],[21.6277,47.9532],[21.6524,47.957],[21.6406,47.9488]]],[[[21.5852,47.9636],[21.58,47.9642],[21.5991,47.9823],[21.5852,47.9636]]],[[[21.1867,47.9916],[21.185,48.0053],[21.1952,48.0073],[21.1867,47.9916]]],[[[21.6595,48.0039],[21.6582,48.0084],[21.6664,48.0067],[21.6595,48.0039]]],[[[21.3085,48.0067],[21.3102,48.0145],[21.3257,48.0153],[21.3085,48.0067]]],[[[21.2668,48.0364],[21.2857,48.0314],[21.2848,48.0274],[21.2668,48.0364]]],[[[21.5973,48.033],[21.5939,48.0351],[21.5974,48.0417],[21.5973,48.033]]],[[[21.7014,48.0453],[21.686,48.0401],[21.6843,48.0482],[21.7014,48.0453]]],[[[21.6188,48.0613],[21.6107,48.0708],[21.6198,48.0777],[21.6188,48.0613]]],[[[21.5486,48.082],[21.5465,48.0767],[21.5408,48.0778],[21.5486,48.082]]],[[[21.6874,48.0909],[21.6773,48.0844],[21.6793,48.0952],[21.6874,48.0909]]],[[[21.3594,48.1016],[21.3519,48.1037],[21.3628,48.105],[21.3604,48.1006],[21.3594,48.1016]]],[[[21.5147,48.1059],[21.5117,48.1202],[21.535,48.1184],[21.523,48.0938],[21.49,48.1167],[21.5147,48.1059]]],[[[21.6451,48.1231],[21.6442,48.1178],[21.6359,48.1186],[21.6451,48.1231]]],[[[21.6844,48.1245],[21.6807,48.1317],[21.6873,48.132],[21.6844,48.1245]]],[[[21.5542,48.1433],[21.5611,48.1428],[21.5641,48.134],[21.5542,48.1433]]],[[[21.6214,48.1456],[21.617,48.1324],[21.6115,48.1326],[21.6214,48.1456]]],[[[21.656,48.1555],[21.6647,48.1534],[21.6545,48.1491],[21.656,48.1555]]],[[[21.3261,48.1566],[21.3158,48.1565],[21.3147,48.163],[21.3261,48.1566]]],[[[21.2908,48.171],[21.3008,48.1778],[21.2997,48.1731],[21.2908,48.171]]],[[[21.2476,48.173],[21.2448,48.1801],[21.2666,48.1807],[21.2476,48.173]]],[[[21.6224,48.1946],[21.6292,48.2029],[21.634,48.1939],[21.6224,48.1946]]],[[[21.5874,48.2059],[21.5873,48.2104],[21.628,48.2084],[21.5874,48.2059]]],[[[21.5196,48.2091],[21.5234,48.205],[21.5214,48.2027],[21.5196,48.2091]]],[[[21.2389,48.2054],[21.2328,48.2102],[21.2435,48.2142],[21.2389,48.2054]]],[[[21.2435,48.2179],[21.235,48.2295],[21.2371,48.2313],[21.2435,48.2179]]],[[[21.4659,48.2573],[21.4631,48.2487],[21.4578,48.2511],[21.4659,48.2573]]],[[[21.4116,48.2512],[21.4034,48.2593],[21.4089,48.2613],[21.4116,48.2512]]],[[[21.4876,48.2651],[21.4851,48.2668],[21.4957,48.2666],[21.4876,48.2651]]],[[[21.4341,48.2733],[21.4434,48.2668],[21.4394,48.2623],[21.4341,48.2733]]],[[[21.169,48.2851],[21.1815,48.2947],[21.1816,48.2885],[21.169,48.2851]]],[[[21.1966,48.3313],[21.2027,48.3301],[21.2007,48.3251],[21.1966,48.3313]]],[[[21.1781,48.3306],[21.174,48.3315],[21.1758,48.3347],[21.1781,48.3306]]],[[[21.1945,48.3357],[21.184,48.3378],[21.188,48.3441],[21.1945,48.3357]]],[[[21.2163,48.3367],[21.21,48.3386],[21.2217,48.3488],[21.2163,48.3367]]],[[[21.2198,48.354],[21.2457,48.3587],[21.2452,48.3559],[21.2198,48.354]]],[[[21.2508,48.3609],[21.2357,48.363],[21.2596,48.371],[21.2508,48.3609]]],[[[21.5923,48.3707],[21.5934,48.3769],[21.5991,48.3767],[21.5923,48.3707]]],[[[21.2802,48.4023],[21.2841,48.4],[21.2801,48.397],[21.2802,48.4023]]],[[[21.6411,48.425],[21.6507,48.4247],[21.6422,48.4217],[21.6411,48.425]]],[[[21.6208,48.4364],[21.6033,48.4373],[21.6141,48.4449],[21.6208,48.4364]]],[[[21.6407,48.4462],[21.643,48.4433],[21.6323,48.4435],[21.6407,48.4462]]],[[[21.6731,48.4335],[21.6601,48.4301],[21.6489,48.4554],[21.6731,48.4335]]],[[[21.2665,48.4468],[21.2805,48.4479],[21.2796,48.4445],[21.2665,48.4468]]],[[[21.2916,48.4605],[21.2728,48.4532],[21.2813,48.4674],[21.2916,48.4605]]],[[[21.4984,48.4643],[21.4952,48.4618],[21.5013,48.4689],[21.4984,48.4643]]],[[[21.4789,48.4687],[21.4972,48.468],[21.4946,48.4661],[21.4789,48.4687]]],[[[21.4361,48.4867],[21.4393,48.4869],[21.4463,48.477],[21.4361,48.4867]]],[[[21.464,48.4858],[21.4726,48.4803],[21.4575,48.4824],[21.464,48.4858]]],[[[21.4435,48.4856],[21.439,48.4908],[21.4451,48.4915],[21.4435,48.4856]]],[[[21.4961,48.4933],[21.5104,48.4918],[21.5007,48.487],[21.4961,48.4933]]],[[[21.3134,48.4873],[21.2894,48.4875],[21.3111,48.5005],[21.3134,48.4873]]],[[[21.655,48.4942],[21.6398,48.4951],[21.6526,48.5037],[21.655,48.4942]]],[[[21.4465,48.5072],[21.4425,48.5012],[21.4385,48.5034],[21.4465,48.5072]]],[[[21.4993,48.5047],[21.4937,48.5049],[21.494,48.515],[21.4993,48.5047]]],[[[21.2267,48.5139],[21.2368,48.5181],[21.2333,48.5148],[21.2267,48.5139]]],[[[21.6514,48.5194],[21.6582,48.5202],[21.6597,48.5138],[21.6514,48.5194]]],[[[21.2745,48.5673],[21.2738,48.5727],[21.2882,48.573],[21.2745,48.5673]]],[[[21.5584,48.6387],[21.5427,48.644],[21.5568,48.65],[21.5584,48.6387]]],[[[21.2006,48.6674],[21.2067,48.6671],[21.2055,48.6621],[21.2006,48.6674]]],[[[21.3166,48.7091],[21.3161,48.7023],[21.3028,48.7062],[21.3166,48.7091]]],[[[21.3761,48.6983],[21.3552,48.6966],[21.3453,48.7258],[21.3761,48.6983]]],[[[21.59,48.7272],[21.588,48.729],[21.6013,48.7273],[21.6068,48.7239],[21.59,48.7272]]],[[[21.3487,48.7304],[21.3488,48.7348],[21.36,48.7387],[21.3487,48.7304]]],[[[21.6253,48.841],[21.6173,48.8455],[21.6427,48.8536],[21.6253,48.841]]],[[[21.673,48.902],[21.6827,48.9058],[21.6833,48.9017],[21.673,48.902]]],[[[21.6106,48.9091],[21.6203,48.9072],[21.6135,48.9056],[21.6106,48.9091]]],[[[21.6221,49.0362],[21.6318,49.0497],[21.6369,49.0417],[21.6221,49.0362]]],[[[21.4115,49.1216],[21.4041,49.1275],[21.4202,49.1235],[21.4115,49.1216]]],[[[21.6166,49.1959],[21.6066,49.2042],[21.6192,49.197],[21.6166,49.1959]]],[[[21.5557,49.2863],[21.5783,49.2859],[21.5755,49.283],[21.5557,49.2863]]],[[[21.8415,42.8405],[21.8379,42.8459],[21.8475,42.8527],[21.8415,42.8405]]],[[[21.8222,42.9003],[21.8288,42.9031],[21.808,42.8932],[21.8032,42.8942],[21.8222,42.9003]]],[[[21.9475,42.9213],[21.9532,42.9246],[21.9573,42.9189],[21.9475,42.9213]]],[[[21.9073,42.9356],[21.9218,42.9344],[21.9143,42.9302],[21.9073,42.9356]]],[[[21.892,42.9343],[21.8802,42.9412],[21.9123,42.9713],[21.9212,42.9689],[21.892,42.9343]]],[[[21.781,42.9645],[21.7766,42.9703],[21.7841,42.971],[21.781,42.9645]]],[[[21.83,42.9666],[21.8156,42.9678],[21.8067,42.988],[21.83,42.9666]]],[[[21.732,43.021],[21.7148,43.0263],[21.7276,43.0262],[21.732,43.021]]],[[[21.7382,43.3368],[21.7471,43.336],[21.7397,43.3315],[21.7382,43.3368]]],[[[21.751,43.5398],[21.7686,43.5397],[21.7605,43.5353],[21.751,43.5398]]],[[[21.8137,43.6903],[21.8124,43.6802],[21.8093,43.6848],[21.8137,43.6903]]],[[[21.954,44.8911],[21.9384,44.906],[21.9919,44.9147],[21.954,44.8911]]],[[[21.6958,44.9015],[21.6881,44.9139],[21.6942,44.9164],[21.6958,44.9015]]],[[[21.8581,45.1709],[21.8466,45.1766],[21.8627,45.1902],[21.8581,45.1709]]],[[[21.8805,45.1981],[21.8882,45.1888],[21.8822,45.1872],[21.8805,45.1981]]],[[[21.816,45.2501],[21.8297,45.2518],[21.8302,45.2438],[21.816,45.2501]]],[[[21.9176,45.3624],[21.9161,45.3637],[21.9277,45.3697],[21.9176,45.3624]]],[[[21.9479,45.3635],[21.9375,45.3681],[21.937,45.3755],[21.9479,45.3635]]],[[[21.9532,45.3729],[21.9398,45.3796],[21.9513,45.3877],[21.9532,45.3729]]],[[[21.9823,45.39],[21.9654,45.4003],[21.9835,45.4163],[21.9823,45.39]]],[[[21.8825,45.4026],[21.8895,45.4005],[21.8799,45.3998],[21.8825,45.4026]]],[[[21.9602,45.4059],[21.9617,45.3998],[21.9576,45.4084],[21.9602,45.4059]]],[[[21.9529,45.4295],[21.9547,45.427],[21.9509,45.4242],[21.9529,45.4295]]],[[[21.9348,45.4283],[21.9467,45.4321],[21.9499,45.4297],[21.9348,45.4283]]],[[[21.9686,45.4348],[21.9711,45.4355],[21.9704,45.4306],[21.9686,45.4348]]],[[[21.6972,45.429],[21.6926,45.4351],[21.7087,45.4304],[21.6972,45.429]]],[[[21.6993,45.4378],[21.7007,45.445],[21.7072,45.4441],[21.6993,45.4378]]],[[[21.9281,45.4281],[21.9236,45.4474],[21.9393,45.4552],[21.9516,45.4334],[21.9281,45.4281]]],[[[21.9732,45.461],[21.9834,45.4574],[21.9672,45.4481],[21.9732,45.461]]],[[[21.9462,45.4719],[21.9483,45.4733],[21.9567,45.4695],[21.9462,45.4719]]],[[[21.8699,45.4669],[21.8652,45.4751],[21.881,45.4755],[21.8699,45.4669]]],[[[21.856,45.4754],[21.8518,45.4753],[21.8537,45.4824],[21.866,45.4851],[21.856,45.4754]]],[[[21.8388,45.4792],[21.837,45.4826],[21.8443,45.4866],[21.8388,45.4792]]],[[[21.8095,45.4882],[21.8176,45.49],[21.8125,45.4853],[21.8095,45.4882]]],[[[21.9541,45.492],[21.9557,45.4859],[21.9474,45.487],[21.9541,45.492]]],[[[21.7363,45.4897],[21.7313,45.4994],[21.7403,45.5028],[21.7363,45.4897]]],[[[21.8082,45.4995],[21.8006,45.4976],[21.8091,45.5027],[21.8082,45.4995]]],[[[21.7927,45.5066],[21.7978,45.5058],[21.7959,45.4997],[21.7927,45.5066]]],[[[21.7718,45.5071],[21.7631,45.5061],[21.7641,45.5175],[21.7718,45.5071]]],[[[21.7059,45.5199],[21.693,45.5246],[21.7169,45.5257],[21.7059,45.5199]]],[[[21.7666,45.5239],[21.7529,45.5314],[21.7647,45.5386],[21.7881,45.5328],[21.7666,45.5239]]],[[[21.8334,45.5343],[21.8272,45.5298],[21.8315,45.5392],[21.8542,45.5396],[21.8334,45.5343]]],[[[21.8762,45.5359],[21.8765,45.5437],[21.8826,45.5406],[21.8762,45.5359]]],[[[21.7501,45.5389],[21.7463,45.5474],[21.7513,45.5452],[21.7501,45.5389]]],[[[21.8284,45.5581],[21.8406,45.5563],[21.8397,45.5547],[21.8284,45.5581]]],[[[21.8904,45.5526],[21.8885,45.5593],[21.9018,45.5633],[21.8904,45.5526]]],[[[21.9107,45.5479],[21.903,45.5497],[21.9109,45.5852],[21.9107,45.5479]]],[[[21.9625,45.5663],[21.9667,45.5728],[21.9686,45.5701],[21.9625,45.5663]]],[[[21.8871,45.5598],[21.8754,45.5564],[21.8647,45.5981],[21.8871,45.5598]]],[[[21.8867,45.6073],[21.9041,45.6088],[21.9008,45.6061],[21.8867,45.6073]]],[[[21.9357,45.6102],[21.9368,45.6054],[21.9304,45.6039],[21.9357,45.6102]]],[[[21.8874,45.622],[21.8868,45.6094],[21.8682,45.6146],[21.8874,45.622]]],[[[21.8442,45.6329],[21.8283,45.6383],[21.8349,45.6503],[21.8442,45.6329]]],[[[21.8715,45.6442],[21.8666,45.6514],[21.8797,45.6522],[21.8715,45.6442]]],[[[21.9749,45.6752],[21.9701,45.6789],[21.9845,45.6916],[21.9749,45.6752]]],[[[21.979,45.6939],[21.9747,45.6991],[21.9762,45.7005],[21.979,45.6939]]],[[[21.9413,45.6924],[21.9358,45.6978],[21.9404,45.7035],[21.9413,45.6924]]],[[[21.8741,45.7318],[21.8705,45.7347],[21.8878,45.7307],[21.8741,45.7318]]],[[[21.8014,45.831],[21.7933,45.828],[21.794,45.8313],[21.8014,45.831]]],[[[21.9349,45.8448],[21.9364,45.8407],[21.9303,45.84],[21.9349,45.8448]]],[[[21.8495,45.8465],[21.8498,45.8404],[21.8449,45.8418],[21.8495,45.8465]]],[[[21.7087,45.8329],[21.6953,45.857],[21.7161,45.8484],[21.7087,45.8329]]],[[[21.8842,45.8486],[21.8774,45.8526],[21.8836,45.8552],[21.8842,45.8486]]],[[[21.851,45.868],[21.8504,45.8573],[21.8374,45.8672],[21.851,45.868]]],[[[21.859,45.8583],[21.8456,45.8754],[21.875,45.8849],[21.859,45.8583]]],[[[21.8945,45.8956],[21.9025,45.8977],[21.8903,45.882],[21.8945,45.8956]]],[[[21.8863,45.8836],[21.8926,45.9013],[21.895,45.9009],[21.8863,45.8836]]],[[[21.7304,45.9045],[21.7294,45.8977],[21.725,45.8976],[21.7304,45.9045]]],[[[21.7272,45.9101],[21.7303,45.9176],[21.7338,45.9167],[21.7272,45.9101]]],[[[21.9336,45.9264],[21.9424,45.9305],[21.9385,45.9153],[21.9338,45.9131],[21.9336,45.9264]]],[[[21.7512,45.9167],[21.7375,45.9152],[21.7433,45.9342],[21.7512,45.9167]]],[[[21.7126,45.9281],[21.7167,45.9239],[21.7118,45.9222],[21.7126,45.9281]]],[[[21.7259,45.938],[21.7385,45.9378],[21.7399,45.9363],[21.7259,45.938]]],[[[21.9102,45.9394],[21.9153,45.9318],[21.9116,45.9314],[21.9102,45.9394]]],[[[21.7518,45.9379],[21.755,45.942],[21.7569,45.9377],[21.7508,45.9328],[21.7518,45.9379]]],[[[21.8836,45.9329],[21.887,45.9438],[21.8906,45.9412],[21.8836,45.9329]]],[[[21.8387,45.9473],[21.8397,45.9405],[21.8255,45.9436],[21.8387,45.9473]]],[[[21.9065,45.9445],[21.9093,45.9578],[21.915,45.9623],[21.9065,45.9445]]],[[[21.7345,45.9629],[21.7352,45.9491],[21.7251,45.9541],[21.7345,45.9629]]],[[[21.7371,45.9654],[21.7438,45.9661],[21.7479,45.9599],[21.7375,45.9481],[21.7371,45.9654]]],[[[21.8805,45.9629],[21.8808,45.9612],[21.872,45.9585],[21.8805,45.9629]]],[[[21.7854,45.9742],[21.7808,45.9715],[21.7824,45.9656],[21.772,45.9642],[21.7836,45.9753],[21.7854,45.9742]]],[[[21.8951,45.9839],[21.898,45.9903],[21.9114,45.984],[21.8951,45.9839]]],[[[21.8842,45.9874],[21.8856,45.9845],[21.8816,45.9816],[21.8842,45.9874]]],[[[21.9254,45.999],[21.9291,45.9997],[21.9301,45.9865],[21.9254,45.999]]],[[[21.7865,46.0129],[21.794,46.0157],[21.7964,46.0112],[21.7865,46.0129]]],[[[21.8886,46.0172],[21.8847,46.0133],[21.8884,46.0185],[21.8993,46.017],[21.8886,46.0172]]],[[[21.7673,46.0066],[21.7511,45.9993],[21.7254,46.0045],[21.7293,46.0235],[21.7375,46.0057],[21.7559,46.0088],[21.7388,46.0198],[21.7516,46.0399],[21.7673,46.0066]]],[[[21.7603,46.0438],[21.7468,46.0435],[21.7619,46.0452],[21.7603,46.0438]]],[[[21.7841,46.0424],[21.8008,46.0376],[21.7798,46.0377],[21.7663,46.0476],[21.7841,46.0424]]],[[[21.8256,46.0519],[21.8105,46.0452],[21.817,46.0548],[21.8303,46.0525],[21.8256,46.0519]]],[[[21.7423,46.0595],[21.7661,46.0685],[21.7614,46.0472],[21.7002,46.0719],[21.7602,46.0746],[21.7423,46.0595]]],[[[21.8784,46.0653],[21.8529,46.0664],[21.8702,46.0741],[21.8784,46.0653]]],[[[21.8448,46.2514],[21.8355,46.2394],[21.8419,46.2788],[21.8448,46.2514]]],[[[21.7953,46.2527],[21.7884,46.259],[21.7956,46.2714],[21.7953,46.2527]]],[[[21.9581,46.3528],[21.9624,46.3532],[21.9591,46.3449],[21.9581,46.3528]]],[[[21.8182,46.3989],[21.8419,46.3908],[21.8346,46.3887],[21.8182,46.3989]]],[[[21.9656,46.6382],[21.9621,46.644],[21.9748,46.641],[21.9656,46.6382]]],[[[21.8913,46.8986],[21.8903,46.8983],[21.8951,46.905],[21.9033,46.9032],[21.8913,46.8986]]],[[[21.9554,47.0623],[21.9631,47.065],[21.9514,47.0565],[21.9554,47.0623]]],[[[21.9415,47.0819],[21.9362,47.081],[21.934,47.0854],[21.9415,47.0819]]],[[[21.8618,47.082],[21.858,47.0862],[21.866,47.0918],[21.8618,47.082]]],[[[21.858,47.0949],[21.8573,47.0908],[21.8416,47.0936],[21.858,47.0949]]],[[[21.9654,47.0854],[22.0053,47.0775],[21.9447,47.0638],[21.9575,47.0814],[21.9274,47.0928],[21.9471,47.1015],[21.8946,47.1056],[21.9042,47.1278],[21.9462,47.1064],[21.9654,47.0854]]],[[[21.9626,47.5241],[21.9619,47.5318],[21.9694,47.5326],[21.9626,47.5241]]],[[[21.8898,47.5901],[21.8809,47.5927],[21.8887,47.5991],[21.8898,47.5901]]],[[[21.9352,47.6205],[21.9233,47.6203],[21.9266,47.6261],[21.9352,47.6205]]],[[[21.7913,47.6371],[21.795,47.6383],[21.7879,47.6275],[21.7913,47.6371]]],[[[21.7216,47.6483],[21.7218,47.6449],[21.7147,47.643],[21.7216,47.6483]]],[[[21.9533,47.6622],[21.9442,47.6634],[21.9451,47.6665],[21.9555,47.6693],[21.9533,47.6622]]],[[[21.9389,47.6641],[21.9383,47.6741],[21.9453,47.67],[21.9389,47.6641]]],[[[21.9488,47.6866],[21.9442,47.6854],[21.9436,47.6918],[21.9488,47.6866]]],[[[21.8184,47.6895],[21.8149,47.6898],[21.8185,47.698],[21.8278,47.6967],[21.8184,47.6895]]],[[[21.838,47.6903],[21.8342,47.6928],[21.8394,47.7029],[21.8606,47.6978],[21.838,47.6903]]],[[[21.8178,47.7021],[21.8083,47.7043],[21.8097,47.7076],[21.8178,47.7021]]],[[[21.8559,47.7143],[21.8506,47.7067],[21.849,47.7076],[21.8559,47.7143]]],[[[21.7667,47.7093],[21.7684,47.7225],[21.7683,47.706],[21.7667,47.7093]]],[[[21.8444,47.7215],[21.8309,47.72],[21.8301,47.7273],[21.8444,47.7215]]],[[[21.7379,47.7219],[21.7317,47.7232],[21.7307,47.7286],[21.7379,47.7219]]],[[[21.9002,47.7182],[21.8934,47.7251],[21.9044,47.7355],[21.9002,47.7182]]],[[[21.7971,47.731],[21.7926,47.7291],[21.7873,47.7298],[21.7971,47.731]]],[[[21.7952,47.7397],[21.7838,47.7284],[21.7806,47.7288],[21.7952,47.7397]]],[[[21.9086,47.7425],[21.9084,47.7444],[21.9164,47.7472],[21.9086,47.7425]]],[[[21.8213,47.7409],[21.8054,47.7475],[21.8183,47.7575],[21.8213,47.7409]]],[[[21.7971,47.7497],[21.7952,47.7618],[21.8008,47.7628],[21.7971,47.7497]]],[[[21.8352,47.7659],[21.8401,47.7658],[21.8401,47.7569],[21.8352,47.7659]]],[[[21.9351,47.7693],[21.9351,47.7655],[21.9298,47.7655],[21.9351,47.7693]]],[[[21.827,47.7669],[21.8233,47.7807],[21.8387,47.775],[21.827,47.7669]]],[[[21.8249,47.7863],[21.8341,47.7882],[21.8335,47.7827],[21.8249,47.7863]]],[[[21.8975,47.7887],[21.898,47.8024],[21.9086,47.7894],[21.8975,47.7887]]],[[[21.8903,47.8042],[21.8895,47.798],[21.8853,47.7978],[21.8903,47.8042]]],[[[21.8025,47.8017],[21.7856,47.8022],[21.7926,47.8143],[21.8025,47.8017]]],[[[21.8993,47.8144],[21.9085,47.8098],[21.9042,47.8082],[21.8993,47.8144]]],[[[21.8506,47.8084],[21.8314,47.8092],[21.8375,47.8245],[21.8506,47.8084]]],[[[21.8598,47.8275],[21.8669,47.828],[21.8653,47.8171],[21.8598,47.8275]]],[[[21.9129,47.8264],[21.902,47.8189],[21.9038,47.823],[21.9129,47.8264]]],[[[21.7891,47.8265],[21.7946,47.8276],[21.8033,47.8233],[21.7891,47.8265]]],[[[21.8907,47.8285],[21.9079,47.8319],[21.9055,47.8253],[21.8907,47.8285]]],[[[21.7373,47.8373],[21.7346,47.8334],[21.7196,47.8357],[21.7286,47.8395],[21.7479,47.8357],[21.7373,47.8373]]],[[[21.8829,47.8567],[21.8933,47.8458],[21.8815,47.8451],[21.8829,47.8567]]],[[[21.878,47.8578],[21.8626,47.8624],[21.8763,47.8759],[21.878,47.8578]]],[[[21.9092,47.8799],[21.9098,47.8745],[21.9016,47.877],[21.9092,47.8799]]],[[[21.8074,47.8811],[21.7947,47.8907],[21.8013,47.8921],[21.8074,47.8811]]],[[[21.8011,47.8946],[21.8018,47.8932],[21.7826,47.8903],[21.8011,47.8946]]],[[[21.8777,47.908],[21.8721,47.9081],[21.871,47.9115],[21.8777,47.908]]],[[[21.881,47.929],[21.8884,47.9245],[21.8791,47.9234],[21.881,47.929]]],[[[21.8703,47.92],[21.8342,47.9253],[21.8413,47.9394],[21.8703,47.92]]],[[[21.8143,47.9297],[21.8085,47.93],[21.8111,47.9364],[21.8143,47.9297]]],[[[21.7728,47.9378],[21.7708,47.9423],[21.7799,47.9452],[21.7728,47.9378]]],[[[21.8495,47.9483],[21.8402,47.9417],[21.8418,47.95],[21.8495,47.9483]]],[[[21.8655,47.9599],[21.8615,47.9592],[21.8574,47.9649],[21.8655,47.9599]]],[[[21.7487,47.9627],[21.7459,47.9709],[21.7696,47.9663],[21.7487,47.9627]]],[[[21.7978,47.972],[21.7917,47.975],[21.8038,47.9728],[21.7978,47.972]]],[[[21.8549,47.9748],[21.8422,47.9757],[21.8495,47.9837],[21.8549,47.9748]]],[[[21.9178,47.9891],[21.9312,47.9903],[21.9347,47.9816],[21.9178,47.9891]]],[[[21.9014,47.983],[21.9016,47.9961],[21.9039,47.9794],[21.9014,47.983]]],[[[21.8817,47.9871],[21.8923,47.9974],[21.8918,47.9855],[21.8817,47.9871]]],[[[21.7852,47.9965],[21.788,47.9966],[21.7889,47.9895],[21.7852,47.9965]]],[[[21.9255,47.9917],[21.9116,47.9912],[21.9158,47.9953],[21.9255,47.9917]]],[[[21.7758,47.9973],[21.7777,48.0085],[21.7847,48.0068],[21.7758,47.9973]]],[[[21.9712,48.0103],[21.974,48.0048],[21.9642,48.0023],[21.9712,48.0103]]],[[[21.8652,48.0106],[21.8618,48.0014],[21.8586,48.0187],[21.8862,48.0187],[21.8652,48.0106]]],[[[21.8393,48.0035],[21.8452,48.0238],[21.8537,48.0195],[21.8393,48.0035]]],[[[21.9086,48.0126],[21.8989,48.0135],[21.9082,48.0205],[21.9086,48.0126]]],[[[21.76,48.0238],[21.7706,48.0224],[21.7705,48.0176],[21.76,48.0238]]],[[[21.8005,48.028],[21.8109,48.0286],[21.8106,48.0229],[21.8005,48.028]]],[[[21.7952,48.0355],[21.795,48.0381],[21.812,48.0346],[21.7952,48.0355]]],[[[21.9621,48.0379],[21.9687,48.0389],[21.9694,48.0335],[21.9621,48.0379]]],[[[21.7311,48.0358],[21.7296,48.0391],[21.7375,48.0409],[21.7311,48.0358]]],[[[21.877,48.0326],[21.8693,48.0418],[21.8798,48.0461],[21.877,48.0326]]],[[[21.9001,48.0459],[21.9022,48.0389],[21.8954,48.0351],[21.9001,48.0459]]],[[[21.9218,48.0464],[21.9253,48.0361],[21.9202,48.0358],[21.9218,48.0464]]],[[[21.7461,48.0471],[21.75,48.047],[21.7401,48.0408],[21.7461,48.0471]]],[[[21.7579,48.0477],[21.7594,48.0561],[21.7617,48.0561],[21.7579,48.0477]]],[[[21.7813,48.0391],[21.7718,48.0392],[21.7625,48.0671],[21.7813,48.0391]]],[[[21.8256,48.0657],[21.8285,48.0651],[21.8253,48.0511],[21.8256,48.0657]]],[[[21.7032,48.0641],[21.706,48.0565],[21.6975,48.0554],[21.7032,48.0641]]],[[[21.726,48.0655],[21.7257,48.0727],[21.7364,48.0745],[21.726,48.0655]]],[[[21.7537,48.0803],[21.7579,48.0844],[21.7608,48.0714],[21.7537,48.0803]]],[[[21.8755,48.0938],[21.8773,48.0845],[21.8721,48.0844],[21.8755,48.0938]]],[[[21.9233,48.0882],[21.9221,48.094],[21.9277,48.0946],[21.9233,48.0882]]],[[[21.7385,48.1016],[21.7634,48.0923],[21.7547,48.085],[21.7385,48.1016]]],[[[21.8387,48.098],[21.8366,48.1027],[21.8455,48.1033],[21.8399,48.0944],[21.8387,48.098]]],[[[21.9484,48.1045],[21.9486,48.099],[21.9439,48.098],[21.9484,48.1045]]],[[[21.9732,48.1126],[21.9678,48.1226],[21.9799,48.127],[21.9732,48.1126]]],[[[21.7183,48.1417],[21.7147,48.1418],[21.7152,48.1507],[21.7183,48.1417]]],[[[21.6903,48.1482],[21.7045,48.1677],[21.7113,48.1486],[21.6903,48.1482]]],[[[21.9329,48.2129],[21.9281,48.226],[21.9365,48.2272],[21.9329,48.2129]]],[[[21.8707,48.2211],[21.8703,48.227],[21.8753,48.2278],[21.8707,48.2211]]],[[[21.807,48.2373],[21.8033,48.2382],[21.8093,48.245],[21.807,48.2373]]],[[[21.9278,48.2676],[21.9,48.2643],[21.8963,48.273],[21.9278,48.2676]]],[[[21.9524,48.2761],[21.9463,48.2815],[21.9539,48.2878],[21.9524,48.2761]]],[[[21.7022,48.3197],[21.6944,48.3351],[21.7119,48.3345],[21.7022,48.3197]]],[[[21.8915,48.3462],[21.8983,48.3482],[21.9001,48.342],[21.8915,48.3462]]],[[[21.8534,48.7322],[21.8488,48.7397],[21.8566,48.7393],[21.8534,48.7322]]],[[[21.8259,48.7603],[21.8214,48.7658],[21.8257,48.7703],[21.8259,48.7603]]],[[[21.8043,48.7765],[21.8012,48.7874],[21.8213,48.7851],[21.8043,48.7765]]],[[[21.8839,48.8737],[21.8681,48.8797],[21.885,48.8769],[21.8839,48.8737]]],[[[22.0519,42.9327],[22.0533,42.9407],[22.0568,42.939],[22.0519,42.9327]]],[[[22.1092,42.9541],[22.1117,42.958],[22.1166,42.9554],[22.1092,42.9541]]],[[[22.0669,43.4093],[22.0629,43.4106],[22.0794,43.4166],[22.0669,43.4093]]],[[[22.1775,43.4404],[22.1755,43.4364],[22.1687,43.4397],[22.1775,43.4404]]],[[[22.0631,43.5119],[22.066,43.5083],[22.0591,43.5068],[22.0631,43.5119]]],[[[22.184,43.5672],[22.1842,43.5631],[22.1727,43.5595],[22.184,43.5672]]],[[[22.1628,43.5969],[22.1579,43.5979],[22.1689,43.5999],[22.1628,43.5969]]],[[[22.1614,43.617],[22.1707,43.6145],[22.1694,43.6116],[22.1614,43.617]]],[[[22.1766,43.6145],[22.1696,43.6198],[22.1721,43.6208],[22.1766,43.6145]]],[[[22.1206,43.6196],[22.1211,43.6261],[22.1247,43.6248],[22.1206,43.6196]]],[[[22.1349,43.6285],[22.1409,43.6233],[22.1336,43.6226],[22.1349,43.6285]]],[[[22.1098,43.6685],[22.1222,43.6663],[22.1212,43.6634],[22.1098,43.6685]]],[[[22.0276,44.8551],[22.0122,44.8601],[22.0276,44.87],[22.0345,44.8585],[22.0276,44.8551]]],[[[22.0535,44.8602],[22.0529,44.884],[22.0879,44.8681],[22.0535,44.8602]]],[[[22.1052,44.8741],[22.0911,44.8861],[22.1202,44.884],[22.1052,44.8741]]],[[[22.1309,44.8948],[22.1244,44.8965],[22.146,44.9142],[22.1309,44.8948]]],[[[22.1005,44.906],[22.0857,44.9099],[22.0826,44.9149],[22.1005,44.906]]],[[[22.0818,44.9163],[22.0805,44.913],[22.0716,44.9223],[22.0818,44.9163]]],[[[22.1192,44.9124],[22.0934,44.917],[22.0837,44.925],[22.1192,44.9124]]],[[[22.0089,44.9221],[22.0013,44.9307],[22.0077,44.9398],[22.0241,44.9405],[22.0059,44.9297],[22.0262,44.9261],[22.0089,44.9221]]],[[[22.0295,44.9402],[22.0263,44.9457],[22.0304,44.9476],[22.0401,44.9423],[22.0295,44.9402]]],[[[22.1357,44.9768],[22.1363,44.9719],[22.1174,44.9273],[22.1023,44.9371],[22.1357,44.9768]]],[[[22.102,44.9597],[22.0949,44.9494],[22.0775,44.9496],[22.0849,44.977],[22.102,44.9597]]],[[[22.0056,45.3252],[22.0002,45.333],[22.0114,45.3357],[22.0056,45.3252]]],[[[21.9825,45.3493],[21.9836,45.3535],[21.9961,45.3505],[21.9825,45.3493]]],[[[22.0737,45.3872],[22.0837,45.3857],[22.0797,45.3704],[22.036,45.3853],[22.0737,45.3872]]],[[[22.1352,45.3797],[22.1294,45.3828],[22.1398,45.3901],[22.1352,45.3797]]],[[[22.1111,45.3843],[22.1141,45.3955],[22.1207,45.3936],[22.1111,45.3843]]],[[[21.9983,45.4007],[21.9958,45.3966],[21.9905,45.4099],[21.9983,45.4007]]],[[[21.9971,45.4195],[22.0055,45.4202],[22.0064,45.4159],[21.9971,45.4195]]],[[[22.0682,45.421],[22.0854,45.4128],[22.0771,45.4111],[22.0682,45.421]]],[[[22.1625,45.4243],[22.16,45.4454],[22.165,45.436],[22.1817,45.4224],[22.1625,45.4243]]],[[[22.1565,45.4193],[22.1284,45.4289],[22.1528,45.448],[22.1565,45.4193]]],[[[22.1,45.4565],[22.0999,45.4597],[22.1099,45.4583],[22.1,45.4565]]],[[[22.0067,45.4524],[22.002,45.4659],[22.0193,45.4488],[22.0067,45.4524]]],[[[21.9913,45.4585],[21.9913,45.4523],[21.9856,45.4583],[21.993,45.4614],[21.9913,45.4585]]],[[[22.1002,45.4608],[22.104,45.4638],[22.1119,45.4645],[22.1002,45.4608]]],[[[22.0618,45.4658],[22.101,45.4799],[22.0923,45.464],[22.0618,45.4658]]],[[[22.0229,45.4665],[22.0046,45.4665],[21.995,45.4755],[22.0229,45.4665]]],[[[22.1635,45.4687],[22.1507,45.4767],[22.1522,45.4831],[22.1429,45.48],[22.1547,45.4848],[22.1535,45.4878],[22.1546,45.4902],[22.1555,45.4903],[22.1635,45.4687]]],[[[22.1435,45.4858],[22.1455,45.4902],[22.1428,45.4913],[22.1424,45.4934],[22.1593,45.4947],[22.1435,45.4858]]],[[[22.018,45.4843],[22.0219,45.5006],[22.0295,45.4885],[22.018,45.4843]]],[[[21.9967,45.4899],[21.9957,45.491],[22.0162,45.4999],[21.9967,45.4899]]],[[[22.1416,45.4957],[22.1429,45.49],[22.1394,45.4845],[22.1299,45.5056],[22.1416,45.4957]]],[[[22.1132,45.4945],[22.1103,45.4923],[22.098,45.5144],[22.1132,45.4945]]],[[[22.0142,45.512],[22.0192,45.5203],[22.0208,45.5131],[22.0142,45.512]]],[[[22.0094,45.5272],[22.0224,45.5321],[22.018,45.5232],[22.0094,45.5272]]],[[[22.0298,45.534],[22.0378,45.5316],[22.0253,45.5172],[22.0298,45.534]]],[[[22.0916,45.5171],[22.086,45.5236],[22.0992,45.5354],[22.0916,45.5171]]],[[[22.1719,45.5326],[22.1689,45.5441],[22.1885,45.5394],[22.1719,45.5326]]],[[[22.1704,45.558],[22.1599,45.5463],[22.1471,45.5636],[22.1704,45.558]]],[[[22.151,45.5829],[22.1533,45.5751],[22.1483,45.5725],[22.151,45.5829]]],[[[22.0539,45.5856],[22.0543,45.5879],[22.0646,45.5847],[22.0539,45.5856]]],[[[22.1168,45.6217],[22.1132,45.6118],[22.1301,45.614],[22.1331,45.6097],[22.1133,45.6092],[22.1093,45.6155],[22.1168,45.6217]]],[[[22.0777,45.6288],[22.0597,45.6333],[22.0759,45.6378],[22.0777,45.6288]]],[[[22.0656,45.6428],[22.0683,45.6404],[22.0562,45.638],[22.0656,45.6428]]],[[[22.0477,45.6432],[22.0374,45.6427],[22.0353,45.651],[22.0459,45.6501],[22.0503,45.6471],[22.0477,45.6432]]],[[[22.0847,45.734],[22.0784,45.7361],[22.0806,45.7387],[22.0847,45.734]]],[[[22.091,45.7515],[22.0974,45.7449],[22.0832,45.7484],[22.091,45.7515]]],[[[22.182,45.7558],[22.1746,45.7435],[22.1721,45.7513],[22.182,45.7558]]],[[[22.1829,45.7582],[22.201,45.758],[22.1967,45.7533],[22.1829,45.7582]]],[[[22.0869,45.7603],[22.0943,45.7648],[22.0966,45.7521],[22.0869,45.7603]]],[[[22.0426,45.7665],[22.0539,45.7664],[22.0539,45.762],[22.0426,45.7665]]],[[[22.0066,45.7651],[22.0267,45.7693],[22.0271,45.7654],[22.0066,45.7651]]],[[[22.0989,45.7681],[22.0938,45.7787],[22.1057,45.7751],[22.0989,45.7681]]],[[[21.9949,45.847],[21.9984,45.8376],[21.9899,45.841],[21.9949,45.847]]],[[[22.0519,45.8665],[22.0527,45.8596],[22.0477,45.8611],[22.0519,45.8665]]],[[[22.0647,45.8863],[22.0695,45.8903],[22.0722,45.8886],[22.0647,45.8863]]],[[[22.0135,45.9338],[22.0235,45.9361],[22.0227,45.9326],[22.0135,45.9338]]],[[[22.1433,46.0361],[22.1439,46.0468],[22.1515,46.0456],[22.1433,46.0361]]],[[[22.1655,46.0463],[22.1752,46.0424],[22.1677,46.0347],[22.1655,46.0463]]],[[[22.1235,46.0925],[22.1311,46.0935],[22.122,46.088],[22.1088,46.0951],[22.1235,46.0925]]],[[[22.0845,46.0952],[22.075,46.0967],[22.0883,46.102],[22.0845,46.0952]]],[[[22.1348,46.1274],[22.1303,46.131],[22.1238,46.129],[22.1403,46.1262],[22.1246,46.1143],[22.1122,46.1199],[22.1143,46.1379],[22.1365,46.1306],[22.1348,46.1274]]],[[[22.1473,46.1279],[22.1393,46.1243],[22.142,46.126],[22.1407,46.1279],[22.1598,46.1334],[22.1473,46.1279]]],[[[22.0948,46.2423],[22.0876,46.2586],[22.0973,46.254],[22.0948,46.2423]]],[[[22.1194,46.3062],[22.1148,46.2922],[22.1083,46.3031],[22.119,46.309],[22.1194,46.3062]]],[[[22.0576,46.3064],[22.0573,46.2938],[22.0426,46.3111],[22.0576,46.3064]]],[[[22.1263,46.3119],[22.1339,46.3085],[22.1268,46.3025],[22.1263,46.3119]]],[[[22.1474,46.301],[22.1318,46.3031],[22.1449,46.3161],[22.1474,46.301]]],[[[22.164,46.3096],[22.163,46.3191],[22.1659,46.3199],[22.164,46.3096]]],[[[22.0491,46.3221],[22.059,46.3117],[22.0588,46.3072],[22.0491,46.3221]]],[[[22.189,46.3173],[22.177,46.3324],[22.1826,46.3356],[22.189,46.3173]]],[[[22.05,46.323],[22.0398,46.3277],[22.0515,46.3448],[22.0796,46.3428],[22.05,46.323]]],[[[22.1312,46.361],[22.1379,46.37],[22.1575,46.3435],[22.1312,46.361]]],[[[22.1715,46.3659],[22.1708,46.3676],[22.1795,46.3701],[22.1715,46.3659]]],[[[22.0209,46.3759],[22.0075,46.3849],[22.028,46.3966],[22.0209,46.3759]]],[[[22.1854,46.4082],[22.1832,46.4049],[22.1745,46.3974],[22.1644,46.393],[22.1854,46.4082]]],[[[22.0567,46.6948],[22.0651,46.6901],[22.0498,46.6878],[22.0567,46.6948]]],[[[22.0956,46.7633],[22.0956,46.7593],[22.0923,46.7586],[22.0929,46.7641],[22.1077,46.7649],[22.0956,46.7633]]],[[[22.1433,46.7863],[22.1298,46.8008],[22.1413,46.8028],[22.1433,46.7863]]],[[[22.1171,46.8142],[22.1219,46.8206],[22.1243,46.82],[22.1171,46.8142]]],[[[22.1327,46.8784],[22.1303,46.8797],[22.1439,46.8826],[22.1493,46.8801],[22.1327,46.8784]]],[[[22.1315,46.9022],[22.1243,46.9039],[22.1354,46.9091],[22.1315,46.9022]]],[[[21.9796,46.9626],[21.9846,46.9726],[21.9924,46.9657],[21.9796,46.9626]]],[[[22.1664,47.0177],[22.169,47.0225],[22.1723,47.0183],[22.1664,47.0177]]],[[[22.0927,47.0155],[22.0989,47.0291],[22.1137,47.0285],[22.0927,47.0155]]],[[[21.9954,47.053],[21.9539,47.0544],[21.9775,47.071],[21.9954,47.053]]],[[[22.0083,47.0596],[22.0028,47.0728],[22.0424,47.0768],[22.0083,47.0596]]],[[[22.0724,47.0867],[22.0572,47.0871],[22.0698,47.097],[22.0724,47.0867]]],[[[21.9944,47.1052],[21.9917,47.1107],[22.0001,47.1146],[21.9944,47.1052]]],[[[22.1253,47.1735],[22.123,47.1656],[22.1213,47.1701],[22.1253,47.1735]]],[[[22.0732,47.1888],[22.0768,47.1837],[22.0666,47.1808],[22.0732,47.1888]]],[[[22.1543,47.1847],[22.1568,47.1896],[22.166,47.1862],[22.1543,47.1847]]],[[[22.1486,47.3064],[22.1613,47.3025],[22.1548,47.2977],[22.1486,47.3064]]],[[[22.1673,47.3085],[22.1739,47.3057],[22.1648,47.3081],[22.1673,47.3085]]],[[[22.1728,47.3194],[22.1715,47.3148],[22.167,47.3148],[22.1728,47.3194]]],[[[22.0722,47.3198],[22.0742,47.3259],[22.0874,47.3242],[22.0722,47.3198]]],[[[22.09,47.332],[22.0956,47.33],[22.0877,47.3272],[22.09,47.332]]],[[[22.0993,47.3416],[22.094,47.3438],[22.1051,47.3444],[22.0993,47.3416]]],[[[22.0932,47.5252],[22.0951,47.5353],[22.1006,47.536],[22.0932,47.5252]]],[[[22.1143,47.5611],[22.1232,47.5616],[22.1224,47.5583],[22.1143,47.5611]]],[[[22.1795,47.6966],[22.1795,47.6919],[22.1669,47.6817],[22.1795,47.6966]]],[[[22.0184,47.702],[22.0281,47.6953],[22.0232,47.6929],[22.0184,47.702]]],[[[21.9743,47.7141],[21.9807,47.727],[21.9865,47.7192],[21.9743,47.7141]]],[[[22.0077,47.7195],[22.0009,47.7236],[22.0026,47.7258],[22.0077,47.7195]]],[[[22.0215,47.7225],[22.0142,47.7231],[22.0228,47.7342],[22.0215,47.7225]]],[[[22.0907,47.7552],[22.0861,47.7629],[22.0979,47.7614],[22.0907,47.7552]]],[[[22.0676,47.7653],[22.0614,47.7678],[22.0641,47.7751],[22.0676,47.7653]]],[[[22.1061,47.8165],[22.1144,47.8306],[22.1178,47.8271],[22.1061,47.8165]]],[[[22.0816,47.8147],[22.0673,47.8314],[22.0841,47.8288],[22.0816,47.8147]]],[[[22.0377,47.8331],[22.0328,47.8434],[22.0378,47.8385],[22.0377,47.8331]]],[[[22.0717,47.8341],[22.0614,47.844],[22.1007,47.8418],[22.0717,47.8341]]],[[[22.0648,47.8499],[22.0722,47.8477],[22.0623,47.8474],[22.0648,47.8499]]],[[[22.0809,47.8474],[22.0772,47.8497],[22.0877,47.8538],[22.0809,47.8474]]],[[[22.0272,47.8524],[22.0207,47.8569],[22.025,47.8575],[22.0272,47.8524]]],[[[22.013,47.8639],[22.0246,47.8643],[22.0183,47.8624],[22.013,47.8639]]],[[[22.1258,47.8706],[22.1284,47.8603],[22.1188,47.8621],[22.1258,47.8706]]],[[[22.1047,47.8746],[22.11,47.8681],[22.1016,47.8645],[22.1047,47.8746]]],[[[22.057,47.8998],[22.064,47.8927],[22.0559,47.8942],[22.057,47.8998]]],[[[22.1798,47.9069],[22.1723,47.9321],[22.1768,47.9319],[22.194,47.9161],[22.1798,47.9069]]],[[[22.1289,47.9279],[22.1242,47.9325],[22.1277,47.9309],[22.1289,47.9279]]],[[[22.1162,47.9482],[22.1336,47.9542],[22.1345,47.9444],[22.1162,47.9482]]],[[[22.0414,47.9662],[22.0433,47.9698],[22.0497,47.9638],[22.0414,47.9662]]],[[[22.0087,47.982],[22.0299,47.9764],[22.0187,47.9746],[22.0087,47.982]]],[[[22.1021,48.0027],[22.1151,47.9992],[22.0979,47.9917],[22.1021,48.0027]]],[[[22.1774,48.0076],[22.1789,47.9901],[22.1746,47.9902],[22.1774,48.0076]]],[[[22.1569,47.9965],[22.1704,48.0005],[22.1575,47.9954],[22.1569,47.9965]]],[[[22.1812,48.0133],[22.1974,48.0082],[22.193,48.0045],[22.1812,48.0133]]],[[[22.1479,48.0077],[22.1531,48.0195],[22.1449,48.0209],[22.1408,48.0288],[22.1571,48.0176],[22.1479,48.0077]]],[[[22.1357,48.014],[22.1283,48.0207],[22.1344,48.0238],[22.1357,48.014]]],[[[22.1838,48.027],[22.1865,48.0213],[22.1742,48.0199],[22.1838,48.027]]],[[[22.1652,48.0292],[22.1678,48.0222],[22.1614,48.0196],[22.1652,48.0292]]],[[[22.1008,48.0286],[22.1013,48.0265],[22.0937,48.0214],[22.1008,48.0286]]],[[[22.1293,48.0255],[22.1147,48.0238],[22.1234,48.0502],[22.1293,48.0255]]],[[[22.0882,48.0409],[22.0944,48.0415],[22.093,48.0347],[22.0882,48.0409]]],[[[22.1826,48.04],[22.1898,48.0505],[22.1969,48.0527],[22.1826,48.04]]],[[[22.1443,48.0458],[22.1533,48.0523],[22.1552,48.0478],[22.1443,48.0458]]],[[[22.0254,48.056],[22.0335,48.0586],[22.0341,48.0507],[22.0254,48.056]]],[[[22.1037,48.0627],[22.0962,48.0706],[22.1017,48.0704],[22.1037,48.0627]]],[[[22.0059,48.0698],[22.0045,48.0752],[22.0168,48.078],[22.0059,48.0698]]],[[[22.0198,48.0833],[22.0051,48.0906],[22.0024,48.1085],[22.0553,48.0963],[22.0198,48.0833]]],[[[22.1557,48.0953],[22.1551,48.1017],[22.1676,48.101],[22.1557,48.0953]]],[[[22.1126,48.1116],[22.1176,48.1047],[22.1096,48.1038],[22.1126,48.1116]]],[[[22.0001,48.0963],[21.9957,48.0956],[21.9819,48.1049],[21.9984,48.1335],[22.0001,48.0963]]],[[[22.0652,48.1208],[22.0397,48.1097],[22.0516,48.13],[22.034,48.1306],[22.0602,48.1346],[22.0476,48.1526],[22.0707,48.1475],[22.0652,48.1208]]],[[[22.1126,48.142],[22.1116,48.1442],[22.1203,48.1478],[22.1126,48.142]]],[[[22.0925,48.1441],[22.0914,48.1497],[22.107,48.1451],[22.0925,48.1441]]],[[[22.1309,48.1505],[22.1389,48.1427],[22.1276,48.1429],[22.1309,48.1505]]],[[[22.1712,48.1607],[22.1729,48.159],[22.1621,48.1514],[22.1712,48.1607]]],[[[22.1042,48.1614],[22.107,48.153],[22.1011,48.1558],[22.1042,48.1614]]],[[[22.199,48.1564],[22.184,48.152],[22.1839,48.1569],[22.199,48.1564]]],[[[22.1398,48.1536],[22.123,48.1638],[22.1322,48.1588],[22.1398,48.1536]]],[[[22.0539,48.1606],[22.0592,48.1657],[22.0634,48.1575],[22.0539,48.1606]]],[[[22.145,48.1681],[22.149,48.1649],[22.1446,48.1603],[22.145,48.1681]]],[[[22.0273,48.1765],[22.0325,48.1784],[22.0366,48.1707],[22.0273,48.1765]]],[[[22.0285,48.1833],[22.0201,48.1838],[22.0373,48.1843],[22.0285,48.1833]]],[[[22.1063,48.1773],[22.1048,48.1856],[22.1183,48.1875],[22.1063,48.1773]]],[[[22.1802,48.1818],[22.1785,48.1987],[22.1941,48.1988],[22.1802,48.1818]]],[[[22.1011,48.1889],[22.0958,48.1994],[22.1105,48.1992],[22.1011,48.1889]]],[[[22.0483,48.1927],[22.0375,48.1896],[22.0457,48.2046],[22.0483,48.1927]]],[[[22.1454,48.2024],[22.1411,48.209],[22.1512,48.2015],[22.1454,48.2024]]],[[[22.1841,48.2022],[22.1684,48.2051],[22.1684,48.2141],[22.1841,48.2022]]],[[[22.1231,48.2121],[22.1403,48.2207],[22.1446,48.212],[22.1231,48.2121]]],[[[22.1214,48.2144],[22.1158,48.2103],[22.1127,48.2151],[22.1214,48.2144]]],[[[22.0902,48.2197],[22.0975,48.2284],[22.1125,48.2341],[22.0902,48.2197]]],[[[22.0101,48.2284],[22.0103,48.2347],[22.016,48.2341],[22.0101,48.2284]]],[[[22.1653,48.2373],[22.1719,48.2296],[22.1638,48.229],[22.1653,48.2373]]],[[[22.1448,48.2336],[22.139,48.2334],[22.1403,48.2448],[22.1448,48.2336]]],[[[22.0942,48.2454],[22.0866,48.2511],[22.0943,48.2559],[22.0942,48.2454]]],[[[22.0954,48.2613],[22.1,48.2667],[22.1104,48.2612],[22.0954,48.2613]]],[[[22.1744,48.2671],[22.1614,48.2635],[22.1673,48.2549],[22.1996,48.2678],[22.2097,48.2459],[22.1097,48.2546],[22.1252,48.2763],[22.1532,48.2542],[22.1522,48.2835],[22.1826,48.2818],[22.1689,48.2823],[22.1744,48.2671]]],[[[22.1947,48.268],[22.1802,48.2678],[22.1978,48.2775],[22.1947,48.268]]],[[[22.1755,48.2805],[22.1896,48.2818],[22.1887,48.2768],[22.1755,48.2805]]],[[[22.1246,48.2894],[22.1177,48.2958],[22.127,48.2906],[22.1409,48.2995],[22.1311,48.2911],[22.1246,48.2894]]],[[[22.0803,48.3039],[22.0919,48.2988],[22.0806,48.2947],[22.0803,48.3039]]],[[[22.1302,48.2972],[22.1212,48.3075],[22.1334,48.3183],[22.1302,48.2972]]],[[[22.1428,48.3184],[22.1495,48.3174],[22.1486,48.3165],[22.1428,48.3184]]],[[[22.1699,48.314],[22.1685,48.3222],[22.1754,48.3218],[22.1699,48.314]]],[[[22.111,48.3194],[22.1055,48.3302],[22.1249,48.3307],[22.111,48.3194]]],[[[22.1461,48.3198],[22.1375,48.3244],[22.1501,48.3332],[22.1461,48.3198]]],[[[22.1284,48.3294],[22.1376,48.3292],[22.1362,48.3236],[22.1284,48.3294]]],[[[22.1822,48.3319],[22.181,48.3371],[22.1938,48.3285],[22.1822,48.3319]]],[[[22.1728,48.328],[22.167,48.3322],[22.1744,48.3343],[22.1728,48.328]]],[[[22.0983,48.3328],[22.103,48.3244],[22.0911,48.3309],[22.1155,48.3378],[22.0983,48.3328]]],[[[22.1757,48.3705],[22.1853,48.3598],[22.1537,48.3758],[22.1757,48.3705]]],[[[21.9777,48.4149],[21.9849,48.4099],[21.981,48.4059],[21.9777,48.4149]]],[[[22.1644,48.5606],[22.1742,48.5639],[22.174,48.5593],[22.1644,48.5606]]],[[[22.385,43.218],[22.3916,43.2179],[22.3926,43.2127],[22.385,43.218]]],[[[22.2384,43.5937],[22.2302,43.601],[22.2476,43.6008],[22.2384,43.5937]]],[[[22.2389,43.6099],[22.2294,43.6139],[22.2421,43.6192],[22.2389,43.6099]]],[[[22.2516,43.6433],[22.2599,43.6429],[22.2563,43.6397],[22.2516,43.6433]]],[[[22.309,43.9584],[22.3194,43.9531],[22.311,43.9488],[22.309,43.9584]]],[[[22.3176,44.0041],[22.3112,43.9892],[22.3002,44.0179],[22.3176,44.0041]]],[[[22.3615,44.1178],[22.3546,44.1207],[22.3605,44.1231],[22.3615,44.1178]]],[[[22.386,44.8586],[22.3738,44.8633],[22.3807,44.8688],[22.386,44.8586]]],[[[22.3812,44.8918],[22.387,44.8978],[22.388,44.8765],[22.3812,44.8918]]],[[[22.3443,44.9556],[22.3418,44.9673],[22.3549,44.9661],[22.3443,44.9556]]],[[[22.253,44.9912],[22.2736,44.9885],[22.2628,44.985],[22.253,44.9912]]],[[[22.3207,45.0234],[22.3238,45.0289],[22.3324,45.0271],[22.3207,45.0234]]],[[[22.2331,45.0347],[22.2446,45.0437],[22.2353,45.0344],[22.2331,45.0347]]],[[[22.3045,45.0317],[22.2907,45.0319],[22.299,45.0387],[22.2966,45.0437],[22.3031,45.056],[22.3045,45.0317]]],[[[22.3304,45.0422],[22.3261,45.0498],[22.3406,45.0554],[22.3304,45.0422]]],[[[22.4051,45.0576],[22.3957,45.0352],[22.4013,45.0753],[22.4051,45.0576]]],[[[22.3266,45.0696],[22.2804,45.055],[22.2821,45.0376],[22.2897,45.0427],[22.2903,45.0315],[22.305,45.0244],[22.2398,45.0523],[22.2371,45.0752],[22.2744,45.0401],[22.2791,45.0727],[22.2664,45.0615],[22.2547,45.0841],[22.2727,45.0799],[22.277,45.0969],[22.2799,45.0805],[22.2975,45.0697],[22.2748,45.1152],[22.3266,45.0696]]],[[[22.2204,45.0747],[22.2324,45.0672],[22.2109,45.0739],[22.2172,45.0883],[22.2353,45.0877],[22.2204,45.0747]]],[[[22.2725,45.0862],[22.2503,45.0868],[22.2573,45.0607],[22.2364,45.0897],[22.2725,45.0862]]],[[[22.3314,45.1006],[22.3327,45.0931],[22.3265,45.0915],[22.3314,45.1006]]],[[[22.2585,45.1062],[22.2326,45.1214],[22.2585,45.12],[22.2585,45.1062]]],[[[22.2725,45.1523],[22.2594,45.1659],[22.2742,45.1681],[22.2725,45.1523]]],[[[22.2481,45.1818],[22.2566,45.1812],[22.2559,45.1751],[22.2481,45.1818]]],[[[22.3383,45.169],[22.3142,45.1882],[22.3533,45.1908],[22.3383,45.169]]],[[[22.3091,45.2019],[22.2956,45.2173],[22.3062,45.2167],[22.3091,45.2019]]],[[[22.319,45.2144],[22.3306,45.2157],[22.3252,45.2057],[22.319,45.2144]]],[[[22.3462,45.2339],[22.3557,45.2372],[22.3571,45.2217],[22.3462,45.2339]]],[[[22.2791,45.2537],[22.279,45.2586],[22.289,45.2502],[22.2791,45.2537]]],[[[22.3427,45.2469],[22.3357,45.259],[22.3405,45.2632],[22.3427,45.2469]]],[[[22.29,45.2629],[22.2921,45.2571],[22.2909,45.2508],[22.29,45.2629]]],[[[22.2732,45.2748],[22.2819,45.2779],[22.2824,45.262],[22.2732,45.2748]]],[[[22.3523,45.2672],[22.3313,45.2703],[22.3245,45.2811],[22.3523,45.2672]]],[[[22.3509,45.2741],[22.3355,45.2844],[22.3445,45.2913],[22.3509,45.2741]]],[[[22.2581,45.2804],[22.2335,45.2845],[22.2607,45.3029],[22.2581,45.2804]]],[[[22.2377,45.2965],[22.2217,45.303],[22.2387,45.3097],[22.2377,45.2965]]],[[[22.2893,45.309],[22.313,45.3076],[22.306,45.303],[22.2893,45.309]]],[[[22.3498,45.3091],[22.3482,45.2946],[22.3074,45.2965],[22.3448,45.3108],[22.2983,45.3316],[22.3498,45.3091]],[[22.3277,45.3014],[22.3446,45.3034],[22.3416,45.3047],[22.3277,45.3014]]],[[[22.3557,45.3078],[22.3438,45.3248],[22.3572,45.3201],[22.3557,45.3078]]],[[[22.2976,45.3233],[22.3176,45.3126],[22.2767,45.32],[22.2976,45.3233]]],[[[22.2565,45.3184],[22.2391,45.3106],[22.2173,45.3225],[22.2565,45.3184]]],[[[22.3086,45.3355],[22.3074,45.344],[22.3229,45.3441],[22.3086,45.3355]]],[[[22.3659,45.3494],[22.3428,45.3496],[22.3577,45.3248],[22.3349,45.3261],[22.3144,45.3717],[22.3659,45.3494]]],[[[22.306,45.3567],[22.317,45.3578],[22.2957,45.3539],[22.306,45.3567]]],[[[22.294,45.355],[22.2712,45.3535],[22.2867,45.3637],[22.294,45.355]]],[[[22.2334,45.3508],[22.223,45.3644],[22.2393,45.3607],[22.2334,45.3508]]],[[[22.2601,45.3667],[22.278,45.3712],[22.2826,45.3648],[22.2601,45.3667]]],[[[22.2896,45.3707],[22.2965,45.3771],[22.3097,45.3702],[22.2896,45.3707]]],[[[22.2874,45.3796],[22.2931,45.3763],[22.2847,45.372],[22.2874,45.3796]]],[[[22.3045,45.3843],[22.3029,45.3785],[22.2968,45.379],[22.3045,45.3843]]],[[[22.356,45.3609],[22.2969,45.3937],[22.3316,45.3984],[22.3142,45.4072],[22.3191,45.4173],[22.301,45.4218],[22.3223,45.4219],[22.3693,45.3767],[22.356,45.3609]],[[22.3374,45.3908],[22.3295,45.3951],[22.3302,45.3911],[22.3374,45.3908]]],[[[22.1862,45.3891],[22.179,45.3912],[22.1777,45.3938],[22.2064,45.3957],[22.1862,45.3891]]],[[[22.2961,45.4103],[22.3028,45.4095],[22.2991,45.4057],[22.2961,45.4103]]],[[[22.2748,45.4146],[22.2878,45.4187],[22.2996,45.413],[22.2691,45.4136],[22.2707,45.431],[22.2902,45.4255],[22.2748,45.4146]]],[[[22.2547,45.4378],[22.2517,45.4425],[22.2656,45.4374],[22.2547,45.4378]]],[[[22.319,45.4251],[22.2972,45.4247],[22.2954,45.4182],[22.2902,45.4255],[22.278,45.4429],[22.2996,45.4291],[22.3097,45.4475],[22.2804,45.4707],[22.3102,45.457],[22.319,45.4251]]],[[[22.2652,45.4442],[22.231,45.4509],[22.2389,45.4593],[22.2652,45.4442]]],[[[22.2813,45.4628],[22.2539,45.4638],[22.2548,45.473],[22.2813,45.4628]]],[[[22.4167,45.4935],[22.4252,45.4917],[22.4357,45.4733],[22.4258,45.4559],[22.4049,45.4494],[22.424,45.4857],[22.3718,45.4982],[22.4167,45.4935]]],[[[22.2982,45.4827],[22.3212,45.4896],[22.31,45.4832],[22.2982,45.4827]]],[[[22.3432,45.5004],[22.348,45.4969],[22.3431,45.4945],[22.3432,45.5004]]],[[[22.3454,45.4937],[22.3507,45.497],[22.3453,45.5021],[22.3512,45.5057],[22.3551,45.4908],[22.3454,45.4937]]],[[[22.1858,45.5052],[22.2089,45.5015],[22.1954,45.4921],[22.1858,45.5052]]],[[[22.4094,45.5018],[22.4108,45.5117],[22.4194,45.5097],[22.4094,45.5018]]],[[[22.2792,45.4943],[22.2778,45.5018],[22.2843,45.5011],[22.2874,45.5101],[22.2293,45.5025],[22.3006,45.5201],[22.2792,45.4943]]],[[[22.3085,45.5048],[22.3039,45.5199],[22.3447,45.5205],[22.3085,45.5048]]],[[[22.2065,45.5175],[22.1935,45.5126],[22.2102,45.524],[22.2256,45.5178],[22.2065,45.5175]]],[[[22.1926,45.5155],[22.1832,45.5191],[22.1876,45.5294],[22.2079,45.5245],[22.1926,45.5155]]],[[[22.4071,45.5281],[22.4051,45.5312],[22.4132,45.5346],[22.4071,45.5281]]],[[[22.2495,45.7595],[22.2618,45.7655],[22.284,45.7599],[22.2495,45.7595]]],[[[22.2128,45.8525],[22.2117,45.857],[22.2362,45.8548],[22.2128,45.8525]]],[[[22.2075,45.8811],[22.2139,45.8804],[22.2144,45.8766],[22.2075,45.8811]]],[[[22.3731,45.9112],[22.3757,45.9064],[22.3699,45.9018],[22.3731,45.9112]]],[[[22.3348,45.9329],[22.3275,45.9362],[22.3568,45.9429],[22.3348,45.9329]]],[[[22.4,46.0363],[22.4009,46.028],[22.3936,46.0276],[22.4,46.0363]]],[[[22.2076,46.0765],[22.2131,46.0774],[22.2128,46.0701],[22.2076,46.0765]]],[[[22.2198,46.0822],[22.2226,46.0843],[22.2262,46.0789],[22.2196,46.0708],[22.2198,46.0822]]],[[[22.2286,46.0756],[22.2316,46.0855],[22.2388,46.0832],[22.2286,46.0756]]],[[[22.2058,46.0806],[22.1958,46.0684],[22.1905,46.0682],[22.1999,46.095],[22.2058,46.0806]]],[[[22.3121,46.2046],[22.3194,46.2134],[22.3213,46.2132],[22.3121,46.2046]]],[[[22.3383,46.2221],[22.3313,46.219],[22.3352,46.2308],[22.3383,46.2221]]],[[[22.3048,46.2411],[22.27,46.2346],[22.2692,46.2377],[22.2929,46.2455],[22.2998,46.2563],[22.3091,46.2619],[22.3142,46.2621],[22.3048,46.2411]]],[[[22.3289,46.251],[22.3244,46.252],[22.3317,46.2682],[22.3418,46.2652],[22.3289,46.251]]],[[[22.2803,46.2566],[22.2982,46.2664],[22.2988,46.2608],[22.2803,46.2566]]],[[[22.4136,46.3],[22.4128,46.3047],[22.4194,46.3103],[22.4136,46.3]]],[[[22.3556,46.3086],[22.3531,46.3054],[22.3476,46.3187],[22.3556,46.3086]]],[[[22.3382,46.3302],[22.3444,46.3312],[22.3421,46.3258],[22.3382,46.3302]]],[[[22.3117,46.3297],[22.3288,46.3179],[22.3284,46.3134],[22.3062,46.3222],[22.3117,46.3297]]],[[[22.2036,46.3365],[22.2027,46.3461],[22.218,46.3486],[22.2036,46.3365]]],[[[22.2427,46.3603],[22.2607,46.3637],[22.2581,46.3606],[22.2427,46.3603]]],[[[22.2299,46.3634],[22.2205,46.3611],[22.1879,46.3697],[22.2299,46.3634]]],[[[22.3999,46.4585],[22.4214,46.4683],[22.4196,46.4639],[22.3999,46.4585]]],[[[22.2374,46.7636],[22.2225,46.7678],[22.2293,46.777],[22.2374,46.7636]]],[[[22.3631,46.7763],[22.364,46.7714],[22.3553,46.7698],[22.3631,46.7763]]],[[[22.2291,46.7911],[22.2323,46.7978],[22.2391,46.7965],[22.2291,46.7911]]],[[[22.3297,47.0649],[22.2586,47.0754],[22.3001,47.0832],[22.3297,47.0649]]],[[[22.3989,47.0784],[22.4081,47.0814],[22.4055,47.0752],[22.3989,47.0784]]],[[[22.2043,47.0904],[22.2043,47.0919],[22.2325,47.0883],[22.2043,47.0904]]],[[[22.1896,47.1076],[22.1873,47.1095],[22.203,47.1128],[22.1896,47.1076]]],[[[22.1932,47.15],[22.186,47.1608],[22.1985,47.1574],[22.1932,47.15]]],[[[22.2761,47.2572],[22.279,47.2523],[22.2745,47.249],[22.2761,47.2572]]],[[[22.2579,47.2575],[22.2645,47.258],[22.2611,47.2489],[22.2579,47.2575]]],[[[22.3493,47.2853],[22.3545,47.2742],[22.343,47.2757],[22.3493,47.2853]]],[[[22.411,47.3207],[22.4233,47.33],[22.4242,47.3181],[22.411,47.3207]]],[[[22.3941,47.3234],[22.3899,47.3341],[22.3924,47.3347],[22.3941,47.3234]]],[[[22.3634,47.3389],[22.3543,47.3404],[22.353,47.3427],[22.3865,47.3391],[22.3634,47.3389]]],[[[22.4067,47.4269],[22.4176,47.4191],[22.4098,47.4163],[22.4067,47.4269]]],[[[22.2441,47.568],[22.2494,47.5628],[22.2375,47.5654],[22.2441,47.568]]],[[[22.2125,47.6393],[22.238,47.6526],[22.2339,47.6455],[22.2125,47.6393]]],[[[22.2733,47.6733],[22.2653,47.698],[22.2906,47.7006],[22.2733,47.6733]]],[[[22.2987,47.8868],[22.2868,47.885],[22.2913,47.9054],[22.2641,47.9037],[22.2929,47.906],[22.2987,47.8868]]],[[[22.2152,47.9205],[22.2125,47.9291],[22.2307,47.9302],[22.2152,47.9205]]],[[[22.2395,47.9191],[22.2437,47.9309],[22.2621,47.9319],[22.2395,47.9191]]],[[[22.2665,47.9305],[22.2668,47.9323],[22.2859,47.9311],[22.2665,47.9305]]],[[[22.2882,47.9391],[22.29,47.9353],[22.2776,47.9345],[22.2882,47.9391]]],[[[22.2492,47.9362],[22.248,47.9326],[22.2435,47.9321],[22.2492,47.9362]]],[[[22.404,47.951],[22.4124,47.9445],[22.4032,47.946],[22.404,47.951]]],[[[22.2266,47.9551],[22.2243,47.9447],[22.2158,47.9487],[22.2287,47.9566],[22.2422,47.9481],[22.2266,47.9551]]],[[[22.4002,47.9544],[22.4027,47.9521],[22.3941,47.9521],[22.4002,47.9544]]],[[[22.246,47.9591],[22.2515,47.9588],[22.2515,47.9684],[22.2576,47.9585],[22.2487,47.9573],[22.246,47.9591]]],[[[22.2615,47.9577],[22.2588,47.9582],[22.2611,47.9671],[22.2615,47.9577]]],[[[22.2467,47.9691],[22.2492,47.9624],[22.2362,47.9665],[22.2467,47.9691]]],[[[22.2693,47.9708],[22.2773,47.9719],[22.2766,47.9658],[22.2693,47.9708]]],[[[22.3037,47.981],[22.3116,47.9725],[22.2983,47.9701],[22.3037,47.981]]],[[[22.2839,47.9785],[22.2845,47.9743],[22.2728,47.9739],[22.2839,47.9785]]],[[[22.2442,47.9762],[22.2322,47.9788],[22.2386,47.9886],[22.2442,47.9762]]],[[[22.2023,47.9876],[22.2042,47.9819],[22.1985,47.9781],[22.2023,47.9876]]],[[[22.2059,47.9882],[22.2203,47.9959],[22.2199,47.9837],[22.2059,47.9882]]],[[[22.2451,47.9943],[22.2346,47.9911],[22.234,47.9939],[22.2451,47.9943]]],[[[22.1966,47.997],[22.19,48.0025],[22.1957,48.0033],[22.1966,47.997]]],[[[22.2904,48.0047],[22.2906,47.9982],[22.286,47.9978],[22.2904,48.0047]]],[[[22.2341,48.0256],[22.2295,48.0257],[22.236,48.0271],[22.2459,48.0184],[22.2341,48.0256]]],[[[22.4175,48.0351],[22.4248,48.0242],[22.4243,48.0227],[22.4175,48.0351]]],[[[22.2011,48.0399],[22.2129,48.0259],[22.2014,48.0187],[22.2011,48.0399]]],[[[22.2944,48.0346],[22.3067,48.0362],[22.3058,48.0317],[22.2944,48.0346]]],[[[22.2154,48.0361],[22.2373,48.0364],[22.2247,48.032],[22.2154,48.0361]]],[[[22.4042,48.0425],[22.4132,48.036],[22.4121,48.0313],[22.4042,48.0425]]],[[[22.2152,48.0425],[22.2197,48.039],[22.2099,48.0365],[22.2152,48.0425]]],[[[22.2453,48.045],[22.2536,48.0405],[22.2429,48.0372],[22.2453,48.045]]],[[[22.3435,48.0457],[22.3451,48.0573],[22.3549,48.0556],[22.3435,48.0457]]],[[[22.3017,48.0523],[22.2811,48.0497],[22.2813,48.0649],[22.3017,48.0523]]],[[[22.3879,48.0635],[22.3949,48.0719],[22.4039,48.058],[22.3879,48.0635]]],[[[22.3441,48.0604],[22.3341,48.0568],[22.3382,48.0697],[22.3441,48.0604]]],[[[22.2138,48.0638],[22.2111,48.0712],[22.2175,48.0684],[22.2138,48.0638]]],[[[22.4118,48.0751],[22.4253,48.0806],[22.4206,48.0684],[22.4118,48.0751]]],[[[22.2474,48.0657],[22.2291,48.0676],[22.2507,48.0838],[22.2474,48.0657]]],[[[22.3243,48.079],[22.3274,48.0765],[22.3185,48.0717],[22.3243,48.079]]],[[[22.335,48.0729],[22.3317,48.0846],[22.3381,48.0861],[22.335,48.0729]]],[[[22.3118,48.0772],[22.302,48.0849],[22.3116,48.0936],[22.3118,48.0772]]],[[[22.2075,48.0797],[22.2089,48.0944],[22.2131,48.0939],[22.2075,48.0797]]],[[[22.2893,48.0833],[22.2891,48.0901],[22.2943,48.0906],[22.2893,48.0833]]],[[[22.3381,48.089],[22.3283,48.0894],[22.3381,48.0928],[22.3381,48.089]]],[[[22.245,48.0902],[22.244,48.0922],[22.251,48.0948],[22.2555,48.0896],[22.245,48.0902]]],[[[22.4027,48.09],[22.397,48.1026],[22.403,48.1001],[22.4027,48.09]]],[[[22.2892,48.1003],[22.2956,48.1012],[22.2905,48.0915],[22.2892,48.1003]]],[[[22.3234,48.1063],[22.3248,48.0958],[22.315,48.1056],[22.3234,48.1063]]],[[[22.303,48.1021],[22.311,48.1139],[22.313,48.1122],[22.303,48.1021]]],[[[22.2616,48.1155],[22.2632,48.1213],[22.2721,48.1149],[22.2616,48.1155]]],[[[22.2543,48.1188],[22.2597,48.1199],[22.2517,48.1162],[22.2543,48.1188]]],[[[22.2942,48.1087],[22.2693,48.1301],[22.2831,48.1378],[22.2942,48.1087]]],[[[22.2392,48.1277],[22.2446,48.1214],[22.2383,48.119],[22.2392,48.1277]]],[[[22.2677,48.1294],[22.2736,48.1211],[22.2679,48.1252],[22.2677,48.1294]]],[[[22.2557,48.1394],[22.2459,48.1354],[22.2449,48.1464],[22.2557,48.1394]]],[[[22.2045,48.14],[22.2026,48.1425],[22.2124,48.146],[22.2045,48.14]]],[[[22.3767,48.1502],[22.3793,48.148],[22.3758,48.1419],[22.3767,48.1502]]],[[[22.3621,48.1513],[22.3557,48.1459],[22.3618,48.1534],[22.3621,48.1513]]],[[[22.2656,48.1637],[22.2693,48.1546],[22.2777,48.1554],[22.2847,48.1514],[22.2866,48.1483],[22.26,48.1455],[22.2656,48.1637]]],[[[22.2866,48.1511],[22.292,48.1631],[22.2949,48.1553],[22.2866,48.1511]]],[[[22.225,48.1501],[22.2227,48.1568],[22.2308,48.1595],[22.225,48.1501]]],[[[22.2714,48.1656],[22.2567,48.1664],[22.2628,48.1676],[22.2714,48.1656]]],[[[22.2842,48.1724],[22.2956,48.1689],[22.2892,48.1651],[22.2842,48.1724]]],[[[22.2182,48.1799],[22.1943,48.1723],[22.1861,48.178],[22.2023,48.1768],[22.2116,48.1898],[22.2156,48.1838],[22.2182,48.1799]]],[[[22.3382,48.1762],[22.3404,48.1715],[22.337,48.1705],[22.3351,48.1759],[22.3102,48.1833],[22.3056,48.187],[22.3382,48.1762]]],[[[22.1907,48.1792],[22.1886,48.1832],[22.1961,48.1853],[22.1907,48.1792]]],[[[22.197,48.194],[22.2086,48.198],[22.2012,48.1924],[22.197,48.194]]],[[[22.2668,48.1796],[22.2593,48.178],[22.2509,48.196],[22.2668,48.1796]]],[[[22.3029,48.1888],[22.2913,48.1904],[22.299,48.1965],[22.3029,48.1888]]],[[[22.2512,48.1904],[22.2232,48.1921],[22.2479,48.2097],[22.2512,48.1904]]],[[[22.4194,48.2212],[22.4042,48.2255],[22.4122,48.2279],[22.4194,48.2212]]],[[[22.326,48.2394],[22.3266,48.2324],[22.3199,48.2326],[22.326,48.2394]]],[[[22.314,48.2471],[22.308,48.2457],[22.3028,48.2524],[22.314,48.2471]]],[[[22.2129,48.2611],[22.2075,48.2709],[22.2273,48.2738],[22.2129,48.2611]]],[[[22.2681,48.2684],[22.2691,48.2714],[22.3051,48.2703],[22.2681,48.2684]]],[[[22.2038,48.2723],[22.2018,48.278],[22.217,48.2815],[22.2038,48.2723]]],[[[22.2745,48.2721],[22.2675,48.2742],[22.2711,48.2861],[22.2745,48.2721]]],[[[22.2922,48.2884],[22.2947,48.2828],[22.2839,48.2837],[22.2922,48.2884]]],[[[22.2106,48.2835],[22.2117,48.2968],[22.2257,48.2927],[22.232,48.2998],[22.2264,48.2871],[22.2106,48.2835]]],[[[22.1937,48.3085],[22.1931,48.3225],[22.2046,48.3116],[22.1937,48.3085]]],[[[22.2585,48.3241],[22.266,48.3148],[22.2647,48.3144],[22.2585,48.3241]]],[[[22.202,48.3331],[22.2415,48.3118],[22.2238,48.2979],[22.1919,48.3421],[22.2256,48.3325],[22.202,48.3331]]],[[[22.2686,48.357],[22.276,48.3548],[22.2768,48.349],[22.2686,48.357]]],[[[22.2312,48.3728],[22.2412,48.3775],[22.2349,48.3616],[22.2312,48.3728]]],[[[22.215,48.3705],[22.2034,48.3689],[22.2067,48.3758],[22.215,48.3705]]],[[[22.2573,48.3821],[22.2469,48.3845],[22.2548,48.3883],[22.2573,48.3821]]],[[[22.2352,48.3797],[22.228,48.3902],[22.2353,48.3918],[22.2352,48.3797]]],[[[22.2137,48.3794],[22.2071,48.3897],[22.2249,48.3944],[22.2137,48.3794]]],[[[22.2614,48.672],[22.2596,48.6738],[22.2665,48.6817],[22.2614,48.672]]],[[[22.2786,48.6802],[22.267,48.6891],[22.282,48.6962],[22.2786,48.6802]]],[[[22.4738,43.1569],[22.4717,43.1667],[22.4791,43.1658],[22.4738,43.1569]]],[[[22.552,43.5269],[22.5607,43.5295],[22.5608,43.5281],[22.552,43.5269]]],[[[22.4768,43.8232],[22.4886,43.8276],[22.4783,43.8185],[22.4768,43.8232]]],[[[22.7713,44.0104],[22.7714,44.0087],[22.7598,44.0081],[22.7713,44.0104]]],[[[22.5039,44.1949],[22.4899,44.1934],[22.4833,44.2001],[22.4816,44.1936],[22.4775,44.2021],[22.5039,44.1949]]],[[[22.606,44.3232],[22.618,44.3295],[22.6185,44.3284],[22.606,44.3232]]],[[[22.602,44.5948],[22.5787,44.599],[22.5849,44.602],[22.602,44.5948]]],[[[22.5986,44.7046],[22.6076,44.6931],[22.6004,44.6952],[22.5986,44.7046]]],[[[22.691,44.7104],[22.6904,44.6964],[22.679,44.7053],[22.691,44.7104]]],[[[22.7482,44.7113],[22.7454,44.7056],[22.7312,44.7064],[22.7578,44.7161],[22.7482,44.7113]]],[[[22.6404,44.7101],[22.6239,44.7247],[22.6393,44.7264],[22.6404,44.7101]]],[[[22.7245,44.7398],[22.7335,44.7394],[22.7275,44.7136],[22.7245,44.7398]]],[[[22.6271,44.7429],[22.6367,44.7342],[22.6322,44.734],[22.6271,44.7429]]],[[[22.7826,44.7662],[22.763,44.786],[22.7839,44.8032],[22.7976,44.7817],[22.7826,44.7662]],[[22.772,44.7825],[22.7888,44.79],[22.7864,44.795],[22.772,44.7825]]],[[[22.7563,44.7903],[22.7731,44.7961],[22.7734,44.7953],[22.7563,44.7903]]],[[[22.7628,45.0207],[22.7611,45.0319],[22.7667,45.0284],[22.7628,45.0207]]],[[[22.4451,45.0657],[22.4514,45.0663],[22.4522,45.0552],[22.4451,45.0657]]],[[[22.4628,45.0858],[22.4691,45.0887],[22.4684,45.0787],[22.4628,45.0858]]],[[[22.4533,45.1211],[22.4306,45.1285],[22.4188,45.0784],[22.3981,45.1008],[22.4251,45.1502],[22.457,45.1564],[22.4341,45.1355],[22.4533,45.1211]]],[[[22.4505,45.1611],[22.4172,45.1598],[22.4283,45.174],[22.4505,45.1611]]],[[[22.4581,45.4657],[22.4524,45.4647],[22.4536,45.4734],[22.4581,45.4657]]],[[[22.5335,45.4971],[22.5164,45.5203],[22.549,45.5143],[22.5335,45.4971]]],[[[22.6503,45.5126],[22.6562,45.5096],[22.6495,45.509],[22.6503,45.5126]]],[[[22.4928,45.5078],[22.4788,45.5154],[22.492,45.5115],[22.4928,45.5078]]],[[[22.7524,45.5162],[22.7477,45.517],[22.7796,45.5199],[22.7524,45.5162]]],[[[22.4437,45.5145],[22.4298,45.5213],[22.4386,45.5285],[22.4437,45.5145]]],[[[22.4257,45.5328],[22.4346,45.5316],[22.4284,45.5281],[22.4257,45.5328]]],[[[22.4677,45.5232],[22.4617,45.5288],[22.4683,45.5392],[22.4677,45.5232]]],[[[22.4471,45.5899],[22.4486,45.584],[22.4402,45.5864],[22.4471,45.5899]]],[[[22.7477,45.5944],[22.7454,45.5971],[22.7515,45.6005],[22.7668,45.5979],[22.7477,45.5944]]],[[[22.7235,45.5978],[22.7326,45.6023],[22.7325,45.5989],[22.7235,45.5978]]],[[[22.7524,45.6017],[22.7377,45.6118],[22.7427,45.6177],[22.7524,45.6017]]],[[[22.4828,45.8409],[22.4775,45.8502],[22.4831,45.8509],[22.4828,45.8409]]],[[[22.4639,45.8446],[22.4695,45.8524],[22.4749,45.8501],[22.4639,45.8446]]],[[[22.567,45.8483],[22.5672,45.8475],[22.5609,45.8476],[22.567,45.8483]]],[[[22.5381,45.8627],[22.55,45.8675],[22.5495,45.8586],[22.5381,45.8627]]],[[[22.4519,45.8626],[22.4466,45.8661],[22.4591,45.8774],[22.4519,45.8626]]],[[[22.6383,45.8797],[22.6478,45.8737],[22.641,45.8731],[22.6383,45.8797]]],[[[22.6269,45.8844],[22.6239,45.8861],[22.6246,45.8927],[22.6269,45.8844]]],[[[22.5144,45.8928],[22.5059,45.8856],[22.5024,45.8878],[22.5144,45.8928]]],[[[22.584,45.9032],[22.5725,45.905],[22.5949,45.9087],[22.584,45.9032]]],[[[22.4823,45.955],[22.4763,45.9648],[22.487,45.9598],[22.4823,45.955]]],[[[22.6916,45.9999],[22.6966,45.997],[22.6875,45.9921],[22.6916,45.9999]]],[[[22.4322,46.0473],[22.4351,46.0495],[22.4449,46.0443],[22.4322,46.0473]]],[[[22.7714,46.1093],[22.7697,46.1101],[22.7758,46.1156],[22.7867,46.1165],[22.7714,46.1093]]],[[[22.7605,46.1255],[22.7535,46.1288],[22.7595,46.1335],[22.7605,46.1255]]],[[[22.7025,46.162],[22.7215,46.164],[22.7058,46.1592],[22.7025,46.162]]],[[[22.5396,46.2535],[22.5223,46.2564],[22.5323,46.2562],[22.5396,46.2535]]],[[[22.5681,46.2775],[22.5733,46.2708],[22.5672,46.2695],[22.5681,46.2775]]],[[[22.504,46.2781],[22.5035,46.275],[22.4963,46.2775],[22.504,46.2781]]],[[[22.656,46.2876],[22.666,46.292],[22.6468,46.2784],[22.656,46.2876]]],[[[22.4434,46.3085],[22.4424,46.3029],[22.4278,46.315],[22.4434,46.3085]]],[[[22.6303,46.3118],[22.6178,46.3033],[22.6235,46.33],[22.623,46.3185],[22.6303,46.3118]]],[[[22.626,46.3175],[22.6331,46.3262],[22.6452,46.329],[22.626,46.3175]]],[[[22.6142,46.328],[22.5961,46.3258],[22.6173,46.336],[22.6142,46.328]]],[[[22.5581,46.3285],[22.5541,46.332],[22.558,46.3399],[22.5581,46.3285]]],[[[22.5868,46.3474],[22.59,46.3547],[22.5989,46.3519],[22.5868,46.3474]]],[[[22.5804,46.4081],[22.5595,46.3973],[22.5716,46.4209],[22.5918,46.4203],[22.5804,46.4081]]],[[[22.7121,46.5054],[22.7103,46.507],[22.7189,46.5105],[22.7121,46.5054]]],[[[22.4424,46.643],[22.4571,46.6471],[22.4477,46.644],[22.4424,46.643]]],[[[22.6236,46.955],[22.6364,46.9599],[22.6364,46.958],[22.6236,46.955]]],[[[22.6068,46.996],[22.6021,46.998],[22.609,47.0037],[22.6068,46.996]]],[[[22.551,47.0353],[22.5607,47.0421],[22.5613,47.0382],[22.551,47.0353]]],[[[22.4969,47.0346],[22.4875,47.0489],[22.5077,47.04],[22.4969,47.0346]]],[[[22.4526,47.0503],[22.4517,47.0523],[22.4699,47.0512],[22.4526,47.0503]]],[[[22.4334,47.0661],[22.4386,47.0635],[22.4096,47.0554],[22.4334,47.0661]]],[[[22.757,47.0898],[22.7616,47.094],[22.7697,47.0948],[22.7678,47.0985],[22.7515,47.0894],[22.73,47.0914],[22.7731,47.0998],[22.7685,47.09],[22.757,47.0898]]],[[[22.7676,47.1179],[22.7812,47.1123],[22.7685,47.1106],[22.7676,47.1179]]],[[[22.6582,47.1076],[22.6861,47.1235],[22.6696,47.1109],[22.6582,47.1076]]],[[[22.7591,47.1061],[22.7529,47.1061],[22.7436,47.1156],[22.7471,47.133],[22.7591,47.1061]]],[[[22.6383,47.1281],[22.6277,47.1331],[22.669,47.1511],[22.6383,47.1281]]],[[[22.7488,47.1474],[22.76,47.1413],[22.7531,47.1415],[22.7488,47.1474]]],[[[22.7435,47.1494],[22.7288,47.1625],[22.7367,47.166],[22.7435,47.1494]]],[[[22.646,47.1716],[22.6473,47.171],[22.6357,47.1682],[22.646,47.1716]]],[[[22.7323,47.1692],[22.7242,47.1726],[22.7246,47.1746],[22.7323,47.1692]]],[[[22.5719,47.1766],[22.5783,47.1832],[22.5807,47.1732],[22.5719,47.1766]]],[[[22.5886,47.1905],[22.6029,47.1928],[22.5982,47.1895],[22.5886,47.1905]]],[[[22.7868,47.2119],[22.7895,47.2114],[22.7723,47.2034],[22.7868,47.2119]]],[[[22.7183,47.2099],[22.7073,47.2204],[22.7224,47.218],[22.7183,47.2099]]],[[[22.4726,47.2206],[22.4725,47.2259],[22.4853,47.2176],[22.4726,47.2206]]],[[[22.4803,47.2221],[22.4785,47.2266],[22.4832,47.2276],[22.4803,47.2221]]],[[[22.7492,47.2224],[22.7355,47.2298],[22.7628,47.2364],[22.7492,47.2224]]],[[[22.6666,47.2346],[22.6759,47.2293],[22.6737,47.2282],[22.6666,47.2346]]],[[[22.441,47.228],[22.4534,47.2232],[22.4335,47.2294],[22.4382,47.2446],[22.441,47.228]]],[[[22.7675,47.2381],[22.771,47.2428],[22.7833,47.2328],[22.7675,47.2381]]],[[[22.7027,47.2303],[22.6955,47.2346],[22.6938,47.2433],[22.7027,47.2303]]],[[[22.5871,47.2488],[22.5904,47.2436],[22.5824,47.2432],[22.5871,47.2488]]],[[[22.7582,47.2859],[22.7455,47.2863],[22.7504,47.289],[22.7582,47.2859]]],[[[22.5484,47.314],[22.5434,47.3254],[22.5757,47.331],[22.5484,47.314]]],[[[22.4315,47.3225],[22.4347,47.3331],[22.4383,47.3223],[22.4252,47.3186],[22.4315,47.3225]]],[[[22.4371,47.3743],[22.4416,47.3738],[22.4408,47.3683],[22.4371,47.3743]]],[[[22.5771,47.3922],[22.5614,47.4048],[22.5922,47.409],[22.5771,47.3922]]],[[[22.597,47.4048],[22.6165,47.4131],[22.6095,47.4077],[22.597,47.4048]]],[[[22.4267,47.413],[22.4201,47.4211],[22.446,47.4252],[22.4545,47.4059],[22.4267,47.413]]],[[[22.4771,47.4252],[22.4709,47.4349],[22.482,47.4353],[22.4771,47.4252]]],[[[22.5589,47.4363],[22.556,47.4449],[22.5781,47.4507],[22.5965,47.4347],[22.5589,47.4363]]],[[[22.6826,47.4474],[22.6856,47.4504],[22.692,47.4402],[22.6826,47.4474]]],[[[22.5965,47.4548],[22.6035,47.4544],[22.6057,47.446],[22.5965,47.4548]]],[[[22.6857,47.4717],[22.6883,47.4625],[22.6805,47.4616],[22.6857,47.4717]]],[[[22.4475,47.4656],[22.4308,47.4638],[22.4519,47.4766],[22.4475,47.4656]]],[[[22.4719,47.4789],[22.485,47.469],[22.4741,47.4647],[22.4719,47.4789]]],[[[22.7627,47.7803],[22.7604,47.7857],[22.7871,47.7835],[22.7627,47.7803]]],[[[22.5946,47.8021],[22.5981,47.7956],[22.587,47.8009],[22.5946,47.8021]]],[[[22.6301,47.807],[22.6347,47.8133],[22.6413,47.8],[22.6301,47.807]]],[[[22.6955,47.8082],[22.6952,47.8083],[22.6952,47.8084],[22.6955,47.8082]]],[[[22.7014,47.815],[22.6913,47.8111],[22.6954,47.8087],[22.6893,47.8039],[22.6876,47.7952],[22.665,47.8103],[22.7014,47.815]],[[22.6833,47.7997],[22.6911,47.8095],[22.6822,47.8121],[22.6833,47.7997]]],[[[22.7026,47.8204],[22.6884,47.827],[22.6929,47.8353],[22.7026,47.8204]]],[[[22.6532,47.8387],[22.6483,47.832],[22.6402,47.8364],[22.6532,47.8387]]],[[[22.7009,47.8392],[22.7133,47.8386],[22.7103,47.8383],[22.7127,47.8355],[22.7088,47.8324],[22.7009,47.8392]]],[[[22.6244,47.8498],[22.6402,47.8463],[22.6348,47.8416],[22.6244,47.8498]]],[[[22.5744,47.8523],[22.5752,47.8502],[22.5627,47.8481],[22.5744,47.8523]]],[[[22.7239,47.8508],[22.7236,47.8561],[22.7364,47.8561],[22.7239,47.8508]]],[[[22.614,47.8494],[22.602,47.849],[22.6171,47.8624],[22.614,47.8494]]],[[[22.5775,47.8538],[22.5743,47.8602],[22.5814,47.8612],[22.5775,47.8538]]],[[[22.6243,47.863],[22.6335,47.8574],[22.6297,47.8538],[22.6243,47.863]]],[[[22.6996,47.8661],[22.6783,47.8673],[22.6883,47.8753],[22.7109,47.8609],[22.6996,47.8661]]],[[[22.612,47.8617],[22.6061,47.8698],[22.6086,47.8721],[22.612,47.8617]]],[[[22.7198,47.8622],[22.7133,47.8739],[22.7248,47.8679],[22.7198,47.8622]]],[[[22.5709,47.8701],[22.5693,47.8813],[22.5837,47.8755],[22.5709,47.8701]]],[[[22.6394,47.8747],[22.6478,47.8811],[22.6507,47.8797],[22.6394,47.8747]]],[[[22.6866,47.8866],[22.6818,47.8742],[22.6755,47.8709],[22.6724,47.872],[22.6866,47.8866]]],[[[22.5892,47.8862],[22.5998,47.8781],[22.5971,47.8749],[22.5892,47.8862]]],[[[22.5412,47.8962],[22.5287,47.8951],[22.5395,47.9013],[22.5575,47.8974],[22.5412,47.8962]]],[[[22.6519,47.8864],[22.6357,47.8898],[22.6497,47.9039],[22.6755,47.8972],[22.6519,47.8864]]],[[[22.6301,47.8981],[22.63,47.8949],[22.6212,47.8958],[22.6301,47.8981]]],[[[22.6792,47.9059],[22.6878,47.901],[22.6873,47.8999],[22.6792,47.9059]]],[[[22.7558,47.9052],[22.75,47.9077],[22.7612,47.9076],[22.7558,47.9052]]],[[[22.5838,47.9009],[22.581,47.9012],[22.5799,47.9109],[22.5838,47.9009]]],[[[22.5553,47.9104],[22.5539,47.9069],[22.5503,47.9167],[22.5553,47.9104]]],[[[22.4226,47.9142],[22.4226,47.9154],[22.4397,47.9119],[22.4226,47.9142]]],[[[22.544,47.9141],[22.544,47.9092],[22.5385,47.9105],[22.544,47.9141]]],[[[22.5045,47.9192],[22.5,47.9224],[22.514,47.9211],[22.5196,47.9175],[22.5045,47.9192]]],[[[22.7901,47.9156],[22.7947,47.9151],[22.7743,47.9168],[22.7679,47.9251],[22.7901,47.9156]]],[[[22.4634,47.9175],[22.4564,47.9184],[22.4577,47.9245],[22.4634,47.9175]]],[[[22.523,47.9275],[22.5276,47.9274],[22.5241,47.9191],[22.523,47.9275]]],[[[22.5653,47.9172],[22.5539,47.9249],[22.5661,47.9324],[22.5653,47.9172]]],[[[22.5861,47.924],[22.6051,47.9243],[22.6016,47.9214],[22.5861,47.924]]],[[[22.6142,47.9234],[22.6077,47.9241],[22.609,47.9271],[22.6142,47.9234]]],[[[22.679,47.9224],[22.6758,47.9228],[22.6813,47.9317],[22.6876,47.9299],[22.679,47.9224]]],[[[22.6537,47.9248],[22.6463,47.931],[22.6539,47.9317],[22.664,47.9221],[22.6537,47.9248]]],[[[22.5216,47.9351],[22.5236,47.9329],[22.5116,47.9267],[22.5062,47.9304],[22.5216,47.9351]]],[[[22.7369,47.9316],[22.736,47.9341],[22.7544,47.9346],[22.7369,47.9316]]],[[[22.6424,47.9301],[22.6313,47.926],[22.603,47.9445],[22.6424,47.9301]]],[[[22.4316,47.9386],[22.4318,47.943],[22.4478,47.9409],[22.4316,47.9386]]],[[[22.638,47.9469],[22.6492,47.9364],[22.6424,47.935],[22.638,47.9469]]],[[[22.7259,47.9512],[22.7355,47.9378],[22.7306,47.935],[22.712,47.9376],[22.7259,47.9512]]],[[[22.5564,47.9432],[22.5485,47.9493],[22.5537,47.9543],[22.5564,47.9432]]],[[[22.7083,47.955],[22.713,47.9531],[22.6967,47.9447],[22.7083,47.955]]],[[[22.6245,47.9521],[22.6234,47.9553],[22.6326,47.9504],[22.6245,47.9521]]],[[[22.5091,47.9515],[22.5036,47.9553],[22.5229,47.9544],[22.5091,47.9515]]],[[[22.4535,47.9523],[22.4382,47.9552],[22.4458,47.9549],[22.4452,47.9626],[22.4546,47.9636],[22.4535,47.9523]]],[[[22.5311,47.9511],[22.5191,47.9604],[22.5047,47.9568],[22.5224,47.9722],[22.5311,47.9511]]],[[[22.6146,47.9749],[22.6279,47.9659],[22.6171,47.9642],[22.6146,47.9749]]],[[[22.4883,47.9721],[22.5023,47.9756],[22.5113,47.9736],[22.4883,47.9721]]],[[[22.6362,47.9711],[22.6489,47.9772],[22.6466,47.9679],[22.6362,47.9711]]],[[[22.7043,47.979],[22.7109,47.985],[22.7187,47.9781],[22.7043,47.979]]],[[[22.4548,47.9931],[22.4455,48.0002],[22.4715,48.0002],[22.4548,47.9931]]],[[[22.5359,48.0034],[22.53,48.007],[22.549,48.0062],[22.5359,48.0034]]],[[[22.6592,48.0104],[22.6678,48.0088],[22.6525,48.0067],[22.6592,48.0104]]],[[[22.594,48.0134],[22.6033,48.011],[22.5998,48.0083],[22.594,48.0134]]],[[[22.5755,48.0096],[22.5704,48.0261],[22.5837,48.0228],[22.5755,48.0096]]],[[[22.4299,48.0233],[22.4525,48.0169],[22.4423,48.0142],[22.4299,48.0233]]],[[[22.7061,48.0324],[22.6983,48.0389],[22.7019,48.0408],[22.7061,48.0324]]],[[[22.6139,48.0416],[22.6175,48.0362],[22.6095,48.0327],[22.6139,48.0416]]],[[[22.6602,48.0371],[22.6549,48.0395],[22.6585,48.0432],[22.6602,48.0371]]],[[[22.7355,48.045],[22.7307,48.0556],[22.7513,48.0656],[22.7355,48.045]]],[[[22.7777,48.0625],[22.7772,48.0593],[22.7699,48.06],[22.7777,48.0625]]],[[[22.7087,48.0564],[22.6956,48.053],[22.7153,48.073],[22.7087,48.0564]]],[[[22.7615,48.0627],[22.7549,48.0674],[22.7654,48.0652],[22.7615,48.0627]]],[[[22.6369,48.0676],[22.6325,48.0672],[22.6319,48.0741],[22.6369,48.0676]]],[[[22.4923,48.0682],[22.4803,48.076],[22.4812,48.0792],[22.4923,48.0682]]],[[[22.6669,48.0764],[22.6665,48.079],[22.6775,48.0777],[22.6669,48.0764]]],[[[22.4376,48.0812],[22.4363,48.075],[22.4306,48.0768],[22.4376,48.0812]]],[[[22.6209,48.0851],[22.6219,48.0787],[22.6186,48.0823],[22.6209,48.0851]]],[[[22.6503,48.0799],[22.6453,48.0822],[22.6505,48.0875],[22.6503,48.0799]]],[[[22.6926,48.0904],[22.6944,48.0845],[22.6844,48.083],[22.6926,48.0904]]],[[[22.5385,48.0753],[22.5626,48.0754],[22.5184,48.0709],[22.5403,48.0885],[22.5294,48.1004],[22.5605,48.1119],[22.5385,48.0753]]],[[[22.6501,48.091],[22.6312,48.0896],[22.6376,48.0929],[22.6501,48.091]]],[[[22.6079,48.0969],[22.6018,48.0984],[22.6019,48.1012],[22.6184,48.1034],[22.6079,48.0969]]],[[[22.5203,48.1022],[22.5205,48.1058],[22.5274,48.0922],[22.5203,48.1022]]],[[[22.573,48.1077],[22.5796,48.1082],[22.5803,48.1048],[22.573,48.1077]]],[[[22.5254,48.1085],[22.4854,48.1078],[22.5043,48.1157],[22.5254,48.1085]]],[[[22.7502,48.1109],[22.7551,48.116],[22.7585,48.1134],[22.7502,48.1109]]],[[[22.473,48.1324],[22.4759,48.1318],[22.47,48.1249],[22.473,48.1324]]],[[[22.4537,48.1314],[22.4466,48.1404],[22.4482,48.1425],[22.4537,48.1314]]],[[[22.458,48.1541],[22.4581,48.1489],[22.4477,48.1617],[22.458,48.1541]]],[[[22.5363,48.1547],[22.5294,48.1589],[22.5456,48.1597],[22.5456,48.1514],[22.5363,48.1547]]],[[[22.4655,48.1601],[22.4712,48.1577],[22.4636,48.1547],[22.4655,48.1601]]],[[[22.5099,48.1583],[22.5125,48.166],[22.5209,48.1599],[22.5099,48.1583]]],[[[22.5741,48.1702],[22.5953,48.1631],[22.5828,48.1598],[22.5741,48.1702]]],[[[22.5347,48.1686],[22.535,48.1699],[22.5699,48.1701],[22.5347,48.1686]]],[[[22.5498,48.1808],[22.5599,48.178],[22.5612,48.1712],[22.5498,48.1808]]],[[[22.5617,48.1817],[22.5623,48.1844],[22.5715,48.1821],[22.5617,48.1817]]],[[[22.5338,48.1963],[22.5536,48.1965],[22.5491,48.1836],[22.5338,48.1963]]],[[[22.5561,48.1989],[22.5558,48.1978],[22.5459,48.1992],[22.5561,48.1989]]],[[[22.4369,48.1998],[22.4207,48.2065],[22.4535,48.2119],[22.4369,48.1998]]],[[[22.4594,48.2129],[22.4724,48.2103],[22.4656,48.2071],[22.4594,48.2129]]],[[[22.4396,48.2418],[22.4466,48.2389],[22.4405,48.2308],[22.4396,48.2418]]],[[[22.9563,43.2869],[22.9537,43.2891],[22.9591,43.2973],[22.9702,43.3001],[22.9563,43.2869]]],[[[22.8614,43.3795],[22.8763,43.3803],[22.8728,43.3761],[22.8614,43.3795]]],[[[23.0644,43.4067],[23.0698,43.4024],[23.0586,43.4045],[23.0644,43.4067]]],[[[23.0206,43.4174],[23.0375,43.4127],[23.0203,43.4158],[23.0066,43.4255],[23.0206,43.4174]]],[[[22.9992,43.4236],[23.0054,43.4207],[23.0037,43.4183],[22.9992,43.4236]]],[[[22.8438,43.5479],[22.855,43.5517],[22.86,43.5497],[22.8438,43.5479]]],[[[22.8672,43.5647],[22.8735,43.5581],[22.8665,43.5581],[22.8672,43.5647]]],[[[22.8063,43.6191],[22.8059,43.6219],[22.8176,43.6208],[22.8063,43.6191]]],[[[22.864,43.6325],[22.8573,43.6285],[22.8538,43.6331],[22.864,43.6325]]],[[[22.9754,43.7869],[22.9667,43.7934],[22.9724,43.7928],[22.9754,43.7869]]],[[[23.1279,43.7958],[23.1143,43.7874],[23.1128,43.7887],[23.1279,43.7958]]],[[[22.9458,43.9896],[22.946,43.9942],[22.9799,43.9975],[22.9458,43.9896]]],[[[22.8248,44.0094],[22.8236,43.9978],[22.8158,43.9998],[22.8248,44.0094]]],[[[22.7978,44.0124],[22.8083,44.0118],[22.8048,44.0058],[22.7978,44.0124]]],[[[23.0366,44.3558],[23.0338,44.3611],[23.0435,44.3622],[23.0366,44.3558]]],[[[22.9148,44.3655],[22.8783,44.3665],[22.9239,44.3836],[22.9148,44.3655]]],[[[22.9276,44.3882],[22.9348,44.3948],[22.9451,44.3933],[22.9276,44.3882]]],[[[23.0503,44.4346],[23.0661,44.4314],[23.0629,44.4228],[23.0503,44.4346]]],[[[22.883,44.4655],[22.8934,44.4644],[22.8939,44.458],[22.883,44.4655]]],[[[22.9808,44.4725],[23.0208,44.467],[23.0079,44.4656],[22.9808,44.4725]]],[[[22.9957,44.5115],[22.967,44.5202],[22.9688,44.5244],[22.9957,44.5115]]],[[[22.9985,44.518],[22.9723,44.5277],[22.9822,44.5354],[22.9985,44.518]]],[[[23.0457,44.5475],[23.0511,44.5448],[23.0415,44.5416],[23.0457,44.5475]]],[[[22.8422,44.5547],[22.8483,44.555],[22.8475,44.5511],[22.8422,44.5547]]],[[[22.9108,44.5725],[22.9082,44.573],[22.9191,44.5787],[22.9108,44.5725]]],[[[23.0125,44.5799],[23.0053,44.5672],[23.0044,44.5856],[23.0108,44.5858],[23.0125,44.5799]]],[[[22.9453,44.6074],[22.9649,44.6079],[22.9579,44.5973],[22.9453,44.6074]]],[[[22.9257,44.6039],[22.9282,44.6102],[22.9357,44.6085],[22.9257,44.6039]]],[[[22.8649,44.6055],[22.8636,44.6064],[22.8796,44.6105],[22.8649,44.6055]]],[[[22.8575,44.6146],[22.8632,44.6134],[22.8637,44.609],[22.8575,44.6146]]],[[[22.8292,44.6177],[22.8253,44.6034],[22.8308,44.6115],[22.8409,44.6093],[22.8317,44.6014],[22.8195,44.6017],[22.8002,44.6131],[22.7962,44.6053],[22.7876,44.6346],[22.7979,44.629],[22.8292,44.6177]],[[22.8078,44.6166],[22.797,44.619],[22.8075,44.6146],[22.8141,44.6182],[22.8078,44.6166]]],[[[22.989,44.625],[23.0034,44.6238],[22.9761,44.6185],[22.9697,44.6215],[22.989,44.625]]],[[[22.8034,44.6291],[22.8208,44.6289],[22.815,44.6257],[22.8034,44.6291]]],[[[22.9837,44.6305],[22.9649,44.6442],[22.9882,44.6378],[22.9837,44.6305]]],[[[22.9816,44.6416],[22.983,44.6457],[22.9958,44.6405],[22.9816,44.6416]]],[[[22.8017,44.6375],[22.7796,44.6365],[22.7877,44.6453],[22.8068,44.6471],[22.8017,44.6375]]],[[[22.7866,44.6496],[22.7842,44.6533],[22.7988,44.6561],[22.7866,44.6496]]],[[[22.877,44.6636],[22.8693,44.6672],[22.871,44.6702],[22.877,44.6636]]],[[[22.798,44.7057],[22.8021,44.6992],[22.7854,44.6948],[22.798,44.7057]]],[[[22.8025,44.7039],[22.8172,44.7006],[22.8116,44.6984],[22.8025,44.7039]]],[[[22.8572,44.7058],[22.8532,44.7066],[22.8637,44.7153],[22.8572,44.7058]]],[[[22.8005,44.709],[22.8045,44.7134],[22.8123,44.7145],[22.8144,44.7137],[22.8005,44.709]]],[[[22.9662,44.7309],[22.9755,44.732],[22.9737,44.7192],[22.9662,44.7309]]],[[[22.9896,44.7268],[22.995,44.73],[22.9972,44.7284],[22.9896,44.7268]]],[[[22.9891,44.7275],[22.9793,44.724],[22.9807,44.7276],[22.9891,44.7275]]],[[[22.9913,44.7335],[22.9873,44.7367],[23.0045,44.7346],[22.9913,44.7335]]],[[[22.785,44.7361],[22.7986,44.7468],[22.8015,44.7444],[22.785,44.7361]]],[[[22.9323,44.7458],[22.9427,44.7479],[22.9412,44.7449],[22.9323,44.7458]]],[[[22.9397,44.7895],[22.9584,44.7769],[22.9495,44.7757],[22.9397,44.7895]]],[[[23.0059,44.7931],[23.0068,44.7796],[23.0042,44.7792],[23.0059,44.7931]]],[[[22.9126,44.7923],[22.9186,44.7869],[22.9123,44.7838],[22.9126,44.7923]]],[[[22.9494,44.7928],[22.9405,44.7928],[22.9429,44.7956],[22.9494,44.7928]]],[[[22.9187,44.7958],[22.9304,44.7859],[22.8957,44.8044],[22.9187,44.7958]]],[[[22.8068,44.8045],[22.8157,44.8051],[22.8066,44.7922],[22.8068,44.8045]]],[[[22.9834,44.8025],[22.9857,44.8099],[22.9899,44.808],[22.9834,44.8025]]],[[[22.8112,44.8134],[22.8135,44.8105],[22.7996,44.806],[22.8112,44.8134]]],[[[22.9715,44.8071],[22.9681,44.8111],[22.98,44.8131],[22.9715,44.8071]]],[[[22.8772,44.8157],[22.8887,44.8174],[22.8893,44.8105],[22.8772,44.8157]]],[[[22.7906,44.8364],[22.7865,44.8414],[22.8059,44.8494],[22.7906,44.8364]]],[[[22.8121,44.846],[22.8118,44.8388],[22.8093,44.8375],[22.8118,44.8507],[22.8223,44.852],[22.8121,44.846]]],[[[22.8441,44.8655],[22.8408,44.8706],[22.8471,44.8718],[22.8441,44.8655]]],[[[22.8748,44.9389],[22.8735,44.9151],[22.8658,44.9429],[22.8748,44.9389]]],[[[22.9271,44.9721],[22.912,44.9683],[22.9186,44.9734],[22.9271,44.9721]]],[[[22.9082,44.98],[22.9038,44.9841],[22.9314,44.9888],[22.9082,44.98]]],[[[23.0874,45.0475],[23.0895,45.0507],[23.0886,45.0299],[23.0874,45.0475]]],[[[22.7962,45.0663],[22.8019,45.0614],[22.7932,45.0613],[22.7866,45.0667],[22.7959,45.0698],[22.7962,45.0663]]],[[[23.0508,45.0864],[23.0475,45.0967],[23.0557,45.0903],[23.0508,45.0864]]],[[[23.0197,45.0913],[23.0179,45.094],[23.0269,45.0953],[23.0197,45.0913]]],[[[22.794,45.5149],[22.7951,45.5109],[22.7872,45.509],[22.794,45.5149]]],[[[22.8821,45.5192],[22.8817,45.5287],[22.8837,45.5206],[22.8816,45.5129],[22.8821,45.5192]]],[[[23.0121,45.5268],[23.0128,45.519],[23.0055,45.519],[23.0121,45.5268]]],[[[22.7891,45.5278],[22.7871,45.5296],[22.8076,45.5359],[22.7891,45.5278]]],[[[23.0424,45.536],[23.0402,45.5404],[23.0616,45.5395],[23.0424,45.536]]],[[[22.8185,45.5323],[22.8163,45.5327],[22.8177,45.5423],[22.8185,45.5323]]],[[[22.8256,45.5548],[22.8169,45.5549],[22.8355,45.5727],[22.8256,45.5548]]],[[[22.8198,45.5593],[22.8079,45.5777],[22.8268,45.5773],[22.8198,45.5593]]],[[[22.7928,45.5795],[22.7925,45.5833],[22.8042,45.585],[22.7928,45.5795]]],[[[22.9575,45.5981],[22.9504,45.5988],[22.9531,45.6032],[22.9575,45.5981]]],[[[22.9758,45.5988],[22.9578,45.6057],[22.9693,45.6085],[22.9758,45.5988]]],[[[22.876,45.6408],[22.8882,45.648],[22.8881,45.6443],[22.876,45.6408]]],[[[22.9741,45.6663],[22.9648,45.6666],[22.9827,45.6697],[22.9741,45.6663]]],[[[23.0839,45.6687],[23.0735,45.6842],[23.0847,45.6838],[23.0839,45.6687]]],[[[23.0947,45.6914],[23.1017,45.6856],[23.0944,45.6834],[23.0947,45.6914]]],[[[22.928,45.6907],[22.9514,45.6943],[22.9388,45.6905],[22.928,45.6907]]],[[[23.078,45.71],[23.0823,45.705],[23.072,45.7047],[23.078,45.71]]],[[[22.9638,45.7169],[22.9647,45.7114],[22.9495,45.705],[22.9638,45.7169]]],[[[22.9698,45.7557],[22.9684,45.7619],[22.9826,45.7596],[22.9698,45.7557]]],[[[22.8545,45.7682],[22.8705,45.7765],[22.8873,45.7611],[22.8545,45.7682]]],[[[22.9474,45.7925],[22.9464,45.798],[22.9584,45.7994],[22.9474,45.7925]]],[[[22.8173,45.8041],[22.8234,45.8007],[22.8227,45.7995],[22.8173,45.8041]]],[[[22.9779,45.8451],[22.9667,45.8361],[22.9784,45.8481],[22.9958,45.8478],[22.9779,45.8451]]],[[[22.9535,45.8549],[22.9385,45.8497],[22.9199,45.8577],[22.9535,45.8549]]],[[[22.8757,45.8783],[22.8761,45.8822],[22.8874,45.8818],[22.8757,45.8783]]],[[[22.8871,45.8885],[22.884,45.8949],[22.8766,45.8952],[22.8886,45.8951],[22.8871,45.8885]]],[[[22.9508,45.9225],[22.945,45.9315],[22.9622,45.942],[22.9508,45.9225]]],[[[22.9797,45.9425],[22.9979,45.9472],[22.9896,45.941],[22.9797,45.9425]]],[[[22.9853,45.9838],[22.9799,45.9829],[22.9921,45.9886],[23.004,45.9855],[22.9853,45.9838]]],[[[22.9128,45.9871],[22.9015,45.9839],[22.9051,45.9918],[22.9128,45.9871]]],[[[22.8319,45.9883],[22.8313,45.9939],[22.8414,45.9985],[22.8502,45.9917],[22.8492,45.9894],[22.8319,45.9883]],[[22.8368,45.9904],[22.8496,45.9914],[22.8406,45.9953],[22.8368,45.9904]]],[[[22.8909,46.0251],[22.8804,46.0301],[22.886,46.0321],[22.8909,46.0251]]],[[[23.0525,46.033],[23.0427,46.031],[23.0462,46.0364],[23.0625,46.04],[23.0525,46.033]]],[[[22.9192,46.0507],[22.9185,46.0457],[22.9046,46.0486],[22.9192,46.0507]]],[[[22.9887,46.0553],[23.0049,46.0626],[22.9991,46.0578],[22.9887,46.0553]]],[[[22.8524,46.0558],[22.8397,46.0583],[22.8434,46.0666],[22.8524,46.0558]]],[[[22.9787,46.0783],[22.9578,46.0996],[22.9724,46.0922],[22.9787,46.0783]]],[[[22.9871,46.1026],[22.9686,46.0976],[22.9618,46.1093],[22.9871,46.1026]]],[[[22.9564,46.1071],[22.9547,46.1094],[22.9578,46.1105],[22.9625,46.1017],[22.9564,46.1071]]],[[[22.8221,46.1182],[22.8127,46.1113],[22.818,46.122],[22.8221,46.1182]]],[[[22.9297,46.1373],[22.9268,46.1408],[22.9308,46.1449],[22.9297,46.1373]]],[[[22.7945,46.169],[22.7839,46.1705],[22.7866,46.186],[22.7945,46.169]]],[[[22.8792,46.1838],[22.885,46.1803],[22.8784,46.178],[22.8792,46.1838]]],[[[22.9323,46.1819],[22.9269,46.1871],[22.941,46.1856],[22.9323,46.1819]]],[[[22.9722,46.2113],[22.9527,46.2044],[22.9637,46.2176],[22.9722,46.2113]]],[[[22.9146,46.2181],[22.9075,46.2133],[22.9107,46.2297],[22.9146,46.2181]]],[[[22.9179,46.2292],[22.9123,46.2321],[22.9288,46.2527],[22.943,46.2447],[22.9179,46.2292]]],[[[23.0416,46.8777],[23.0245,46.8811],[23.0497,46.9083],[23.0416,46.8777]]],[[[23.0789,46.8956],[23.0579,46.8917],[23.058,46.8998],[23.0789,46.8956]]],[[[23.1341,46.8961],[23.1075,46.9022],[23.1283,46.9072],[23.1341,46.8961]]],[[[23.0214,46.9111],[23.0385,46.9212],[23.0127,46.9163],[23.0271,46.9244],[23.0404,46.9214],[23.0214,46.9111]]],[[[22.9404,46.9336],[22.9403,46.9393],[22.9494,46.9349],[22.9404,46.9336]]],[[[23.0526,46.981],[23.0534,46.9793],[23.039,46.9852],[23.0526,46.981]]],[[[23.0009,47.0219],[22.9891,47.0252],[23.0004,47.0302],[23.0009,47.0219]]],[[[22.9104,47.0625],[22.9062,47.047],[22.9014,47.0843],[22.9092,47.0937],[22.9104,47.0625]]],[[[22.8371,47.0673],[22.8626,47.076],[22.8539,47.071],[22.8371,47.0673]]],[[[23.0916,47.083],[23.0962,47.073],[23.0742,47.0922],[23.0916,47.083]]],[[[22.7967,47.0784],[22.794,47.0766],[22.7861,47.0866],[22.7967,47.0784]]],[[[22.8643,47.0909],[22.8648,47.0885],[22.8521,47.0872],[22.8643,47.0909]]],[[[22.8802,47.0958],[22.8869,47.0933],[22.8766,47.0915],[22.8802,47.0958]]],[[[23.1137,47.0961],[23.1069,47.0896],[23.1009,47.0917],[23.1137,47.0961]]],[[[22.9683,47.1043],[22.9512,47.1112],[22.9762,47.1048],[22.9683,47.1043]]],[[[22.9388,47.1115],[22.9364,47.1131],[22.9436,47.1188],[22.9388,47.1115]]],[[[22.9576,47.1176],[22.9468,47.1156],[22.9591,47.1202],[22.9657,47.1166],[22.9576,47.1176]]],[[[22.9073,47.124],[22.9023,47.1116],[22.9011,47.1171],[22.9073,47.124]]],[[[22.8679,47.1192],[22.8634,47.115],[22.8604,47.1199],[22.8679,47.1192]]],[[[22.8555,47.1284],[22.8589,47.1268],[22.8486,47.1159],[22.8555,47.1284]]],[[[22.994,47.1302],[22.9705,47.1422],[22.973,47.1447],[22.994,47.1302]]],[[[22.8903,47.144],[22.8952,47.1399],[22.8919,47.1361],[22.8903,47.144]]],[[[22.8794,47.153],[22.887,47.1677],[22.8943,47.1643],[22.8794,47.153]]],[[[23.0273,47.1562],[23.0166,47.1826],[23.0421,47.1844],[23.0273,47.1562]]],[[[22.947,47.1752],[22.9573,47.1789],[22.9544,47.1701],[22.947,47.1752]]],[[[22.8151,47.183],[22.8092,47.1854],[22.8231,47.1846],[22.8151,47.183]]],[[[22.9329,47.1861],[22.9414,47.1932],[22.9427,47.1783],[22.9329,47.1861]]],[[[22.8229,47.1919],[22.7895,47.1934],[22.8369,47.2171],[22.8229,47.1919]]],[[[22.9228,47.22],[22.9231,47.2125],[22.9029,47.2203],[22.9228,47.22]]],[[[23.0671,47.2326],[23.0678,47.2289],[23.0619,47.2289],[23.0671,47.2326]]],[[[22.9015,47.2352],[22.9005,47.2381],[22.9095,47.2372],[22.9015,47.2352]]],[[[22.8413,47.2437],[22.8288,47.2439],[22.8442,47.2471],[22.8576,47.2405],[22.8413,47.2437]]],[[[22.8794,47.235],[22.8772,47.2389],[22.8877,47.2472],[22.9061,47.2415],[22.8794,47.235]]],[[[22.8729,47.252],[22.882,47.2549],[22.8788,47.2463],[22.8729,47.252]]],[[[22.8664,47.2547],[22.8724,47.2596],[22.8645,47.2441],[22.8664,47.2547]]],[[[22.8604,47.2566],[22.8619,47.2553],[22.8586,47.2508],[22.8473,47.2499],[22.8604,47.2566]]],[[[22.9914,47.2691],[23.0002,47.2638],[22.9972,47.2596],[22.9914,47.2691]]],[[[22.8279,47.275],[22.8315,47.2709],[22.8244,47.2679],[22.8279,47.275]]],[[[22.9898,47.2715],[22.9885,47.2708],[22.9772,47.2842],[22.9898,47.2715]]],[[[22.9879,47.2699],[22.9764,47.279],[22.9724,47.2892],[22.9879,47.2699]]],[[[22.8389,47.2745],[22.8337,47.2726],[22.8524,47.2882],[22.8389,47.2745]]],[[[22.7974,47.2831],[22.8074,47.2859],[22.8062,47.2776],[22.7974,47.2831]]],[[[22.7784,47.2826],[22.7802,47.293],[22.7939,47.2856],[22.7784,47.2826]]],[[[23.1255,47.2869],[23.125,47.2965],[23.1303,47.2941],[23.1255,47.2869]]],[[[22.9409,47.2939],[22.9334,47.2921],[22.9327,47.2962],[22.9409,47.2939]]],[[[23.099,47.3024],[23.1132,47.2958],[23.1095,47.2958],[23.099,47.3024]]],[[[22.9837,47.3136],[22.984,47.3173],[22.9971,47.3163],[22.9837,47.3136]]],[[[22.9845,47.322],[22.9945,47.3288],[22.9912,47.3239],[22.9845,47.322]]],[[[22.9537,47.3191],[22.9456,47.3282],[22.9732,47.3252],[22.9537,47.3191]]],[[[22.8674,47.3305],[22.8657,47.3349],[22.8729,47.3355],[22.8674,47.3305]]],[[[22.839,47.343],[22.8472,47.3469],[22.8402,47.3404],[22.839,47.343]]],[[[22.9616,47.3499],[22.9616,47.3478],[22.9429,47.3506],[22.9616,47.3499]]],[[[23.0132,47.3789],[23.0145,47.378],[23.0149,47.3725],[23.0132,47.3789]]],[[[23.0749,47.4209],[23.0844,47.4254],[23.0886,47.4237],[23.0749,47.4209]]],[[[22.9507,47.45],[22.9471,47.4485],[22.9435,47.4569],[22.9507,47.45]]],[[[22.9349,47.4551],[22.9385,47.4561],[22.9353,47.4618],[22.9382,47.4631],[22.9436,47.4504],[22.9349,47.4551]]],[[[23.037,47.4736],[23.0375,47.4763],[23.0468,47.4755],[23.037,47.4736]]],[[[23.0244,47.4842],[23.0256,47.4824],[23.0157,47.4799],[23.0136,47.4868],[23.0296,47.4859],[23.0244,47.4842]]],[[[23.1133,47.4905],[23.1074,47.4918],[23.1024,47.5],[23.1133,47.4905]]],[[[22.9382,47.5051],[22.9236,47.5023],[22.9283,47.5049],[22.9382,47.5051]]],[[[22.9897,47.5265],[22.9957,47.5182],[22.9901,47.519],[22.9897,47.5265]]],[[[23.0122,47.5331],[23.0126,47.5296],[23.0047,47.5313],[23.0122,47.5331]]],[[[22.938,47.5323],[22.9029,47.5457],[22.921,47.5442],[22.938,47.5323]]],[[[22.8872,47.5565],[22.8822,47.5588],[22.8961,47.5595],[22.8999,47.5556],[22.8872,47.5565]]],[[[22.9353,47.5559],[22.9354,47.5624],[22.9437,47.5544],[22.9353,47.5559]]],[[[22.9712,47.5819],[22.971,47.5841],[22.9824,47.5829],[22.9712,47.5819]]],[[[23.0775,47.6234],[23.0613,47.6208],[23.0773,47.6347],[23.0775,47.6234]]],[[[22.9414,47.6438],[22.9175,47.6496],[22.9385,47.6675],[22.9414,47.6438]]],[[[23.106,47.6725],[23.1107,47.673],[23.0987,47.6639],[23.106,47.6725]]],[[[23.0411,47.6533],[23.0181,47.6613],[23.028,47.684],[23.0588,47.6826],[23.0411,47.6533]]],[[[22.8257,47.9215],[22.8303,47.9172],[22.8241,47.9143],[22.8257,47.9215]]],[[[22.8375,47.9244],[22.8093,47.9247],[22.8305,47.9408],[22.8479,47.9338],[22.8375,47.9244]]],[[[22.8651,47.9315],[22.8626,47.924],[22.8588,47.924],[22.8651,47.9315]]],[[[22.8616,47.9393],[22.8593,47.9448],[22.8737,47.9435],[22.8616,47.9393]]],[[[22.8066,47.9323],[22.7928,47.939],[22.8037,47.9557],[22.8066,47.9323]]],[[[22.8834,47.9515],[22.8855,47.9496],[22.8847,47.9448],[22.8834,47.9515]]],[[[22.7906,47.9498],[22.7905,47.9427],[22.7841,47.9536],[22.7919,47.9575],[22.7906,47.9498]]],[[[22.8208,47.9579],[22.8114,47.9611],[22.8141,47.9646],[22.8208,47.9579]]],[[[22.8292,47.955],[22.8261,47.9625],[22.8383,47.9729],[22.8292,47.955]]],[[[22.8813,48.0363],[22.892,48.0346],[22.8871,48.03],[22.8813,48.0363]]],[[[23.0975,48.0445],[23.1024,48.0393],[23.0965,48.0358],[23.0975,48.0445]]],[[[22.8051,48.0985],[22.8156,48.1052],[22.8196,48.1011],[22.8051,48.0985]]],[[[22.7937,48.1114],[22.7745,48.1086],[22.7861,48.1146],[22.7981,48.1106],[22.8028,48.104],[22.7937,48.1114]]],[[[23.2835,42.8372],[23.2841,42.8501],[23.2878,42.8484],[23.2835,42.8372]]],[[[23.1749,42.8722],[23.1849,42.8621],[23.1768,42.8646],[23.1749,42.8722]]],[[[23.4081,43.2026],[23.4021,43.2142],[23.4054,43.2148],[23.4081,43.2026]]],[[[23.4852,43.238],[23.4873,43.2463],[23.4947,43.2434],[23.4852,43.238]]],[[[23.4637,43.2525],[23.4223,43.274],[23.4474,43.27],[23.4637,43.2525]]],[[[23.2419,43.2674],[23.2371,43.2686],[23.2488,43.2782],[23.2419,43.2674]]],[[[23.3387,43.3343],[23.3537,43.3237],[23.3474,43.3252],[23.3387,43.3343]]],[[[23.6162,43.3445],[23.6201,43.3449],[23.62,43.3339],[23.6162,43.3445]]],[[[23.1512,43.3471],[23.1523,43.345],[23.1443,43.3424],[23.1512,43.3471]]],[[[23.335,43.8418],[23.3798,43.8431],[23.3439,43.8404],[23.335,43.8418]]],[[[23.3159,43.845],[23.3168,43.8393],[23.2978,43.8383],[23.3159,43.845]]],[[[23.5762,44.1312],[23.5858,44.1262],[23.5831,44.1239],[23.5762,44.1312]]],[[[23.587,44.2034],[23.5308,44.2221],[23.5397,44.2236],[23.587,44.2034]]],[[[23.2922,44.2166],[23.258,44.2291],[23.2863,44.2233],[23.2922,44.2166]]],[[[23.5897,44.2125],[23.5711,44.2205],[23.605,44.2399],[23.5897,44.2125]]],[[[23.533,44.2311],[23.5634,44.2255],[23.5612,44.2238],[23.533,44.2311]]],[[[23.6076,44.2543],[23.6131,44.2594],[23.6108,44.2536],[23.6076,44.2543]]],[[[23.1674,44.2742],[23.1818,44.2619],[23.1766,44.2609],[23.1674,44.2742]]],[[[23.6036,44.2806],[23.6026,44.2839],[23.6131,44.2835],[23.6036,44.2806]]],[[[23.549,44.2766],[23.513,44.2869],[23.5171,44.2893],[23.549,44.2766]]],[[[23.402,44.29],[23.4203,44.2909],[23.4185,44.2888],[23.402,44.29]]],[[[23.586,44.3439],[23.5793,44.346],[23.5965,44.3471],[23.586,44.3439]]],[[[23.4612,44.3404],[23.4572,44.364],[23.4821,44.3696],[23.4255,44.383],[23.5313,44.3737],[23.4612,44.3404]]],[[[23.5834,44.3716],[23.5932,44.3661],[23.5745,44.3592],[23.5834,44.3716]]],[[[23.3235,44.3682],[23.3321,44.3656],[23.3148,44.3648],[23.3235,44.3682]]],[[[23.3997,44.3755],[23.4102,44.3724],[23.3827,44.3757],[23.3997,44.3755]]],[[[23.3799,44.3912],[23.3942,44.3896],[23.3899,44.3863],[23.3799,44.3912]]],[[[23.5955,44.393],[23.61,44.376],[23.5609,44.4018],[23.5955,44.393]]],[[[23.5616,44.4257],[23.5669,44.4197],[23.5618,44.4154],[23.5616,44.4257]]],[[[23.3835,44.4415],[23.3837,44.443],[23.4022,44.4418],[23.3835,44.4415]]],[[[23.5639,44.4472],[23.5683,44.4448],[23.5591,44.4389],[23.5639,44.4472]]],[[[23.5417,44.4467],[23.5464,44.4423],[23.545,44.4417],[23.5417,44.4467]]],[[[23.4545,44.441],[23.4414,44.4433],[23.4614,44.4479],[23.4717,44.4454],[23.4545,44.441]]],[[[23.4278,44.4748],[23.4161,44.4765],[23.4219,44.4781],[23.4278,44.4748]]],[[[23.2163,44.4834],[23.2257,44.4842],[23.2105,44.4778],[23.2163,44.4834]]],[[[23.4347,44.4835],[23.4239,44.4824],[23.4212,44.4842],[23.4347,44.4835]]],[[[23.3336,44.5141],[23.3187,44.5088],[23.3183,44.5125],[23.3336,44.5141]]],[[[23.1704,44.5233],[23.1756,44.5297],[23.178,44.5232],[23.1704,44.5233]]],[[[23.1556,44.5271],[23.1548,44.5285],[23.1656,44.5333],[23.1556,44.5271]]],[[[23.58,44.5506],[23.58,44.5461],[23.5762,44.5485],[23.58,44.5506]]],[[[23.5562,44.5764],[23.5692,44.5773],[23.5662,44.5713],[23.5562,44.5764]]],[[[23.3481,44.5919],[23.347,44.5959],[23.3498,44.6018],[23.3481,44.5919]]],[[[23.2137,44.6095],[23.2141,44.612],[23.2283,44.6078],[23.2137,44.6095]]],[[[23.3719,44.6079],[23.3737,44.6168],[23.3883,44.6105],[23.3719,44.6079]]],[[[23.2471,44.6207],[23.2416,44.6222],[23.2447,44.6262],[23.2471,44.6207]]],[[[23.5312,44.6342],[23.5277,44.6358],[23.5394,44.6329],[23.5312,44.6342]]],[[[23.5442,44.6485],[23.54,44.6469],[23.5372,44.6515],[23.5442,44.6485]]],[[[23.3467,44.6651],[23.3503,44.6641],[23.346,44.6605],[23.3467,44.6651]]],[[[23.4507,44.6761],[23.4649,44.6695],[23.4629,44.6669],[23.4507,44.6761]]],[[[23.4571,44.6866],[23.4554,44.6895],[23.4666,44.6839],[23.4571,44.6866]]],[[[23.5232,44.7135],[23.543,44.7151],[23.5359,44.7127],[23.5232,44.7135]]],[[[23.3361,44.7365],[23.3422,44.7318],[23.3339,44.7312],[23.3361,44.7365]]],[[[23.4924,44.8976],[23.5005,44.8912],[23.4883,44.8873],[23.4924,44.8976]]],[[[23.1753,44.916],[23.1686,44.9155],[23.166,44.9248],[23.1753,44.916]]],[[[23.2093,44.9418],[23.2071,44.9424],[23.2151,44.9493],[23.2241,44.9468],[23.2093,44.9418]]],[[[23.5314,45.0287],[23.5359,45.0373],[23.5374,45.0343],[23.5456,45.0322],[23.5314,45.0287]]],[[[23.1589,45.0389],[23.1638,45.0393],[23.1661,45.0345],[23.1589,45.0389]]],[[[23.2369,45.0489],[23.2386,45.0487],[23.243,45.0401],[23.2369,45.0489]]],[[[23.2433,45.0401],[23.255,45.0555],[23.2617,45.0523],[23.2433,45.0401]]],[[[23.3899,45.0489],[23.3784,45.0423],[23.383,45.0485],[23.3998,45.0532],[23.3899,45.0489]]],[[[23.319,45.0406],[23.3054,45.0474],[23.3183,45.0603],[23.3523,45.0466],[23.319,45.0406]]],[[[23.5634,45.0444],[23.5391,45.0342],[23.5651,45.0846],[23.5634,45.0444]]],[[[23.1885,45.0661],[23.186,45.0513],[23.1807,45.0574],[23.1885,45.0661]]],[[[23.6022,45.0699],[23.6094,45.0699],[23.6068,45.0616],[23.6022,45.0699]]],[[[23.2076,45.0685],[23.2141,45.0578],[23.1766,45.0744],[23.2076,45.0685]]],[[[23.2246,45.0517],[23.2147,45.0865],[23.2184,45.0882],[23.2246,45.0517]]],[[[23.5327,45.0775],[23.5359,45.0777],[23.5377,45.0643],[23.5327,45.0775]]],[[[23.4158,45.0706],[23.4156,45.0753],[23.4256,45.0757],[23.4158,45.0706]]],[[[23.1803,45.0927],[23.1942,45.0902],[23.1939,45.0881],[23.1803,45.0927]]],[[[23.5155,45.1099],[23.517,45.1019],[23.5139,45.104],[23.5155,45.1099]]],[[[23.2217,45.1078],[23.221,45.1127],[23.2252,45.1123],[23.2285,45.107],[23.2217,45.1078]]],[[[23.3481,45.1116],[23.3714,45.1148],[23.3654,45.1114],[23.3481,45.1116]]],[[[23.4295,45.1095],[23.4315,45.1177],[23.4344,45.1157],[23.4295,45.1095]]],[[[23.4095,45.1282],[23.4279,45.1284],[23.418,45.111],[23.4095,45.1282]]],[[[23.1752,45.1166],[23.168,45.1298],[23.1789,45.1315],[23.1752,45.1166]]],[[[23.3113,45.1184],[23.3058,45.1085],[23.2761,45.1272],[23.2751,45.152],[23.2812,45.1542],[23.3113,45.1184]],[[23.2822,45.1416],[23.2993,45.1232],[23.298,45.1285],[23.2822,45.1416]]],[[[23.5493,45.1374],[23.5507,45.1413],[23.5607,45.1349],[23.5493,45.1374]]],[[[23.5774,45.1304],[23.5716,45.1292],[23.5535,45.142],[23.5774,45.1304]]],[[[23.5053,45.1587],[23.5132,45.1605],[23.5146,45.1595],[23.5124,45.1377],[23.5053,45.1587]]],[[[23.2397,45.1582],[23.2413,45.1503],[23.2171,45.1549],[23.2397,45.1582]]],[[[23.2943,45.1704],[23.2927,45.1648],[23.2756,45.1719],[23.2943,45.1704]]],[[[23.3073,45.4582],[23.3145,45.4636],[23.3212,45.4591],[23.3073,45.4582]]],[[[23.1665,45.7905],[23.1721,45.8048],[23.1789,45.8021],[23.1665,45.7905]]],[[[23.3138,45.8028],[23.3153,45.7991],[23.3116,45.7977],[23.3138,45.8028]]],[[[23.3139,45.8125],[23.322,45.812],[23.3178,45.8054],[23.3139,45.8125]]],[[[23.1727,45.8123],[23.1904,45.8327],[23.1925,45.8266],[23.1727,45.8123]]],[[[23.2686,45.8419],[23.2692,45.8481],[23.2763,45.8312],[23.2686,45.8419]]],[[[23.3212,45.8698],[23.3055,45.8768],[23.3152,45.8781],[23.3212,45.8698]]],[[[23.1505,45.8834],[23.1527,45.8824],[23.1314,45.8738],[23.1505,45.8834]]],[[[23.5749,45.8891],[23.5736,45.8993],[23.5782,45.901],[23.5749,45.8891]]],[[[23.5722,45.9155],[23.579,45.9172],[23.5712,45.9082],[23.5639,45.9074],[23.5722,45.9155]]],[[[23.2132,45.9159],[23.2042,45.9255],[23.223,45.9315],[23.2132,45.9159]]],[[[23.2029,45.9267],[23.1957,45.9326],[23.203,45.9418],[23.2029,45.9267]]],[[[23.1609,45.9694],[23.16,45.9759],[23.1642,45.9803],[23.1609,45.9694]]],[[[23.1346,45.9913],[23.128,45.9981],[23.1367,45.9929],[23.1346,45.9913]]],[[[23.5709,46.2015],[23.5671,46.2053],[23.573,46.2143],[23.5709,46.2015]]],[[[23.5867,46.2394],[23.5919,46.2283],[23.5895,46.2269],[23.5867,46.2394]]],[[[23.6131,46.2366],[23.6252,46.232],[23.621,46.2302],[23.6131,46.2366]]],[[[23.5813,46.2576],[23.588,46.2541],[23.5844,46.2511],[23.5813,46.2576]]],[[[23.4691,46.5571],[23.4639,46.5461],[23.4618,46.5504],[23.4691,46.5571]]],[[[23.6068,46.7203],[23.5886,46.7235],[23.6107,46.7446],[23.6307,46.738],[23.6068,46.7203]]],[[[23.6048,46.7997],[23.5629,46.7929],[23.5859,46.8148],[23.601,46.8062],[23.6048,46.7997]]],[[[23.4964,46.8341],[23.4895,46.8331],[23.5012,46.8433],[23.4964,46.8341]]],[[[23.1926,46.9735],[23.2019,46.9717],[23.1939,46.968],[23.1926,46.9735]]],[[[23.4235,47.0009],[23.4374,46.9972],[23.4181,46.9928],[23.4235,47.0009]]],[[[23.257,47.0081],[23.2304,47.0034],[23.2236,47.0065],[23.257,47.0081]]],[[[23.4129,47.1003],[23.4003,47.1045],[23.4113,47.1198],[23.4129,47.1003]]],[[[23.2526,47.1319],[23.2706,47.1331],[23.2557,47.1226],[23.2526,47.1319]]],[[[23.2936,47.1528],[23.3001,47.1506],[23.2973,47.1478],[23.2936,47.1528]]],[[[23.3358,47.1553],[23.3293,47.1612],[23.3468,47.1533],[23.3358,47.1553]]],[[[23.2522,47.2643],[23.2444,47.2605],[23.2484,47.2577],[23.2295,47.2589],[23.2522,47.2643]]],[[[23.6041,47.3569],[23.6173,47.3654],[23.6174,47.3603],[23.6041,47.3569]]],[[[23.5255,47.3699],[23.5176,47.3725],[23.5151,47.3775],[23.5255,47.3699]]],[[[23.4371,47.386],[23.4372,47.3881],[23.4487,47.3898],[23.4371,47.386]]],[[[23.4599,47.4106],[23.4533,47.4148],[23.4713,47.4142],[23.4599,47.4106]]],[[[23.5697,47.4191],[23.575,47.4242],[23.5783,47.4168],[23.5697,47.4191]]],[[[23.5642,47.4249],[23.5726,47.4242],[23.5667,47.418],[23.5642,47.4249]]],[[[23.2991,47.4252],[23.2946,47.4265],[23.2933,47.4432],[23.2991,47.4252]]],[[[23.4823,47.4482],[23.4917,47.4381],[23.4855,47.4377],[23.4823,47.4482]]],[[[23.3232,47.4553],[23.3315,47.4476],[23.3263,47.4451],[23.3232,47.4553]]],[[[23.5021,47.4524],[23.5009,47.4598],[23.504,47.4612],[23.5021,47.4524]]],[[[23.1353,47.4675],[23.1642,47.4567],[23.1605,47.454],[23.1353,47.4675]]],[[[23.4565,47.4603],[23.449,47.4564],[23.4508,47.4719],[23.4565,47.4603]]],[[[23.5432,47.4672],[23.5432,47.4692],[23.552,47.4658],[23.5432,47.4672]]],[[[23.2493,47.4712],[23.2459,47.4832],[23.2573,47.4806],[23.2493,47.4712]]],[[[23.4388,47.4715],[23.44,47.4847],[23.4462,47.4823],[23.4388,47.4715]]],[[[23.5549,47.483],[23.5621,47.4811],[23.558,47.4767],[23.5549,47.483]]],[[[23.1578,47.4843],[23.1584,47.4793],[23.1545,47.4777],[23.1578,47.4843]]],[[[23.3508,47.4891],[23.3595,47.4808],[23.3528,47.476],[23.3508,47.4891]]],[[[23.384,47.4899],[23.387,47.4849],[23.3821,47.484],[23.384,47.4899]]],[[[23.4518,47.4954],[23.4575,47.4925],[23.4562,47.4889],[23.4518,47.4954]]],[[[23.5144,47.501],[23.5165,47.5064],[23.5316,47.4911],[23.5144,47.501]]],[[[23.4992,47.4985],[23.5153,47.5101],[23.5062,47.4921],[23.4741,47.5058],[23.4678,47.5367],[23.4992,47.4985]]],[[[23.1602,47.5063],[23.1508,47.5176],[23.1763,47.5242],[23.1914,47.5152],[23.1602,47.5063]]],[[[23.5406,47.5221],[23.5389,47.5074],[23.5268,47.5135],[23.5406,47.5221]]],[[[23.4503,47.5264],[23.4557,47.51],[23.4545,47.5097],[23.4503,47.5264]]],[[[23.5033,47.5241],[23.522,47.5254],[23.5216,47.5214],[23.5033,47.5241]]],[[[23.5753,47.5207],[23.5852,47.5342],[23.5862,47.5305],[23.5753,47.5207]]],[[[23.2568,47.5283],[23.276,47.535],[23.2697,47.5264],[23.2568,47.5283]]],[[[23.5387,47.532],[23.5387,47.5402],[23.5456,47.5393],[23.5387,47.532]]],[[[23.4111,47.5359],[23.4097,47.5456],[23.4315,47.5366],[23.4111,47.5359]]],[[[23.6081,47.5529],[23.6131,47.5488],[23.5999,47.5498],[23.6081,47.5529]]],[[[23.302,47.5593],[23.3081,47.5554],[23.3015,47.5529],[23.302,47.5593]]],[[[23.1991,47.5647],[23.2038,47.5672],[23.214,47.552],[23.1991,47.5647]]],[[[23.6234,47.5727],[23.623,47.5704],[23.6156,47.5675],[23.6234,47.5727]]],[[[23.4697,47.5734],[23.4689,47.5797],[23.4843,47.5865],[23.4931,47.5743],[23.4697,47.5734]]],[[[23.511,47.5879],[23.5228,47.5786],[23.5051,47.5843],[23.511,47.5879]]],[[[23.5971,47.5891],[23.5828,47.5995],[23.6115,47.5984],[23.5971,47.5891]]],[[[23.464,47.6029],[23.469,47.6049],[23.4786,47.6035],[23.464,47.6029]]],[[[23.3158,47.6088],[23.3163,47.5943],[23.3118,47.5948],[23.3158,47.6088]]],[[[23.4418,47.6006],[23.4328,47.6056],[23.4393,47.6167],[23.4418,47.6006]]],[[[23.6126,47.6068],[23.6205,47.6139],[23.6132,47.6028],[23.5975,47.6071],[23.6126,47.6068]]],[[[23.5448,47.6107],[23.5423,47.6145],[23.5535,47.6141],[23.5448,47.6107]]],[[[23.5708,47.6068],[23.5582,47.609],[23.5739,47.6188],[23.5708,47.6068]]],[[[23.6024,47.6313],[23.5874,47.6299],[23.5794,47.6376],[23.6024,47.6313]]],[[[23.3559,47.6364],[23.3578,47.6408],[23.3717,47.631],[23.3559,47.6364]]],[[[23.249,47.6622],[23.2559,47.6587],[23.2562,47.6445],[23.249,47.6622]]],[[[23.1222,47.6696],[23.1389,47.6754],[23.1445,47.6612],[23.1222,47.6696]]],[[[23.5528,47.6635],[23.5378,47.665],[23.567,47.6681],[23.5528,47.6635]]],[[[23.458,47.6743],[23.4714,47.6704],[23.4696,47.6692],[23.458,47.6743]]],[[[23.2297,47.6731],[23.2339,47.6783],[23.2386,47.6754],[23.2297,47.6731]]],[[[23.4901,47.6671],[23.4782,47.6694],[23.482,47.6786],[23.4901,47.6671]]],[[[23.4374,47.6845],[23.4538,47.6801],[23.4537,47.6779],[23.4374,47.6845]]],[[[23.2264,47.685],[23.23,47.68],[23.2223,47.6749],[23.2264,47.685]]],[[[23.2514,47.7713],[23.2587,47.7438],[23.2503,47.7494],[23.2514,47.7713]]],[[[23.2972,47.7719],[23.3118,47.7697],[23.3076,47.7638],[23.2972,47.7719]]],[[[23.29,47.777],[23.2976,47.7766],[23.291,47.7682],[23.29,47.777]]],[[[23.3074,47.8163],[23.3042,47.8207],[23.3081,47.8229],[23.3074,47.8163]]],[[[23.2908,47.8232],[23.2936,47.8213],[23.2903,47.8168],[23.2908,47.8232]]],[[[23.3878,47.8283],[23.3915,47.822],[23.3875,47.8208],[23.3878,47.8283]]],[[[23.3927,47.8327],[23.3916,47.8354],[23.4047,47.8364],[23.3927,47.8327]]],[[[23.4143,47.8345],[23.4078,47.8475],[23.4212,47.8465],[23.433,47.8273],[23.4143,47.8345]]],[[[23.3257,47.8522],[23.3337,47.8518],[23.3329,47.8454],[23.3257,47.8522]]],[[[23.4332,47.8524],[23.4325,47.856],[23.4549,47.8488],[23.4332,47.8524]]],[[[23.3231,47.8685],[23.3232,47.8588],[23.2931,47.8679],[23.3231,47.8685]]],[[[23.4336,47.8851],[23.4304,47.8808],[23.4201,47.8909],[23.4336,47.8851]]],[[[23.4613,47.8837],[23.447,47.8903],[23.4534,47.8901],[23.4613,47.8837]]],[[[23.4663,47.8906],[23.459,47.8926],[23.4712,47.8948],[23.4773,47.8896],[23.4663,47.8906]]],[[[23.4775,47.8985],[23.484,47.8962],[23.4811,47.8921],[23.4775,47.8985]]],[[[23.4894,47.9011],[23.4679,47.9112],[23.4739,47.9169],[23.4894,47.9011]]],[[[23.2856,47.9131],[23.2802,47.9113],[23.2724,47.9117],[23.2856,47.9131]]],[[[23.297,47.9235],[23.3085,47.9223],[23.3059,47.9194],[23.297,47.9235]]],[[[23.2611,47.9132],[23.2558,47.9123],[23.254,47.9211],[23.2611,47.9132]]],[[[23.295,47.9272],[23.2968,47.9172],[23.2751,47.9227],[23.295,47.9272]]],[[[23.4712,47.929],[23.4712,47.9313],[23.4779,47.9316],[23.4712,47.929]]],[[[23.1974,47.9286],[23.2034,47.9388],[23.2118,47.9374],[23.1974,47.9286]]],[[[23.4184,47.936],[23.4457,47.9489],[23.4833,47.9371],[23.3956,47.9277],[23.4006,47.9505],[23.3683,47.9199],[23.3409,47.9318],[23.371,47.9417],[23.373,47.9753],[23.4184,47.936]]],[[[23.2243,47.9454],[23.2173,47.9478],[23.221,47.9553],[23.2243,47.9454]]],[[[23.2227,47.9577],[23.2071,47.9562],[23.2115,47.9724],[23.2227,47.9577]]],[[[23.3349,47.9556],[23.3223,47.9674],[23.3584,47.9795],[23.3577,47.9604],[23.3349,47.9556]],[[23.3389,47.9655],[23.337,47.9575],[23.3501,47.9644],[23.3389,47.9655]]],[[[23.3401,47.996],[23.3215,47.9757],[23.2944,47.9675],[23.3246,47.9453],[23.3001,47.9442],[23.2796,47.9665],[23.3033,47.9705],[23.3093,48.0021],[23.3401,47.996]]],[[[23.2103,47.9723],[23.2067,47.9783],[23.2126,47.9817],[23.2103,47.9723]]],[[[23.2267,47.9782],[23.2209,47.9794],[23.2255,47.9902],[23.2267,47.9782]]],[[[23.2963,47.9841],[23.2868,47.9919],[23.2926,48.0011],[23.2963,47.9841]]],[[[23.2302,48.0014],[23.2359,47.9995],[23.2323,47.9973],[23.2302,48.0014]]],[[[23.5189,47.9942],[23.509,47.9954],[23.5173,48.0095],[23.5189,47.9942]]],[[[23.2999,48.011],[23.2942,48.0148],[23.3019,48.0207],[23.2999,48.011]]],[[[23.1833,48.0164],[23.1668,48.0202],[23.1829,48.0334],[23.1833,48.0164]]],[[[23.8104,42.8861],[23.8045,42.8918],[23.8107,42.8946],[23.8104,42.8861]]],[[[23.889,42.904],[23.8959,42.9005],[23.8898,42.8975],[23.889,42.904]]],[[[23.7019,42.916],[23.6898,42.9154],[23.7074,42.9192],[23.7019,42.916]]],[[[23.9469,42.9485],[23.9418,42.9511],[23.9442,42.9563],[23.9469,42.9485]]],[[[23.8152,43.0277],[23.8264,43.0304],[23.8192,43.0224],[23.8152,43.0277]]],[[[23.7817,43.0841],[23.7695,43.0849],[23.7737,43.0871],[23.7817,43.0841]]],[[[23.9013,43.1027],[23.906,43.0981],[23.9009,43.0949],[23.9013,43.1027]]],[[[23.9057,43.1054],[23.9127,43.1023],[23.9084,43.1001],[23.9057,43.1054]]],[[[23.6737,43.1196],[23.679,43.1197],[23.6726,43.1134],[23.6574,43.113],[23.6737,43.1196]]],[[[23.923,43.1276],[23.9285,43.1245],[23.9236,43.1196],[23.923,43.1276]]],[[[23.9268,43.1356],[23.9374,43.1338],[23.9352,43.1281],[23.9268,43.1356]]],[[[23.9167,43.1271],[23.921,43.1391],[23.9248,43.1373],[23.9167,43.1271]]],[[[23.6321,43.4022],[23.6329,43.4013],[23.6204,43.4077],[23.6321,43.4022]]],[[[23.8972,43.5726],[23.8989,43.585],[23.909,43.5818],[23.8972,43.5726]]],[[[23.877,43.7387],[23.882,43.7367],[23.879,43.732],[23.877,43.7387]]],[[[23.9437,44.0252],[23.944,44.0143],[23.9379,44.0165],[23.9437,44.0252]]],[[[23.7861,44.2012],[23.7979,44.2019],[23.8067,44.1905],[23.7861,44.2012]]],[[[23.788,44.2262],[23.7898,44.2188],[23.788,44.2178],[23.788,44.2262]]],[[[23.7392,44.2331],[23.7294,44.2404],[23.7705,44.2547],[23.7862,44.2371],[23.7392,44.2331]]],[[[23.7361,44.2857],[23.7444,44.2844],[23.7361,44.2831],[23.7361,44.2857]]],[[[23.8679,44.3046],[23.8725,44.2902],[23.868,44.2882],[23.8679,44.3046]]],[[[23.65,44.341],[23.6433,44.3419],[23.6501,44.3542],[23.65,44.341]]],[[[23.8369,44.3546],[23.845,44.3458],[23.8305,44.3446],[23.8369,44.3546]]],[[[23.6223,44.3448],[23.6149,44.3442],[23.6207,44.3618],[23.6223,44.3448]]],[[[23.9093,44.4962],[23.8831,44.5119],[23.8984,44.5171],[23.9093,44.4962]]],[[[23.9169,44.5096],[23.9234,44.5025],[23.9137,44.5094],[23.9116,44.5163],[23.9169,44.5096]]],[[[23.7638,44.5168],[23.7786,44.5201],[23.7781,44.5086],[23.7638,44.5168]]],[[[23.9331,44.5234],[23.9391,44.5157],[23.9368,44.5157],[23.9331,44.5234]]],[[[23.6452,44.5214],[23.6431,44.5293],[23.6525,44.5289],[23.6452,44.5214]]],[[[23.8163,44.5181],[23.8134,44.536],[23.8314,44.5288],[23.8163,44.5181]]],[[[23.8532,44.5295],[23.8444,44.5253],[23.8439,44.5264],[23.8532,44.5295]]],[[[23.8323,44.5328],[23.8415,44.5431],[23.8486,44.5347],[23.8323,44.5328]]],[[[23.6416,44.5324],[23.6431,44.5409],[23.6501,44.5326],[23.6416,44.5324]]],[[[23.7296,44.5704],[23.7373,44.5599],[23.7308,44.5596],[23.7296,44.5704]]],[[[23.6248,44.5783],[23.6182,44.5815],[23.624,44.5808],[23.6317,44.5725],[23.6248,44.5783]]],[[[23.6363,44.5766],[23.6349,44.5753],[23.6282,44.5777],[23.6363,44.5766]]],[[[23.8707,44.595],[23.8768,44.5962],[23.876,44.5914],[23.8707,44.595]]],[[[23.868,44.5891],[23.8676,44.5876],[23.8543,44.6039],[23.868,44.5891]]],[[[23.7123,44.589],[23.7066,44.5996],[23.7335,44.6072],[23.7123,44.589]]],[[[23.7865,44.6162],[23.7819,44.6075],[23.7799,44.6107],[23.7865,44.6162]]],[[[23.9068,44.6279],[23.9155,44.6225],[23.9113,44.6208],[23.9068,44.6279]]],[[[23.8705,44.6395],[23.8532,44.6631],[23.8591,44.6632],[23.8705,44.6395]]],[[[23.896,44.6606],[23.9061,44.6525],[23.904,44.6525],[23.896,44.6606]]],[[[23.8674,44.6745],[23.8692,44.6717],[23.8627,44.669],[23.8674,44.6745]]],[[[23.7486,44.6732],[23.757,44.6743],[23.7536,44.6675],[23.7486,44.6732]]],[[[23.9343,44.6847],[23.9398,44.6888],[23.9354,44.682],[23.9343,44.6847]]],[[[23.8172,44.6936],[23.8111,44.7006],[23.8146,44.702],[23.8172,44.6936]]],[[[23.8828,44.6983],[23.8869,44.7013],[23.8937,44.6961],[23.8828,44.6983]]],[[[23.8046,44.71],[23.8119,44.7106],[23.8121,44.707],[23.8046,44.71]]],[[[23.9253,44.7134],[23.9285,44.7137],[23.9291,44.7061],[23.9253,44.7134]]],[[[23.8819,44.7123],[23.8778,44.7195],[23.8993,44.7146],[23.8819,44.7123]]],[[[23.912,44.7239],[23.9197,44.7215],[23.9179,44.7156],[23.912,44.7239]]],[[[23.7852,44.7457],[23.7901,44.7493],[23.7963,44.7266],[23.7852,44.7457]]],[[[23.9008,44.7524],[23.9103,44.7594],[23.9101,44.7543],[23.9008,44.7524]]],[[[23.9226,44.785],[23.9305,44.7879],[23.9297,44.7814],[23.9226,44.785]]],[[[23.851,44.7873],[23.8581,44.7955],[23.8643,44.7906],[23.851,44.7873]]],[[[23.9597,44.7904],[23.9617,44.7961],[23.966,44.7943],[23.9597,44.7904]]],[[[23.9058,44.8085],[23.9099,44.7944],[23.8991,44.7985],[23.9058,44.8085]]],[[[23.9317,44.812],[23.9229,44.8044],[23.9247,44.8145],[23.9317,44.812]]],[[[23.814,44.821],[23.8212,44.8184],[23.8103,44.8199],[23.8046,44.8319],[23.814,44.821]]],[[[23.8202,44.8397],[23.8256,44.8385],[23.8245,44.8345],[23.8202,44.8397]]],[[[23.8521,44.8362],[23.8424,44.8408],[23.8453,44.8451],[23.8521,44.8362]]],[[[23.9334,44.8464],[23.9274,44.8358],[23.9255,44.8379],[23.9334,44.8464]]],[[[23.9113,44.8358],[23.9004,44.8312],[23.9032,44.8531],[23.9113,44.8358]]],[[[23.6872,44.8723],[23.6924,44.8708],[23.6934,44.8658],[23.6872,44.8723]]],[[[23.852,44.8687],[23.8433,44.8706],[23.8431,44.8768],[23.8611,44.8781],[23.852,44.8687]]],[[[23.9356,44.8788],[23.9294,44.8702],[23.9287,44.8758],[23.9356,44.8788]]],[[[23.6842,44.8796],[23.6835,44.8846],[23.6961,44.8811],[23.6842,44.8796]]],[[[23.8124,44.8862],[23.8087,44.8899],[23.8214,44.8939],[23.8124,44.8862]]],[[[23.7685,44.8959],[23.7727,44.9008],[23.7821,44.8883],[23.7685,44.8959]]],[[[23.938,44.9024],[23.9477,44.9016],[23.9371,44.8918],[23.938,44.9024]]],[[[23.8096,44.8959],[23.7895,44.9009],[23.8159,44.8978],[23.8096,44.8959]]],[[[23.9259,44.9012],[23.9203,44.8981],[23.9194,44.906],[23.9259,44.9012]]],[[[23.662,44.9237],[23.6607,44.9184],[23.6582,44.9175],[23.662,44.9237]]],[[[23.8248,44.9462],[23.8197,44.9356],[23.8154,44.9405],[23.8248,44.9462]]],[[[23.8455,44.986],[23.8513,44.9914],[23.8538,44.9852],[23.8455,44.986]]],[[[23.8277,45.0009],[23.8378,45.0067],[23.8439,45.0056],[23.8281,44.9857],[23.8277,45.0009]]],[[[23.8627,44.9886],[23.8568,44.9857],[23.8549,45.0087],[23.8747,45.0029],[23.8627,44.9886]]],[[[23.7317,45.0006],[23.739,45.0026],[23.7364,44.9976],[23.7317,45.0006]]],[[[23.9254,45.0082],[23.9212,45.0131],[23.9421,45.0227],[23.9254,45.0082]]],[[[23.6706,45.039],[23.6593,45.0382],[23.6559,45.0457],[23.6706,45.039]]],[[[23.8661,45.046],[23.8735,45.0534],[23.8776,45.0492],[23.8661,45.046]]],[[[23.9618,45.058],[23.9744,45.0552],[23.96,45.0473],[23.9618,45.058]]],[[[23.8116,45.0658],[23.8237,45.0691],[23.8237,45.0657],[23.8116,45.0658]]],[[[23.9355,45.071],[23.9335,45.0749],[23.9458,45.0689],[23.9465,45.0652],[23.9355,45.071]]],[[[23.8884,45.0698],[23.8858,45.0753],[23.9049,45.0668],[23.8884,45.0698]]],[[[23.7551,45.0814],[23.7694,45.0819],[23.7651,45.0791],[23.7551,45.0814]]],[[[23.9307,45.0794],[23.9123,45.0846],[23.9223,45.0926],[23.9307,45.0794]]],[[[23.8203,45.0986],[23.8286,45.0876],[23.8027,45.0825],[23.8203,45.0986]]],[[[23.7104,45.098],[23.7259,45.1006],[23.723,45.0945],[23.7104,45.098]]],[[[23.7817,45.0964],[23.7786,45.1006],[23.7933,45.1005],[23.7817,45.0964]]],[[[23.8757,45.1039],[23.9007,45.0905],[23.9068,45.0831],[23.9062,45.0794],[23.8555,45.0806],[23.8757,45.1039]],[[23.9027,45.0822],[23.9038,45.0847],[23.8858,45.0918],[23.9027,45.0822]]],[[[23.8998,45.1026],[23.8999,45.0993],[23.8906,45.0999],[23.8998,45.1026]]],[[[23.7334,45.0993],[23.729,45.1033],[23.7396,45.1103],[23.7334,45.0993]]],[[[23.8564,45.1014],[23.8547,45.1163],[23.8635,45.1107],[23.8564,45.1014]]],[[[23.8342,45.1184],[23.8366,45.1093],[23.8314,45.1104],[23.8342,45.1184]]],[[[23.6754,45.1195],[23.6807,45.1151],[23.6754,45.1109],[23.6754,45.1195]]],[[[23.9324,45.1193],[23.9408,45.1184],[23.9213,45.115],[23.9117,45.1181],[23.9324,45.1193]]],[[[23.6925,45.1153],[23.683,45.1257],[23.6983,45.1308],[23.6925,45.1153]]],[[[23.7746,45.1262],[23.792,45.1297],[23.7899,45.1174],[23.7746,45.1262]]],[[[23.676,45.139],[23.6885,45.1367],[23.6736,45.1231],[23.676,45.139]]],[[[23.8987,45.1284],[23.8959,45.1305],[23.9044,45.1415],[23.9184,45.1409],[23.8987,45.1284]]],[[[23.86,45.1434],[23.8681,45.1409],[23.8665,45.1358],[23.86,45.1434]]],[[[23.7826,45.1442],[23.7912,45.15],[23.7897,45.146],[23.7826,45.1442]]],[[[23.8929,45.1648],[23.9005,45.1588],[23.8965,45.1543],[23.8929,45.1648]]],[[[23.9834,45.1442],[23.9359,45.1463],[23.9369,45.1309],[23.8977,45.1635],[23.9174,45.1803],[23.9136,45.1747],[23.9516,45.1525],[23.9364,45.1905],[23.9834,45.1442]]],[[[23.8662,45.1702],[23.8529,45.1759],[23.8696,45.1743],[23.8662,45.1702]]],[[[23.9159,45.7626],[23.9046,45.759],[23.916,45.7656],[23.9417,45.7633],[23.9439,45.7596],[23.9159,45.7626]]],[[[23.9064,45.7686],[23.894,45.765],[23.9113,45.7777],[23.9412,45.7665],[23.9064,45.7686]]],[[[23.6534,45.8381],[23.6591,45.8357],[23.6582,45.8317],[23.6534,45.8381]]],[[[23.7835,45.8428],[23.7699,45.8449],[23.7964,45.8659],[23.7835,45.8428]]],[[[23.7968,45.8732],[23.8005,45.8771],[23.8114,45.876],[23.7968,45.8732]]],[[[23.7665,45.9091],[23.7646,45.9164],[23.7666,45.9155],[23.7665,45.9091]]],[[[23.7728,45.9266],[23.794,45.9444],[23.787,45.9312],[23.7728,45.9266]]],[[[23.684,45.9747],[23.6844,45.9782],[23.6779,45.9765],[23.6893,45.9823],[23.684,45.9747]]],[[[23.8693,45.9985],[23.8876,46.0063],[23.8856,46.004],[23.8693,45.9985]]],[[[23.8729,46.0152],[23.8843,46.0152],[23.8743,46.0141],[23.8729,46.0152]]],[[[23.6547,46.2333],[23.6764,46.2273],[23.6755,46.2157],[23.6547,46.2333]]],[[[23.7992,46.2856],[23.7951,46.2912],[23.8136,46.2873],[23.7992,46.2856]]],[[[23.8799,46.4805],[23.8865,46.4756],[23.8774,46.4738],[23.8799,46.4805]]],[[[23.7026,46.4884],[23.7001,46.483],[23.6938,46.4816],[23.7026,46.4884]]],[[[23.6911,46.4957],[23.6932,46.4984],[23.7032,46.4971],[23.6911,46.4957]]],[[[23.6765,46.6482],[23.6788,46.6397],[23.6687,46.6436],[23.6765,46.6482]]],[[[23.9263,46.6748],[23.941,46.6667],[23.9352,46.6653],[23.9263,46.6748]]],[[[23.6346,46.7341],[23.6372,46.7399],[23.6502,46.7387],[23.6346,46.7341]]],[[[23.6462,46.7642],[23.647,46.757],[23.6313,46.7556],[23.6462,46.7642]]],[[[23.6644,46.7978],[23.6774,46.7992],[23.6737,46.7883],[23.6644,46.7978]]],[[[23.6938,46.799],[23.6946,46.8029],[23.7035,46.8045],[23.6938,46.799]]],[[[23.6391,46.809],[23.6447,46.7976],[23.6037,46.823],[23.6391,46.809]]],[[[23.7299,46.8156],[23.7442,46.8244],[23.7306,46.8118],[23.7299,46.8156]]],[[[23.7058,46.8281],[23.7105,46.8389],[23.7183,46.8357],[23.7058,46.8281]]],[[[23.8991,46.8346],[23.907,46.8338],[23.9077,46.8299],[23.8991,46.8346]]],[[[23.8549,46.8396],[23.8682,46.841],[23.8629,46.8354],[23.8549,46.8396]]],[[[23.8211,46.9028],[23.8218,46.9094],[23.837,46.889],[23.8211,46.9028]]],[[[23.8979,46.9471],[23.8983,46.9576],[23.9013,46.9569],[23.8979,46.9471]]],[[[23.7223,46.9585],[23.7118,46.9655],[23.7227,46.967],[23.7223,46.9585]]],[[[23.6839,46.9901],[23.6843,46.9908],[23.6992,46.9872],[23.6839,46.9901]]],[[[23.8775,46.9879],[23.8681,46.989],[23.8822,46.9926],[23.8775,46.9879]]],[[[23.7956,47.0424],[23.8135,47.0442],[23.8136,47.0425],[23.7956,47.0424]]],[[[23.82,47.0896],[23.8015,47.0939],[23.8296,47.1083],[23.82,47.0896]]],[[[23.9584,47.0999],[23.9512,47.1075],[23.9679,47.1179],[23.9783,47.1115],[23.9766,47.1067],[23.9584,47.0999]]],[[[23.8225,47.1215],[23.8285,47.111],[23.8186,47.1065],[23.8225,47.1215]]],[[[23.886,47.1222],[23.8672,47.1178],[23.8694,47.1279],[23.8752,47.1321],[23.886,47.1222]]],[[[23.9598,47.1972],[23.9695,47.1899],[23.9687,47.1844],[23.9464,47.1837],[23.9598,47.1972]]],[[[23.8774,47.1992],[23.878,47.1974],[23.8654,47.197],[23.8774,47.1992]]],[[[23.8605,47.2121],[23.8649,47.2151],[23.8619,47.2015],[23.8605,47.2121]]],[[[23.7296,47.2152],[23.7379,47.2171],[23.7357,47.2129],[23.7296,47.2152]]],[[[23.8036,47.2127],[23.801,47.2215],[23.8061,47.2218],[23.8036,47.2127]]],[[[23.6363,47.229],[23.6242,47.2398],[23.6476,47.2407],[23.6363,47.229]]],[[[23.7177,47.2544],[23.7111,47.2533],[23.688,47.2631],[23.7177,47.2544]]],[[[23.8542,47.3502],[23.8539,47.3569],[23.8644,47.355],[23.8542,47.3502]]],[[[23.6678,47.3675],[23.6751,47.3655],[23.6739,47.3633],[23.6678,47.3675]]],[[[23.7798,47.3655],[23.7661,47.3697],[23.7704,47.3763],[23.7798,47.3655]]],[[[23.926,47.3913],[23.9383,47.3916],[23.9374,47.3877],[23.926,47.3913]]],[[[23.8267,47.4114],[23.8295,47.4176],[23.8445,47.4192],[23.8267,47.4114]]],[[[23.6801,47.4435],[23.6758,47.4439],[23.6815,47.4513],[23.6801,47.4435]]],[[[23.6758,47.4477],[23.6687,47.4476],[23.6739,47.4544],[23.6758,47.4477]]],[[[23.7479,47.4912],[23.753,47.4881],[23.7504,47.4788],[23.7479,47.4912]]],[[[23.7226,47.4909],[23.7368,47.4873],[23.7287,47.4868],[23.7226,47.4909]]],[[[23.7357,47.4901],[23.7453,47.4922],[23.7404,47.491],[23.7357,47.4901]]],[[[23.7706,47.5026],[23.7873,47.5025],[23.7856,47.4999],[23.7706,47.5026]]],[[[23.6924,47.5054],[23.7038,47.5044],[23.7037,47.4992],[23.6924,47.5054]]],[[[23.7449,47.5003],[23.7434,47.5061],[23.7554,47.5065],[23.7449,47.5003]]],[[[23.7986,47.5055],[23.7852,47.5048],[23.7796,47.5089],[23.7986,47.5055]]],[[[23.749,47.516],[23.7537,47.5139],[23.7519,47.5087],[23.749,47.516]]],[[[23.7337,47.5082],[23.7269,47.5179],[23.7377,47.516],[23.7337,47.5082]]],[[[23.7566,47.5406],[23.752,47.532],[23.7488,47.5349],[23.7566,47.5406]]],[[[23.6843,47.5349],[23.6786,47.5385],[23.6802,47.5405],[23.6843,47.5349]]],[[[23.7189,47.5352],[23.7058,47.5365],[23.723,47.5455],[23.7285,47.5442],[23.7189,47.5352]]],[[[23.7394,47.5633],[23.7368,47.5581],[23.7294,47.5604],[23.7394,47.5633]]],[[[23.812,47.5668],[23.8162,47.5647],[23.805,47.5603],[23.812,47.5668]]],[[[23.6378,47.5632],[23.6313,47.5692],[23.6424,47.5721],[23.6378,47.5632]]],[[[23.8067,47.572],[23.8101,47.5681],[23.8034,47.564],[23.8067,47.572]]],[[[23.656,47.5775],[23.6384,47.5757],[23.6649,47.5799],[23.656,47.5775]]],[[[23.6705,47.5794],[23.6707,47.5803],[23.6849,47.5761],[23.6705,47.5794]]],[[[23.6218,47.5975],[23.619,47.6048],[23.6278,47.6053],[23.6218,47.5975]]],[[[23.6362,47.598],[23.6338,47.6046],[23.6482,47.6019],[23.6362,47.598]]],[[[23.673,47.6234],[23.6392,47.6275],[23.6698,47.6504],[23.6891,47.6436],[23.673,47.6234]]],[[[23.7208,47.6701],[23.7294,47.6656],[23.7166,47.6576],[23.7208,47.6701]]],[[[23.6764,47.6611],[23.6752,47.6692],[23.6946,47.6702],[23.6764,47.6611]]],[[[23.927,47.7886],[23.8976,47.7796],[23.9075,47.7936],[23.927,47.7886]]],[[[23.9271,47.8297],[23.9116,47.8247],[23.9022,47.83],[23.9271,47.8297]]],[[[23.948,47.8845],[23.9671,47.8734],[23.9619,47.8716],[23.948,47.8845]]],[[[23.9188,47.8859],[23.8916,47.8988],[23.903,47.8973],[23.9188,47.8859]]],[[[23.8545,47.8989],[23.8624,47.896],[23.8614,47.8923],[23.8545,47.8989]]],[[[23.9198,47.9044],[23.9189,47.9085],[23.9325,47.9169],[23.9522,47.9068],[23.9198,47.9044]]],[[[23.8737,47.906],[23.8662,47.9195],[23.8733,47.9204],[23.8737,47.906]]],[[[23.8794,47.9128],[23.8816,47.9174],[23.8862,47.9162],[23.8794,47.9128]]],[[[23.8475,47.9104],[23.8347,47.9038],[23.8295,47.9184],[23.8456,47.9313],[23.8475,47.9104]]],[[[23.8045,47.9253],[23.8226,47.9229],[23.8076,47.9008],[23.7956,47.9066],[23.7994,47.9333],[23.8342,47.9351],[23.8045,47.9253]]],[[[23.7211,47.9387],[23.7186,47.942],[23.7254,47.9471],[23.7211,47.9387]]],[[[23.7212,47.9449],[23.7169,47.9494],[23.7183,47.9529],[23.7212,47.9449]]],[[[23.7803,47.9584],[23.7876,47.9613],[23.7866,47.9546],[23.7803,47.9584]]],[[[23.6814,47.9652],[23.6741,47.9678],[23.684,47.9662],[23.6814,47.9652]]],[[[23.8094,47.9637],[23.8188,47.9596],[23.8079,47.9558],[23.8015,47.9759],[23.8094,47.9637]]],[[[23.7264,47.9597],[23.7162,47.9638],[23.7206,47.9759],[23.7264,47.9597]]],[[[23.779,47.9604],[23.7557,47.9609],[23.7622,47.9821],[23.779,47.9604]]],[[[23.6303,47.9687],[23.6138,47.9724],[23.6172,47.978],[23.6303,47.9687]]],[[[24.0097,42.9169],[24.0165,42.9197],[24.0258,42.914],[24.0097,42.9169]]],[[[24.0901,42.9315],[24.0891,42.9263],[24.0811,42.9388],[24.0884,42.9426],[24.0901,42.9315]]],[[[24.1051,42.9699],[24.095,42.9685],[24.1105,42.9795],[24.1051,42.9699]]],[[[24.0847,42.9696],[24.0789,42.9702],[24.0819,42.9803],[24.0967,42.981],[24.0847,42.9696]]],[[[24.1466,42.9894],[24.1326,43.0007],[24.1426,43.0041],[24.1466,42.9894]]],[[[24.1761,43.0204],[24.1783,43.0272],[24.1824,43.0238],[24.1761,43.0204]]],[[[24.0767,43.0323],[24.0815,43.0244],[24.0774,43.0242],[24.0767,43.0323]]],[[[24.0689,43.0617],[24.0635,43.0615],[24.0662,43.0809],[24.0689,43.0617]]],[[[24.1285,43.0873],[24.143,43.0898],[24.1411,43.0882],[24.1285,43.0873]]],[[[24.0429,43.1238],[24.0342,43.1273],[24.0435,43.1368],[24.0429,43.1238]]],[[[23.9966,43.1333],[23.9799,43.1373],[23.9713,43.1427],[23.9966,43.1333]]],[[[24.1299,43.1431],[24.1432,43.1384],[24.14,43.1365],[24.1299,43.1431]]],[[[24.0944,43.1606],[24.0956,43.1537],[24.0934,43.1543],[24.0944,43.1606]]],[[[24.117,43.1821],[24.1332,43.1726],[24.1243,43.1752],[24.117,43.1821]]],[[[24.1676,43.1847],[24.1775,43.1825],[24.1721,43.1747],[24.1676,43.1847]]],[[[24.1796,43.1879],[24.1893,43.1894],[24.1892,43.1828],[24.1796,43.1879]]],[[[24.055,43.2235],[24.0701,43.2218],[24.0669,43.2173],[24.055,43.2235]]],[[[24.0994,43.2453],[24.1137,43.2439],[24.1125,43.2404],[24.0994,43.2453]]],[[[24.059,43.2645],[24.0696,43.2635],[24.0603,43.254],[24.059,43.2645]]],[[[24.1877,43.3773],[24.1969,43.3832],[24.2014,43.3774],[24.1877,43.3773]]],[[[24.0606,43.6525],[24.0669,43.6542],[24.0683,43.6497],[24.0606,43.6525]]],[[[24.0156,43.6983],[24.0315,43.6972],[24.0287,43.6938],[24.0156,43.6983]]],[[[24.1509,43.8035],[24.1607,43.8003],[24.1588,43.7964],[24.1509,43.8035]]],[[[24.0445,43.8091],[24.0472,43.7992],[24.0358,43.7981],[24.0445,43.8091]]],[[[24.0331,43.8274],[24.0672,43.8215],[24.0623,43.8121],[24.0331,43.8274]]],[[[24.0293,43.8225],[24.0153,43.8264],[24.0181,43.8307],[24.0293,43.8225]]],[[[24.0111,43.8326],[23.9871,43.8388],[24.0245,43.862],[24.0287,43.856],[24.0518,43.8615],[24.0111,43.8326]]],[[[23.995,43.8476],[23.9881,43.8492],[23.9904,43.854],[23.995,43.8476]]],[[[24.0559,43.849],[24.0465,43.8516],[24.0548,43.8605],[24.0559,43.849]]],[[[24.0289,43.8631],[24.0305,43.8668],[24.0376,43.8651],[24.0289,43.8631]]],[[[23.9803,43.9317],[24.0373,43.8969],[23.9581,43.9173],[23.9769,43.9405],[24.0504,43.9171],[23.9803,43.9317]]],[[[24.0127,44.0454],[24.0111,44.034],[23.946,44.0525],[23.9822,44.0659],[24.0127,44.0454]]],[[[24.1153,44.2022],[24.0882,44.2038],[24.0993,44.2053],[24.1153,44.2022]]],[[[24.1945,44.4555],[24.1951,44.4587],[24.2003,44.4619],[24.1945,44.4555]]],[[[24.0264,44.4696],[24.0202,44.4795],[24.0253,44.4741],[24.0463,44.4672],[24.0264,44.4696]]],[[[24.0768,44.5404],[24.0611,44.5353],[24.0605,44.5366],[24.0768,44.5404]]],[[[24.0812,44.591],[24.0863,44.5869],[24.0796,44.5844],[24.0812,44.591]]],[[[24.0904,44.5967],[24.0975,44.5844],[24.0955,44.5842],[24.0904,44.5967]]],[[[24.0938,44.6197],[24.0929,44.6153],[24.0881,44.6144],[24.0938,44.6197]]],[[[24.0715,44.6224],[24.0615,44.6237],[24.0645,44.628],[24.0715,44.6224]]],[[[24.1389,44.6303],[24.1377,44.6355],[24.1464,44.6364],[24.1389,44.6303]]],[[[23.9704,44.6555],[23.9626,44.6555],[23.9641,44.6702],[23.9704,44.6555]]],[[[24.1405,44.7015],[24.1445,44.6995],[24.1403,44.6953],[24.1405,44.7015]]],[[[24.0996,44.7287],[24.0898,44.7393],[24.1003,44.7405],[24.0996,44.7287]]],[[[23.9755,44.7463],[23.9749,44.7576],[23.9758,44.7616],[23.9755,44.7463]]],[[[24.1754,44.7629],[24.1824,44.7583],[24.1771,44.7584],[24.1754,44.7629]]],[[[24.1324,44.7663],[24.1397,44.7627],[24.1322,44.7599],[24.1324,44.7663]]],[[[24.0997,44.782],[24.0981,44.7843],[24.1068,44.7843],[24.0997,44.782]]],[[[23.9873,44.7994],[23.9908,44.7988],[23.9854,44.7838],[23.9873,44.7994]]],[[[24.145,44.7943],[24.1406,44.7943],[24.1438,44.8064],[24.145,44.7943]]],[[[24.0214,44.8188],[24.0278,44.8155],[24.0238,44.8098],[24.0214,44.8188]]],[[[24.1071,44.815],[24.1127,44.8224],[24.1193,44.81],[24.1071,44.815]]],[[[23.9631,44.8314],[23.9668,44.8358],[23.9707,44.8226],[23.9631,44.8314]]],[[[24.0896,44.8406],[24.0844,44.8443],[24.0886,44.8543],[24.0896,44.8406]]],[[[24.1023,44.8504],[24.0944,44.8483],[24.0956,44.8537],[24.1023,44.8504]]],[[[24.019,44.8514],[24.0176,44.8651],[24.031,44.8628],[24.019,44.8514]]],[[[24.0599,44.855],[24.0581,44.8582],[24.0653,44.8618],[24.0599,44.855]]],[[[24.1473,44.8649],[24.1345,44.8553],[24.1344,44.8608],[24.1473,44.8649]]],[[[24.0283,44.867],[24.0235,44.8735],[24.0337,44.872],[24.0283,44.867]]],[[[24.1258,44.875],[24.1186,44.8781],[24.1322,44.8761],[24.1354,44.8676],[24.1258,44.875]]],[[[24.0386,44.8795],[24.0415,44.8742],[24.0304,44.8735],[24.0386,44.8795]]],[[[24.1346,44.8942],[24.1384,44.8951],[24.1441,44.8875],[24.1346,44.8942]]],[[[23.9882,44.9179],[24.0018,44.9192],[24.0012,44.9168],[23.9882,44.9179]]],[[[23.9706,44.9337],[23.9858,44.9282],[23.9847,44.9268],[23.9706,44.9337]]],[[[24.1296,44.9665],[24.1393,44.9684],[24.1465,44.9636],[24.1296,44.9665]]],[[[24.0148,44.9748],[24.0054,44.9629],[23.9956,44.9795],[24.0148,44.9748]]],[[[24.1234,44.9698],[24.1082,44.987],[24.122,44.9867],[24.1234,44.9698]]],[[[24.0757,44.9809],[24.0752,44.9878],[24.0789,44.9838],[24.0757,44.9809]]],[[[24.0014,44.9944],[24.0033,44.984],[23.9948,44.9832],[24.0014,44.9944]]],[[[24.033,45.0022],[24.0296,45.0034],[24.0408,45.0058],[24.033,45.0022]]],[[[24.199,45.0095],[24.2161,44.9987],[24.2144,44.9973],[24.199,45.0095]]],[[[24.1639,45.0041],[24.1629,45.0064],[24.1892,45.0008],[24.1639,45.0041]]],[[[24.0617,45.0081],[24.0506,45.0037],[24.0487,45.0054],[24.06,45.014],[24.0617,45.0081]]],[[[24.0012,45.0122],[23.9965,45.014],[23.9949,45.0164],[24.0012,45.0122]]],[[[24.0295,45.0217],[24.0366,45.0183],[24.0292,45.0091],[24.0295,45.0217]]],[[[23.9783,45.0116],[23.9776,45.0123],[23.9818,45.0184],[23.9862,45.02],[23.994,45.0193],[23.9783,45.0116]]],[[[24.0488,45.0121],[24.0326,45.0239],[24.0439,45.0273],[24.0488,45.0121]]],[[[23.9625,45.0159],[23.9618,45.0179],[23.984,45.0245],[23.9625,45.0159]]],[[[24.0269,45.0296],[24.021,45.0328],[24.0315,45.0364],[24.0269,45.0296]]],[[[23.9607,45.0465],[23.9768,45.0526],[23.9854,45.042],[23.9607,45.0465]]],[[[24.0235,45.0451],[24.0245,45.0545],[24.0339,45.0558],[24.0235,45.0451]]],[[[24.0392,45.0536],[24.0529,45.0546],[24.0525,45.0472],[24.0392,45.0536]]],[[[24.1326,45.0486],[24.1232,45.0442],[24.1321,45.0546],[24.1536,45.0471],[24.1326,45.0486]]],[[[23.9929,45.0505],[23.9882,45.0571],[23.9869,45.0644],[23.9929,45.0505]]],[[[24.0831,45.0455],[24.0764,45.0417],[24.028,45.0792],[24.0582,45.0905],[24.0831,45.0455]]],[[[24.0247,45.0769],[24.0325,45.0563],[23.9968,45.0671],[24.0247,45.0769]],[[24.0157,45.0704],[24.009,45.0687],[24.0198,45.0677],[24.0157,45.0704]]],[[[24.1953,45.0736],[24.1903,45.0768],[24.2043,45.0779],[24.1953,45.0736]]],[[[24.1278,45.0619],[24.0835,45.0501],[24.0641,45.1002],[24.0997,45.0788],[24.0848,45.0696],[24.0844,45.0585],[24.12,45.0877],[24.0929,45.0915],[24.0911,45.0989],[24.1075,45.0982],[24.105,45.1039],[24.1149,45.1062],[24.1278,45.0619]]],[[[23.9728,45.0763],[23.961,45.087],[23.9715,45.0796],[23.9728,45.0763]]],[[[24.1624,45.1171],[24.1529,45.0966],[24.1271,45.096],[24.1658,45.0696],[24.1539,45.0532],[24.1252,45.0948],[24.1262,45.1018],[24.1518,45.0999],[24.115,45.112],[24.1405,45.1222],[24.1624,45.1171]],[[24.1368,45.1123],[24.1526,45.1143],[24.1433,45.1186],[24.1368,45.1123]]],[[[23.9984,45.0864],[23.9901,45.0873],[23.9935,45.098],[23.9984,45.0864]]],[[[24.1771,45.0909],[24.1809,45.0877],[24.157,45.0901],[24.1543,45.0949],[24.1771,45.0909]]],[[[24.0374,45.1057],[24.0427,45.1069],[24.0389,45.0864],[24.0275,45.0808],[24.0374,45.1057]]],[[[24.0614,45.0995],[24.0632,45.0879],[24.0577,45.0969],[24.0614,45.0995]]],[[[23.9746,45.0997],[23.9859,45.096],[23.9831,45.0943],[23.9746,45.0997]]],[[[24.0761,45.0999],[24.0922,45.1007],[24.088,45.098],[24.0761,45.0999]]],[[[23.9907,45.1001],[23.9912,45.0955],[23.981,45.102],[23.9907,45.1001]]],[[[24.0124,45.102],[24.0151,45.1074],[24.025,45.1068],[24.0254,45.1085],[24.0162,45.1117],[24.0408,45.1079],[24.0124,45.102]]],[[[23.9852,45.1073],[23.9862,45.1099],[24.0067,45.096],[23.9852,45.1073]]],[[[24.0858,45.1093],[24.0696,45.1125],[24.081,45.1126],[24.0948,45.1039],[24.1137,45.1077],[24.093,45.1015],[24.0858,45.1093]]],[[[24.0988,45.1155],[24.1087,45.1141],[24.1101,45.1105],[24.0988,45.1155]]],[[[24.0588,45.1119],[24.053,45.1149],[24.0568,45.1188],[24.0588,45.1119]]],[[[23.9803,45.1146],[23.9793,45.115],[23.9849,45.1252],[23.9803,45.1146]]],[[[24.0479,45.1187],[24.0466,45.108],[24.0075,45.1161],[24.0108,45.1355],[24.0479,45.1187]]],[[[24.0761,45.1142],[24.0482,45.1278],[24.1108,45.1299],[24.1114,45.1166],[24.0761,45.1142]],[[24.1092,45.1268],[24.0995,45.1246],[24.102,45.1223],[24.1092,45.1268]]],[[[24.1752,45.1133],[24.1668,45.1328],[24.1812,45.1323],[24.1752,45.1133]]],[[[24.1811,45.136],[24.1749,45.1355],[24.1725,45.1382],[24.1811,45.136]]],[[[24.0706,45.1412],[24.0752,45.1429],[24.0715,45.14],[24.0706,45.1412]]],[[[24.1106,45.1522],[24.1126,45.1346],[24.0876,45.1308],[24.0707,45.153],[24.1106,45.1522]]],[[[24.0003,45.1455],[24.0024,45.1631],[24.0154,45.1419],[24.0003,45.1455]]],[[[24.1743,45.1499],[24.1825,45.1534],[24.1859,45.1522],[24.1785,45.1455],[24.1743,45.1499]]],[[[24.178,45.1647],[24.2103,45.1522],[24.1863,45.1379],[24.2005,45.1217],[24.1828,45.1318],[24.1843,45.1486],[24.2052,45.1541],[24.1737,45.1649],[24.1467,45.1459],[24.1585,45.1626],[24.1356,45.1757],[24.1448,45.1474],[24.1215,45.1401],[24.1205,45.1307],[24.1147,45.1292],[24.1149,45.1442],[24.1303,45.1444],[24.1335,45.1483],[24.1145,45.1499],[24.123,45.1772],[24.1152,45.178],[24.1237,45.1844],[24.213,45.176],[24.178,45.1647]]],[[[24.0214,45.1519],[24.0429,45.1603],[24.015,45.1537],[24.009,45.1626],[24.0231,45.1715],[24.0495,45.1591],[24.0323,45.1392],[24.0214,45.1519]]],[[[23.9738,45.1608],[23.9862,45.1557],[23.9824,45.1514],[23.9738,45.1608]]],[[[24.0941,45.1677],[24.099,45.1634],[24.0745,45.1582],[24.0941,45.1677]]],[[[24.2103,45.1684],[24.2149,45.1675],[24.21,45.1604],[24.2103,45.1684]]],[[[24.1126,45.1563],[24.0926,45.1833],[24.1145,45.1801],[24.1126,45.1563]]],[[[23.9876,45.184],[23.9921,45.1815],[23.9912,45.155],[23.9621,45.1856],[23.9741,45.1888],[23.9718,45.1795],[23.9842,45.1798],[23.9876,45.184]]],[[[24.0483,45.1758],[24.0414,45.1892],[24.0588,45.19],[24.0483,45.1758]]],[[[23.9848,45.1857],[23.9782,45.1809],[23.9775,45.1867],[23.9848,45.1857]]],[[[23.9891,45.1946],[24.0003,45.1899],[23.9938,45.189],[23.9891,45.1946]]],[[[24.1989,45.1935],[24.1993,45.1962],[24.2097,45.2007],[24.1989,45.1935]]],[[[24.0442,45.3466],[24.0463,45.3523],[24.0518,45.3475],[24.0442,45.3466]]],[[[24.1652,45.6733],[24.1644,45.6813],[24.1865,45.6787],[24.1652,45.6733]]],[[[24.1594,45.7048],[24.1384,45.6873],[24.1051,45.7124],[24.1547,45.7206],[24.1357,45.7116],[24.1594,45.7048]]],[[[24.1847,45.7019],[24.1702,45.7079],[24.2064,45.7181],[24.1847,45.7019]]],[[[24.0119,45.8034],[24.0546,45.8119],[24.0541,45.8041],[24.0119,45.8034]]],[[[24.1516,45.8215],[24.1725,45.8094],[24.1584,45.8077],[24.1516,45.8215]]],[[[24.0618,45.8135],[24.0517,45.8138],[24.0543,45.8172],[24.0618,45.8135]]],[[[24.0124,45.835],[24.011,45.8435],[24.024,45.8393],[24.0124,45.835]]],[[[24.1764,45.8273],[24.158,45.8439],[24.1858,45.8547],[24.1764,45.8273]]],[[[24.1704,45.8642],[24.1619,45.8725],[24.1968,45.8829],[24.1704,45.8642]]],[[[24.1498,45.886],[24.1501,45.8956],[24.1615,45.8993],[24.1498,45.886]]],[[[24.21,45.8919],[24.2118,45.897],[24.2068,45.9004],[24.1718,45.8945],[24.1904,45.9044],[24.2366,45.8935],[24.21,45.8919]]],[[[24.1451,45.8867],[24.133,45.8883],[24.1348,45.8983],[24.1533,45.9075],[24.1451,45.8867]]],[[[24.0051,45.9619],[24.0097,45.9612],[24.0071,45.9557],[24.0051,45.9619]]],[[[24.0726,46.0492],[24.0831,46.0479],[24.0756,46.0372],[24.0726,46.0492]]],[[[24.0305,46.2016],[24.018,46.1957],[24.0159,46.1996],[24.0305,46.2016]]],[[[24.0258,46.2475],[24.0422,46.2443],[24.0394,46.2427],[24.0258,46.2475]]],[[[24.0317,46.3495],[24.0325,46.3485],[24.0245,46.3426],[24.0317,46.3495]]],[[[24.1109,46.4997],[24.1001,46.4956],[24.0952,46.5032],[24.1109,46.4997]]],[[[24.0729,46.511],[24.0638,46.5183],[24.0666,46.5213],[24.0893,46.5131],[24.0729,46.511]]],[[[24.1419,46.5572],[24.148,46.5516],[24.1358,46.5553],[24.1419,46.5572]]],[[[24.1953,46.5566],[24.203,46.5572],[24.1991,46.5516],[24.1953,46.5566]]],[[[24.1414,46.5615],[24.1467,46.5667],[24.1486,46.5676],[24.1414,46.5615]]],[[[24.0036,46.5712],[24.0063,46.567],[23.9993,46.5703],[24.0049,46.5827],[24.0036,46.5712]]],[[[24.1119,46.591],[24.116,46.589],[24.1115,46.5841],[24.0957,46.5796],[24.0864,46.5805],[24.1119,46.591]]],[[[24.0191,46.5886],[24.0191,46.5913],[24.0424,46.5879],[24.0191,46.5886]]],[[[24.0808,46.6047],[24.0728,46.6096],[24.0789,46.6109],[24.0808,46.6047]]],[[[24.1046,46.6025],[24.0936,46.614],[24.1048,46.6053],[24.1046,46.6025]]],[[[24.1355,46.6227],[24.1412,46.624],[24.1301,46.6153],[24.1355,46.6227]]],[[[24.019,46.6505],[24.009,46.6462],[24.0091,46.6476],[24.019,46.6505]]],[[[24.2078,46.7734],[24.2108,46.7793],[24.2112,46.7695],[24.2078,46.7734]]],[[[24.1408,46.8819],[24.141,46.883],[24.1534,46.8795],[24.1408,46.8819]]],[[[24.0465,46.9348],[24.0535,46.9331],[24.0489,46.9296],[24.0465,46.9348]]],[[[24.141,46.9421],[24.1197,46.9602],[24.148,46.9537],[24.141,46.9421]]],[[[24.0534,46.9582],[24.0474,46.9608],[24.0551,46.9643],[24.0534,46.9582]]],[[[24.1744,46.9749],[24.1889,46.9807],[24.1864,46.9779],[24.1744,46.9749]]],[[[24.172,47.0026],[24.1667,47.001],[24.1635,47.0025],[24.1829,47.0042],[24.172,47.0026]]],[[[24.2155,47.0054],[24.1997,46.9953],[24.2031,47.0285],[24.2155,47.0054]]],[[[24.0788,47.0251],[24.0766,47.019],[24.062,47.0294],[24.0775,47.0368],[24.0788,47.0251]]],[[[24.0901,47.0414],[24.0814,47.0456],[24.0938,47.0476],[24.0968,47.0451],[24.0901,47.0414]]],[[[24.0488,47.0674],[24.0395,47.0743],[24.0539,47.0698],[24.0488,47.0674]]],[[[24.0724,47.1116],[24.0788,47.1082],[24.0676,47.1047],[24.0529,47.1111],[24.0724,47.1116]]],[[[23.9965,47.1038],[23.9876,47.1107],[23.9994,47.1148],[23.9965,47.1038]]],[[[24.1309,47.1096],[24.1424,47.1138],[24.1259,47.1039],[24.1129,47.1127],[24.1309,47.1096]]],[[[24.034,47.1205],[24.0214,47.1195],[24.0212,47.1212],[24.034,47.1205]]],[[[24.146,47.1256],[24.1239,47.1286],[24.1317,47.1395],[24.146,47.1256]]],[[[24.1409,47.1598],[24.1155,47.1445],[24.1213,47.1583],[24.1072,47.1697],[24.0856,47.1488],[24.099,47.1317],[24.0658,47.1316],[24.0897,47.1174],[24.0325,47.1343],[24.0485,47.1588],[24.0389,47.1702],[24.1336,47.1706],[24.1398,47.1679],[24.1235,47.1588],[24.1409,47.1598]],[[24.0472,47.144],[24.0794,47.1427],[24.0852,47.1572],[24.0472,47.144]],[[24.0807,47.1688],[24.0795,47.1662],[24.0863,47.1579],[24.0807,47.1688]]],[[[24.0183,47.1433],[24.0049,47.1577],[24.0289,47.1657],[24.0183,47.1433]],[[24.019,47.1512],[24.0234,47.1565],[24.0154,47.1588],[24.019,47.1512]]],[[[23.9618,47.1996],[23.963,47.2116],[23.9751,47.21],[23.9618,47.1996]]],[[[24.0163,47.2107],[24.0248,47.2094],[24.0249,47.2081],[24.0163,47.2107]]],[[[24.038,47.2114],[24.0481,47.2122],[24.0484,47.2052],[24.038,47.2114]]],[[[24.0555,47.2181],[24.0617,47.2188],[24.0628,47.2155],[24.0555,47.2181]]],[[[24.0549,47.227],[24.0544,47.2291],[24.0708,47.2273],[24.0549,47.227]]],[[[24.1804,47.2276],[24.1702,47.2272],[24.1793,47.2173],[24.1671,47.2114],[24.1649,47.2326],[24.1804,47.2276]]],[[[24.0336,47.2319],[24.0448,47.2298],[24.0425,47.2268],[24.0336,47.2319]]],[[[24.0217,47.2458],[24.021,47.2573],[24.0305,47.2557],[24.0217,47.2458]]],[[[24.0048,47.2566],[24.007,47.2611],[24.0174,47.2537],[24.0048,47.2566]]],[[[24.0553,47.2464],[24.0434,47.2454],[24.0577,47.2748],[24.0553,47.2464]]],[[[24.1697,47.2562],[24.165,47.2619],[24.1692,47.2681],[24.1697,47.2562]]],[[[24.0183,47.2772],[24.0246,47.2767],[24.0175,47.2659],[24.0183,47.2772]]],[[[23.9984,47.277],[23.9869,47.2753],[23.9898,47.2834],[23.9984,47.277]]],[[[23.9944,47.4573],[23.9966,47.4545],[23.9892,47.453],[23.9944,47.4573]]],[[[24.0244,47.5091],[24.0303,47.505],[24.024,47.5043],[24.0244,47.5091]]],[[[24.0517,47.7991],[24.0588,47.7995],[24.0544,47.7944],[24.0517,47.7991]]],[[[24.1664,47.8057],[24.173,47.807],[24.1718,47.8021],[24.1664,47.8057]]],[[[24.0442,47.8045],[24.0427,47.8084],[24.0534,47.808],[24.0442,47.8045]]],[[[24.0632,47.8218],[24.0644,47.822],[24.0717,47.8185],[24.0632,47.8218]]],[[[23.9893,47.9007],[23.9873,47.9026],[24.0026,47.9024],[23.9893,47.9007]]],[[[23.9943,47.9236],[24.0046,47.9231],[24.0053,47.9211],[23.9943,47.9236]]],[[[23.9833,47.9301],[23.9912,47.9385],[23.9927,47.9311],[23.9833,47.9301]]],[[[24.009,47.9411],[23.9868,47.9436],[23.9984,47.9495],[24.009,47.9411]]],[[[24.0807,47.9463],[24.0706,47.9531],[24.0732,47.9538],[24.0807,47.9463]]],[[[24.0147,47.9581],[24.0146,47.9616],[24.0268,47.9525],[24.0147,47.9581]]],[[[24.024,47.9604],[24.0251,47.9689],[24.0464,47.9591],[24.024,47.9604]]],[[[23.961,47.9698],[23.975,47.9704],[23.965,47.9664],[23.961,47.9698]]],[[[24.0221,47.9689],[24.0218,47.9691],[24.0223,47.9707],[24.0221,47.9689]]],[[[24.2087,42.9212],[24.2156,42.9249],[24.2112,42.9139],[24.2087,42.9212]]],[[[24.3626,42.9905],[24.3659,42.9945],[24.3744,42.9903],[24.3626,42.9905]]],[[[24.3902,43.007],[24.3871,43.0141],[24.396,43.0158],[24.3902,43.007]]],[[[24.3029,43.0224],[24.3168,43.0216],[24.3116,43.0168],[24.3029,43.0224]]],[[[24.3378,43.0153],[24.3325,43.0284],[24.3384,43.0259],[24.3378,43.0153]]],[[[24.418,43.0561],[24.4175,43.0626],[24.4252,43.0594],[24.418,43.0561]]],[[[24.2289,43.0738],[24.2115,43.0857],[24.2136,43.0871],[24.2289,43.0738]]],[[[24.2642,43.0828],[24.2605,43.0841],[24.2643,43.0905],[24.2642,43.0828]]],[[[24.2248,43.0866],[24.2209,43.0895],[24.2319,43.0903],[24.2248,43.0866]]],[[[24.3738,43.1089],[24.3524,43.1157],[24.3576,43.1187],[24.3738,43.1089]]],[[[24.244,43.1243],[24.2395,43.1304],[24.2554,43.1355],[24.244,43.1243]]],[[[24.2275,43.1453],[24.2276,43.1473],[24.2387,43.147],[24.2275,43.1453]]],[[[24.226,43.1493],[24.2303,43.1565],[24.2334,43.1544],[24.226,43.1493]]],[[[24.2067,43.1529],[24.2112,43.161],[24.2272,43.1554],[24.2067,43.1529]]],[[[24.2683,43.1529],[24.2636,43.1568],[24.2673,43.1594],[24.2683,43.1529]]],[[[24.2756,43.1729],[24.2774,43.1815],[24.2913,43.1812],[24.2756,43.1729]]],[[[24.2899,43.2148],[24.2945,43.2106],[24.2881,43.2066],[24.2899,43.2148]]],[[[24.4225,43.2163],[24.4365,43.211],[24.4306,43.2108],[24.4225,43.2163]]],[[[24.216,43.2123],[24.2102,43.2149],[24.2269,43.213],[24.216,43.2123]]],[[[24.2703,43.2513],[24.2739,43.2533],[24.2783,43.2497],[24.2703,43.2513]]],[[[24.4944,43.2524],[24.4982,43.2513],[24.4884,43.2478],[24.4944,43.2524]]],[[[24.46,43.2489],[24.4507,43.2483],[24.4504,43.255],[24.46,43.2489]]],[[[24.4767,43.3342],[24.4949,43.3359],[24.4885,43.3194],[24.4767,43.3342]]],[[[24.468,43.3945],[24.4601,43.3994],[24.4623,43.3999],[24.468,43.3945]]],[[[24.3893,43.4105],[24.4076,43.4121],[24.4077,43.4094],[24.3893,43.4105]]],[[[24.4269,43.6386],[24.4159,43.6333],[24.4191,43.6373],[24.4269,43.6386]]],[[[24.4167,43.6388],[24.4112,43.6404],[24.4188,43.6481],[24.4167,43.6388]]],[[[24.4163,43.6712],[24.3995,43.6774],[24.4238,43.6737],[24.4151,43.6638],[24.4163,43.6712]]],[[[24.3506,43.6895],[24.3654,43.6865],[24.3637,43.6822],[24.3471,43.6835],[24.3506,43.6895]]],[[[24.471,43.6947],[24.4712,43.6996],[24.4749,43.699],[24.471,43.6947]]],[[[24.2565,43.8336],[24.2423,43.8367],[24.2518,43.8456],[24.2565,43.8336]]],[[[24.3544,44.1465],[24.346,44.1491],[24.3462,44.1514],[24.3544,44.1465]]],[[[24.2585,44.5195],[24.2591,44.5096],[24.2341,44.5108],[24.2585,44.5195]]],[[[24.3387,44.6474],[24.336,44.6468],[24.3391,44.658],[24.3387,44.6474]]],[[[24.3717,44.6609],[24.3747,44.6609],[24.3766,44.6509],[24.3717,44.6609]]],[[[24.3409,44.6644],[24.3369,44.6724],[24.3476,44.6749],[24.3409,44.6644]]],[[[24.3951,44.6853],[24.3855,44.6908],[24.401,44.695],[24.3951,44.6853]]],[[[24.3293,44.6899],[24.3288,44.69],[24.3247,44.6983],[24.3293,44.6899]]],[[[24.3647,44.7007],[24.3772,44.7096],[24.3744,44.6984],[24.3647,44.7007]]],[[[24.4068,44.7112],[24.4065,44.7083],[24.3967,44.714],[24.4068,44.7112]]],[[[24.3596,44.7191],[24.3785,44.7283],[24.3776,44.7102],[24.3596,44.7191]]],[[[24.4369,44.7199],[24.4316,44.7255],[24.4375,44.7344],[24.4369,44.7199]]],[[[24.3725,44.7414],[24.3692,44.7319],[24.3661,44.728],[24.3634,44.7452],[24.3887,44.7461],[24.3725,44.7414]]],[[[24.4153,44.7525],[24.4123,44.7555],[24.4185,44.7636],[24.4153,44.7525]]],[[[24.2142,44.7574],[24.2085,44.7628],[24.2359,44.7556],[24.2142,44.7574]]],[[[24.4743,44.7778],[24.4756,44.7829],[24.4891,44.7788],[24.4743,44.7778]]],[[[24.4084,44.7689],[24.3772,44.7756],[24.4213,44.7846],[24.4084,44.7689]]],[[[24.3085,44.7739],[24.3064,44.7671],[24.2994,44.7827],[24.3085,44.7739]]],[[[24.4401,44.7921],[24.4189,44.7992],[24.4405,44.8153],[24.4401,44.7921]]],[[[24.3544,44.8188],[24.3569,44.8124],[24.3503,44.8125],[24.3544,44.8188]]],[[[24.2396,44.828],[24.244,44.8242],[24.2347,44.825],[24.2396,44.828]]],[[[24.4109,44.819],[24.413,44.8324],[24.4181,44.8338],[24.4109,44.819]]],[[[24.3951,44.837],[24.3992,44.8337],[24.3933,44.8164],[24.3896,44.8169],[24.3916,44.8377],[24.3951,44.837]]],[[[24.4255,44.8224],[24.4225,44.8218],[24.4232,44.8274],[24.4372,44.8394],[24.4409,44.8381],[24.4255,44.8224]]],[[[24.4348,44.8429],[24.4266,44.8411],[24.441,44.8575],[24.4501,44.8586],[24.4348,44.8429]]],[[[24.4042,44.8566],[24.3879,44.8456],[24.4017,44.8584],[24.4079,44.8562],[24.4042,44.8566]]],[[[24.3592,44.8457],[24.3539,44.8557],[24.3648,44.8563],[24.3592,44.8457]]],[[[24.4206,44.8565],[24.4203,44.8633],[24.4237,44.8663],[24.4206,44.8565]]],[[[24.3407,44.8711],[24.3566,44.874],[24.3512,44.871],[24.3407,44.8711]]],[[[24.3714,44.8749],[24.3632,44.8769],[24.381,44.8845],[24.3714,44.8749]]],[[[24.2195,44.8881],[24.2202,44.891],[24.2287,44.8786],[24.2195,44.8881]]],[[[24.3473,44.8852],[24.3434,44.8887],[24.3551,44.8924],[24.3473,44.8852]]],[[[24.4247,44.8926],[24.4215,44.8983],[24.4304,44.9018],[24.4247,44.8926]]],[[[24.3373,44.9066],[24.3345,44.9079],[24.3536,44.9197],[24.3628,44.9157],[24.3373,44.9066]]],[[[24.2862,44.9164],[24.2848,44.9096],[24.2837,44.9095],[24.2862,44.9164]]],[[[24.415,44.9229],[24.41,44.9135],[24.3981,44.9071],[24.415,44.9229]]],[[[24.4868,44.9189],[24.4815,44.9192],[24.4858,44.9247],[24.4897,44.922],[24.4898,44.9178],[24.4868,44.9189]]],[[[24.4816,44.9214],[24.4779,44.9188],[24.4744,44.9197],[24.4816,44.9214]]],[[[24.3425,44.9288],[24.3375,44.9321],[24.3455,44.9426],[24.3624,44.9347],[24.3425,44.9288]]],[[[24.2825,44.9448],[24.2815,44.9461],[24.3053,44.9503],[24.2825,44.9448]]],[[[24.4986,44.9545],[24.5026,44.9482],[24.4884,44.9396],[24.4986,44.9545]]],[[[24.4153,44.9584],[24.4196,44.9546],[24.403,44.9472],[24.4153,44.9584]]],[[[24.4451,44.9634],[24.4531,44.9728],[24.4569,44.9658],[24.4451,44.9634]]],[[[24.463,44.9783],[24.4931,44.9841],[24.4795,44.9726],[24.463,44.9783]]],[[[24.3292,44.9763],[24.3234,44.9768],[24.3226,44.9819],[24.3292,44.9763]]],[[[24.3175,44.9904],[24.3189,44.9838],[24.3156,44.9839],[24.3175,44.9904]]],[[[24.4934,45.0263],[24.4858,45.0245],[24.4934,45.0376],[24.4934,45.0263]]],[[[24.4699,45.0283],[24.4803,45.0273],[24.4736,45.0202],[24.4527,45.0308],[24.4699,45.0283]]],[[[24.4807,45.0292],[24.4719,45.0296],[24.4715,45.0515],[24.4807,45.0292]]],[[[24.2133,45.0489],[24.2224,45.0476],[24.212,45.042],[24.2133,45.0489]]],[[[24.2368,45.0489],[24.2364,45.0519],[24.2457,45.0556],[24.2368,45.0489]]],[[[24.2573,45.0459],[24.2491,45.0578],[24.2675,45.0606],[24.2573,45.0459]]],[[[24.3956,45.0497],[24.3924,45.0574],[24.4037,45.0605],[24.3956,45.0497]]],[[[24.231,45.0526],[24.2227,45.0631],[24.2391,45.0578],[24.231,45.0526]]],[[[24.434,45.0657],[24.418,45.0658],[24.438,45.08],[24.434,45.0657]]],[[[24.2684,45.076],[24.259,45.0775],[24.2625,45.0863],[24.2758,45.0851],[24.2684,45.076]]],[[[24.4174,45.0767],[24.4097,45.0802],[24.4237,45.0925],[24.4174,45.0767]]],[[[24.236,45.0978],[24.2266,45.0928],[24.219,45.1014],[24.2287,45.1073],[24.2235,45.1001],[24.2363,45.0986],[24.236,45.0978]]],[[[24.4656,45.0861],[24.4492,45.0975],[24.4602,45.1107],[24.4831,45.1033],[24.4656,45.0861]]],[[[24.2586,45.1019],[24.2652,45.1033],[24.2545,45.0989],[24.2586,45.1019]]],[[[24.4413,45.11],[24.4397,45.0937],[24.431,45.0957],[24.4413,45.11]]],[[[24.3275,45.0981],[24.3374,45.0994],[24.326,45.0955],[24.304,45.0986],[24.3275,45.0981]]],[[[24.2034,45.1049],[24.2091,45.1127],[24.1902,45.1146],[24.1896,45.1205],[24.2322,45.1094],[24.2179,45.1073],[24.2034,45.1049]]],[[[24.3971,45.107],[24.3894,45.1079],[24.3982,45.1131],[24.3971,45.107]]],[[[24.4068,45.1103],[24.3997,45.1132],[24.3983,45.1216],[24.4068,45.1103]]],[[[24.3208,45.1148],[24.3181,45.1185],[24.3282,45.1214],[24.3208,45.1148]]],[[[24.2633,45.1266],[24.2416,45.1247],[24.2531,45.132],[24.2737,45.1244],[24.2633,45.1266]]],[[[24.318,45.1219],[24.3111,45.1267],[24.317,45.1329],[24.318,45.1219]]],[[[24.2818,45.1344],[24.2889,45.1256],[24.2782,45.128],[24.2818,45.1344]]],[[[24.3598,45.1288],[24.3358,45.1317],[24.3614,45.1398],[24.3598,45.1288]]],[[[24.2244,45.1319],[24.2271,45.1437],[24.2394,45.1365],[24.2244,45.1319]]],[[[24.4717,45.136],[24.47,45.1387],[24.4821,45.139],[24.4717,45.136]]],[[[24.3688,45.1427],[24.378,45.1404],[24.3795,45.1357],[24.3688,45.1427]]],[[[24.2515,45.1498],[24.2782,45.1469],[24.2701,45.1301],[24.2515,45.1498]]],[[[24.3434,45.1458],[24.3579,45.1425],[24.3557,45.1411],[24.3434,45.1458]]],[[[24.261,45.1495],[24.2515,45.1515],[24.26,45.1643],[24.261,45.1495]]],[[[24.3973,45.149],[24.3822,45.1565],[24.3888,45.1661],[24.3968,45.1656],[24.3973,45.149]]],[[[24.4279,45.1608],[24.4345,45.1682],[24.4453,45.1645],[24.4279,45.1608]]],[[[24.4711,45.1579],[24.4641,45.1677],[24.4687,45.1719],[24.4882,45.1643],[24.4711,45.1579]]],[[[24.2595,45.1655],[24.2482,45.1611],[24.2314,45.1713],[24.2595,45.1655]]],[[[24.3115,45.1655],[24.2884,45.1754],[24.3017,45.1864],[24.3115,45.1655]]],[[[24.442,45.176],[24.4222,45.1769],[24.43,45.1788],[24.442,45.176]]],[[[24.2627,45.1771],[24.2769,45.1816],[24.2759,45.173],[24.2627,45.1771]]],[[[24.3238,45.1756],[24.3216,45.1768],[24.3432,45.1831],[24.3238,45.1756]]],[[[24.2665,45.1956],[24.2673,45.1871],[24.2589,45.1856],[24.2591,45.2005],[24.2812,45.2122],[24.2665,45.1956]]],[[[24.4031,45.1818],[24.3868,45.1816],[24.382,45.2029],[24.3868,45.2078],[24.3964,45.1874],[24.4203,45.215],[24.4031,45.1818]]],[[[24.2853,45.214],[24.3011,45.2179],[24.3086,45.193],[24.2853,45.214]]],[[[24.2448,45.2118],[24.255,45.2086],[24.247,45.2041],[24.2448,45.2118]]],[[[24.2569,45.2178],[24.2635,45.2169],[24.2573,45.2111],[24.2569,45.2178]]],[[[24.4769,45.221],[24.4681,45.2105],[24.466,45.2137],[24.4769,45.221]]],[[[24.2168,45.2245],[24.2246,45.2263],[24.2192,45.219],[24.2168,45.2245]]],[[[24.3198,45.2134],[24.3379,45.2268],[24.3201,45.2279],[24.3388,45.2351],[24.3496,45.2171],[24.3198,45.2134]]],[[[24.3846,45.2365],[24.3919,45.2341],[24.3776,45.2271],[24.3846,45.2365]]],[[[24.3159,45.2303],[24.3104,45.2337],[24.337,45.2406],[24.3159,45.2303]]],[[[24.4059,45.2386],[24.3775,45.2388],[24.3922,45.2426],[24.4059,45.2386]]],[[[24.4086,45.242],[24.3967,45.2485],[24.4137,45.2535],[24.4086,45.242]]],[[[24.4492,45.242],[24.4428,45.2469],[24.4563,45.254],[24.4492,45.242]]],[[[24.4303,45.2451],[24.4222,45.2569],[24.4362,45.2604],[24.4303,45.2451]]],[[[24.3706,45.24],[24.3599,45.2455],[24.379,45.2761],[24.3868,45.2561],[24.4081,45.2745],[24.3706,45.24]]],[[[24.4464,45.2533],[24.4368,45.2626],[24.4599,45.2659],[24.4464,45.2533]]],[[[24.4436,45.2747],[24.4435,45.2802],[24.4531,45.2813],[24.4436,45.2747]]],[[[24.4316,45.2652],[24.4168,45.2614],[24.421,45.3053],[24.4472,45.3042],[24.4316,45.2652]]],[[[24.4133,45.3516],[24.4275,45.3428],[24.4182,45.3451],[24.4133,45.3516]]],[[[24.4136,45.353],[24.4115,45.3587],[24.4227,45.3599],[24.4136,45.353]]],[[[24.4223,45.3792],[24.3978,45.3721],[24.4011,45.3775],[24.3974,45.3823],[24.4036,45.3907],[24.4024,45.3923],[24.3958,45.3825],[24.3975,45.3748],[24.3794,45.3709],[24.3949,45.3961],[24.4217,45.3972],[24.4223,45.3792]],[[24.4066,45.3853],[24.4023,45.3787],[24.4048,45.3779],[24.4066,45.3853]]],[[[24.3227,45.3986],[24.319,45.4013],[24.3327,45.4052],[24.3227,45.3986]]],[[[24.3774,45.4085],[24.3741,45.4114],[24.3894,45.4176],[24.3774,45.4085]]],[[[24.3829,45.4342],[24.3862,45.4298],[24.368,45.4264],[24.3829,45.4342]]],[[[24.3803,45.4369],[24.3727,45.445],[24.3793,45.4401],[24.3803,45.4369]]],[[[24.3635,45.4359],[24.3524,45.4449],[24.3691,45.4486],[24.3635,45.4359]]],[[[24.3026,45.4467],[24.3054,45.4426],[24.2986,45.443],[24.3026,45.4467]]],[[[24.2864,45.6635],[24.3031,45.6627],[24.2958,45.6613],[24.2864,45.6635]]],[[[24.3732,45.7521],[24.3688,45.7511],[24.3702,45.759],[24.3732,45.7521]]],[[[24.4619,45.7824],[24.4376,45.7821],[24.4457,45.7907],[24.4619,45.7824]]],[[[24.3943,45.7846],[24.3795,45.79],[24.3932,45.7973],[24.3943,45.7846]]],[[[24.3358,45.8162],[24.3273,45.8136],[24.3215,45.8229],[24.3358,45.8162]]],[[[24.3651,45.8903],[24.3487,45.8933],[24.3573,45.9102],[24.3651,45.8903]]],[[[24.4179,46.0318],[24.4153,46.0363],[24.4203,46.0393],[24.4179,46.0318]]],[[[24.4555,46.0536],[24.4456,46.0545],[24.4541,46.061],[24.4555,46.0536]]],[[[24.3475,46.0542],[24.3453,46.063],[24.3627,46.0647],[24.3475,46.0542]]],[[[24.2207,46.0718],[24.2203,46.0689],[24.2027,46.0724],[24.2207,46.0718]]],[[[24.205,46.0817],[24.2318,46.0841],[24.2278,46.0829],[24.205,46.0817]]],[[[24.4091,46.1187],[24.3985,46.1277],[24.4054,46.1366],[24.4091,46.1187]]],[[[24.2997,46.1617],[24.3064,46.1697],[24.3133,46.1626],[24.2997,46.1617]]],[[[24.3058,46.1908],[24.2837,46.2066],[24.2882,46.2096],[24.3058,46.1908]]],[[[24.2741,46.2112],[24.2836,46.2103],[24.2644,46.2067],[24.2741,46.2112]]],[[[24.4836,46.271],[24.4685,46.2748],[24.4885,46.2869],[24.4836,46.271]]],[[[24.3152,46.367],[24.3218,46.373],[24.3229,46.363],[24.3152,46.367]]],[[[24.3898,46.4243],[24.393,46.4284],[24.4004,46.4261],[24.3898,46.4243]]],[[[24.2475,46.4563],[24.2479,46.4601],[24.258,46.4573],[24.2475,46.4563]]],[[[24.414,46.5247],[24.4494,46.5251],[24.4427,46.5234],[24.414,46.5247]]],[[[24.4669,46.5359],[24.4175,46.56],[24.4277,46.5626],[24.4669,46.5359]]],[[[24.3414,46.5656],[24.3528,46.57],[24.3521,46.5572],[24.3414,46.5656]]],[[[24.3186,46.5989],[24.3093,46.5998],[24.3129,46.6062],[24.3186,46.5989]]],[[[24.4318,46.6381],[24.4388,46.6399],[24.4395,46.6384],[24.4318,46.6381]]],[[[24.4543,46.6498],[24.4664,46.6509],[24.4662,46.6437],[24.4543,46.6498]]],[[[24.4692,46.659],[24.4815,46.6543],[24.4665,46.6534],[24.4692,46.659]]],[[[24.4822,46.6603],[24.4712,46.6632],[24.4875,46.6602],[24.4903,46.6524],[24.4822,46.6603]]],[[[24.4496,46.6575],[24.4352,46.6524],[24.4304,46.6644],[24.4496,46.6575]]],[[[24.4884,46.904],[24.4856,46.9066],[24.4987,46.908],[24.4884,46.904]]],[[[24.4021,46.9294],[24.4163,46.9295],[24.4095,46.9218],[24.4021,46.9294]]],[[[24.3409,46.9546],[24.3347,46.9558],[24.3487,46.9595],[24.3409,46.9546]]],[[[24.4756,46.9692],[24.4873,46.9696],[24.4917,46.9612],[24.4756,46.9692]]],[[[24.4294,46.9614],[24.4145,46.9627],[24.422,46.9688],[24.4294,46.9614]]],[[[24.3996,46.989],[24.4077,46.9901],[24.4273,46.9744],[24.3996,46.989]]],[[[24.3129,46.998],[24.322,46.9949],[24.2956,46.9902],[24.3129,46.998]]],[[[24.2828,47.0526],[24.2733,47.0555],[24.2961,47.0616],[24.2828,47.0526]]],[[[24.2122,47.0887],[24.212,47.0899],[24.2227,47.0911],[24.2122,47.0887]]],[[[24.3832,47.0958],[24.3891,47.0936],[24.3703,47.0998],[24.3832,47.0958]]],[[[24.4451,47.1048],[24.4502,47.1071],[24.4412,47.101],[24.4235,47.1129],[24.4451,47.1048]]],[[[24.4467,47.1232],[24.4524,47.1234],[24.4513,47.1203],[24.4467,47.1232]]],[[[24.4328,47.1178],[24.4254,47.123],[24.4333,47.1296],[24.4328,47.1178]]],[[[24.4559,47.1314],[24.4729,47.1339],[24.4668,47.1294],[24.4559,47.1314]]],[[[24.3874,47.1294],[24.3683,47.132],[24.3695,47.1433],[24.3874,47.1294]]],[[[24.484,47.1434],[24.4786,47.1434],[24.4897,47.1486],[24.484,47.1434]]],[[[24.469,47.1442],[24.4619,47.1487],[24.4762,47.1515],[24.469,47.1442]]],[[[24.483,47.162],[24.4684,47.1554],[24.4634,47.1645],[24.483,47.162]]],[[[24.2882,47.1883],[24.2879,47.192],[24.3006,47.1861],[24.2882,47.1883]]],[[[24.478,47.1927],[24.4442,47.1816],[24.4556,47.2076],[24.478,47.1927]]],[[[24.457,47.2128],[24.4615,47.215],[24.4591,47.2213],[24.4643,47.2224],[24.4682,47.2134],[24.457,47.2128]]],[[[24.4814,47.2112],[24.4714,47.2153],[24.4789,47.2208],[24.4814,47.2112]]],[[[24.4301,47.2219],[24.4217,47.2312],[24.4522,47.2309],[24.4301,47.2219]]],[[[24.3188,47.2277],[24.3414,47.2344],[24.3405,47.2284],[24.3188,47.2277]]],[[[24.2298,47.222],[24.2119,47.2334],[24.2281,47.2355],[24.2298,47.222]]],[[[24.2357,47.2508],[24.2314,47.2446],[24.2303,47.2638],[24.2357,47.2508]]],[[[24.3018,47.2704],[24.2916,47.2705],[24.2928,47.2832],[24.3018,47.2704]]],[[[24.4095,47.6991],[24.4018,47.7016],[24.4063,47.7088],[24.4095,47.6991]]],[[[24.2864,47.7083],[24.2878,47.7082],[24.2767,47.7004],[24.2864,47.7083]]],[[[24.5868,42.6997],[24.5859,42.6936],[24.5803,42.6944],[24.5868,42.6997]]],[[[24.5194,42.7191],[24.5299,42.7158],[24.5238,42.714],[24.5194,42.7191]]],[[[24.5741,42.82],[24.5823,42.8304],[24.5893,42.8267],[24.5741,42.82]]],[[[24.6343,42.8515],[24.6517,42.8556],[24.6352,42.8302],[24.6343,42.8515]]],[[[24.6279,42.8832],[24.6251,42.8891],[24.6301,42.8888],[24.6279,42.8832]]],[[[24.6386,42.8969],[24.6353,42.8994],[24.6443,42.9026],[24.6386,42.8969]]],[[[24.6383,42.9292],[24.6296,42.9313],[24.6312,42.9331],[24.6383,42.9292]]],[[[24.5502,42.941],[24.5442,42.9458],[24.5622,42.9394],[24.5502,42.941]]],[[[24.653,42.9769],[24.6552,42.9731],[24.6495,42.9726],[24.653,42.9769]]],[[[24.5995,42.9784],[24.6012,42.9716],[24.5996,42.9716],[24.5995,42.9784]]],[[[24.569,42.9806],[24.5671,42.9838],[24.5762,42.9834],[24.569,42.9806]]],[[[24.6616,43.1098],[24.6623,43.1057],[24.6523,43.1058],[24.6616,43.1098]]],[[[24.6315,43.1261],[24.6234,43.1295],[24.6338,43.1413],[24.6315,43.1261]]],[[[24.6484,43.1647],[24.6609,43.1628],[24.6569,43.1585],[24.6484,43.1647]]],[[[24.5027,43.1733],[24.516,43.1742],[24.5149,43.1712],[24.5027,43.1733]]],[[[24.6278,43.1932],[24.619,43.1944],[24.611,43.2046],[24.6361,43.2023],[24.6371,43.1899],[24.6278,43.1932]]],[[[24.5642,43.2976],[24.5551,43.2963],[24.5573,43.3007],[24.5642,43.2976]]],[[[24.6382,43.2941],[24.6332,43.3038],[24.6447,43.302],[24.6382,43.2941]]],[[[24.526,43.3617],[24.5186,43.3606],[24.5191,43.3679],[24.526,43.3617]]],[[[24.6384,43.4275],[24.6616,43.4237],[24.6588,43.4206],[24.6384,43.4275]]],[[[24.5497,43.4316],[24.5617,43.4348],[24.5609,43.4267],[24.5497,43.4316]]],[[[24.6769,43.4861],[24.6707,43.4846],[24.6783,43.4986],[24.6939,43.5042],[24.6769,43.4861]]],[[[24.6053,43.5203],[24.6032,43.5151],[24.5975,43.5163],[24.6053,43.5203]]],[[[24.6592,43.5738],[24.6427,43.5717],[24.6425,43.5726],[24.6592,43.5738]]],[[[24.6675,43.5827],[24.6762,43.5818],[24.6718,43.5715],[24.6675,43.5827]]],[[[24.6531,43.6297],[24.6605,43.6223],[24.6449,43.6281],[24.6531,43.6297]]],[[[24.6288,43.6266],[24.6241,43.6302],[24.6342,43.6303],[24.6288,43.6266]]],[[[24.6797,43.6628],[24.6896,43.6568],[24.6751,43.6592],[24.6797,43.6628]]],[[[24.58,44.512],[24.5574,44.535],[24.5636,44.5363],[24.58,44.512]]],[[[24.5912,44.5328],[24.5948,44.5208],[24.5883,44.5228],[24.5912,44.5328]]],[[[24.5646,44.5504],[24.5672,44.5497],[24.5664,44.5426],[24.5646,44.5504]]],[[[24.5087,44.5887],[24.5069,44.5924],[24.5221,44.5927],[24.5087,44.5887]]],[[[24.5408,44.5925],[24.5412,44.5952],[24.5474,44.5927],[24.5408,44.5925]]],[[[24.647,44.5976],[24.6422,44.6073],[24.6531,44.6002],[24.6535,44.5939],[24.647,44.5976]]],[[[24.5353,44.6234],[24.5325,44.6128],[24.5295,44.616],[24.5353,44.6234]]],[[[24.6309,44.6189],[24.6251,44.636],[24.6344,44.6365],[24.6309,44.6189]]],[[[24.6104,44.661],[24.6048,44.6664],[24.61,44.6689],[24.6104,44.661]]],[[[24.513,44.6716],[24.5055,44.6713],[24.5053,44.6741],[24.513,44.6716]]],[[[24.6829,44.6823],[24.6634,44.6788],[24.6681,44.6992],[24.6829,44.6823]]],[[[24.598,44.6933],[24.5857,44.6841],[24.5798,44.69],[24.598,44.6933]]],[[[24.6118,44.7029],[24.6147,44.7048],[24.6237,44.6946],[24.6118,44.7029]]],[[[24.6071,44.7263],[24.6144,44.7267],[24.6131,44.7191],[24.6071,44.7263]]],[[[24.5523,44.7202],[24.5406,44.7324],[24.5533,44.7331],[24.5523,44.7202]]],[[[24.5014,44.7438],[24.5007,44.7511],[24.5187,44.7572],[24.5014,44.7438]]],[[[24.6033,44.7475],[24.6,44.7543],[24.6067,44.754],[24.6033,44.7475]]],[[[24.5626,44.7666],[24.5672,44.7647],[24.5631,44.7598],[24.5626,44.7666]]],[[[24.5944,44.7753],[24.5931,44.7792],[24.6022,44.783],[24.5944,44.7753]]],[[[24.5905,44.7759],[24.5831,44.7758],[24.5838,44.7855],[24.5905,44.7759]]],[[[24.6778,44.7948],[24.6861,44.7883],[24.672,44.7896],[24.6778,44.7948]]],[[[24.6083,44.7819],[24.582,44.8035],[24.5914,44.8065],[24.6083,44.7819]]],[[[24.5781,44.7975],[24.5768,44.7942],[24.5657,44.8009],[24.5781,44.7975]]],[[[24.6238,44.8048],[24.6301,44.7976],[24.6197,44.7955],[24.6238,44.8048]]],[[[24.5826,44.8053],[24.5798,44.8033],[24.5804,44.7939],[24.5787,44.8041],[24.5826,44.8053]]],[[[24.6477,44.8081],[24.6526,44.811],[24.6571,44.7895],[24.6477,44.8081]]],[[[24.5078,44.8087],[24.511,44.8131],[24.5141,44.813],[24.5078,44.8087]]],[[[24.4939,44.8066],[24.4889,44.8086],[24.5024,44.8154],[24.4939,44.8066]]],[[[24.5886,44.8101],[24.5806,44.8059],[24.5846,44.8185],[24.5886,44.8101]]],[[[24.5733,44.8204],[24.5792,44.8201],[24.5755,44.8132],[24.5733,44.8204]]],[[[24.6546,44.8191],[24.6521,44.8276],[24.6582,44.8164],[24.6546,44.8191]]],[[[24.6066,44.8273],[24.6003,44.8307],[24.6102,44.8297],[24.6066,44.8273]]],[[[24.6123,44.8421],[24.6043,44.8325],[24.6033,44.836],[24.6123,44.8421]]],[[[24.6269,44.8466],[24.6316,44.851],[24.6327,44.8363],[24.6269,44.8466]]],[[[24.6095,44.8429],[24.6067,44.8421],[24.6183,44.8614],[24.6095,44.8429]]],[[[24.6327,44.8595],[24.6154,44.8624],[24.6161,44.8737],[24.6375,44.8587],[24.6327,44.8595]]],[[[24.5812,44.8802],[24.5869,44.8805],[24.5808,44.872],[24.5748,44.8717],[24.5812,44.8802]]],[[[24.6575,44.875],[24.6626,44.8768],[24.6585,44.8715],[24.6535,44.8799],[24.6575,44.875]]],[[[24.6682,44.8824],[24.669,44.8785],[24.6611,44.8717],[24.6668,44.8825],[24.6637,44.8879],[24.6682,44.8824]]],[[[24.6497,44.8849],[24.6571,44.8891],[24.6479,44.8805],[24.6375,44.8906],[24.6497,44.8849]]],[[[24.5847,44.8817],[24.5823,44.8872],[24.5911,44.8945],[24.5847,44.8817]]],[[[24.6815,44.8807],[24.6849,44.896],[24.6765,44.8991],[24.6865,44.8965],[24.6815,44.8807]]],[[[24.6369,44.8951],[24.6486,44.897],[24.6475,44.8929],[24.6369,44.8951]]],[[[24.6557,44.8976],[24.6504,44.9034],[24.6592,44.9007],[24.6557,44.8976]]],[[[24.5773,44.9041],[24.5804,44.8966],[24.5748,44.898],[24.5773,44.9041]]],[[[24.6361,44.9073],[24.656,44.9166],[24.6769,44.8905],[24.6582,44.9105],[24.6361,44.9073]]],[[[24.6321,44.9125],[24.6465,44.9185],[24.6333,44.9065],[24.6402,44.8989],[24.6323,44.9065],[24.6321,44.9125]]],[[[24.6268,44.9125],[24.6299,44.913],[24.6286,44.9035],[24.6268,44.9125]]],[[[24.5518,44.911],[24.5484,44.9149],[24.5532,44.9144],[24.5518,44.911]]],[[[24.5539,44.9168],[24.5556,44.9222],[24.5606,44.921],[24.5539,44.9168]]],[[[24.5357,44.913],[24.5367,44.9252],[24.5394,44.9222],[24.5357,44.913]]],[[[24.6455,44.9221],[24.638,44.9181],[24.6436,44.9306],[24.6491,44.9279],[24.6455,44.9221]]],[[[24.6103,44.915],[24.6092,44.935],[24.6233,44.924],[24.6103,44.915]]],[[[24.5346,44.9522],[24.5311,44.9441],[24.5238,44.9468],[24.5344,44.9552],[24.5346,44.9522]]],[[[24.5915,44.9587],[24.5995,44.961],[24.6031,44.9546],[24.5915,44.9587]]],[[[24.4976,44.9573],[24.4942,44.9605],[24.5098,44.9637],[24.4976,44.9573]]],[[[24.5281,44.9691],[24.5246,44.9691],[24.5346,44.9773],[24.5281,44.9691]]],[[[24.5003,44.967],[24.4928,44.963],[24.5021,44.9872],[24.5135,44.993],[24.5066,44.985],[24.5003,44.967]]],[[[24.5015,44.9667],[24.5147,44.9895],[24.5166,44.9835],[24.5015,44.9667]]],[[[24.557,44.9749],[24.5507,44.9725],[24.5514,44.9953],[24.5643,44.9985],[24.5629,45.007],[24.5716,45.0104],[24.557,44.9749]]],[[[24.5017,44.9922],[24.5058,44.9969],[24.4956,44.992],[24.5037,44.9973],[24.5173,44.9963],[24.5017,44.9922]]],[[[24.5889,44.9888],[24.5839,44.9859],[24.574,45.0087],[24.5889,44.9888]]],[[[24.552,44.9968],[24.5429,45.0055],[24.5463,45.0126],[24.552,44.9968]]],[[[24.5547,44.999],[24.5589,45.0088],[24.5665,45.0106],[24.5629,45.007],[24.5547,44.999]]],[[[24.5031,45.0034],[24.4941,45.0147],[24.513,45.0173],[24.5031,45.0034]]],[[[24.5375,45.0082],[24.513,45.0186],[24.5344,45.0291],[24.5375,45.0082]]],[[[24.5283,45.0368],[24.5034,45.0316],[24.5093,45.0416],[24.5283,45.0368]]],[[[24.6034,45.0279],[24.5991,45.0227],[24.576,45.0514],[24.6034,45.0279]]],[[[24.6579,45.0419],[24.675,45.0398],[24.6803,45.0353],[24.626,45.0474],[24.6579,45.0419]]],[[[24.5655,45.0486],[24.57,45.0538],[24.5769,45.0556],[24.5717,45.0529],[24.5693,45.0491],[24.5655,45.0486]]],[[[24.5044,45.056],[24.5073,45.0425],[24.5002,45.045],[24.5044,45.056]]],[[[24.6597,45.0546],[24.6577,45.064],[24.6631,45.0543],[24.6793,45.0486],[24.6597,45.0546]]],[[[24.5093,45.0701],[24.5144,45.0729],[24.519,45.0621],[24.5093,45.0701]]],[[[24.6647,45.0672],[24.6318,45.0761],[24.6551,45.0797],[24.6647,45.0672]]],[[[24.5111,45.0756],[24.5077,45.0718],[24.5055,45.0734],[24.5111,45.0756]]],[[[24.628,45.088],[24.6541,45.0879],[24.6481,45.082],[24.628,45.088]]],[[[24.5105,45.0933],[24.4992,45.0832],[24.4864,45.0847],[24.5208,45.0997],[24.5105,45.0933]]],[[[24.5816,45.095],[24.5872,45.0904],[24.5701,45.0937],[24.5816,45.095]]],[[[24.6539,45.0969],[24.6377,45.1015],[24.6428,45.1084],[24.6539,45.0969]]],[[[24.5092,45.1],[24.5074,45.1055],[24.5101,45.1074],[24.5092,45.1]]],[[[24.5221,45.1062],[24.5125,45.1071],[24.5317,45.111],[24.5221,45.1062]]],[[[24.5234,45.114],[24.4894,45.1235],[24.5151,45.1276],[24.5234,45.114]]],[[[24.6274,45.1257],[24.6212,45.1248],[24.6355,45.1303],[24.6274,45.1257]]],[[[24.4817,45.1445],[24.5114,45.1501],[24.5017,45.1369],[24.4817,45.1445]]],[[[24.5525,45.1594],[24.5615,45.1533],[24.5285,45.1466],[24.5525,45.1594]]],[[[24.5747,45.1643],[24.5793,45.1553],[24.5707,45.1571],[24.5747,45.1643]]],[[[24.6629,45.1576],[24.6211,45.1531],[24.6453,45.1727],[24.6629,45.1576]]],[[[24.5021,45.1683],[24.5145,45.1618],[24.5103,45.162],[24.5021,45.1683]]],[[[24.6235,45.1743],[24.6339,45.1664],[24.5905,45.172],[24.6235,45.1743]]],[[[24.5729,45.1831],[24.5766,45.1766],[24.5677,45.1727],[24.5729,45.1831]]],[[[24.6267,45.1729],[24.6155,45.1855],[24.6261,45.1791],[24.6267,45.1729]]],[[[24.5763,45.1876],[24.5846,45.1921],[24.5866,45.1765],[24.593,45.1773],[24.591,45.1762],[24.5914,45.1759],[24.5909,45.1749],[24.5906,45.1744],[24.5905,45.1744],[24.5818,45.176],[24.5763,45.1876]]],[[[24.5897,45.1888],[24.6046,45.1867],[24.6028,45.1832],[24.5897,45.1888]]],[[[24.6432,45.2012],[24.6461,45.1994],[24.6358,45.1949],[24.6432,45.2012]]],[[[24.5539,45.1983],[24.5497,45.1923],[24.5511,45.2022],[24.5539,45.1983]]],[[[24.6618,45.1987],[24.6598,45.1894],[24.6456,45.2105],[24.6618,45.1987]]],[[[24.619,45.2143],[24.6068,45.1945],[24.6048,45.2131],[24.6183,45.2175],[24.619,45.2143]]],[[[24.5076,45.2233],[24.5124,45.2229],[24.515,45.2214],[24.5,45.2203],[24.4976,45.2222],[24.4973,45.2151],[24.5463,45.1855],[24.4896,45.1982],[24.4887,45.2227],[24.4981,45.2286],[24.5076,45.2233]]],[[[24.5471,45.2],[24.5442,45.1976],[24.5396,45.2188],[24.5471,45.2]]],[[[24.5563,45.2149],[24.5759,45.2208],[24.5785,45.2193],[24.5563,45.2149]]],[[[24.5131,45.2128],[24.5114,45.2165],[24.5198,45.2195],[24.5261,45.2143],[24.5131,45.2128]]],[[[24.6411,45.2165],[24.6398,45.2174],[24.6459,45.2215],[24.6542,45.2144],[24.6411,45.2165]]],[[[24.5796,45.228],[24.5712,45.2212],[24.5604,45.2198],[24.5796,45.228]]],[[[24.5991,45.2228],[24.5973,45.2112],[24.5812,45.2266],[24.5991,45.2228]]],[[[24.6318,45.2189],[24.6127,45.2342],[24.6406,45.2418],[24.6467,45.2235],[24.6318,45.2189]],[[24.6379,45.2301],[24.6409,45.2364],[24.6321,45.2325],[24.6379,45.2301]]],[[[24.6677,45.2222],[24.6643,45.2275],[24.6918,45.2388],[24.6677,45.2222]]],[[[24.5237,45.2425],[24.5175,45.2441],[24.5314,45.2437],[24.5237,45.2425]]],[[[24.5705,45.2457],[24.5739,45.246],[24.5647,45.2423],[24.5705,45.2457]]],[[[24.4904,45.2551],[24.5112,45.2484],[24.508,45.2363],[24.4843,45.2438],[24.4853,45.2613],[24.4904,45.2551]]],[[[24.5968,45.2484],[24.5949,45.2592],[24.6076,45.2531],[24.6035,45.2442],[24.5828,45.2436],[24.5776,45.2611],[24.5968,45.2484]]],[[[24.5266,45.2508],[24.5416,45.263],[24.5338,45.2529],[24.5266,45.2508]]],[[[24.6683,45.2635],[24.673,45.2589],[24.6712,45.2561],[24.6683,45.2635]]],[[[24.5201,45.2571],[24.51,45.255],[24.5062,45.2568],[24.525,45.273],[24.5217,45.2539],[24.5201,45.2571]]],[[[24.5947,45.2602],[24.5925,45.2664],[24.5952,45.271],[24.5947,45.2602]]],[[[24.6597,45.2788],[24.6556,45.2866],[24.6693,45.2941],[24.6597,45.2788]]],[[[24.5069,45.2913],[24.4988,45.2953],[24.5122,45.3048],[24.5069,45.2913]]],[[[24.6709,45.296],[24.6601,45.3013],[24.6667,45.3052],[24.6709,45.296]]],[[[24.526,45.3131],[24.5339,45.3101],[24.5253,45.3035],[24.526,45.3131]]],[[[24.677,45.3111],[24.6618,45.3059],[24.6547,45.3125],[24.6704,45.3244],[24.6524,45.3114],[24.6358,45.3392],[24.6053,45.3346],[24.6506,45.3434],[24.6687,45.3281],[24.677,45.3111]],[[24.6616,45.3096],[24.671,45.3144],[24.6634,45.3178],[24.6616,45.3096]]],[[[24.5434,45.3355],[24.5503,45.3323],[24.5154,45.3299],[24.5434,45.3355]]],[[[24.513,45.333],[24.5133,45.3246],[24.5029,45.3436],[24.5212,45.342],[24.513,45.333]]],[[[24.6412,45.9332],[24.6341,45.9386],[24.6579,45.9397],[24.6412,45.9332]]],[[[24.6619,46.0056],[24.6561,46.0095],[24.6799,46.0062],[24.6619,46.0056]]],[[[24.65,46.0983],[24.6393,46.0988],[24.6379,46.1283],[24.65,46.0983]]],[[[24.5684,46.1304],[24.5673,46.1393],[24.5776,46.1398],[24.5684,46.1304]]],[[[24.58,46.23],[24.5801,46.2475],[24.5916,46.2457],[24.58,46.23]]],[[[24.621,46.319],[24.6261,46.3149],[24.6251,46.3127],[24.621,46.319]]],[[[24.6249,46.3232],[24.6081,46.3342],[24.6175,46.3344],[24.6249,46.3232]]],[[[24.5487,46.3753],[24.5414,46.3902],[24.5585,46.3894],[24.5487,46.3753]]],[[[24.6337,46.4948],[24.6393,46.4966],[24.6393,46.4895],[24.6337,46.4948]]],[[[24.5988,46.5179],[24.5826,46.5294],[24.5942,46.5314],[24.5988,46.5179]]],[[[24.6166,46.5516],[24.6104,46.561],[24.6362,46.5649],[24.6483,46.5537],[24.6166,46.5516]]],[[[24.5575,46.6471],[24.5508,46.6542],[24.5698,46.6503],[24.5575,46.6471]]],[[[24.5838,46.7569],[24.5717,46.7618],[24.5733,46.7661],[24.5838,46.7569]]],[[[24.6823,46.7676],[24.6496,46.7615],[24.664,46.8013],[24.6421,46.8028],[24.6799,46.8073],[24.6823,46.7676]]],[[[24.6757,46.8155],[24.6538,46.8165],[24.6559,46.8253],[24.6757,46.8155]]],[[[24.6656,46.8294],[24.6679,46.8405],[24.6749,46.8388],[24.6656,46.8294]]],[[[24.6178,46.847],[24.6164,46.8567],[24.622,46.8583],[24.6178,46.847]]],[[[24.6182,46.8762],[24.6276,46.8659],[24.6202,46.8659],[24.6182,46.8762]]],[[[24.6261,46.8835],[24.6137,46.8797],[24.5746,46.9234],[24.6155,46.9295],[24.6261,46.8835]],[[24.6025,46.9157],[24.6114,46.9134],[24.6128,46.9186],[24.6002,46.9194],[24.6025,46.9157]]],[[[24.5311,46.9417],[24.5252,46.9445],[24.5347,46.9514],[24.5311,46.9417]]],[[[24.5889,46.9504],[24.5562,46.9494],[24.547,46.9542],[24.5708,46.9737],[24.5889,46.9504]],[[24.5571,46.9517],[24.5634,46.9548],[24.5548,46.9571],[24.5571,46.9517]]],[[[24.5423,46.9583],[24.54,46.9673],[24.5545,46.9642],[24.5423,46.9583]]],[[[24.5576,46.9651],[24.5536,46.9687],[24.5625,46.972],[24.5576,46.9651]]],[[[24.5659,46.9732],[24.5507,46.9819],[24.5788,46.9885],[24.5659,46.9732]]],[[[24.5256,46.9763],[24.5224,46.9869],[24.5264,46.981],[24.5256,46.9763]]],[[[24.5157,46.977],[24.5071,46.9932],[24.515,46.9935],[24.5157,46.977]]],[[[24.5429,46.9986],[24.5538,46.9914],[24.5439,46.9919],[24.5429,46.9986]]],[[[24.5183,47.0016],[24.503,47.0074],[24.5204,47.0103],[24.5183,47.0016]]],[[[24.6151,47.0017],[24.5966,47.0069],[24.6049,47.0199],[24.6151,47.0017]]],[[[24.6069,47.0311],[24.6121,47.025],[24.6027,47.0248],[24.6069,47.0311]]],[[[24.5065,47.059],[24.5011,47.0633],[24.5164,47.059],[24.5065,47.059]]],[[[24.6796,47.065],[24.6489,47.0663],[24.6942,47.0678],[24.6796,47.065]]],[[[24.6421,47.0806],[24.6144,47.0867],[24.6002,47.097],[24.6421,47.0806]]],[[[24.5044,47.1014],[24.5084,47.1117],[24.5176,47.111],[24.5044,47.1014]]],[[[24.6592,47.0968],[24.652,47.1047],[24.6658,47.1072],[24.6592,47.0968]]],[[[24.624,47.1081],[24.6513,47.111],[24.628,47.1073],[24.624,47.1081]]],[[[24.5713,47.1183],[24.6015,47.1108],[24.598,47.1066],[24.5713,47.1183]]],[[[24.6077,47.1066],[24.6013,47.1177],[24.6484,47.1206],[24.6077,47.1066]]],[[[24.5149,47.1206],[24.5252,47.1302],[24.5296,47.1222],[24.5149,47.1206]]],[[[24.5537,47.1357],[24.5406,47.1452],[24.568,47.1445],[24.5537,47.1357]]],[[[24.6039,47.1409],[24.5755,47.1416],[24.5846,47.1493],[24.6039,47.1409]]],[[[24.5793,47.1525],[24.568,47.1593],[24.5878,47.1678],[24.5793,47.1525]]],[[[24.5085,47.1572],[24.4932,47.1476],[24.4816,47.1653],[24.5038,47.1779],[24.5085,47.1572]]],[[[24.531,47.1762],[24.5289,47.1742],[24.5106,47.1925],[24.531,47.1762]]],[[[24.5669,47.1834],[24.5599,47.1916],[24.5721,47.1956],[24.5669,47.1834]]],[[[24.5893,47.2044],[24.5951,47.2054],[24.597,47.2021],[24.5893,47.2044]]],[[[24.5257,47.1994],[24.5432,47.1984],[24.5445,47.1936],[24.5241,47.1995],[24.5295,47.2171],[24.5475,47.2068],[24.5257,47.1994]]],[[[24.5191,47.2003],[24.4918,47.2255],[24.5071,47.2152],[24.5191,47.2003]]],[[[24.5509,47.2137],[24.5501,47.2184],[24.5643,47.2109],[24.5509,47.2137]]],[[[24.9846,42.8332],[24.9817,42.8392],[25.0003,42.8398],[24.9846,42.8332]]],[[[24.9576,42.8487],[24.9519,42.8456],[24.959,42.8529],[24.9576,42.8487]]],[[[25.0001,42.849],[24.9878,42.849],[24.9979,42.8537],[25.0001,42.849]]],[[[24.6736,42.8948],[24.6857,42.8982],[24.702,42.8974],[24.6736,42.8948]]],[[[24.99,42.9226],[24.9952,42.9223],[24.9916,42.919],[24.99,42.9226]]],[[[24.9467,42.9257],[24.9435,42.9288],[24.9601,42.9315],[24.9467,42.9257]]],[[[25.0188,42.9376],[25.0261,42.9388],[25.0205,42.9342],[25.0188,42.9376]]],[[[24.7085,42.9769],[24.7079,42.9732],[24.6992,42.9749],[24.7085,42.9769]]],[[[24.95,42.9781],[24.9535,42.9743],[24.9419,42.9742],[24.95,42.9781]]],[[[24.9825,42.9762],[24.9749,42.9745],[24.985,42.9806],[24.9825,42.9762]]],[[[24.8429,42.9824],[24.8513,42.9799],[24.8468,42.9769],[24.8429,42.9824]]],[[[24.8221,42.9852],[24.8314,42.9814],[24.8241,42.9788],[24.8221,42.9852]]],[[[24.9994,42.9875],[25.0049,42.9837],[24.9993,42.9797],[24.9994,42.9875]]],[[[24.7808,42.9869],[24.7796,42.989],[24.7949,42.9913],[24.7808,42.9869]]],[[[25.0128,42.9935],[25.0039,42.9995],[25.0223,43.002],[25.0128,42.9935]]],[[[24.8972,43.0002],[24.9068,42.9986],[24.8945,42.9964],[24.8972,43.0002]]],[[[24.9122,43.0052],[24.9205,42.9999],[24.9139,42.9981],[24.9122,43.0052]]],[[[24.8935,42.9987],[24.8483,43.0042],[24.8427,43.012],[24.8935,42.9987]]],[[[24.9641,43.0389],[24.9809,43.0366],[24.979,43.0334],[24.9641,43.0389]]],[[[24.7304,43.0445],[24.7532,43.0469],[24.7367,43.0406],[24.7304,43.0445]]],[[[24.8541,43.0452],[24.8457,43.0434],[24.8383,43.0477],[24.8541,43.0452]]],[[[24.9222,43.0488],[24.8972,43.054],[24.9262,43.0559],[24.9222,43.0488]]],[[[25.006,43.0606],[25.0102,43.0505],[25.0079,43.0505],[25.006,43.0606]]],[[[24.8386,43.0691],[24.8716,43.0666],[24.8691,43.0646],[24.8386,43.0691]]],[[[24.8673,43.0815],[24.8784,43.0762],[24.8745,43.0752],[24.8673,43.0815]]],[[[24.6952,43.0812],[24.6849,43.0863],[24.6888,43.0908],[24.6952,43.0812]]],[[[24.8263,43.1023],[24.8232,43.1111],[24.8372,43.1091],[24.8263,43.1023]]],[[[24.8655,43.1139],[24.843,43.1111],[24.8655,43.1162],[24.8848,43.1099],[24.8655,43.1139]]],[[[24.9581,43.1403],[24.966,43.1371],[24.9659,43.1359],[24.9581,43.1403]]],[[[24.7916,43.1421],[24.8016,43.1403],[24.8003,43.1369],[24.7916,43.1421]]],[[[24.7679,43.1414],[24.7581,43.1383],[24.7584,43.1424],[24.7679,43.1414]]],[[[24.8086,43.1444],[24.8169,43.1482],[24.8223,43.1425],[24.8086,43.1444]]],[[[24.8109,43.1499],[24.8092,43.1549],[24.8268,43.1535],[24.8109,43.1499]]],[[[24.7863,43.1673],[24.7872,43.1634],[24.773,43.1619],[24.7863,43.1673]]],[[[24.8945,43.1677],[24.8764,43.1631],[24.8749,43.1669],[24.8945,43.1677]]],[[[24.8017,43.1871],[24.7984,43.1909],[24.8138,43.1966],[24.8017,43.1871]]],[[[24.9943,43.2204],[24.9963,43.2176],[24.9858,43.2154],[24.9943,43.2204]]],[[[24.9052,43.242],[24.8976,43.2406],[24.9019,43.2447],[24.9052,43.242]]],[[[24.8524,43.2532],[24.8537,43.2497],[24.8499,43.2488],[24.8524,43.2532]]],[[[24.8237,43.2546],[24.8313,43.2499],[24.8279,43.2475],[24.8237,43.2546]]],[[[24.7661,43.2662],[24.7636,43.2684],[24.7723,43.2735],[24.7661,43.2662]]],[[[24.7159,43.282],[24.7178,43.2705],[24.7121,43.27],[24.7159,43.282]]],[[[24.7736,43.2882],[24.7876,43.2891],[24.7855,43.283],[24.7736,43.2882]]],[[[24.7641,43.5079],[24.7573,43.5099],[24.7607,43.5127],[24.7641,43.5079]]],[[[24.7539,43.5198],[24.7576,43.5164],[24.7415,43.5171],[24.7539,43.5198]]],[[[24.9739,43.5288],[24.9872,43.521],[24.9856,43.5205],[24.9739,43.5288]]],[[[24.7938,43.5323],[24.7953,43.5297],[24.7858,43.5301],[24.7938,43.5323]]],[[[24.953,43.5422],[24.9667,43.5365],[24.9638,43.5332],[24.953,43.5422]]],[[[24.7908,43.606],[24.7846,43.6118],[24.8048,43.6096],[24.7908,43.606]]],[[[24.7677,43.6144],[24.7703,43.6105],[24.7549,43.6105],[24.7677,43.6144]]],[[[24.8078,43.7022],[24.818,43.7023],[24.8191,43.6971],[24.8078,43.7022]]],[[[24.72,44.5192],[24.719,44.5312],[24.7295,44.5315],[24.72,44.5192]]],[[[24.7473,44.6631],[24.7354,44.6536],[24.7391,44.6568],[24.7473,44.6631]]],[[[24.7784,44.6748],[24.778,44.6699],[24.7645,44.6744],[24.7784,44.6748]]],[[[24.7475,44.6809],[24.738,44.6815],[24.7477,44.6924],[24.7475,44.6809]]],[[[24.7014,44.6969],[24.6946,44.6991],[24.7014,44.7035],[24.7014,44.6969]]],[[[24.7466,44.6998],[24.7336,44.7013],[24.736,44.7085],[24.7466,44.6998]]],[[[24.6815,44.7098],[24.689,44.71],[24.6886,44.7003],[24.6815,44.7098]]],[[[24.7617,44.7096],[24.7631,44.7174],[24.7705,44.7151],[24.7617,44.7096]]],[[[24.8484,44.7246],[24.8572,44.7199],[24.8551,44.715],[24.8484,44.7246]]],[[[24.7637,44.7231],[24.7599,44.7307],[24.7769,44.7316],[24.7637,44.7231]]],[[[24.7306,44.7495],[24.7229,44.7545],[24.7331,44.7488],[24.7351,44.7339],[24.7306,44.7495]]],[[[24.8638,44.7467],[24.8673,44.7514],[24.8755,44.7427],[24.8638,44.7467]]],[[[24.6932,44.7455],[24.6891,44.7339],[24.6751,44.737],[24.6932,44.7455]]],[[[24.8372,44.7638],[24.8402,44.7541],[24.8365,44.7563],[24.8372,44.7638]]],[[[24.8149,44.7643],[24.8146,44.7624],[24.8039,44.7637],[24.8149,44.7643]]],[[[24.7523,44.758],[24.7569,44.775],[24.7672,44.7649],[24.7523,44.758]]],[[[24.7463,44.7757],[24.7442,44.7677],[24.7401,44.7709],[24.7463,44.7757]]],[[[24.71,44.7947],[24.7084,44.7965],[24.7139,44.8008],[24.726,44.8033],[24.71,44.7947]]],[[[24.7711,44.7996],[24.7833,44.7847],[24.7621,44.7973],[24.7711,44.7996]]],[[[24.751,44.8014],[24.7478,44.806],[24.7533,44.81],[24.751,44.8014]]],[[[24.8912,44.8133],[24.8956,44.8086],[24.8866,44.8035],[24.8912,44.8133]]],[[[24.7107,44.8344],[24.7149,44.8336],[24.7106,44.8231],[24.7056,44.8226],[24.7107,44.8344]]],[[[24.8444,44.8219],[24.84,44.8327],[24.8464,44.839],[24.8444,44.8219]]],[[[24.6843,44.8416],[24.6955,44.845],[24.7016,44.8312],[24.6843,44.8416]]],[[[24.734,44.8383],[24.7355,44.8436],[24.7369,44.837],[24.734,44.8383]]],[[[24.7213,44.8446],[24.7187,44.8455],[24.722,44.8528],[24.7213,44.8446]]],[[[25.0143,44.85],[25.0114,44.8587],[25.02,44.8557],[25.0167,44.8464],[25.0143,44.85]]],[[[25.0107,44.8535],[25.0028,44.8438],[25.0,44.8412],[24.9985,44.8411],[25.0107,44.8535]]],[[[25.0379,44.8482],[25.0294,44.842],[25.0143,44.8874],[25.0379,44.8482]]],[[[24.9017,44.8778],[24.9228,44.879],[24.9271,44.8764],[24.9017,44.8778]]],[[[24.9168,44.8943],[24.9228,44.8964],[24.9053,44.8823],[24.9168,44.8943]]],[[[25.0274,44.8821],[25.0252,44.8786],[25.0147,44.8988],[25.0274,44.8821]]],[[[24.9748,44.8927],[24.9804,44.8846],[24.9609,44.894],[24.9748,44.8927]]],[[[24.8988,44.8837],[24.9128,44.8991],[24.9181,44.8999],[24.9202,44.8974],[24.8988,44.8837]]],[[[24.8698,44.8841],[24.8595,44.9001],[24.8693,44.8989],[24.8698,44.8841]]],[[[24.6976,44.8966],[24.6986,44.9024],[24.7088,44.9033],[24.6976,44.8966]]],[[[24.7999,44.8963],[24.7984,44.8976],[24.8038,44.9011],[24.7999,44.8963]]],[[[24.9312,44.9004],[24.9321,44.9064],[24.9504,44.9067],[24.9312,44.9004]]],[[[24.8762,44.9085],[24.8774,44.9169],[24.8824,44.9108],[24.8762,44.9085]]],[[[24.711,44.9262],[24.7045,44.9293],[24.7084,44.9302],[24.7187,44.9198],[24.711,44.9262]]],[[[24.7714,44.924],[24.7746,44.9266],[24.7836,44.9254],[24.7714,44.924]]],[[[24.8087,44.9381],[24.805,44.9314],[24.8009,44.9345],[24.8087,44.9381]]],[[[24.8814,44.9412],[24.8825,44.9463],[24.8866,44.9459],[24.8814,44.9412]]],[[[24.9471,44.9475],[24.9398,44.955],[24.9597,44.9626],[24.9471,44.9475]]],[[[24.7566,44.9628],[24.7637,44.9554],[24.7528,44.9613],[24.7566,44.9628]]],[[[24.7349,44.9608],[24.7263,44.9616],[24.7338,44.9681],[24.7349,44.9608]]],[[[24.97,44.9929],[24.9658,44.9921],[24.9674,44.9992],[24.97,44.9929]]],[[[25.0045,44.9904],[24.9995,44.9915],[25.0208,45.0039],[25.0045,44.9904]]],[[[24.9311,44.9994],[24.9334,45.01],[24.9423,45.0006],[24.9311,44.9994]]],[[[24.7328,45.009],[24.724,45.0119],[24.7318,45.0139],[24.7468,44.9953],[24.7328,45.009]]],[[[24.7431,45.0112],[24.7502,45.0129],[24.7502,45.0035],[24.7431,45.0112]]],[[[24.8136,45.0076],[24.7979,45.0021],[24.803,45.0399],[24.8136,45.0076]]],[[[24.8701,45.0214],[24.8597,45.027],[24.8693,45.031],[24.8701,45.0214]]],[[[24.9832,45.0451],[24.9911,45.0513],[24.9912,45.0347],[24.9832,45.0451]]],[[[24.9414,45.0333],[24.9331,45.0272],[24.9251,45.0497],[24.9414,45.0333]]],[[[24.9024,45.0535],[24.91,45.0506],[24.9102,45.0436],[24.9024,45.0535]]],[[[24.8669,45.0505],[24.871,45.0401],[24.8602,45.0445],[24.8522,45.0591],[24.8669,45.0505]]],[[[24.9665,45.0614],[24.9684,45.0653],[24.9676,45.0601],[24.9599,45.0548],[24.9665,45.0614]]],[[[24.9624,45.0545],[24.9675,45.0574],[24.9725,45.0702],[24.9827,45.07],[24.9736,45.0603],[24.9624,45.0545]]],[[[24.7894,45.0678],[24.7966,45.0848],[24.8006,45.054],[24.7921,45.0499],[24.7894,45.0678]]],[[[25.0171,45.0618],[24.9998,45.0616],[25.005,45.0767],[25.0171,45.0618]]],[[[24.9382,45.0631],[24.9238,45.0743],[24.9343,45.0879],[24.9382,45.0631]]],[[[24.9851,45.0713],[24.9725,45.0716],[24.9789,45.0796],[24.9851,45.0713]]],[[[24.9504,45.0746],[24.945,45.0816],[24.966,45.0811],[24.9504,45.0746]]],[[[24.8438,45.0883],[24.8484,45.0882],[24.8476,45.0767],[24.8438,45.0883]]],[[[25.0159,45.075],[25.0103,45.0748],[25.0158,45.0872],[25.0159,45.075]]],[[[24.8693,45.0619],[24.8612,45.0793],[24.8558,45.1011],[24.8693,45.0619]]],[[[24.7846,45.0872],[24.7875,45.0801],[24.7815,45.0782],[24.7846,45.0872]]],[[[24.9419,45.098],[24.942,45.1007],[24.9472,45.1019],[24.9469,45.0906],[24.9419,45.098]]],[[[24.928,45.0876],[24.9252,45.1093],[24.9322,45.0975],[24.928,45.0876]]],[[[24.9979,45.1002],[24.9905,45.1047],[24.9909,45.1102],[24.9979,45.1002]]],[[[24.8395,45.0982],[24.8398,45.1172],[24.8445,45.1157],[24.8395,45.0982]]],[[[24.9113,45.1085],[24.908,45.1097],[24.9257,45.1174],[24.9113,45.1085]]],[[[24.8573,45.1191],[24.8582,45.1153],[24.8524,45.1136],[24.8573,45.1191]]],[[[25.0402,45.1276],[25.0063,45.1194],[25.004,45.1362],[25.0402,45.1276]]],[[[24.8088,45.1259],[24.7922,45.1257],[24.7926,45.1364],[24.8056,45.1421],[24.8088,45.1259]]],[[[24.8598,45.1282],[24.8513,45.1248],[24.855,45.1502],[24.8598,45.1282]]],[[[24.693,45.1384],[24.6839,45.138],[24.6843,45.1391],[24.693,45.1384]]],[[[24.7818,45.1502],[24.7807,45.1465],[24.7746,45.1477],[24.7818,45.1502]]],[[[24.8412,45.1563],[24.8369,45.1462],[24.8333,45.1476],[24.8412,45.1563]]],[[[24.9255,45.1523],[24.921,45.1363],[24.8991,45.1717],[24.9255,45.1523]]],[[[24.8396,45.1612],[24.8385,45.1576],[24.8343,45.1584],[24.8396,45.1612]]],[[[24.7548,45.1696],[24.7622,45.1787],[24.7742,45.1574],[24.7548,45.1696]]],[[[24.6861,45.161],[24.6908,45.1616],[24.6958,45.1662],[24.6793,45.1671],[24.6944,45.1737],[24.6895,45.1682],[24.6988,45.1716],[24.6938,45.1608],[24.6861,45.161]]],[[[24.8548,45.1786],[24.863,45.187],[24.8667,45.185],[24.8657,45.1621],[24.8548,45.1786]]],[[[24.703,45.1816],[24.7084,45.1763],[24.7037,45.1736],[24.703,45.1816]]],[[[24.9759,45.1696],[24.9778,45.1707],[24.9782,45.1609],[24.9686,45.1637],[24.9617,45.1946],[24.9759,45.1696]]],[[[24.9105,45.179],[24.8947,45.1806],[24.9123,45.1837],[24.9105,45.179]]],[[[24.7919,45.182],[24.7955,45.1834],[24.7869,45.1853],[24.7848,45.1952],[24.8038,45.1855],[24.7919,45.182]]],[[[24.9929,45.1714],[24.986,45.1639],[24.9755,45.1788],[24.9883,45.167],[24.9989,45.2004],[24.9929,45.1714]]],[[[24.8324,45.1796],[24.8341,45.1992],[24.8388,45.1951],[24.8324,45.1796]]],[[[24.7556,45.1933],[24.7737,45.1974],[24.7831,45.185],[24.7597,45.1923],[24.7521,45.1737],[24.7561,45.1982],[24.7222,45.205],[24.7289,45.2134],[24.7542,45.2127],[24.7584,45.2196],[24.7736,45.2034],[24.7556,45.1933]]],[[[24.9132,45.2061],[24.9187,45.2158],[24.9265,45.2109],[24.9132,45.2061]]],[[[24.9789,45.2144],[24.9927,45.2172],[24.9893,45.2121],[24.9789,45.2144]]],[[[24.9363,45.2054],[24.9355,45.2225],[24.9424,45.2184],[24.9363,45.2054]]],[[[24.8972,45.2162],[24.8577,45.1927],[24.8743,45.2247],[24.8144,45.214],[24.8186,45.2319],[24.8229,45.221],[24.8771,45.2302],[24.8972,45.2162]]],[[[24.7529,45.2149],[24.737,45.2156],[24.7442,45.2205],[24.7529,45.2149]]],[[[24.7959,45.2279],[24.8003,45.2172],[24.7834,45.2029],[24.7959,45.2279]]],[[[24.9045,45.2018],[24.8932,45.2303],[24.918,45.2382],[24.9045,45.2018]]],[[[24.7293,45.2361],[24.7329,45.2315],[24.7232,45.227],[24.7293,45.2361]]],[[[24.8432,45.2303],[24.8364,45.2286],[24.8388,45.2393],[24.8492,45.2378],[24.8432,45.2303]]],[[[25.0215,45.249],[25.003,45.2565],[24.9769,45.2464],[24.972,45.2039],[24.9395,45.2253],[24.9679,45.2496],[25.0356,45.2681],[25.0215,45.249]]],[[[24.9555,45.2467],[24.9537,45.2466],[24.9541,45.2556],[24.9655,45.2569],[24.9555,45.2467]]],[[[24.8433,45.2523],[24.8279,45.2417],[24.8171,45.2874],[24.8433,45.2523]]],[[[24.8065,45.2864],[24.8136,45.2913],[24.812,45.2753],[24.8065,45.2864]]],[[[24.8176,45.2979],[24.7972,45.2893],[24.8157,45.2579],[24.7967,45.2589],[24.8183,45.2553],[24.8238,45.244],[24.7652,45.2504],[24.713,45.3007],[24.7463,45.3136],[24.7352,45.2937],[24.7568,45.2868],[24.7408,45.3034],[24.7588,45.3176],[24.7533,45.3126],[24.7785,45.2817],[24.7617,45.2754],[24.7829,45.2779],[24.7592,45.2709],[24.8069,45.2616],[24.7629,45.3068],[24.7935,45.2931],[24.7923,45.3241],[24.753,45.3294],[24.7608,45.3404],[24.7811,45.3455],[24.791,45.3422],[24.8046,45.3559],[24.8176,45.2979]],[[24.7773,45.3342],[24.7904,45.3339],[24.7795,45.3444],[24.7773,45.3342]]],[[[25.0161,45.2958],[25.0139,45.3056],[25.0197,45.3083],[25.0161,45.2958]]],[[[25.008,45.3042],[24.9994,45.3001],[25.0015,45.3074],[25.0124,45.3038],[25.0133,45.2971],[25.008,45.3042]]],[[[24.7283,45.3179],[24.7253,45.3218],[24.7395,45.3247],[24.7283,45.3179]]],[[[24.7902,45.3627],[24.8077,45.366],[24.8069,45.3572],[24.7902,45.3627]]],[[[24.7799,45.7069],[24.7808,45.7228],[24.7917,45.7021],[24.7799,45.7069]]],[[[24.9918,45.7097],[25.0017,45.7153],[25.0037,45.7092],[24.9918,45.7097]]],[[[24.9658,45.7143],[24.9724,45.7146],[24.9724,45.7099],[24.9658,45.7143]]],[[[24.8731,45.7528],[24.8759,45.7419],[24.871,45.7436],[24.8731,45.7528]]],[[[24.8671,45.7478],[24.8615,45.7554],[24.8742,45.7564],[24.8671,45.7478]]],[[[24.7593,45.7603],[24.7592,45.7497],[24.7514,45.7544],[24.7593,45.7603]]],[[[24.9419,45.842],[24.943,45.838],[24.9306,45.8417],[24.9419,45.842]]],[[[24.8173,45.9055],[24.8136,45.9185],[24.8281,45.9192],[24.8173,45.9055]]],[[[24.9876,45.9127],[24.9861,45.9188],[24.9954,45.9113],[24.9876,45.9127]]],[[[24.7006,45.9813],[24.7121,45.9806],[24.7081,45.9756],[24.7006,45.9813]]],[[[24.6861,45.9853],[24.6942,45.9852],[24.6934,45.9821],[24.6861,45.9853]]],[[[24.7752,46.0142],[24.7724,46.0201],[24.7808,46.0236],[24.7752,46.0142]]],[[[24.7762,46.0253],[24.768,46.0268],[24.7829,46.0371],[24.7915,46.0277],[24.7762,46.0253]]],[[[24.7482,46.0447],[24.7319,46.0689],[24.7407,46.0678],[24.7482,46.0447]]],[[[25.0177,46.1076],[25.017,46.1084],[25.0288,46.1126],[25.0177,46.1076]]],[[[24.6954,46.1362],[24.6949,46.1503],[24.7089,46.1498],[24.6954,46.1362]]],[[[24.8366,46.1386],[24.7826,46.1437],[24.8054,46.1596],[24.8366,46.1386]]],[[[24.9305,46.1767],[24.9068,46.1764],[24.9516,46.1819],[24.9305,46.1767]]],[[[24.6912,46.2303],[24.695,46.246],[24.7021,46.2417],[24.6912,46.2303]]],[[[24.815,46.2425],[24.8115,46.2508],[24.828,46.2524],[24.815,46.2425]]],[[[24.7482,46.2564],[24.7695,46.2616],[24.7656,46.2531],[24.7482,46.2564]]],[[[25.0047,46.298],[24.9984,46.3011],[25.0078,46.3036],[25.0137,46.2994],[25.0047,46.298]]],[[[24.6991,46.3361],[24.7052,46.3459],[24.7147,46.3222],[24.7092,46.3138],[24.6991,46.3361]]],[[[25.0013,46.3836],[25.006,46.3833],[25.0041,46.3772],[25.0013,46.3836]]],[[[24.9083,46.4007],[24.8799,46.4158],[24.9003,46.4161],[24.9083,46.4007]]],[[[24.798,46.4589],[24.7957,46.4666],[24.8137,46.4722],[24.798,46.4589]]],[[[24.8909,46.5783],[24.904,46.5782],[24.9022,46.5766],[24.8909,46.5783]]],[[[24.7481,46.588],[24.7203,46.5973],[24.7396,46.6024],[24.7481,46.588]]],[[[24.8756,46.6704],[24.8681,46.6755],[24.8725,46.6811],[24.8756,46.6704]]],[[[24.8987,46.6847],[24.8889,46.6872],[24.9118,46.6963],[24.8987,46.6847]]],[[[24.6886,46.9318],[24.6855,46.9358],[24.7114,46.93],[24.6886,46.9318]]],[[[24.7715,46.9345],[24.7645,46.9469],[24.7812,46.9375],[24.7715,46.9345]]],[[[24.704,47.2075],[24.6933,47.2127],[24.725,47.2096],[24.704,47.2075]]],[[[24.7187,47.221],[24.6884,47.2219],[24.7185,47.2374],[24.7187,47.221]]],[[[24.7283,47.2258],[24.723,47.2279],[24.7271,47.2349],[24.7283,47.2258]]],[[[24.7993,47.2312],[24.7917,47.2331],[24.7524,47.2235],[24.7434,47.2244],[24.7973,47.2424],[24.7993,47.2312]]],[[[24.6869,47.6282],[24.6861,47.6299],[24.6972,47.6325],[24.6869,47.6282]]],[[[25.1916,42.8781],[25.1946,42.8724],[25.1852,42.8736],[25.1917,42.8807],[25.1916,42.8781]]],[[[25.164,42.8908],[25.1675,42.8881],[25.1482,42.8891],[25.164,42.8908]]],[[[25.3782,42.8912],[25.3733,42.8952],[25.3867,42.892],[25.3782,42.8912]]],[[[25.1553,42.8956],[25.1504,42.9002],[25.1657,42.8981],[25.1553,42.8956]]],[[[25.1997,42.9002],[25.2059,42.906],[25.2068,42.8997],[25.1948,42.8917],[25.1997,42.9002]]],[[[25.093,42.9153],[25.0829,42.913],[25.0849,42.9158],[25.093,42.9153]]],[[[25.2895,42.9301],[25.2914,42.9345],[25.2971,42.934],[25.2895,42.9301]]],[[[25.0918,42.928],[25.0864,42.9375],[25.1075,42.9337],[25.0918,42.928]]],[[[25.2682,42.9432],[25.2716,42.9393],[25.2624,42.9447],[25.2708,42.9468],[25.2682,42.9432]]],[[[25.2916,42.971],[25.2883,42.9709],[25.2981,42.9752],[25.3056,42.9745],[25.2916,42.971]]],[[[25.1446,42.9783],[25.1521,42.9862],[25.1568,42.972],[25.1446,42.9783]]],[[[25.3733,42.9914],[25.3675,42.9883],[25.3669,42.9923],[25.3733,42.9914]]],[[[25.1377,42.9948],[25.1547,42.992],[25.153,42.9913],[25.1377,42.9948]]],[[[25.0388,43.0011],[25.027,43.0052],[25.0383,43.0106],[25.0388,43.0011]]],[[[25.1532,43.0061],[25.1427,43.0099],[25.1508,43.0152],[25.1532,43.0061]]],[[[25.2741,43.021],[25.2629,43.0227],[25.2696,43.026],[25.2741,43.021]]],[[[25.187,43.0233],[25.1795,43.0271],[25.1903,43.0316],[25.187,43.0233]]],[[[25.2384,43.0535],[25.2613,43.0556],[25.2553,43.052],[25.2384,43.0535]]],[[[25.1261,43.0749],[25.1282,43.079],[25.1365,43.073],[25.1261,43.0749]]],[[[25.041,43.1398],[25.0431,43.1463],[25.0553,43.1384],[25.041,43.1398]]],[[[25.3251,43.1644],[25.3329,43.164],[25.3294,43.1528],[25.3251,43.1644]]],[[[25.2063,43.1674],[25.1994,43.1666],[25.1984,43.1683],[25.2063,43.1674]]],[[[25.2944,43.1692],[25.3053,43.1769],[25.3078,43.1687],[25.2944,43.1692]]],[[[25.2283,43.1882],[25.2251,43.1925],[25.2398,43.1847],[25.2283,43.1882]]],[[[25.0708,43.1922],[25.0706,43.1856],[25.0634,43.186],[25.0708,43.1922]]],[[[25.2508,43.2424],[25.2558,43.2345],[25.246,43.2327],[25.2508,43.2424]]],[[[25.3803,43.2431],[25.3925,43.238],[25.3878,43.2373],[25.3803,43.2431]]],[[[25.2617,43.2396],[25.254,43.2424],[25.2629,43.2462],[25.2617,43.2396]]],[[[25.1108,43.2544],[25.1284,43.2465],[25.12,43.2374],[25.1108,43.2544]]],[[[25.0826,43.2482],[25.0835,43.2447],[25.0774,43.2448],[25.0826,43.2482]]],[[[25.0758,43.2675],[25.0718,43.2768],[25.075,43.2779],[25.0758,43.2675]]],[[[25.3894,43.2891],[25.3763,43.2894],[25.3773,43.2922],[25.3894,43.2891]]],[[[25.3116,43.3738],[25.3143,43.3713],[25.3053,43.3707],[25.3116,43.3738]]],[[[25.1313,43.5929],[25.1689,43.5809],[25.1657,43.5793],[25.1313,43.5929]]],[[[25.2994,43.5963],[25.307,43.5947],[25.2905,43.5896],[25.2994,43.5963]]],[[[25.3297,43.6058],[25.3429,43.5975],[25.3338,43.5981],[25.3297,43.6058]]],[[[25.3435,43.7369],[25.3493,43.7366],[25.3446,43.729],[25.3435,43.7369]]],[[[25.0874,43.7435],[25.1202,43.7443],[25.1111,43.7414],[25.0874,43.7435]]],[[[25.3931,43.8718],[25.3952,43.8642],[25.3847,43.8757],[25.3931,43.8718]]],[[[25.149,44.1383],[25.157,44.1352],[25.144,44.1311],[25.149,44.1383]]],[[[25.2916,44.4792],[25.2933,44.4804],[25.2983,44.4758],[25.2916,44.4792]]],[[[25.1324,44.6426],[25.1414,44.6455],[25.1497,44.6372],[25.1324,44.6426]]],[[[25.1128,44.8016],[25.1183,44.7996],[25.115,44.7953],[25.1128,44.8016]]],[[[25.1495,44.7996],[25.1362,44.8048],[25.1499,44.8075],[25.1495,44.7996]]],[[[25.2161,44.8006],[25.2122,44.8094],[25.2183,44.8078],[25.2161,44.8006]]],[[[25.0697,44.817],[25.0711,44.8173],[25.0695,44.8153],[25.0648,44.8169],[25.0472,44.8266],[25.0697,44.817]]],[[[25.0747,44.8241],[25.0687,44.8245],[25.0704,44.8332],[25.0747,44.8241]]],[[[25.2284,44.8326],[25.2448,44.824],[25.223,44.8299],[25.2284,44.8326]]],[[[25.214,44.8232],[25.2008,44.8312],[25.2141,44.8364],[25.214,44.8232]]],[[[25.1296,44.8378],[25.1329,44.8418],[25.1442,44.8267],[25.1296,44.8378]]],[[[25.1707,44.839],[25.1671,44.8305],[25.161,44.8481],[25.1707,44.839]]],[[[25.1435,44.8499],[25.1448,44.8514],[25.1489,44.8462],[25.1435,44.8499]]],[[[25.2563,44.8489],[25.2594,44.8335],[25.246,44.8543],[25.2488,44.8583],[25.2563,44.8489]]],[[[25.1043,44.8531],[25.0963,44.8363],[25.085,44.8342],[25.1043,44.8531]]],[[[25.0785,44.8415],[25.071,44.8412],[25.0685,44.8487],[25.0785,44.8415]]],[[[25.1179,44.8607],[25.1298,44.8681],[25.1186,44.8693],[25.1172,44.8718],[25.1318,44.8693],[25.1334,44.8446],[25.1179,44.8607]]],[[[25.0512,44.8583],[25.0408,44.8489],[25.0341,44.8634],[25.0512,44.8583]]],[[[25.2953,44.8579],[25.2859,44.8715],[25.2922,44.8683],[25.2953,44.8579]]],[[[25.2265,44.8696],[25.2253,44.8776],[25.2351,44.8734],[25.2354,44.8623],[25.2265,44.8696]]],[[[25.2503,44.8751],[25.2638,44.8761],[25.2661,44.8707],[25.2503,44.8751]]],[[[25.1784,44.8752],[25.1793,44.8725],[25.1822,44.8696],[25.1793,44.8682],[25.1846,44.8661],[25.1828,44.8601],[25.166,44.8597],[25.1676,44.8865],[25.1784,44.8752]]],[[[25.0787,44.8835],[25.0806,44.8748],[25.0751,44.8751],[25.0787,44.8835]]],[[[25.1299,44.8731],[25.1227,44.8732],[25.1362,44.8961],[25.1299,44.8731]]],[[[25.2446,44.8926],[25.2441,44.8822],[25.2404,44.8831],[25.2446,44.8926]]],[[[25.2306,44.8829],[25.2346,44.8801],[25.2122,44.8897],[25.2163,44.9022],[25.2306,44.8829]]],[[[25.2314,44.8847],[25.2248,44.8986],[25.2268,44.9018],[25.2314,44.8847]]],[[[25.1612,44.8944],[25.142,44.8914],[25.1538,44.9079],[25.1612,44.8944]]],[[[25.3621,44.8907],[25.3489,44.8998],[25.361,44.9088],[25.3621,44.8907]]],[[[25.139,44.9035],[25.1373,44.9029],[25.1389,44.914],[25.1532,44.9193],[25.139,44.9035]]],[[[25.0814,44.9253],[25.0778,44.932],[25.086,44.9248],[25.093,44.9269],[25.0897,44.9198],[25.0814,44.9253]]],[[[25.1683,44.9418],[25.1531,44.9244],[25.1532,44.9317],[25.1683,44.9418]]],[[[25.2009,44.9335],[25.1957,44.9477],[25.2104,44.9306],[25.2009,44.9335]]],[[[25.0818,44.9368],[25.0892,44.9265],[25.0801,44.9361],[25.0836,44.9477],[25.0818,44.9368]]],[[[25.3229,44.9466],[25.3429,44.936],[25.3298,44.933],[25.3229,44.9466]]],[[[25.0737,44.9451],[25.0725,44.9398],[25.0645,44.9591],[25.0737,44.9451]]],[[[25.122,44.9474],[25.1175,44.9481],[25.1164,44.9506],[25.122,44.9474]]],[[[25.2114,44.9558],[25.201,44.9528],[25.2099,44.9585],[25.2204,44.9559],[25.2114,44.9558]]],[[[25.1904,44.9514],[25.2101,44.9087],[25.1744,44.9605],[25.1944,44.964],[25.1901,44.9792],[25.1887,44.971],[25.1644,44.9671],[25.187,44.9916],[25.1918,44.9771],[25.1949,44.9763],[25.1898,44.9881],[25.1979,44.9985],[25.2064,44.9996],[25.2027,44.9718],[25.2204,44.9763],[25.2222,44.9739],[25.2001,44.9676],[25.1904,44.9514]]],[[[25.193,44.9535],[25.1957,44.9588],[25.2092,44.9589],[25.193,44.9535]]],[[[25.0856,44.9561],[25.0911,44.9639],[25.0988,44.9675],[25.0856,44.9561]]],[[[25.2868,44.9532],[25.2634,44.9593],[25.275,44.964],[25.2871,44.962],[25.2868,44.9532]]],[[[25.3078,44.9533],[25.3001,44.9614],[25.308,44.9645],[25.3078,44.9533]]],[[[25.1451,44.9664],[25.1454,44.9615],[25.1354,44.9647],[25.1451,44.9664]]],[[[25.0486,44.9743],[25.0549,44.9698],[25.0528,44.9655],[25.0624,44.9587],[25.0461,44.9584],[25.0486,44.9743]]],[[[25.2714,44.9684],[25.2655,44.976],[25.2762,44.9811],[25.2714,44.9684]]],[[[25.1103,44.9828],[25.1172,44.9855],[25.1106,44.9773],[25.1168,44.9661],[25.1049,44.9724],[25.1103,44.9828]]],[[[25.1407,44.9702],[25.155,44.9846],[25.16,44.9806],[25.1407,44.9702]]],[[[25.1041,44.9906],[25.1111,44.9853],[25.0879,44.966],[25.1041,44.9906]]],[[[25.1435,44.9856],[25.1371,44.9726],[25.1383,44.9792],[25.1435,44.9856]]],[[[25.2859,44.9947],[25.3008,44.9961],[25.3031,44.9816],[25.2859,44.9947]]],[[[25.1586,44.9924],[25.1545,44.9864],[25.1574,44.993],[25.1586,44.9924]]],[[[25.1309,44.9906],[25.1203,44.9702],[25.1207,45.0005],[25.127,44.9951],[25.1375,45.0089],[25.1431,45.0098],[25.1309,44.9906]]],[[[25.3777,44.9889],[25.3647,44.993],[25.3801,44.9883],[25.3777,44.9889]]],[[[25.3039,44.9967],[25.3176,44.9956],[25.3107,44.9911],[25.3039,44.9967]]],[[[25.1716,44.9906],[25.1579,44.9982],[25.1495,44.9885],[25.1403,44.9882],[25.1503,45.0023],[25.1702,44.9999],[25.1716,44.9906]]],[[[25.1796,45.0028],[25.1865,44.9962],[25.1793,44.9951],[25.1796,45.0028]]],[[[25.2757,44.9963],[25.2521,44.9985],[25.2526,45.0059],[25.2757,44.9963]]],[[[25.1638,45.0028],[25.157,45.0053],[25.1607,45.0092],[25.1638,45.0028]]],[[[25.0415,45.0051],[25.0534,45.0177],[25.0553,45.0167],[25.0415,45.0051]]],[[[25.3926,45.0152],[25.4036,45.0181],[25.4026,45.0157],[25.3926,45.0152]]],[[[25.1231,45.0033],[25.1079,44.9992],[25.1362,45.0374],[25.1231,45.0033]]],[[[25.2637,45.0149],[25.2457,45.029],[25.2616,45.0254],[25.2685,45.0145],[25.2637,45.0149]]],[[[25.1792,45.0285],[25.1802,45.018],[25.1743,45.0171],[25.1792,45.0285]]],[[[25.2892,45.0115],[25.2689,45.0342],[25.28,45.0377],[25.2909,45.0228],[25.2892,45.0115]]],[[[25.1245,45.0337],[25.1158,45.021],[25.1161,45.0225],[25.1245,45.0337]]],[[[25.1115,45.0223],[25.0998,45.0238],[25.1067,45.0316],[25.1199,45.0366],[25.1115,45.0223]]],[[[25.2854,45.0407],[25.2925,45.0445],[25.2938,45.0278],[25.2854,45.0407]]],[[[25.0662,45.0384],[25.0484,45.0248],[25.0426,45.0227],[25.0662,45.0384]]],[[[25.1439,45.0268],[25.1541,45.0335],[25.1588,45.0312],[25.14,45.0236],[25.1523,45.0593],[25.1439,45.0268]]],[[[25.263,45.0403],[25.2638,45.0262],[25.2365,45.0631],[25.263,45.0403]]],[[[25.1783,45.0414],[25.166,45.0383],[25.177,45.0615],[25.1783,45.0414]]],[[[25.1199,45.0508],[25.1087,45.0457],[25.1089,45.0558],[25.1199,45.0508]]],[[[25.2258,45.0653],[25.2328,45.0512],[25.2242,45.0535],[25.2258,45.0653]]],[[[25.2266,45.0653],[25.2262,45.067],[25.2324,45.068],[25.2266,45.0653]]],[[[25.1004,45.0735],[25.1069,45.0735],[25.0896,45.0666],[25.1004,45.0735]]],[[[25.2407,45.0662],[25.2673,45.0596],[25.2756,45.0514],[25.2742,45.0499],[25.2371,45.0656],[25.246,45.1007],[25.2407,45.0662]]],[[[25.2501,45.0747],[25.2487,45.0804],[25.2742,45.0871],[25.2501,45.0747]]],[[[25.0951,45.0837],[25.1014,45.0846],[25.0979,45.0755],[25.0951,45.0837]]],[[[25.2842,45.0793],[25.2802,45.0843],[25.2904,45.09],[25.2842,45.0793]]],[[[25.2933,45.0893],[25.2971,45.0958],[25.3058,45.0831],[25.3106,45.0836],[25.2986,45.0805],[25.2933,45.0893]]],[[[25.2101,45.1036],[25.22,45.11],[25.2241,45.0826],[25.2101,45.1036]]],[[[25.2071,45.1203],[25.2095,45.1158],[25.2044,45.1046],[25.2155,45.0899],[25.1975,45.0843],[25.219,45.0822],[25.2246,45.0671],[25.1969,45.0789],[25.1969,45.1209],[25.2071,45.1203]]],[[[25.0361,45.0859],[25.0243,45.0949],[25.0407,45.1086],[25.0361,45.0859]]],[[[25.3283,45.091],[25.3115,45.086],[25.2955,45.1017],[25.3283,45.091]]],[[[25.3369,45.0961],[25.3375,45.1045],[25.3522,45.1005],[25.3369,45.0961]]],[[[25.3961,45.1006],[25.3709,45.1051],[25.3815,45.1144],[25.3961,45.1006]]],[[[25.3482,45.1139],[25.3573,45.1173],[25.3573,45.1022],[25.3482,45.1139]]],[[[25.292,45.1129],[25.2855,45.1035],[25.2803,45.1081],[25.292,45.1129]]],[[[25.0434,45.1184],[25.0275,45.1006],[25.0154,45.1138],[25.0275,45.1209],[25.0579,45.1205],[25.0551,45.1156],[25.0434,45.1184]]],[[[25.0983,45.1113],[25.0921,45.0914],[25.0762,45.1287],[25.0983,45.1113]]],[[[25.1179,45.1168],[25.1024,45.1015],[25.1063,45.1216],[25.1108,45.128],[25.1165,45.1267],[25.1179,45.1168]]],[[[25.3942,45.1205],[25.3979,45.1167],[25.3717,45.1191],[25.3942,45.1205]]],[[[25.2188,45.1113],[25.2023,45.1306],[25.1885,45.1341],[25.2129,45.1299],[25.2188,45.1113]]],[[[25.3368,45.12],[25.3303,45.1228],[25.3487,45.1355],[25.3634,45.1302],[25.3368,45.12]]],[[[25.2184,45.122],[25.2161,45.1313],[25.2217,45.1259],[25.2184,45.122]]],[[[25.2809,45.1301],[25.2977,45.1289],[25.2922,45.1249],[25.2809,45.1301]]],[[[25.3322,45.1194],[25.2986,45.1098],[25.3407,45.1474],[25.3247,45.1225],[25.3322,45.1194]]],[[[25.1183,45.1356],[25.1202,45.1294],[25.1124,45.1288],[25.1183,45.1356]]],[[[25.2615,45.1358],[25.2737,45.1341],[25.2616,45.1297],[25.2615,45.1358]]],[[[25.0765,45.1334],[25.0579,45.1314],[25.0738,45.1431],[25.0793,45.1387],[25.0765,45.1334]]],[[[25.0908,45.1385],[25.0904,45.1434],[25.1055,45.1356],[25.0908,45.1385]]],[[[25.1152,45.139],[25.1142,45.14],[25.1334,45.1439],[25.1152,45.139]]],[[[25.3459,45.1416],[25.3614,45.145],[25.3501,45.14],[25.3459,45.1416]]],[[[25.1784,45.1294],[25.17,45.1324],[25.181,45.1502],[25.1784,45.1294]]],[[[25.0567,45.1336],[25.0481,45.1353],[25.0633,45.148],[25.0567,45.1336]]],[[[25.1979,45.1386],[25.1939,45.1396],[25.2182,45.1457],[25.1979,45.1386]]],[[[25.0827,45.1494],[25.0871,45.1442],[25.0757,45.1432],[25.0827,45.1494]]],[[[25.3646,45.1463],[25.3962,45.1543],[25.3978,45.1428],[25.3646,45.1463]]],[[[25.1654,45.1403],[25.1532,45.1339],[25.1319,45.1565],[25.1141,45.1455],[25.0959,45.1513],[25.1321,45.1614],[25.1654,45.1403]]],[[[25.2321,45.1426],[25.2304,45.148],[25.2447,45.1538],[25.2321,45.1426]]],[[[25.2642,45.1431],[25.2627,45.1466],[25.2722,45.1527],[25.2642,45.1431]]],[[[25.2818,45.1529],[25.2894,45.1458],[25.2878,45.1433],[25.2818,45.1529]]],[[[25.2972,45.145],[25.2967,45.1626],[25.3182,45.1638],[25.3247,45.1463],[25.2972,45.145]]],[[[25.2327,45.1519],[25.2277,45.1579],[25.248,45.1658],[25.2327,45.1519]]],[[[25.2107,45.1654],[25.2355,45.1684],[25.2094,45.1629],[25.2115,45.1723],[25.2107,45.1654]]],[[[25.1159,45.1598],[25.1095,45.164],[25.1223,45.1742],[25.1159,45.1598]]],[[[25.08,45.1589],[25.0627,45.1749],[25.0682,45.1783],[25.0939,45.1739],[25.08,45.1589]]],[[[25.1907,45.1758],[25.2144,45.151],[25.1754,45.1632],[25.1989,45.1656],[25.1781,45.1731],[25.1819,45.1874],[25.1907,45.1758]]],[[[25.2625,45.161],[25.25,45.1621],[25.2678,45.1862],[25.2625,45.161]]],[[[25.1118,45.1686],[25.1083,45.1716],[25.1127,45.179],[25.1118,45.1686]]],[[[25.2115,45.1801],[25.2318,45.1819],[25.2271,45.1748],[25.2115,45.1801]]],[[[25.0802,45.1789],[25.0733,45.1802],[25.0664,45.1926],[25.0802,45.1789]]],[[[25.3455,45.1824],[25.2933,45.1912],[25.3078,45.205],[25.3455,45.1824]]],[[[25.3347,45.2011],[25.3354,45.2029],[25.3453,45.1853],[25.3347,45.2011]]],[[[25.1871,45.2004],[25.1867,45.1972],[25.1859,45.1963],[25.1841,45.1954],[25.1837,45.1955],[25.1777,45.2073],[25.1871,45.2004]]],[[[25.1251,45.1883],[25.0101,45.2027],[25.0673,45.2113],[25.0699,45.2359],[25.1251,45.1883]]],[[[25.1655,45.2051],[25.1617,45.2149],[25.168,45.2181],[25.1655,45.2051]]],[[[25.1255,45.2478],[25.115,45.2417],[25.1223,45.2248],[25.1235,45.2404],[25.1413,45.2357],[25.1501,45.1894],[25.1749,45.1991],[25.1707,45.1625],[25.1276,45.1727],[25.1275,45.2192],[25.0871,45.2272],[25.0598,45.2635],[25.1255,45.2478]],[[25.1358,45.1745],[25.1559,45.1772],[25.152,45.1806],[25.1358,45.1745]]],[[[25.1831,45.2278],[25.1891,45.2319],[25.1925,45.2314],[25.1831,45.2278]]],[[[25.0569,45.223],[25.0327,45.2307],[25.0437,45.2409],[25.0569,45.223]]],[[[25.1787,45.2327],[25.1889,45.2326],[25.1779,45.2277],[25.1542,45.2413],[25.1787,45.2327]]],[[[25.1906,45.2357],[25.1854,45.2434],[25.2084,45.2498],[25.1906,45.2357]]],[[[25.1468,45.2587],[25.1549,45.2598],[25.1526,45.2476],[25.1468,45.2587]]],[[[25.0478,45.2561],[25.0565,45.2544],[25.0486,45.2519],[25.0478,45.2561]]],[[[25.1162,45.2683],[25.1382,45.2792],[25.1416,45.2683],[25.1162,45.2683]]],[[[25.0581,45.2731],[25.0713,45.2714],[25.0609,45.2673],[25.0581,45.2731]]],[[[25.0908,45.2805],[25.0995,45.2823],[25.0958,45.2763],[25.0908,45.2805]]],[[[25.1103,45.2871],[25.112,45.2803],[25.1068,45.2787],[25.1103,45.2871]]],[[[25.1628,45.3986],[25.1665,45.4022],[25.1758,45.399],[25.1628,45.3986]]],[[[25.3205,45.4916],[25.3245,45.4932],[25.3151,45.4797],[25.3205,45.4916]]],[[[25.0394,45.8567],[25.0565,45.8565],[25.0514,45.8526],[25.0394,45.8567]]],[[[25.38,46.1189],[25.3884,46.1165],[25.3858,46.1134],[25.38,46.1189]]],[[[25.0978,46.1491],[25.1103,46.1431],[25.1017,46.1393],[25.0978,46.1491]]],[[[25.3035,46.2005],[25.3071,46.1962],[25.3046,46.1939],[25.3035,46.2005]]],[[[25.1437,46.2178],[25.1536,46.2137],[25.151,46.21],[25.1437,46.2178]]],[[[25.3572,46.255],[25.364,46.2527],[25.3537,46.255],[25.3572,46.255]]],[[[25.1944,46.297],[25.1972,46.3045],[25.2063,46.3022],[25.1944,46.297]]],[[[25.2814,46.2918],[25.275,46.2924],[25.2758,46.31],[25.2814,46.2918]]],[[[25.2125,46.3065],[25.2187,46.3126],[25.2264,46.3003],[25.2125,46.3065]]],[[[25.2047,46.3227],[25.2109,46.3171],[25.2067,46.316],[25.2047,46.3227]]],[[[25.2756,46.3164],[25.247,46.322],[25.286,46.3279],[25.2756,46.3164]]],[[[25.0585,46.3632],[25.0739,46.3692],[25.0747,46.3643],[25.0585,46.3632]]],[[[25.1569,46.3577],[25.1417,46.3601],[25.1434,46.3717],[25.1569,46.3577]]],[[[25.0996,46.3834],[25.1029,46.3748],[25.0906,46.3836],[25.1093,46.387],[25.0996,46.3834]]],[[[25.2129,46.396],[25.2173,46.4011],[25.2228,46.3989],[25.2129,46.396]]],[[[25.2198,46.4015],[25.2088,46.4075],[25.2357,46.4179],[25.2198,46.4015]]],[[[25.2431,46.4142],[25.2524,46.4144],[25.2414,46.4124],[25.2431,46.4142]]],[[[25.1195,46.4309],[25.0966,46.4335],[25.1037,46.4408],[25.1195,46.4309]]],[[[25.502,42.8074],[25.5005,42.8054],[25.4919,42.8127],[25.502,42.8074]]],[[[25.4954,42.8192],[25.4973,42.8318],[25.5,42.8269],[25.4954,42.8192]]],[[[26.1035,42.9056],[26.1062,42.9006],[26.102,42.9006],[26.1035,42.9056]]],[[[25.397,42.908],[25.4084,42.9064],[25.4067,42.9042],[25.397,42.908]]],[[[25.7816,42.9158],[25.7863,42.9173],[25.788,42.9132],[25.7816,42.9158]]],[[[25.8569,42.9205],[25.8723,42.9283],[25.8695,42.9241],[25.8569,42.9205]]],[[[26.0363,42.9554],[26.0456,42.9565],[26.0416,42.9469],[26.0363,42.9554]]],[[[25.4478,42.9525],[25.4469,42.9589],[25.4572,42.9517],[25.4478,42.9525]]],[[[26.1368,42.9724],[26.1423,42.9656],[26.1398,42.9648],[26.1368,42.9724]]],[[[25.4207,42.9709],[25.4201,42.9722],[25.4262,42.9756],[25.4207,42.9709]]],[[[25.5485,42.9715],[25.5445,42.9716],[25.5502,42.977],[25.5485,42.9715]]],[[[25.4992,43.0043],[25.4979,43.0081],[25.5095,43.0026],[25.4992,43.0043]]],[[[25.5853,43.0037],[25.577,43.0026],[25.5943,43.0137],[25.5853,43.0037]]],[[[25.5074,43.0068],[25.5056,43.0106],[25.5245,43.0088],[25.5074,43.0068]]],[[[25.767,43.0386],[25.7915,43.0369],[25.7911,43.0348],[25.767,43.0386]]],[[[25.5545,43.0925],[25.546,43.0966],[25.5652,43.0943],[25.5545,43.0925]]],[[[25.4159,43.1279],[25.3842,43.1209],[25.3912,43.1258],[25.4159,43.1279]]],[[[25.4064,43.1483],[25.3971,43.1577],[25.4105,43.1565],[25.4064,43.1483]]],[[[25.7563,43.1689],[25.7625,43.1685],[25.7624,43.1669],[25.7563,43.1689]]],[[[25.932,43.1963],[25.9405,43.2011],[25.9384,43.1969],[25.932,43.1963]]],[[[25.97,43.1989],[25.9776,43.1981],[25.9729,43.194],[25.97,43.1989]]],[[[25.9791,43.2075],[25.9492,43.2119],[25.9693,43.2188],[25.9791,43.2075]]],[[[26.0468,43.2259],[26.0552,43.2227],[26.0509,43.2224],[26.0468,43.2259]]],[[[25.5677,43.2175],[25.5715,43.234],[25.5794,43.2335],[25.5677,43.2175]]],[[[25.7792,43.228],[25.7797,43.2242],[25.7672,43.2254],[25.7792,43.228]]],[[[25.7419,43.2538],[25.7488,43.248],[25.734,43.2498],[25.7419,43.2538]]],[[[26.1087,43.2535],[26.1241,43.2546],[26.1192,43.2501],[26.1087,43.2535]]],[[[25.7366,43.3047],[25.7526,43.3014],[25.7357,43.2991],[25.7366,43.3047]]],[[[25.7122,43.3675],[25.7369,43.3633],[25.7252,43.36],[25.7122,43.3675]]],[[[25.6777,43.3813],[25.6802,43.3751],[25.6728,43.3764],[25.6777,43.3813]]],[[[26.1587,43.3754],[26.1654,43.3822],[26.1809,43.38],[26.1587,43.3754]]],[[[26.0315,43.4038],[26.0349,43.4024],[26.025,43.4046],[26.0315,43.4038]]],[[[26.1833,43.4283],[26.1816,43.4217],[26.1742,43.4228],[26.1833,43.4283]]],[[[26.1793,43.508],[26.1858,43.5089],[26.1778,43.502],[26.1793,43.508]]],[[[25.4355,43.5151],[25.4459,43.5135],[25.4454,43.5106],[25.4355,43.5151]]],[[[26.1731,43.5686],[26.1858,43.5706],[26.1844,43.566],[26.1731,43.5686]]],[[[26.1529,43.5838],[26.1593,43.5838],[26.1594,43.5798],[26.1529,43.5838]]],[[[25.7484,43.6044],[25.7568,43.5985],[25.7525,43.5959],[25.7484,43.6044]]],[[[25.6253,43.6345],[25.6066,43.6325],[25.607,43.634],[25.6253,43.6345]]],[[[25.9402,43.6791],[25.9664,43.6784],[25.9618,43.6746],[25.9402,43.6791]]],[[[25.5286,43.6947],[25.5583,43.7085],[25.567,43.6976],[25.5286,43.6947]]],[[[25.6523,43.718],[25.6497,43.7311],[25.663,43.7319],[25.6523,43.718]]],[[[25.5203,43.7512],[25.5195,43.749],[25.5123,43.7583],[25.5203,43.7512]]],[[[25.9471,43.7939],[25.9495,43.7949],[25.9577,43.7892],[25.9471,43.7939]]],[[[25.9582,43.7983],[25.968,43.7949],[25.9613,43.7904],[25.9582,43.7983]]],[[[26.0748,43.7943],[26.0751,43.7973],[26.0852,43.7972],[26.0748,43.7943]]],[[[26.1058,43.8775],[26.1072,43.8749],[26.1007,43.8725],[26.1058,43.8775]]],[[[26.1871,43.8832],[26.1878,43.889],[26.1925,43.889],[26.1871,43.8832]]],[[[25.7511,43.895],[25.7697,43.8897],[25.7658,43.8818],[25.7511,43.895]]],[[[26.0872,43.9324],[26.0815,43.9308],[26.0911,43.9369],[26.0872,43.9324]]],[[[25.9692,43.9511],[25.9881,43.9491],[25.9851,43.9346],[25.9718,43.9291],[25.9692,43.9511]],[[25.982,43.9362],[25.9846,43.9481],[25.9748,43.9492],[25.982,43.9362]]],[[[25.9498,43.9394],[25.9402,43.9575],[25.9627,43.9451],[25.9498,43.9394]]],[[[25.9445,43.99],[25.9542,43.9939],[25.9665,43.9919],[25.9445,43.99]]],[[[25.9848,44.117],[25.9707,44.1331],[25.9776,44.1326],[25.9848,44.117]]],[[[26.0464,44.2179],[26.0565,44.2175],[26.0551,44.208],[26.0464,44.2179]]],[[[26.1161,44.2368],[26.1225,44.2351],[26.1066,44.2321],[26.1161,44.2368]]],[[[25.4188,44.2886],[25.4104,44.2833],[25.3971,44.2904],[25.4188,44.2886]]],[[[25.5675,44.3575],[25.5683,44.3627],[25.5761,44.355],[25.5675,44.3575]]],[[[25.7598,44.3886],[25.7391,44.3893],[25.7488,44.3923],[25.7598,44.3886]]],[[[25.971,44.5154],[25.9679,44.5231],[25.9814,44.5307],[25.971,44.5154]]],[[[25.8992,44.5927],[25.8927,44.6027],[25.9064,44.6033],[25.8992,44.5927]]],[[[26.0661,44.6566],[26.0513,44.6622],[26.0536,44.6735],[26.0661,44.6566]]],[[[25.9163,44.6939],[25.9153,44.7005],[25.9207,44.7008],[25.9163,44.6939]]],[[[25.4651,44.8322],[25.4494,44.8174],[25.4297,44.8438],[25.4651,44.8322]]],[[[25.4047,44.8956],[25.4227,44.886],[25.4188,44.8814],[25.4047,44.8956]]],[[[25.6671,44.9105],[25.6926,44.9104],[25.6995,44.9082],[25.6671,44.9105]]],[[[25.6671,44.9132],[25.6658,44.9101],[25.6672,44.9086],[25.6576,44.9138],[25.6671,44.9132]]],[[[25.6691,44.9142],[25.6538,44.9374],[25.6635,44.9397],[25.6691,44.9142]]],[[[25.4983,44.943],[25.4924,44.9408],[25.5005,44.9591],[25.4983,44.943]]],[[[25.4712,44.9521],[25.469,44.9544],[25.4755,44.9571],[25.4712,44.9521]]],[[[25.4844,44.9464],[25.4829,44.9661],[25.4897,44.9647],[25.4844,44.9464]]],[[[25.462,44.9608],[25.4697,44.958],[25.4672,44.9559],[25.462,44.9608]]],[[[25.6424,44.9565],[25.6388,44.9646],[25.6491,44.9599],[25.6424,44.9565]]],[[[25.7509,44.9651],[25.7591,44.9649],[25.7571,44.9571],[25.7509,44.9651]]],[[[25.5027,44.9592],[25.5006,44.9661],[25.5095,44.9682],[25.5027,44.9592]]],[[[25.4615,44.9668],[25.4504,44.9703],[25.4606,44.9777],[25.4662,44.9747],[25.4615,44.9668]]],[[[25.5108,44.9772],[25.4949,44.9868],[25.5043,44.9893],[25.5158,44.9712],[25.5115,44.9613],[25.5108,44.9772]]],[[[25.7152,44.9823],[25.7198,44.978],[25.7138,44.976],[25.7152,44.9823]]],[[[25.4243,44.9816],[25.4383,44.9818],[25.4348,44.9771],[25.4243,44.9816]]],[[[25.4253,44.9883],[25.4313,44.9861],[25.4176,44.9856],[25.4253,44.9883]]],[[[25.7227,44.9891],[25.736,44.9898],[25.7327,44.9835],[25.7165,44.9869],[25.7227,44.9891]]],[[[25.7219,44.9904],[25.7258,44.998],[25.7251,44.9925],[25.7219,44.9904]]],[[[25.579,45.0],[25.5865,44.9998],[25.5727,44.9934],[25.579,45.0]]],[[[25.5439,45.0076],[25.5468,44.9845],[25.5269,44.9951],[25.5491,45.0165],[25.5707,45.0021],[25.5439,45.0076]]],[[[25.6472,44.9953],[25.6366,44.9925],[25.6385,45.0154],[25.6462,45.0095],[25.6472,44.9953]]],[[[25.4011,45.0016],[25.401,45.0078],[25.4049,45.0086],[25.4011,45.0016]]],[[[26.1094,45.0073],[26.1045,45.0132],[26.1142,45.0202],[26.1094,45.0073]]],[[[25.9593,45.0145],[25.9569,45.0203],[25.963,45.0193],[25.9593,45.0145]]],[[[25.6449,45.0183],[25.6419,45.0229],[25.6505,45.0235],[25.6542,45.0122],[25.6449,45.0183]]],[[[25.4242,45.02],[25.4156,45.0203],[25.425,45.0235],[25.4335,45.0214],[25.4242,45.02]]],[[[25.4821,45.0195],[25.4658,45.0185],[25.4806,45.0286],[25.4839,45.0198],[25.4821,45.0195]]],[[[25.7447,45.0251],[25.7313,45.0313],[25.7467,45.03],[25.7447,45.0251]]],[[[25.8402,45.0231],[25.8257,45.0309],[25.8323,45.0312],[25.8402,45.0231]]],[[[25.6067,45.0245],[25.6022,45.0253],[25.6101,45.032],[25.6201,45.0331],[25.6067,45.0245]]],[[[25.9494,45.0357],[25.9661,45.0316],[25.9537,45.0233],[25.9494,45.0357]]],[[[25.4893,45.0236],[25.4852,45.0305],[25.4743,45.0313],[25.4804,45.0366],[25.4882,45.03],[25.4893,45.0236]]],[[[25.4335,45.0239],[25.4236,45.0277],[25.4566,45.0344],[25.4335,45.0239]]],[[[25.4187,45.0276],[25.4087,45.0262],[25.4322,45.0426],[25.4187,45.0276]]],[[[25.4004,45.03],[25.394,45.0321],[25.4087,45.0513],[25.4004,45.03]]],[[[25.4425,45.043],[25.4255,45.0307],[25.4464,45.0513],[25.4425,45.043]]],[[[25.6101,45.044],[25.6216,45.0431],[25.6185,45.0381],[25.6101,45.044]]],[[[25.5838,45.0488],[25.5702,45.0578],[25.5808,45.0625],[25.5838,45.0488]]],[[[25.9844,45.0524],[25.9618,45.0545],[25.9801,45.0614],[25.9844,45.0524]]],[[[25.8305,45.0682],[25.8794,45.051],[25.8473,45.044],[25.7897,45.1021],[25.8305,45.0682]]],[[[25.571,45.0716],[25.5646,45.0779],[25.5745,45.0839],[25.5756,45.0689],[25.571,45.0716]]],[[[26.105,45.0679],[26.0957,45.0727],[26.127,45.0807],[26.105,45.0679]]],[[[25.5208,45.0776],[25.519,45.0782],[25.527,45.0802],[25.5323,45.0764],[25.5208,45.0776]]],[[[25.5843,45.0714],[25.5778,45.0759],[25.5905,45.0866],[25.5991,45.0852],[25.5843,45.0714]]],[[[25.9497,45.0843],[25.9332,45.0903],[25.9519,45.0892],[25.9497,45.0843]]],[[[25.4587,45.087],[25.4537,45.0867],[25.4532,45.0924],[25.4587,45.087]]],[[[25.8642,45.0849],[25.8367,45.0984],[25.8494,45.103],[25.8642,45.0849]]],[[[25.3988,45.0917],[25.3866,45.0972],[25.4013,45.0996],[25.4122,45.1076],[25.3988,45.0917]]],[[[25.4536,45.0939],[25.4477,45.0932],[25.441,45.1029],[25.4536,45.0939]]],[[[25.7341,45.0996],[25.7386,45.1061],[25.7464,45.0977],[25.7341,45.0996]]],[[[25.9689,45.1022],[25.9599,45.1087],[25.9932,45.1189],[25.9689,45.1022]]],[[[25.7581,45.1159],[25.7613,45.1183],[25.7764,45.117],[25.7581,45.1159]]],[[[26.0344,45.1168],[26.0605,45.1091],[26.0561,45.1075],[26.0344,45.1168]]],[[[25.6599,45.1108],[25.6532,45.1166],[25.6654,45.1183],[25.6599,45.1108]]],[[[25.5226,45.1123],[25.5295,45.1182],[25.5343,45.1156],[25.5226,45.1123]]],[[[26.0922,45.1137],[26.0802,45.1101],[26.0821,45.1199],[26.09,45.1211],[26.0922,45.1137]]],[[[25.4099,45.1139],[25.3958,45.1131],[25.4091,45.1262],[25.4099,45.1139]]],[[[25.6711,45.1197],[25.6796,45.1282],[25.6853,45.1308],[25.6711,45.1197]]],[[[25.4881,45.1193],[25.4674,45.1363],[25.4973,45.1375],[25.4881,45.1193]]],[[[25.9228,45.121],[25.9181,45.1365],[25.9278,45.1262],[25.9284,45.1394],[25.9376,45.1371],[25.9314,45.1406],[25.9331,45.1418],[25.9383,45.1424],[25.9424,45.1394],[25.9228,45.121]]],[[[25.9132,45.1374],[25.9119,45.1379],[25.9232,45.1433],[25.9132,45.1374]]],[[[26.0145,45.1405],[26.0181,45.1485],[26.0271,45.1454],[26.0145,45.1405]]],[[[25.439,45.1377],[25.4108,45.1304],[25.4263,45.156],[25.439,45.1377]]],[[[25.7617,45.1481],[25.7418,45.1501],[25.7472,45.1585],[25.7617,45.1481]]],[[[25.4673,45.1584],[25.4779,45.1604],[25.483,45.1496],[25.4475,45.1409],[25.4587,45.1607],[25.491,45.1725],[25.4673,45.1584]]],[[[26.1585,45.1578],[26.1634,45.1556],[26.1525,45.155],[26.1483,45.1604],[26.1585,45.1578]]],[[[26.0072,45.1589],[26.0129,45.1637],[26.0137,45.1567],[26.0072,45.1589]]],[[[25.4083,45.163],[25.4038,45.1545],[25.396,45.1666],[25.4083,45.163]]],[[[25.6366,45.1664],[25.6434,45.1641],[25.6293,45.1657],[25.6366,45.1664]]],[[[25.494,45.1701],[25.4995,45.1675],[25.4966,45.1626],[25.494,45.1701]]],[[[25.4623,45.1681],[25.4539,45.1634],[25.4461,45.1787],[25.4623,45.1681]]],[[[25.397,45.1695],[25.393,45.1774],[25.4148,45.1847],[25.397,45.1695]]],[[[25.6178,45.1766],[25.6131,45.182],[25.6263,45.1833],[25.6178,45.1766]]],[[[25.7534,45.1953],[25.7575,45.1851],[25.7543,45.1857],[25.7534,45.1953]]],[[[26.1971,45.1861],[26.1915,45.1879],[26.2058,45.1973],[26.1971,45.1861]]],[[[25.4265,45.1997],[25.4354,45.2062],[25.4363,45.1862],[25.4265,45.1997]]],[[[26.1912,45.1903],[26.1891,45.1909],[26.1864,45.2016],[26.1912,45.1903]]],[[[26.031,45.1925],[26.0131,45.2083],[26.0258,45.2003],[26.031,45.1925]]],[[[25.6407,45.2006],[25.6395,45.2026],[25.6482,45.2038],[25.6407,45.2006]]],[[[25.642,45.211],[25.6499,45.2067],[25.6385,45.2042],[25.642,45.211]]],[[[25.9141,45.2028],[25.9089,45.1981],[25.9083,45.224],[25.9141,45.2028]]],[[[26.1671,45.2183],[26.1794,45.2206],[26.158,45.2096],[26.1671,45.2183]]],[[[25.4209,45.2105],[25.4215,45.2243],[25.4319,45.2194],[25.4209,45.2105]]],[[[25.674,45.2155],[25.6787,45.2253],[25.6834,45.219],[25.674,45.2155]]],[[[25.9035,45.2096],[25.8864,45.2251],[25.8988,45.2303],[25.9035,45.2096]]],[[[25.4441,45.2173],[25.4427,45.2219],[25.4545,45.2204],[25.4441,45.2173]]],[[[26.0221,45.2282],[26.023,45.2294],[26.0358,45.2128],[26.0221,45.2282]]],[[[25.5604,45.2142],[25.5489,45.2105],[25.5517,45.2278],[25.5605,45.2314],[25.5604,45.2142]]],[[[25.488,45.2301],[25.4986,45.2314],[25.4806,45.2204],[25.488,45.2301]]],[[[25.4501,45.2277],[25.4642,45.2313],[25.461,45.2269],[25.4501,45.2277]]],[[[26.1737,45.2341],[26.1787,45.2313],[26.1766,45.2267],[26.1737,45.2341]]],[[[25.644,45.2327],[25.6418,45.2265],[25.6396,45.2274],[25.644,45.2327]]],[[[26.011,45.2479],[26.0066,45.2457],[26.0017,45.2486],[26.011,45.2479]]],[[[26.1077,45.2611],[26.1108,45.2595],[26.0907,45.256],[26.1077,45.2611]]],[[[25.6157,45.2685],[25.6218,45.259],[25.6114,45.2601],[25.6157,45.2685]]],[[[25.8194,45.2692],[25.8394,45.2738],[25.8322,45.2707],[25.8194,45.2692]]],[[[25.9741,45.2656],[25.9735,45.2745],[25.9798,45.2726],[25.9741,45.2656]]],[[[26.0938,45.2858],[26.1008,45.2789],[26.0907,45.2725],[26.0938,45.2858]]],[[[25.9364,45.285],[25.9533,45.2814],[25.9505,45.2797],[25.9364,45.285]]],[[[25.9676,45.2833],[25.9586,45.2886],[25.976,45.2904],[25.9676,45.2833]]],[[[26.153,45.2802],[26.1474,45.282],[26.1553,45.2937],[26.153,45.2802]]],[[[26.1172,45.2912],[26.1172,45.2857],[26.1103,45.2828],[26.1172,45.2912]]],[[[25.9449,45.2889],[25.9347,45.2894],[25.9384,45.2921],[25.9612,45.2848],[25.9449,45.2889]]],[[[26.1335,45.2792],[26.1142,45.299],[26.1451,45.3029],[26.1328,45.3118],[26.1573,45.3021],[26.1335,45.2792]]],[[[25.984,45.2918],[25.9851,45.3067],[25.9922,45.3034],[25.984,45.2918]]],[[[26.0232,45.3053],[26.0272,45.2958],[26.0197,45.2961],[26.0232,45.3053]]],[[[26.1777,45.3099],[26.1337,45.3212],[26.1834,45.3217],[26.1777,45.3099]]],[[[26.1903,45.3316],[26.2019,45.3285],[26.1907,45.3157],[26.1903,45.3316]]],[[[26.0373,45.3583],[26.0371,45.3497],[26.0337,45.3508],[26.0373,45.3583]]],[[[25.7833,45.6453],[25.7895,45.6438],[25.7907,45.638],[25.7833,45.6453]]],[[[25.4104,45.6483],[25.4233,45.6561],[25.4203,45.6453],[25.4104,45.6483]]],[[[25.6454,45.693],[25.64,45.703],[25.6494,45.7023],[25.6454,45.693]]],[[[25.6499,45.7096],[25.6551,45.7187],[25.6618,45.7234],[25.6499,45.7096]]],[[[25.6409,45.7619],[25.6536,45.7499],[25.6452,45.7525],[25.6409,45.7619]]],[[[25.7723,45.8381],[25.7617,45.8407],[25.7685,45.8538],[25.7723,45.8381]]],[[[25.8883,45.8816],[25.897,45.8852],[25.8959,45.8816],[25.8883,45.8816]]],[[[25.8184,45.9605],[25.8091,45.9627],[25.8141,45.9684],[25.8184,45.9605]]],[[[25.414,46.0376],[25.4231,46.0372],[25.4205,46.0297],[25.414,46.0376]]],[[[26.0322,46.0317],[26.0307,46.0355],[26.0425,46.036],[26.0322,46.0317]]],[[[25.5569,46.1384],[25.5682,46.1388],[25.5566,46.1315],[25.5569,46.1384]]],[[[25.4618,46.2166],[25.4562,46.2278],[25.4614,46.225],[25.4618,46.2166]]],[[[26.1961,47.5002],[26.1958,47.5054],[26.2055,47.5035],[26.1961,47.5002]]],[[[26.1149,47.5457],[26.1209,47.5492],[26.1283,47.5471],[26.1104,47.5378],[26.1149,47.5457]]],[[[25.933,47.6672],[25.939,47.6592],[25.9355,47.6594],[25.933,47.6672]]],[[[26.0409,47.6709],[26.036,47.6776],[26.0427,47.6798],[26.0409,47.6709]]],[[[25.9264,47.7151],[25.9229,47.7207],[25.9382,47.723],[25.9264,47.7151]]],[[[25.834,47.7687],[25.8311,47.7841],[25.8369,47.7815],[25.834,47.7687]]],[[[25.9252,47.7765],[25.9287,47.7828],[25.942,47.778],[25.9252,47.7765]]],[[[26.0356,47.8093],[26.0489,47.8068],[26.0444,47.8031],[26.0356,47.8093]]],[[[26.1549,47.8389],[26.1554,47.8341],[26.152,47.835],[26.1549,47.8389]]],[[[26.1362,47.8809],[26.1321,47.8749],[26.129,47.8755],[26.1362,47.8809]]],[[[26.1537,47.913],[26.1547,47.9133],[26.1587,47.9008],[26.1537,47.913]]],[[[26.0827,47.9403],[26.0873,47.9426],[26.0897,47.939],[26.0827,47.9403]]],[[[26.5392,42.9744],[26.5519,42.9705],[26.547,42.9683],[26.5392,42.9744]]],[[[26.4187,42.9678],[26.4159,42.9724],[26.4251,42.9759],[26.4187,42.9678]]],[[[26.5233,42.9835],[26.5279,42.9815],[26.5194,42.9768],[26.5233,42.9835]]],[[[26.4337,43.0142],[26.4385,43.0134],[26.4364,43.0088],[26.4337,43.0142]]],[[[26.4143,43.0179],[26.4307,43.0135],[26.4271,43.0059],[26.4143,43.0179]]],[[[26.5285,43.0471],[26.5216,43.0527],[26.5406,43.049],[26.5285,43.0471]]],[[[26.3951,43.0492],[26.3985,43.0571],[26.4021,43.0519],[26.3951,43.0492]]],[[[26.3698,43.065],[26.3616,43.0743],[26.3643,43.0751],[26.3698,43.065]]],[[[26.4277,43.0685],[26.385,43.0832],[26.3914,43.0848],[26.4277,43.0685]]],[[[26.2014,43.1336],[26.2007,43.1396],[26.2078,43.1396],[26.2014,43.1336]]],[[[26.5634,43.1363],[26.5497,43.1398],[26.5595,43.1471],[26.5634,43.1363]]],[[[26.3664,43.2238],[26.3604,43.2239],[26.3605,43.2271],[26.3664,43.2238]]],[[[26.507,43.3267],[26.5083,43.3228],[26.4962,43.322],[26.507,43.3267]]],[[[26.4004,43.3633],[26.4035,43.3597],[26.3959,43.3572],[26.4004,43.3633]]],[[[26.5124,43.3775],[26.5183,43.3644],[26.5148,43.3662],[26.5124,43.3775]]],[[[26.2921,43.3826],[26.2984,43.3763],[26.2929,43.3724],[26.2921,43.3826]]],[[[26.5312,43.4011],[26.5146,43.399],[26.5285,43.4036],[26.5312,43.4011]]],[[[26.5405,43.3933],[26.5358,43.3967],[26.5569,43.4158],[26.5405,43.3933]]],[[[26.4846,43.406],[26.476,43.4015],[26.4751,43.4072],[26.4846,43.406]]],[[[26.4935,43.4091],[26.4974,43.4092],[26.4986,43.4028],[26.4935,43.4091]]],[[[26.3367,43.4139],[26.3393,43.4081],[26.3054,43.4071],[26.3367,43.4139]]],[[[26.3334,43.4191],[26.3372,43.417],[26.3334,43.4144],[26.3334,43.4191]]],[[[26.3509,43.5483],[26.37,43.5491],[26.3606,43.5447],[26.3509,43.5483]]],[[[26.3912,43.6535],[26.3914,43.6461],[26.3872,43.6453],[26.3912,43.6535]]],[[[26.4602,43.6629],[26.454,43.6677],[26.4661,43.6682],[26.4602,43.6629]]],[[[26.2456,43.706],[26.2308,43.7188],[26.2403,43.7203],[26.2456,43.706]]],[[[26.3117,43.7487],[26.3181,43.7564],[26.3229,43.7532],[26.3117,43.7487]]],[[[26.2622,43.8494],[26.2667,43.8515],[26.2702,43.8473],[26.2622,43.8494]]],[[[26.3219,43.9003],[26.326,43.8921],[26.3185,43.8907],[26.3219,43.9003]]],[[[26.281,43.9013],[26.2823,43.8965],[26.2791,43.8951],[26.281,43.9013]]],[[[26.2989,43.9106],[26.2978,43.9044],[26.2945,43.9039],[26.2989,43.9106]]],[[[26.3454,43.9218],[26.3521,43.9236],[26.3513,43.9157],[26.3454,43.9218]]],[[[26.5724,43.9331],[26.5826,43.9133],[26.5799,43.9095],[26.5724,43.9331]]],[[[26.5202,43.9334],[26.5066,43.9362],[26.5071,43.9382],[26.5202,43.9334]]],[[[26.4926,43.9599],[26.4946,43.9581],[26.4881,43.9543],[26.4926,43.9599]]],[[[26.4725,43.9682],[26.4834,43.9734],[26.4906,43.97],[26.4725,43.9682]]],[[[26.4387,43.9777],[26.4247,43.9771],[26.4261,43.9834],[26.4387,43.9777]]],[[[26.5227,44.0018],[26.5142,43.9988],[26.5127,44.0018],[26.5227,44.0018]]],[[[26.2744,44.3178],[26.2746,44.3166],[26.2667,44.3126],[26.2744,44.3178]]],[[[26.2416,44.3206],[26.2376,44.3236],[26.2495,44.3256],[26.2416,44.3206]]],[[[26.2706,44.4479],[26.2656,44.4444],[26.2614,44.4478],[26.2706,44.4479]]],[[[26.2644,44.5051],[26.2674,44.5005],[26.2559,44.4968],[26.2644,44.5051]]],[[[26.2158,44.5303],[26.2238,44.5242],[26.2228,44.5231],[26.2158,44.5303]]],[[[26.5497,45.0458],[26.5465,45.0524],[26.5545,45.0553],[26.5497,45.0458]]],[[[26.5184,45.0575],[26.5232,45.047],[26.5194,45.0456],[26.5184,45.0575]]],[[[26.3988,45.0977],[26.399,45.1012],[26.4085,45.0991],[26.3988,45.0977]]],[[[26.3315,45.1422],[26.3375,45.1478],[26.3512,45.1456],[26.3315,45.1422]]],[[[26.4106,45.1451],[26.4075,45.1478],[26.4141,45.1503],[26.4106,45.1451]]],[[[26.3673,45.1528],[26.3636,45.1551],[26.3703,45.161],[26.3673,45.1528]]],[[[26.2585,45.1633],[26.2617,45.1609],[26.2506,45.1557],[26.2585,45.1633]]],[[[26.3717,45.1737],[26.3814,45.1803],[26.3818,45.1768],[26.3717,45.1737]]],[[[26.2577,45.1878],[26.2595,45.1932],[26.2637,45.1923],[26.2577,45.1878]]],[[[26.2879,45.194],[26.2902,45.1939],[26.2794,45.1896],[26.2879,45.194]]],[[[26.2703,45.1931],[26.2722,45.2044],[26.2873,45.2048],[26.2703,45.1931]]],[[[26.3854,45.2254],[26.4008,45.2173],[26.3872,45.2148],[26.3671,45.225],[26.3854,45.2254]]],[[[26.2616,45.2303],[26.2702,45.2266],[26.2616,45.2209],[26.2616,45.2303]]],[[[26.2786,45.2269],[26.2695,45.2387],[26.2428,45.2323],[26.2732,45.2426],[26.2912,45.2419],[26.2786,45.2269]]],[[[26.374,45.2443],[26.3763,45.2418],[26.3673,45.2312],[26.374,45.2443]]],[[[26.4404,45.2489],[26.4409,45.2444],[26.4263,45.2495],[26.4404,45.2489]]],[[[26.3186,45.2576],[26.3204,45.2568],[26.3097,45.254],[26.3186,45.2576]]],[[[26.238,45.2625],[26.2582,45.2625],[26.2532,45.258],[26.2458,45.2544],[26.2447,45.2549],[26.238,45.2625]]],[[[26.5281,45.2579],[26.5231,45.2581],[26.5247,45.2629],[26.5375,45.2655],[26.5281,45.2579]]],[[[26.3118,45.266],[26.3126,45.2602],[26.3083,45.2594],[26.3118,45.266]]],[[[26.3179,45.2592],[26.3126,45.2673],[26.317,45.2682],[26.3179,45.2592]]],[[[26.3038,45.2665],[26.3034,45.2622],[26.2853,45.2614],[26.3038,45.2665]]],[[[26.3655,45.2713],[26.3729,45.2741],[26.3776,45.2627],[26.3655,45.2713]]],[[[26.5061,45.2721],[26.512,45.2634],[26.4913,45.2673],[26.5061,45.2721]]],[[[26.3487,45.2658],[26.3428,45.2764],[26.355,45.2749],[26.3487,45.2658]]],[[[26.4353,45.2763],[26.4362,45.2746],[26.4263,45.2693],[26.4353,45.2763]]],[[[26.2428,45.269],[26.2383,45.2724],[26.2583,45.2767],[26.2428,45.269]]],[[[26.2826,45.267],[26.2775,45.2686],[26.3004,45.2827],[26.2826,45.267]]],[[[26.2542,45.2888],[26.2668,45.2862],[26.2627,45.2826],[26.2542,45.2888]]],[[[26.3793,45.2833],[26.3659,45.2837],[26.3991,45.2937],[26.3793,45.2833]]],[[[26.3554,45.2896],[26.346,45.2913],[26.3522,45.2962],[26.3554,45.2896]]],[[[26.3601,45.3017],[26.3403,45.2991],[26.36,45.3092],[26.3601,45.3017]]],[[[26.5676,45.2926],[26.5465,45.2984],[26.5619,45.307],[26.5676,45.2926]]],[[[26.4442,45.3032],[26.4568,45.3078],[26.457,45.2988],[26.4442,45.3032]]],[[[26.3888,45.3063],[26.3738,45.3058],[26.3734,45.3162],[26.3888,45.3063]]],[[[26.4994,45.3218],[26.5062,45.318],[26.507,45.3111],[26.4859,45.304],[26.4994,45.3218]]],[[[26.5458,45.3167],[26.5627,45.3155],[26.5517,45.3073],[26.5458,45.3167]]],[[[26.2076,45.3156],[26.1926,45.3158],[26.2139,45.3184],[26.2076,45.3156]]],[[[26.3435,45.3186],[26.3427,45.3233],[26.357,45.3188],[26.3435,45.3186]]],[[[26.479,45.3155],[26.4712,45.3197],[26.4807,45.3245],[26.4764,45.3191],[26.4937,45.3213],[26.479,45.3155]]],[[[26.572,45.3252],[26.575,45.3212],[26.5679,45.3191],[26.572,45.3252]]],[[[26.4914,45.3277],[26.497,45.3235],[26.4845,45.3226],[26.4914,45.3277]]],[[[26.2911,45.3216],[26.281,45.3269],[26.2959,45.3304],[26.2911,45.3216]]],[[[26.3483,45.3246],[26.3491,45.3331],[26.3544,45.3253],[26.3483,45.3246]]],[[[26.3324,45.329],[26.321,45.3303],[26.3226,45.3311],[26.3324,45.329]]],[[[26.5255,45.3236],[26.5149,45.3291],[26.5554,45.3402],[26.5255,45.3236]]],[[[26.3736,45.3222],[26.359,45.3408],[26.3688,45.342],[26.3736,45.3222]]],[[[26.4647,45.3425],[26.4795,45.3366],[26.4723,45.336],[26.4647,45.3425]]],[[[26.481,45.3501],[26.4976,45.3537],[26.485,45.3404],[26.481,45.3501]]],[[[26.3573,45.351],[26.3645,45.347],[26.355,45.3463],[26.3573,45.351]]],[[[26.2119,45.3469],[26.2199,45.3397],[26.1883,45.3584],[26.2119,45.3469]]],[[[26.3329,45.3525],[26.3302,45.3555],[26.3388,45.3548],[26.3329,45.3525]]],[[[26.4638,45.3572],[26.4692,45.3557],[26.4689,45.3517],[26.4638,45.3572]]],[[[26.4823,45.3515],[26.4735,45.3565],[26.4982,45.359],[26.4823,45.3515]]],[[[26.4504,45.3585],[26.4539,45.3544],[26.4463,45.3556],[26.4504,45.3585]]],[[[26.2134,45.3535],[26.2039,45.363],[26.2297,45.3618],[26.2134,45.3535]]],[[[26.5667,45.3584],[26.5479,45.3702],[26.5782,45.3671],[26.5667,45.3584]]],[[[26.2368,45.3705],[26.2407,45.3689],[26.2342,45.3641],[26.2368,45.3705]]],[[[26.2037,45.3716],[26.209,45.3698],[26.2037,45.3648],[26.2037,45.3716]]],[[[26.3805,45.3726],[26.3868,45.3716],[26.3834,45.3682],[26.3805,45.3726]]],[[[26.2488,45.372],[26.2585,45.3715],[26.2493,45.3658],[26.2488,45.372]]],[[[26.324,45.3713],[26.3194,45.3767],[26.318,45.3812],[26.324,45.3713]]],[[[26.4207,45.38],[26.4292,45.3801],[26.4278,45.3771],[26.4207,45.38]]],[[[26.3903,45.3797],[26.3885,45.3849],[26.4042,45.3913],[26.3903,45.3797]]],[[[26.4832,45.3884],[26.4872,45.3849],[26.4744,45.3833],[26.4832,45.3884]]],[[[26.3247,45.3867],[26.3316,45.3925],[26.3354,45.3888],[26.3247,45.3867]]],[[[26.2445,45.3904],[26.2373,45.3866],[26.2303,45.3919],[26.2445,45.3904]]],[[[26.5651,45.3968],[26.554,45.398],[26.5565,45.3981],[26.5651,45.3968]]],[[[26.3269,45.416],[26.3347,45.4021],[26.3274,45.3954],[26.3269,45.416]]],[[[26.3422,45.4005],[26.3386,45.4167],[26.3426,45.4116],[26.3422,45.4005]]],[[[26.5681,45.4075],[26.5619,45.4147],[26.5821,45.4116],[26.5681,45.4075]]],[[[26.2631,45.4106],[26.258,45.4124],[26.2766,45.4138],[26.2631,45.4106]]],[[[26.2942,45.4218],[26.2972,45.421],[26.2892,45.4171],[26.2942,45.4218]]],[[[26.5412,45.4261],[26.5445,45.4233],[26.5423,45.4209],[26.5412,45.4261]]],[[[26.522,45.4244],[26.5096,45.4327],[26.5254,45.4402],[26.522,45.4244]]],[[[26.2971,45.4383],[26.3065,45.4355],[26.303,45.4303],[26.2971,45.4383]]],[[[26.3267,45.457],[26.3181,45.448],[26.3184,45.4546],[26.3267,45.457]]],[[[26.4822,45.4526],[26.4964,45.4534],[26.4945,45.4495],[26.4822,45.4526]]],[[[26.2881,45.448],[26.3065,45.4558],[26.3028,45.4502],[26.2881,45.448]]],[[[26.5169,45.4588],[26.5003,45.4613],[26.5129,45.4686],[26.5169,45.4588]]],[[[26.3868,45.4556],[26.3815,45.4557],[26.3983,45.4789],[26.3868,45.4556]]],[[[26.5134,45.5166],[26.5124,45.5105],[26.5034,45.5106],[26.5183,45.5208],[26.528,45.5105],[26.5134,45.5166]]],[[[26.5329,45.516],[26.5307,45.5118],[26.5238,45.5232],[26.5329,45.516]]],[[[26.2009,45.9255],[26.2085,45.9239],[26.2036,45.9187],[26.2009,45.9255]]],[[[26.2458,46.0857],[26.2481,46.0815],[26.2398,46.0795],[26.2458,46.0857]]],[[[26.5254,46.4763],[26.5318,46.4759],[26.5037,46.4644],[26.5254,46.4763]]],[[[26.5465,46.5215],[26.5639,46.5134],[26.5564,46.5087],[26.5465,46.5215]]],[[[26.5498,46.5469],[26.5443,46.5397],[26.5327,46.544],[26.5498,46.5469]]],[[[26.5695,46.7158],[26.5691,46.7089],[26.5637,46.7113],[26.5695,46.7158]]],[[[26.4635,46.7698],[26.4578,46.7719],[26.4789,46.7773],[26.4635,46.7698]]],[[[26.5146,46.8082],[26.4832,46.8242],[26.4923,46.8242],[26.5146,46.8082]]],[[[26.448,46.832],[26.4655,46.8298],[26.4623,46.8263],[26.448,46.832]]],[[[26.4025,46.9408],[26.4074,46.94],[26.4009,46.9331],[26.4025,46.9408]]],[[[26.4259,46.9433],[26.4421,46.939],[26.4401,46.9362],[26.4259,46.9433]]],[[[26.5016,46.964],[26.5008,46.9632],[26.4933,46.968],[26.5016,46.964]]],[[[26.3447,46.9642],[26.3324,46.9709],[26.3515,46.9734],[26.3447,46.9642]]],[[[26.5156,46.9921],[26.5165,46.9983],[26.5393,46.9909],[26.5156,46.9921]]],[[[26.3754,47.0415],[26.3724,47.0468],[26.3932,47.0388],[26.3754,47.0415]]],[[[26.4991,47.0508],[26.5075,47.0479],[26.505,47.0454],[26.4991,47.0508]]],[[[26.5797,47.0479],[26.5739,47.0378],[26.5631,47.0679],[26.5767,47.0752],[26.5779,47.0597],[26.5797,47.0479]],[[26.5713,47.0614],[26.5767,47.0658],[26.5737,47.07],[26.5713,47.0614]]],[[[26.5229,47.0938],[26.5209,47.0817],[26.51,47.0772],[26.5179,47.0954],[26.5449,47.1084],[26.5229,47.0938]]],[[[26.3358,47.0962],[26.3445,47.1],[26.3504,47.0943],[26.3358,47.0962]]],[[[26.3258,47.1129],[26.332,47.102],[26.2975,47.1065],[26.2959,47.118],[26.3258,47.1129]]],[[[26.4028,47.1191],[26.3973,47.1142],[26.3887,47.1224],[26.4028,47.1191]]],[[[26.3779,47.1244],[26.3741,47.1277],[26.3842,47.1327],[26.3779,47.1244]]],[[[26.4501,47.1475],[26.4583,47.1498],[26.463,47.135],[26.4501,47.1475]]],[[[26.294,47.1492],[26.3009,47.1491],[26.3084,47.1411],[26.294,47.1492]]],[[[26.261,47.1539],[26.2779,47.15],[26.2732,47.148],[26.261,47.1539]]],[[[26.2835,47.1548],[26.2884,47.1583],[26.2914,47.1552],[26.2835,47.1548]]],[[[26.3737,47.1566],[26.3728,47.1534],[26.3609,47.1578],[26.3737,47.1566]]],[[[26.4405,47.1802],[26.4448,47.1886],[26.4516,47.184],[26.4405,47.1802]]],[[[26.2756,47.2149],[26.2936,47.2152],[26.2846,47.2114],[26.2756,47.2149]]],[[[26.4063,47.2465],[26.4171,47.2433],[26.4127,47.2386],[26.4063,47.2465]]],[[[26.3959,47.2486],[26.4046,47.2486],[26.4027,47.2432],[26.3959,47.2486]]],[[[26.5612,47.3014],[26.5571,47.3114],[26.5737,47.3054],[26.5612,47.3014]]],[[[26.4529,47.3327],[26.459,47.3245],[26.4373,47.3485],[26.4529,47.3327]]],[[[26.2486,47.3762],[26.2375,47.3834],[26.2532,47.3804],[26.2486,47.3762]]],[[[26.3989,47.3865],[26.4006,47.3829],[26.3925,47.3801],[26.3989,47.3865]]],[[[26.4858,47.3832],[26.4825,47.3949],[26.4862,47.3897],[26.4858,47.3832]]],[[[26.3394,47.4265],[26.35,47.421],[26.347,47.4176],[26.3394,47.4265]]],[[[26.3654,47.4291],[26.3618,47.4411],[26.3712,47.4361],[26.3654,47.4291]]],[[[26.2975,47.4296],[26.281,47.441],[26.2919,47.4502],[26.2975,47.4296]]],[[[26.5251,47.4557],[26.5337,47.455],[26.5356,47.4511],[26.5253,47.4448],[26.5251,47.4557]]],[[[26.2829,47.4619],[26.294,47.4526],[26.2739,47.4464],[26.2829,47.4619]]],[[[26.2463,47.4668],[26.2407,47.468],[26.2483,47.4701],[26.2477,47.4646],[26.2611,47.4536],[26.2517,47.4555],[26.2463,47.4668]]],[[[26.3835,47.4701],[26.384,47.4589],[26.3814,47.4591],[26.3835,47.4701]]],[[[26.2761,47.4694],[26.2596,47.4662],[26.2634,47.4533],[26.253,47.4681],[26.2761,47.4694]]],[[[26.4187,47.4653],[26.4041,47.4832],[26.4129,47.4834],[26.4187,47.4653]]],[[[26.3877,47.4752],[26.3869,47.4727],[26.3719,47.4798],[26.3877,47.4752]]],[[[26.2385,47.4885],[26.2517,47.4821],[26.2462,47.4789],[26.2385,47.4885]]],[[[26.2553,47.4855],[26.2641,47.492],[26.2696,47.4861],[26.2553,47.4855]]],[[[26.2863,47.4928],[26.3166,47.4698],[26.2808,47.4959],[26.2863,47.4928]]],[[[26.3244,47.5104],[26.3225,47.5011],[26.3225,47.517],[26.3244,47.5104]]],[[[26.381,47.5066],[26.3724,47.5165],[26.3834,47.5181],[26.381,47.5066]]],[[[26.442,47.5158],[26.4347,47.5235],[26.4444,47.5254],[26.442,47.5158]]],[[[26.2928,47.5219],[26.2914,47.5279],[26.2973,47.528],[26.2928,47.5219]]],[[[26.2125,47.5198],[26.2076,47.5266],[26.2253,47.5284],[26.2125,47.5198]]],[[[26.4118,47.5273],[26.4077,47.5427],[26.423,47.5417],[26.4118,47.5273]]],[[[26.441,47.5594],[26.4263,47.5713],[26.4473,47.5704],[26.441,47.5594]]],[[[26.4059,47.5703],[26.4073,47.5646],[26.4011,47.5681],[26.4059,47.5703]]],[[[26.3323,47.5652],[26.3246,47.5729],[26.3373,47.5794],[26.3323,47.5652]]],[[[26.2057,47.7001],[26.199,47.7053],[26.2193,47.6969],[26.2057,47.7001]]],[[[26.2722,47.7274],[26.2877,47.7297],[26.2933,47.7269],[26.2722,47.7274]]],[[[26.3152,47.7787],[26.3213,47.7833],[26.3263,47.7729],[26.3152,47.7787]]],[[[26.5321,47.7896],[26.5187,47.7871],[26.5201,47.7891],[26.5321,47.7896]]],[[[26.5192,47.7926],[26.5138,47.7956],[26.5184,47.7987],[26.5192,47.7926]]],[[[26.4212,47.8531],[26.425,47.8619],[26.4356,47.8547],[26.4212,47.8531]]],[[[26.2207,47.8607],[26.2351,47.8534],[26.2311,47.8503],[26.2207,47.8607]]],[[[26.413,47.8898],[26.4059,47.897],[26.4114,47.8963],[26.4182,47.8829],[26.413,47.8898]]],[[[26.3179,47.9463],[26.3287,47.9512],[26.3426,47.9476],[26.3179,47.9463]]],[[[26.2771,47.9887],[26.2756,47.9903],[26.2849,47.9908],[26.2771,47.9887]]],[[[26.3184,48.0925],[26.3139,48.0854],[26.3083,48.0952],[26.3184,48.0925]]],[[[26.4123,48.1555],[26.4097,48.1635],[26.4235,48.1578],[26.4123,48.1555]]],[[[26.5611,48.1654],[26.5638,48.1596],[26.5563,48.1642],[26.5611,48.1654]]],[[[26.3497,48.1685],[26.3419,48.1701],[26.3416,48.1722],[26.3497,48.1685]]],[[[26.7424,42.7186],[26.7448,42.7138],[26.7362,42.7083],[26.7424,42.7186]]],[[[26.776,42.7379],[26.7711,42.7479],[26.7769,42.7477],[26.776,42.7379]]],[[[26.8743,42.7883],[26.8757,42.7817],[26.872,42.7817],[26.8743,42.7883]]],[[[26.7375,42.8177],[26.7423,42.8089],[26.7317,42.8058],[26.7217,42.817],[26.7375,42.8177]]],[[[26.6198,42.974],[26.6198,42.9725],[26.6098,42.968],[26.6198,42.974]]],[[[26.6391,42.9705],[26.639,42.9871],[26.6466,42.9881],[26.6391,42.9705]]],[[[26.6895,43.0049],[26.6964,43.014],[26.7003,43.0125],[26.6895,43.0049]]],[[[26.8101,43.0207],[26.8246,43.0149],[26.8205,43.0128],[26.8101,43.0207]]],[[[26.6842,43.0656],[26.715,43.0721],[26.7088,43.0692],[26.6842,43.0656]]],[[[26.7096,43.0803],[26.7077,43.0813],[26.7164,43.0862],[26.7261,43.0829],[26.7096,43.0803]]],[[[26.6222,43.0914],[26.6439,43.0849],[26.6406,43.0853],[26.6222,43.0914]]],[[[26.7711,43.0947],[26.7637,43.0986],[26.7823,43.0949],[26.7711,43.0947]]],[[[26.7143,43.1051],[26.7211,43.1001],[26.7197,43.0989],[26.7143,43.1051]]],[[[26.7809,43.1532],[26.7721,43.1549],[26.7819,43.1563],[26.7907,43.1513],[26.7809,43.1532]]],[[[26.8393,43.157],[26.8413,43.1548],[26.8359,43.1529],[26.8393,43.157]]],[[[26.8513,43.1763],[26.855,43.1756],[26.8567,43.1707],[26.8513,43.1763]]],[[[26.9023,43.1861],[26.9279,43.1855],[26.9267,43.1841],[26.9023,43.1861]]],[[[26.8743,43.1974],[26.8694,43.1925],[26.8671,43.2009],[26.8743,43.1974]]],[[[26.8819,43.208],[26.8768,43.2137],[26.8887,43.2185],[26.8819,43.208]]],[[[26.6102,43.2304],[26.6191,43.2345],[26.6175,43.227],[26.6102,43.2304]]],[[[26.9415,43.2453],[26.9515,43.2391],[26.948,43.2387],[26.9415,43.2453]]],[[[26.9403,43.2573],[26.9448,43.2529],[26.937,43.2501],[26.9403,43.2573]]],[[[26.8115,43.2575],[26.8025,43.259],[26.8211,43.264],[26.8115,43.2575]]],[[[26.8021,43.2865],[26.7956,43.2842],[26.8052,43.296],[26.8021,43.2865]]],[[[26.9303,43.2951],[26.9218,43.2959],[26.9258,43.3007],[26.9303,43.2951]]],[[[26.8977,43.3263],[26.9196,43.3235],[26.9185,43.3189],[26.8977,43.3263]]],[[[26.7943,43.3274],[26.7991,43.3247],[26.7808,43.3223],[26.7943,43.3274]]],[[[26.6362,43.3401],[26.6414,43.3411],[26.6403,43.3318],[26.6362,43.3401]]],[[[26.7021,43.5047],[26.6906,43.4985],[26.6917,43.5017],[26.7021,43.5047]]],[[[26.9142,43.5148],[26.9148,43.5245],[26.9153,43.5242],[26.9142,43.5148]]],[[[26.6146,43.537],[26.6012,43.5362],[26.6036,43.5379],[26.6146,43.537]]],[[[26.6007,43.6147],[26.5991,43.6055],[26.5953,43.6056],[26.6007,43.6147]]],[[[26.7594,43.6276],[26.7431,43.6263],[26.7502,43.6337],[26.7594,43.6276]]],[[[26.8958,43.6735],[26.9024,43.6682],[26.8998,43.6649],[26.8958,43.6735]]],[[[26.942,43.6773],[26.9485,43.6834],[26.9448,43.6775],[26.942,43.6773]]],[[[26.8294,43.7639],[26.829,43.7529],[26.8172,43.769],[26.8294,43.7639]]],[[[26.628,43.9123],[26.6331,43.9057],[26.6274,43.9036],[26.628,43.9123]]],[[[26.9403,43.9681],[26.9512,43.978],[26.9529,43.9556],[26.9403,43.9681]]],[[[26.7225,43.9913],[26.7354,43.9959],[26.7404,43.9785],[26.7225,43.9913]]],[[[26.6334,43.9938],[26.6308,43.9951],[26.6375,44.0032],[26.6334,43.9938]]],[[[26.8631,43.9985],[26.8563,43.9983],[26.8557,44.002],[26.8631,43.9985]]],[[[26.7633,43.9942],[26.7531,43.9934],[26.7528,44.0079],[26.7633,43.9942]]],[[[26.8319,44.0212],[26.8343,44.031],[26.8383,44.0306],[26.8319,44.0212]]],[[[26.7956,44.0309],[26.7923,44.0266],[26.7866,44.029],[26.7956,44.0309]]],[[[26.6317,44.0327],[26.6348,44.0302],[26.6227,44.0314],[26.6317,44.0327]]],[[[26.6724,44.037],[26.6681,44.0366],[26.6662,44.0402],[26.6724,44.037]]],[[[26.8099,44.076],[26.815,44.077],[26.8184,44.0656],[26.8099,44.076]]],[[[26.6477,44.4017],[26.6434,44.4044],[26.6493,44.4074],[26.6477,44.4017]]],[[[26.5973,45.195],[26.5768,45.2155],[26.5828,45.2138],[26.5973,45.195]]],[[[26.691,45.266],[26.6799,45.2724],[26.6819,45.2742],[26.691,45.266]]],[[[26.5904,45.2956],[26.5925,45.2925],[26.5826,45.2906],[26.5904,45.2956]]],[[[26.8227,45.3119],[26.8229,45.3156],[26.8335,45.3112],[26.8227,45.3119]]],[[[26.576,45.308],[26.5725,45.313],[26.5833,45.3182],[26.576,45.308]]],[[[26.6982,45.3227],[26.7033,45.3227],[26.6999,45.3119],[26.6982,45.3227]]],[[[26.7886,45.3254],[26.7986,45.3258],[26.7944,45.3188],[26.7886,45.3254]]],[[[26.6141,45.3405],[26.6202,45.3339],[26.592,45.3419],[26.6141,45.3405]]],[[[26.8094,45.3598],[26.81,45.358],[26.7954,45.3551],[26.8094,45.3598]]],[[[26.6525,45.3584],[26.6555,45.3624],[26.6612,45.3561],[26.6525,45.3584]]],[[[26.7994,45.3624],[26.7998,45.3716],[26.8184,45.3664],[26.7994,45.3624]]],[[[26.6476,45.3823],[26.645,45.3875],[26.656,45.3815],[26.6476,45.3823]]],[[[26.605,45.3846],[26.6038,45.3879],[26.6142,45.3843],[26.605,45.3846]]],[[[26.5885,45.3916],[26.5998,45.396],[26.5976,45.3867],[26.5885,45.3916]]],[[[26.8293,45.435],[26.8192,45.4444],[26.8327,45.4439],[26.8293,45.435]]],[[[26.6027,45.4389],[26.6003,45.4446],[26.6152,45.4394],[26.6027,45.4389]]],[[[26.6237,45.4476],[26.6174,45.4536],[26.6262,45.4513],[26.6237,45.4476]]],[[[26.8755,45.4693],[26.8778,45.4673],[26.8651,45.4546],[26.8755,45.4693]]],[[[26.6128,45.4641],[26.6158,45.4615],[26.6086,45.4588],[26.6128,45.4641]]],[[[26.6351,45.4657],[26.6277,45.4639],[26.6335,45.4705],[26.6351,45.4657]]],[[[26.6114,45.4772],[26.6204,45.4757],[26.611,45.4673],[26.6114,45.4772]]],[[[26.6891,45.4942],[26.6941,45.4943],[26.6932,45.4835],[26.6891,45.4942]]],[[[26.6661,45.486],[26.6554,45.4909],[26.6719,45.4953],[26.6661,45.486]]],[[[26.6493,45.4949],[26.6516,45.4941],[26.6427,45.4903],[26.6493,45.4949]]],[[[26.7508,45.4957],[26.7513,45.501],[26.7571,45.4896],[26.7508,45.4957]]],[[[26.6075,45.4929],[26.6005,45.5055],[26.6107,45.4999],[26.6075,45.4929]]],[[[26.6155,45.5047],[26.6279,45.5056],[26.6266,45.5049],[26.6155,45.5047]]],[[[26.7869,45.5152],[26.7853,45.5183],[26.8038,45.5182],[26.7869,45.5152]]],[[[26.9233,45.527],[26.9221,45.5324],[26.9261,45.5339],[26.9233,45.527]]],[[[26.6425,45.532],[26.6352,45.5402],[26.6442,45.5326],[26.6425,45.532]]],[[[26.8195,45.5351],[26.8144,45.5334],[26.8196,45.5389],[26.8195,45.5351]]],[[[26.8502,45.5378],[26.8583,45.5483],[26.8603,45.5352],[26.8502,45.5378]]],[[[26.8843,45.5441],[26.8803,45.5399],[26.8753,45.5447],[26.8843,45.5441]]],[[[26.6506,45.5392],[26.6417,45.5454],[26.6531,45.549],[26.6506,45.5392]]],[[[26.9069,45.5384],[26.8973,45.5523],[26.9292,45.5472],[26.9069,45.5384]]],[[[26.8461,45.5417],[26.842,45.5459],[26.8471,45.5521],[26.8461,45.5417]]],[[[26.9249,45.5535],[26.9241,45.5674],[26.9311,45.5688],[26.9249,45.5535]]],[[[26.9209,45.558],[26.9203,45.5559],[26.9135,45.5605],[26.9142,45.5738],[26.9209,45.558]]],[[[26.9057,45.558],[26.856,45.5639],[26.8547,45.5769],[26.9057,45.558]]],[[[26.9374,45.5713],[26.9293,45.5713],[26.9361,45.5824],[26.9374,45.5713]]],[[[26.9138,45.5803],[26.8826,45.5866],[26.8972,45.5979],[26.9138,45.5803]]],[[[26.9086,45.6008],[26.9121,45.6079],[26.9159,45.6057],[26.9086,45.6008]]],[[[26.8999,45.5982],[26.8941,45.6003],[26.9013,45.6051],[26.8999,45.5982]]],[[[26.9274,45.6123],[26.9187,45.6093],[26.9368,45.6159],[26.9274,45.6123]]],[[[26.8951,45.6193],[26.8982,45.6196],[26.9029,45.6117],[26.8951,45.6193]]],[[[26.7141,45.6995],[26.7205,45.6939],[26.71,45.6914],[26.7141,45.6995]]],[[[26.7904,45.7396],[26.7791,45.7384],[26.7824,45.7473],[26.7904,45.7396]]],[[[26.7218,45.7514],[26.7149,45.7543],[26.7295,45.7574],[26.7218,45.7514]]],[[[26.7409,45.7808],[26.7395,45.7864],[26.749,45.7842],[26.7409,45.7808]]],[[[26.8157,45.8434],[26.8259,45.8367],[26.7971,45.8201],[26.8157,45.8434]]],[[[26.8368,45.8775],[26.8263,45.882],[26.8375,45.8885],[26.8368,45.8775]]],[[[26.8084,45.887],[26.8188,45.8873],[26.8103,45.8805],[26.8084,45.887]]],[[[26.8933,45.8862],[26.8901,45.8906],[26.9028,45.8904],[26.8933,45.8862]]],[[[26.8164,45.8894],[26.8201,45.9004],[26.8352,45.8958],[26.8164,45.8894]]],[[[26.9322,45.9392],[26.9267,45.9462],[26.9391,45.9456],[26.9322,45.9392]]],[[[26.8924,45.9332],[26.8772,45.9556],[26.8925,45.9515],[26.8924,45.9332]]],[[[26.7974,45.9598],[26.8037,45.958],[26.8027,45.9552],[26.7974,45.9598]]],[[[26.8346,45.9551],[26.8258,45.9607],[26.8286,45.9609],[26.8346,45.9551]]],[[[26.6663,45.9932],[26.6566,45.9953],[26.657,45.9982],[26.6663,45.9932]]],[[[26.9012,46.0018],[26.9025,45.9991],[26.8892,45.9993],[26.9012,46.0018]]],[[[26.8941,46.1645],[26.8928,46.1665],[26.907,46.1788],[26.8941,46.1645]]],[[[26.774,46.1855],[26.7685,46.1958],[26.7802,46.1981],[26.774,46.1855]]],[[[26.7984,46.1991],[26.8052,46.1891],[26.7948,46.1884],[26.7984,46.1991]]],[[[26.632,46.2003],[26.6432,46.1987],[26.625,46.1967],[26.632,46.2003]]],[[[26.6243,46.2024],[26.6262,46.2],[26.6087,46.1995],[26.6243,46.2024]]],[[[26.8612,46.1965],[26.8551,46.1989],[26.8605,46.2117],[26.8612,46.1965]]],[[[26.6921,46.2196],[26.688,46.2205],[26.688,46.2286],[26.7328,46.2405],[26.6921,46.2196]]],[[[26.8581,46.2505],[26.8536,46.2544],[26.8576,46.2572],[26.8581,46.2505]]],[[[26.6593,46.2758],[26.6675,46.2749],[26.6653,46.2682],[26.6593,46.2758]]],[[[26.6779,46.2956],[26.684,46.2845],[26.6753,46.2852],[26.6779,46.2956]]],[[[26.6705,46.324],[26.6812,46.3198],[26.6802,46.3181],[26.6705,46.324]]],[[[26.865,46.4443],[26.8534,46.45],[26.8775,46.4461],[26.865,46.4443]]],[[[26.8076,46.4797],[26.819,46.4776],[26.8096,46.4729],[26.8076,46.4797]]],[[[26.7781,46.5],[26.7788,46.5042],[26.7905,46.5028],[26.7781,46.5]]],[[[26.8312,46.5257],[26.8338,46.5307],[26.8405,46.5281],[26.8312,46.5257]]],[[[26.8527,46.5318],[26.8511,46.537],[26.8579,46.5257],[26.8527,46.5318]]],[[[26.6085,46.5391],[26.6132,46.5378],[26.6093,46.5345],[26.6085,46.5391]]],[[[26.823,46.5444],[26.8201,46.5486],[26.8284,46.5537],[26.823,46.5444]]],[[[26.6472,46.5611],[26.6501,46.5672],[26.6581,46.5526],[26.6472,46.5611]]],[[[26.6025,46.5689],[26.6142,46.5637],[26.6035,46.5588],[26.6025,46.5689]]],[[[26.6881,46.5861],[26.6833,46.5903],[26.6858,46.5942],[26.6881,46.5861]]],[[[26.7057,46.6048],[26.7065,46.5966],[26.6995,46.5989],[26.7057,46.6048]]],[[[26.6729,46.5996],[26.6699,46.6051],[26.6764,46.6093],[26.6729,46.5996]]],[[[26.7781,46.6541],[26.7817,46.6454],[26.7781,46.6454],[26.7631,46.658],[26.7781,46.6541]]],[[[26.767,46.7037],[26.7692,46.6985],[26.7608,46.6964],[26.767,46.7037]]],[[[26.5728,46.7158],[26.5783,46.7157],[26.5781,46.7071],[26.5728,46.7158]]],[[[26.67,46.7724],[26.6733,46.7682],[26.6626,46.775],[26.67,46.7724]]],[[[26.6726,46.7882],[26.6701,46.7932],[26.6815,46.795],[26.6726,46.7882]]],[[[26.7185,46.811],[26.7243,46.8192],[26.7289,46.8081],[26.7185,46.811]]],[[[26.6192,46.8146],[26.6128,46.8088],[26.6107,46.8095],[26.6192,46.8146]]],[[[26.6509,46.821],[26.6579,46.8173],[26.6569,46.8116],[26.6509,46.821]]],[[[26.667,46.8658],[26.6628,46.8719],[26.6701,46.8896],[26.667,46.8658]]],[[[26.6491,46.9035],[26.6462,46.9087],[26.6597,46.9056],[26.6583,46.8988],[26.6491,46.9035]]],[[[26.701,46.9167],[26.6917,46.9207],[26.7126,46.9382],[26.701,46.9167]]],[[[26.6394,46.9386],[26.6189,46.9484],[26.6247,46.9521],[26.6394,46.9386]]],[[[26.8053,46.9479],[26.8005,46.953],[26.8181,46.94],[26.8053,46.9479]]],[[[26.8483,46.9475],[26.8438,46.9529],[26.858,46.9453],[26.8483,46.9475]]],[[[26.7085,46.9931],[26.706,46.9915],[26.7012,47.0001],[26.7085,46.9931]]],[[[26.585,47.053],[26.5922,47.0433],[26.5863,47.046],[26.585,47.053]]],[[[26.6892,47.0548],[26.6924,47.0495],[26.6852,47.0505],[26.6892,47.0548]]],[[[26.917,47.0887],[26.927,47.0945],[26.925,47.0894],[26.917,47.0887]]],[[[26.7142,47.1627],[26.712,47.1666],[26.719,47.1678],[26.7142,47.1627]]],[[[26.9063,47.2056],[26.9133,47.2019],[26.9064,47.2002],[26.9063,47.2056]]],[[[26.9332,47.2975],[26.9365,47.2951],[26.9334,47.2899],[26.9332,47.2975]]],[[[26.8952,47.3528],[26.9057,47.3485],[26.8927,47.3492],[26.8952,47.3528]]],[[[26.8821,47.3581],[26.8689,47.3756],[26.8951,47.3555],[26.8821,47.3581]]],[[[26.5812,47.3731],[26.5994,47.3675],[26.5898,47.3643],[26.5812,47.3731]]],[[[26.7788,47.3756],[26.7851,47.3622],[26.7817,47.3619],[26.7788,47.3756]]],[[[26.8631,47.3622],[26.8579,47.3601],[26.8409,47.3805],[26.8631,47.3622]]],[[[26.8868,47.3795],[26.8978,47.3781],[26.8928,47.3722],[26.8868,47.3795]]],[[[26.9073,47.3805],[26.9108,47.3758],[26.9081,47.3748],[26.9073,47.3805]]],[[[26.8945,47.3814],[26.8957,47.3795],[26.8851,47.3821],[26.8825,47.377],[26.8853,47.3845],[26.8945,47.3814]]],[[[26.832,47.3792],[26.8281,47.3873],[26.8393,47.3844],[26.832,47.3792]]],[[[26.883,47.3924],[26.893,47.3832],[26.881,47.387],[26.883,47.3924]]],[[[26.8852,47.3924],[26.8926,47.3897],[26.8978,47.391],[26.8992,47.391],[26.9002,47.3906],[26.9003,47.3904],[26.8895,47.3881],[26.8852,47.3924]]],[[[26.7613,47.3993],[26.7637,47.3975],[26.7549,47.3951],[26.7613,47.3993]]],[[[26.8357,47.4239],[26.8422,47.416],[26.8367,47.4138],[26.8357,47.4239]]],[[[26.9002,47.4246],[26.9032,47.4203],[26.8822,47.4135],[26.9002,47.4246]]],[[[26.5908,47.4321],[26.594,47.4307],[26.5906,47.4262],[26.5908,47.4321]]],[[[26.8935,47.4326],[26.85,47.4393],[26.855,47.4481],[26.8935,47.4326]]],[[[26.8938,47.4686],[26.8935,47.473],[26.9309,47.4742],[26.9468,47.4599],[26.8938,47.4686]]],[[[26.8595,47.4739],[26.8527,47.4789],[26.8687,47.4805],[26.8595,47.4739]]],[[[26.6517,47.507],[26.6566,47.5053],[26.6462,47.4914],[26.6517,47.507]]],[[[26.8829,47.5128],[26.8844,47.5061],[26.8745,47.5041],[26.8829,47.5128]]],[[[26.6553,47.5483],[26.6432,47.5561],[26.6523,47.5603],[26.6553,47.5483]]],[[[26.8675,47.5583],[26.865,47.5606],[26.8783,47.5639],[26.8817,47.5591],[26.8675,47.5583]]],[[[26.7018,47.5598],[26.7162,47.5813],[26.7201,47.5787],[26.7018,47.5598]]],[[[26.8358,47.5964],[26.837,47.6018],[26.8455,47.6002],[26.8358,47.5964]]],[[[26.9319,47.6216],[26.9347,47.6213],[26.9328,47.6132],[26.9319,47.6216]]],[[[26.5787,47.691],[26.5901,47.6849],[26.5854,47.6836],[26.5787,47.691]]],[[[26.8591,47.7044],[26.8589,47.697],[26.8554,47.6971],[26.8591,47.7044]]],[[[26.6776,47.696],[26.6511,47.7083],[26.6627,47.7186],[26.6776,47.696]]],[[[26.6165,47.7037],[26.6023,47.7136],[26.6046,47.7167],[26.6165,47.7037]]],[[[26.7638,47.7045],[26.7402,47.7196],[26.7498,47.7204],[26.7638,47.7045]]],[[[26.8036,47.7365],[26.7969,47.7366],[26.7976,47.7419],[26.8036,47.7365]]],[[[26.6219,47.7421],[26.6055,47.7429],[26.6059,47.7436],[26.6219,47.7421]]],[[[26.7356,47.8453],[26.7497,47.8478],[26.7486,47.8407],[26.7356,47.8453]]],[[[26.5847,47.8424],[26.5789,47.8514],[26.5898,47.8546],[26.5847,47.8424]]],[[[26.612,47.8476],[26.6117,47.8469],[26.5967,47.85],[26.612,47.8476]]],[[[26.6248,47.8895],[26.6299,47.8865],[26.6309,47.8788],[26.6248,47.8895]]],[[[26.709,47.9114],[26.7048,47.9156],[26.7235,47.9115],[26.709,47.9114]]],[[[26.678,47.9126],[26.6822,47.9185],[26.6847,47.9149],[26.678,47.9126]]],[[[26.8897,47.9283],[26.8933,47.9334],[26.8984,47.9295],[26.8897,47.9283]]],[[[26.8544,47.9455],[26.8552,47.9404],[26.8474,47.9438],[26.8544,47.9455]]],[[[26.6608,48.1621],[26.6623,48.1676],[26.6672,48.1662],[26.6608,48.1621]]],[[[26.9145,48.1821],[26.8934,48.1904],[26.9087,48.1956],[26.9145,48.1821]]],[[[26.6303,48.2379],[26.6447,48.2294],[26.64,48.2263],[26.6303,48.2379]]],[[[26.6519,48.2418],[26.6414,48.2405],[26.6416,48.2414],[26.6519,48.2418]]],[[[26.6679,48.2559],[26.6735,48.2553],[26.6699,48.2494],[26.6679,48.2559]]],[[[26.7206,48.2556],[26.7151,48.2539],[26.7103,48.2644],[26.7206,48.2556]]],[[[27.202,42.6975],[27.1991,42.7006],[27.2019,42.7027],[27.202,42.6975]]],[[[27.3591,42.7248],[27.359,42.7109],[27.3411,42.7195],[27.3591,42.7248]]],[[[27.2694,42.7216],[27.2741,42.7282],[27.2746,42.7195],[27.2694,42.7216]]],[[[27.1132,42.736],[27.1141,42.7343],[27.1001,42.7335],[27.1132,42.736]]],[[[27.1719,42.7369],[27.1543,42.7399],[27.1802,42.7396],[27.1719,42.7369]]],[[[27.2612,42.7487],[27.2774,42.7503],[27.2709,42.7385],[27.2612,42.7487]]],[[[27.4781,42.7731],[27.475,42.777],[27.4829,42.7782],[27.4781,42.7731]]],[[[27.4234,42.7764],[27.4305,42.7759],[27.4213,42.7753],[27.4234,42.7764]]],[[[27.4288,42.7857],[27.4133,42.7847],[27.4254,42.7866],[27.4288,42.7857]]],[[[27.2031,42.8345],[27.2037,42.8324],[27.1932,42.8356],[27.2031,42.8345]]],[[[27.105,42.8364],[27.1173,42.8397],[27.1144,42.8359],[27.105,42.8364]]],[[[27.2636,43.0343],[27.266,43.0324],[27.2611,43.0304],[27.2636,43.0343]]],[[[27.3724,43.0382],[27.3773,43.0342],[27.369,43.0337],[27.3724,43.0382]]],[[[27.0141,43.0755],[27.0235,43.0842],[27.0253,43.0752],[27.0141,43.0755]]],[[[26.993,43.0835],[26.9988,43.0884],[27.0031,43.0836],[26.993,43.0835]]],[[[27.0399,43.1144],[27.037,43.1154],[27.0429,43.1236],[27.0399,43.1144]]],[[[27.2101,43.2139],[27.2164,43.2187],[27.2214,43.2148],[27.2101,43.2139]]],[[[27.4236,43.2953],[27.4276,43.2951],[27.424,43.2879],[27.4236,43.2953]]],[[[27.0946,43.3017],[27.1098,43.2981],[27.1073,43.2946],[27.0946,43.3017]]],[[[27.0144,43.3227],[27.0121,43.3202],[27.0049,43.3242],[27.0144,43.3227]]],[[[27.2357,43.3246],[27.2226,43.3222],[27.2317,43.3295],[27.2357,43.3246]]],[[[27.2442,43.3376],[27.2444,43.3365],[27.2389,43.3322],[27.2442,43.3376]]],[[[27.1404,43.4532],[27.1372,43.4582],[27.15,43.4539],[27.1404,43.4532]]],[[[27.1492,43.4638],[27.1547,43.4716],[27.1623,43.4706],[27.1492,43.4638]]],[[[27.1678,43.5195],[27.1668,43.5215],[27.1712,43.5235],[27.1808,43.5206],[27.1843,43.5166],[27.1678,43.5195]]],[[[27.4598,43.53],[27.4647,43.5319],[27.4643,43.5255],[27.4598,43.53]]],[[[27.2007,43.5651],[27.1964,43.5682],[27.2079,43.5746],[27.2007,43.5651]]],[[[27.1091,43.5803],[27.1099,43.5734],[27.1071,43.5737],[27.1091,43.5803]]],[[[27.3009,43.6059],[27.2951,43.6232],[27.3168,43.6213],[27.3009,43.6059]]],[[[27.1676,43.6512],[27.1745,43.649],[27.1719,43.6463],[27.1676,43.6512]]],[[[27.0017,43.6939],[27.0017,43.6866],[26.9923,43.689],[27.0017,43.6939]]],[[[26.9862,43.7054],[26.9864,43.7115],[26.9979,43.7115],[26.9862,43.7054]]],[[[27.1271,43.7177],[27.1209,43.7227],[27.1404,43.7196],[27.1271,43.7177]]],[[[27.0225,43.7363],[27.0218,43.7124],[27.0092,43.7193],[27.0225,43.7363]]],[[[27.4746,43.7878],[27.4758,43.7753],[27.472,43.7756],[27.4746,43.7878]]],[[[27.0072,43.8353],[27.0117,43.8282],[26.993,43.8311],[27.0072,43.8353]]],[[[27.2833,43.8978],[27.2896,43.8972],[27.2787,43.8898],[27.2833,43.8978]]],[[[27.0562,43.9449],[27.0519,43.9559],[27.0617,43.9498],[27.0562,43.9449]]],[[[26.9887,43.9674],[26.9763,43.9665],[26.9769,43.9736],[26.9887,43.9674]]],[[[26.9869,43.9906],[26.9911,43.9735],[26.9851,43.9854],[26.9869,43.9906]]],[[[27.0346,43.9794],[27.0297,43.9823],[27.0377,43.9859],[27.0346,43.9794]]],[[[27.1757,44.0033],[27.1805,43.9719],[27.1654,43.9757],[27.1757,44.0033]]],[[[26.9939,44.008],[26.9904,43.9967],[26.9866,44.0098],[26.9939,44.008]]],[[[26.9831,44.0089],[26.9851,44.0016],[26.9719,44.0012],[26.9831,44.0089]]],[[[27.4807,44.0084],[27.4838,44.0139],[27.492,44.0016],[27.4807,44.0084]]],[[[27.0284,44.0073],[27.0237,44.0148],[27.0276,44.0165],[27.0284,44.0073]]],[[[27.1383,44.0233],[27.1421,44.0181],[27.1369,44.0135],[27.1383,44.0233]]],[[[27.4407,44.039],[27.4309,44.0346],[27.4298,44.0366],[27.4407,44.039]]],[[[27.2077,44.0641],[27.1997,44.065],[27.2101,44.0727],[27.2077,44.0641]]],[[[27.0084,44.0861],[27.0042,44.0859],[27.0028,44.0929],[27.0084,44.0861]]],[[[27.3056,44.0776],[27.291,44.0754],[27.2793,44.1138],[27.3211,44.1151],[27.3056,44.0776]]],[[[27.2539,44.0901],[27.2492,44.0924],[27.2539,44.1009],[27.2539,44.0901]]],[[[26.9695,44.1096],[26.9766,44.1054],[26.9707,44.1084],[26.9695,44.1096]]],[[[26.9839,44.1227],[26.9916,44.1276],[26.993,44.1255],[26.9839,44.1227]]],[[[27.12,44.1362],[27.1223,44.1336],[27.1116,44.1318],[27.12,44.1362]]],[[[27.3353,44.623],[27.3351,44.6204],[27.3258,44.6198],[27.3353,44.623]]],[[[27.1594,45.1015],[27.1598,45.1084],[27.1643,45.1088],[27.1594,45.1015]]],[[[27.3941,45.1124],[27.3965,45.1087],[27.3902,45.1069],[27.3941,45.1124]]],[[[27.4279,45.1355],[27.4325,45.1302],[27.4275,45.1282],[27.4279,45.1355]]],[[[27.4634,45.1534],[27.453,45.1573],[27.4611,45.1564],[27.4634,45.1534]]],[[[27.0422,45.4122],[27.049,45.4091],[27.0472,45.4013],[27.0422,45.4122]]],[[[26.9484,45.4044],[26.945,45.407],[26.9451,45.4145],[26.9484,45.4044]]],[[[26.9738,45.421],[26.9781,45.4219],[26.9765,45.4146],[26.9738,45.421]]],[[[27.0019,45.41],[26.9893,45.415],[26.9915,45.4289],[27.0019,45.41]]],[[[26.9862,45.4492],[26.992,45.4405],[26.9816,45.441],[26.9862,45.4492]]],[[[27.0041,45.451],[26.9959,45.4776],[26.9978,45.4784],[27.0041,45.451]]],[[[26.9461,45.5154],[26.9512,45.515],[26.9498,45.5108],[26.9461,45.5154]]],[[[27.0367,45.528],[27.0209,45.5426],[27.027,45.5493],[27.0367,45.528]]],[[[27.0958,45.5436],[27.0439,45.5626],[27.0499,45.5678],[27.0958,45.5436]]],[[[26.9612,45.555],[26.9536,45.5497],[26.9512,45.5588],[26.9635,45.5632],[26.9699,45.56],[26.9612,45.555]]],[[[26.9554,45.5819],[26.9602,45.5822],[26.9484,45.5693],[26.9554,45.5819]]],[[[27.0158,45.5775],[26.9996,45.5759],[27.0086,45.5875],[27.0158,45.5775]]],[[[26.9717,45.5871],[26.9825,45.5814],[26.9711,45.5784],[26.9717,45.5871]]],[[[27.1569,45.6984],[27.1581,45.7034],[27.1651,45.7007],[27.1569,45.6984]]],[[[27.3476,45.7174],[27.3598,45.7192],[27.3677,45.7043],[27.3476,45.7174]]],[[[27.1992,45.7223],[27.2063,45.7201],[27.2013,45.7197],[27.1992,45.7223]]],[[[27.2106,45.7255],[27.2184,45.7233],[27.1995,45.7239],[27.2095,45.742],[27.2106,45.7255]]],[[[26.9663,45.7561],[26.9777,45.7634],[26.9781,45.7598],[26.9663,45.7561]]],[[[27.2331,45.7583],[27.2203,45.7617],[27.2225,45.7679],[27.2331,45.7583]]],[[[27.4484,45.8056],[27.4407,45.8176],[27.4486,45.8163],[27.4484,45.8056]]],[[[27.4094,45.8259],[27.4159,45.8271],[27.4185,45.8231],[27.4094,45.8259]]],[[[27.4833,45.8448],[27.4867,45.8445],[27.4988,45.8344],[27.5016,45.8201],[27.4807,45.8187],[27.4833,45.8448]]],[[[27.497,45.8991],[27.4778,45.899],[27.4777,45.9079],[27.497,45.8991]]],[[[27.3789,46.1044],[27.3779,46.0966],[27.3748,46.0974],[27.3789,46.1044]]],[[[27.4559,46.147],[27.4586,46.1397],[27.4502,46.1469],[27.4559,46.147]]],[[[26.9596,46.1591],[26.9616,46.1575],[26.95,46.1549],[26.9596,46.1591]]],[[[27.2917,46.1782],[27.279,46.1807],[27.285,46.1846],[27.2917,46.1782]]],[[[27.2846,46.2092],[27.2875,46.2026],[27.2843,46.2023],[27.2846,46.2092]]],[[[27.3751,46.2353],[27.3771,46.2321],[27.366,46.237],[27.3751,46.2353]]],[[[27.2464,46.2498],[27.2454,46.2584],[27.2512,46.2549],[27.2464,46.2498]]],[[[27.4089,46.331],[27.4208,46.3307],[27.3981,46.314],[27.4089,46.331]]],[[[27.3304,46.343],[27.3279,46.3541],[27.3399,46.3572],[27.3304,46.343]]],[[[27.3432,46.3619],[27.342,46.3753],[27.3558,46.3479],[27.3432,46.3619]]],[[[27.1325,46.4163],[27.1253,46.4051],[27.1246,46.4092],[27.1325,46.4163]]],[[[27.2394,46.4315],[27.2431,46.4269],[27.2376,46.4234],[27.2394,46.4315]]],[[[27.2639,46.4603],[27.2695,46.4652],[27.2718,46.4607],[27.2639,46.4603]]],[[[27.4773,46.4659],[27.4811,46.4658],[27.4691,46.4571],[27.4773,46.4659]]],[[[27.2664,46.4819],[27.27,46.4816],[27.2624,46.4716],[27.2664,46.4819]]],[[[27.1147,46.4784],[27.1082,46.4809],[27.1132,46.4874],[27.1147,46.4784]]],[[[27.292,46.4955],[27.2918,46.4987],[27.3009,46.4965],[27.292,46.4955]]],[[[27.4052,46.5044],[27.4119,46.5033],[27.4125,46.4962],[27.4052,46.5044]]],[[[27.0673,46.5101],[27.068,46.5122],[27.0721,46.4996],[27.0689,46.497],[27.0673,46.5101]]],[[[27.431,46.5197],[27.4325,46.5352],[27.4542,46.5125],[27.431,46.5197]]],[[[27.4113,46.5439],[27.4095,46.5555],[27.4275,46.5291],[27.4113,46.5439]]],[[[27.1888,46.5574],[27.1938,46.5617],[27.1969,46.546],[27.1888,46.5574]]],[[[27.4223,46.5709],[27.4237,46.575],[27.4315,46.5682],[27.4223,46.5709]]],[[[27.0823,46.567],[27.0763,46.5683],[27.0749,46.5823],[27.0823,46.567]]],[[[27.1644,46.6017],[27.1659,46.6121],[27.1761,46.6084],[27.1644,46.6017]]],[[[27.3397,46.628],[27.3337,46.6334],[27.3365,46.6347],[27.3397,46.628]]],[[[27.4675,46.6306],[27.4675,46.628],[27.4592,46.6348],[27.4675,46.6306]]],[[[27.1202,46.636],[27.1023,46.648],[27.107,46.649],[27.1202,46.636]]],[[[27.4504,46.6462],[27.4596,46.6456],[27.4498,46.6411],[27.4504,46.6462]]],[[[27.2857,46.6411],[27.2759,46.6477],[27.2785,46.6504],[27.2857,46.6411]]],[[[27.0431,46.6518],[27.0513,46.6667],[27.0523,46.6621],[27.0431,46.6518]]],[[[27.1348,46.6599],[27.1411,46.6649],[27.1556,46.6624],[27.1348,46.6599]]],[[[27.0454,46.6811],[27.0353,46.6912],[27.0571,46.6989],[27.0454,46.6811]]],[[[27.2364,46.699],[27.2364,46.6748],[27.184,46.707],[27.2364,46.699]]],[[[27.4148,46.7008],[27.4225,46.702],[27.4225,46.6951],[27.4148,46.7008]]],[[[27.3171,46.7079],[27.3208,46.7102],[27.3233,46.7029],[27.3171,46.7079]]],[[[27.2594,46.7234],[27.2672,46.7204],[27.2663,46.7166],[27.2594,46.7234]]],[[[27.1289,46.7209],[27.1332,46.7144],[27.1248,46.7207],[27.1289,46.7209]]],[[[27.1225,46.7246],[27.1419,46.7321],[27.1417,46.7281],[27.1225,46.7246]]],[[[27.48,46.7452],[27.4912,46.7415],[27.4762,46.7382],[27.48,46.7452]]],[[[27.3273,46.7621],[27.3297,46.7689],[27.3342,46.7603],[27.3273,46.7621]]],[[[26.9875,46.7667],[26.9969,46.7703],[26.9984,46.7662],[26.9875,46.7667]]],[[[27.1335,46.7859],[27.1368,46.7769],[27.1266,46.7775],[27.1335,46.7859]]],[[[27.1519,46.7864],[27.1551,46.7939],[27.1606,46.7898],[27.1519,46.7864]]],[[[27.1748,46.7864],[27.1662,46.7835],[27.1654,46.8006],[27.1748,46.7864]]],[[[27.1886,46.7952],[27.1852,46.7956],[27.1844,46.7999],[27.1952,46.8041],[27.1886,46.7952]]],[[[27.2194,46.8038],[27.2157,46.8121],[27.2238,46.8126],[27.2194,46.8038]]],[[[27.455,46.8125],[27.4584,46.8106],[27.4564,46.8082],[27.455,46.8125]]],[[[27.0263,46.823],[27.029,46.8316],[27.0347,46.816],[27.0263,46.823]]],[[[27.1771,46.8279],[27.187,46.8219],[27.1837,46.8231],[27.1771,46.8279]]],[[[27.1569,46.829],[27.1498,46.8267],[27.1464,46.8312],[27.1569,46.829]]],[[[27.2814,46.8318],[27.2761,46.8277],[27.2867,46.8379],[27.2911,46.8362],[27.2814,46.8318]]],[[[27.4805,46.8402],[27.487,46.8421],[27.486,46.8242],[27.4805,46.8402]]],[[[27.2122,46.8304],[27.2002,46.8321],[27.2015,46.8385],[27.2122,46.8304]]],[[[27.1214,46.8543],[27.1331,46.848],[27.1284,46.846],[27.1214,46.8543]]],[[[27.2926,46.8512],[27.3005,46.8517],[27.2854,46.8502],[27.2688,46.8605],[27.2663,46.8648],[27.2926,46.8512]]],[[[27.4602,46.8623],[27.4704,46.8581],[27.4678,46.8573],[27.4602,46.8623]]],[[[27.205,46.8662],[27.1999,46.8698],[27.2062,46.8681],[27.2129,46.8572],[27.2114,46.8547],[27.205,46.8662]]],[[[27.0572,46.8732],[27.0448,46.8549],[27.0459,46.8654],[27.0572,46.8732]]],[[[27.0515,46.8635],[27.0626,46.8779],[27.0631,46.8699],[27.0515,46.8635]]],[[[27.2715,46.8866],[27.2684,46.898],[27.2734,46.8979],[27.2715,46.8866]]],[[[27.1243,46.8985],[27.1184,46.9022],[27.129,46.902],[27.1338,46.8905],[27.1243,46.8985]]],[[[27.2944,46.9007],[27.3016,46.9065],[27.3108,46.9019],[27.2944,46.9007]]],[[[27.4619,46.9114],[27.4499,46.9175],[27.4598,46.9213],[27.4619,46.9114]]],[[[27.1439,46.9127],[27.1377,46.9214],[27.1403,46.9235],[27.1459,46.9246],[27.1439,46.9127]]],[[[27.1264,46.9146],[27.1163,46.9221],[27.1176,46.9285],[27.1264,46.9146]]],[[[27.3238,46.923],[27.3288,46.9134],[27.3029,46.9309],[27.3238,46.923]]],[[[27.4364,46.9275],[27.4451,46.9202],[27.4388,46.9201],[27.4364,46.9275]]],[[[27.0025,46.9229],[26.9968,46.9194],[26.9978,46.9266],[27.0025,46.9229]]],[[[27.1776,46.9262],[27.1774,46.9307],[27.1898,46.9256],[27.1776,46.9262]]],[[[27.3812,46.928],[27.3655,46.9386],[27.3714,46.9387],[27.3812,46.928]]],[[[27.2287,46.9385],[27.2138,46.9213],[27.2178,46.9447],[27.2287,46.9385]]],[[[27.4334,46.9486],[27.4201,46.9549],[27.4346,46.9581],[27.4334,46.9486]]],[[[27.1685,46.9508],[27.1545,46.9587],[27.1596,46.9617],[27.1685,46.9508]]],[[[27.1417,46.9663],[27.1447,46.9715],[27.1468,46.9707],[27.1417,46.9663]]],[[[27.1396,46.9701],[27.133,46.9804],[27.1395,46.9768],[27.1396,46.9701]]],[[[27.3458,47.0015],[27.3322,47.0037],[27.3497,47.0225],[27.3458,47.0015]]],[[[27.1469,47.0108],[27.1408,47.0098],[27.1411,47.0185],[27.1469,47.0108]]],[[[27.1017,47.0602],[27.095,47.0616],[27.0996,47.0695],[27.1017,47.0602]]],[[[27.4811,47.0922],[27.4715,47.0979],[27.4612,47.113],[27.4811,47.0922]]],[[[27.0379,47.1117],[27.0472,47.111],[27.048,47.1079],[27.0379,47.1117]]],[[[27.0161,47.1262],[27.0159,47.1367],[27.0413,47.1311],[27.0161,47.1262]]],[[[27.2542,47.1477],[27.2586,47.1539],[27.2576,47.1499],[27.2542,47.1477]]],[[[26.9905,47.179],[26.986,47.1692],[26.9915,47.187],[26.9992,47.1855],[26.9905,47.179]]],[[[26.9802,47.1598],[26.9274,47.18],[26.9656,47.1713],[26.9786,47.1881],[26.9802,47.1598]]],[[[27.3832,47.1873],[27.4051,47.1741],[27.4006,47.1743],[27.3832,47.1873]]],[[[27.2737,47.1947],[27.2762,47.1948],[27.2712,47.182],[27.2737,47.1947]]],[[[26.9429,47.2253],[26.9423,47.2268],[26.9606,47.2204],[26.9429,47.2253]]],[[[27.1287,47.2203],[27.1277,47.2341],[27.1586,47.2381],[27.1706,47.2289],[27.1653,47.2204],[27.1287,47.2203]],[[27.1637,47.2233],[27.162,47.2331],[27.1469,47.2333],[27.1637,47.2233]]],[[[27.1412,47.2718],[27.1255,47.2788],[27.1342,47.2793],[27.1412,47.2718]]],[[[27.171,47.3556],[27.1819,47.349],[27.177,47.3471],[27.171,47.3556]]],[[[27.0219,47.3534],[27.0253,47.3504],[27.0272,47.3478],[27.0219,47.3534]]],[[[26.9648,47.3671],[26.9733,47.3532],[26.9679,47.3551],[26.9648,47.3671]]],[[[27.2673,47.3873],[27.2751,47.3852],[27.2754,47.3821],[27.2673,47.3873]]],[[[27.3596,47.4034],[27.3793,47.3996],[27.3765,47.3917],[27.3596,47.4034]]],[[[27.1083,47.4732],[27.1116,47.4697],[27.1058,47.4671],[27.1083,47.4732]]],[[[27.4344,47.4735],[27.4288,47.4778],[27.4335,47.4799],[27.4344,47.4735]]],[[[27.4043,47.4826],[27.4305,47.4724],[27.4197,47.4702],[27.4043,47.4826]]],[[[27.4514,47.4807],[27.4581,47.4835],[27.4577,47.4736],[27.4514,47.4807]]],[[[27.4359,47.4811],[27.441,47.4835],[27.4414,47.4768],[27.4359,47.4811]]],[[[27.3655,47.4933],[27.3695,47.5047],[27.3731,47.5011],[27.3655,47.4933]]],[[[27.221,47.513],[27.2129,47.516],[27.2192,47.5206],[27.221,47.513]]],[[[27.1394,47.5309],[27.1456,47.5193],[27.1328,47.5109],[27.1394,47.5309]]],[[[27.2124,47.5441],[27.2054,47.552],[27.2142,47.5497],[27.2124,47.5441]]],[[[27.2785,47.5603],[27.2763,47.554],[27.2719,47.5549],[27.2785,47.5603]]],[[[27.3714,47.5934],[27.3525,47.598],[27.3543,47.5991],[27.3714,47.5934]]],[[[27.0949,47.6019],[27.1111,47.6054],[27.1084,47.5974],[27.0949,47.6019]]],[[[26.9962,47.6488],[27.006,47.6393],[27.001,47.6363],[26.9962,47.6488]]],[[[27.2338,47.6396],[27.2252,47.6438],[27.2376,47.6455],[27.2338,47.6396]]],[[[26.9844,47.6822],[26.9909,47.7009],[26.9953,47.694],[26.9844,47.6822]]],[[[27.2323,47.6927],[27.2269,47.6985],[27.2305,47.7001],[27.2323,47.6927]]],[[[27.1994,47.7522],[27.2117,47.7559],[27.2064,47.7534],[27.1994,47.7522]]],[[[27.0285,47.8201],[27.0226,47.8102],[27.0056,47.829],[27.0285,47.8201]]],[[[27.0285,47.8373],[27.0368,47.8373],[27.0332,47.8239],[27.0285,47.8373]]],[[[27.2414,47.8467],[27.2437,47.8404],[27.2334,47.8414],[27.2414,47.8467]]],[[[27.6627,42.7168],[27.6599,42.7168],[27.6601,42.7253],[27.6627,42.7168]]],[[[27.5815,42.7288],[27.5708,42.744],[27.5803,42.7391],[27.5815,42.7288]]],[[[27.8672,42.8074],[27.8667,42.817],[27.8735,42.8142],[27.8672,42.8074]]],[[[27.8249,42.8273],[27.8294,42.8258],[27.8075,42.8175],[27.8249,42.8273]]],[[[27.5618,42.8477],[27.5654,42.8482],[27.5668,42.8434],[27.5618,42.8477]]],[[[27.743,42.9974],[27.7487,43.0036],[27.7453,42.9958],[27.7231,42.9913],[27.743,42.9974]]],[[[27.6377,43.0198],[27.6427,43.0151],[27.6374,43.0121],[27.6377,43.0198]]],[[[27.6731,43.0138],[27.6705,43.0214],[27.6868,43.014],[27.6731,43.0138]]],[[[27.5122,43.0247],[27.5116,43.0177],[27.5057,43.0208],[27.5122,43.0247]]],[[[27.4998,43.0423],[27.501,43.035],[27.4944,43.0369],[27.4998,43.0423]]],[[[27.6319,43.0457],[27.6392,43.0443],[27.6271,43.0447],[27.6319,43.0457]]],[[[27.6813,43.0535],[27.6758,43.0561],[27.6787,43.0613],[27.6813,43.0535]]],[[[27.7141,43.0831],[27.7215,43.0815],[27.7215,43.0786],[27.7141,43.0831]]],[[[27.8154,43.1201],[27.8465,43.1186],[27.8316,43.1153],[27.8154,43.1201]]],[[[27.7737,43.1424],[27.7786,43.1443],[27.7795,43.135],[27.7737,43.1424]]],[[[27.7945,43.1703],[27.7908,43.1744],[27.7939,43.1753],[27.8014,43.162],[27.7945,43.1703]]],[[[27.8208,43.2459],[27.8063,43.246],[27.8144,43.2506],[27.831,43.2443],[27.8208,43.2459]]],[[[27.6325,43.3138],[27.6152,43.3229],[27.6231,43.3242],[27.6325,43.3138]]],[[[28.0795,43.3762],[28.0834,43.3743],[28.0655,43.3674],[28.0795,43.3762]]],[[[28.0539,43.4004],[28.0602,43.4051],[28.0626,43.3971],[28.0539,43.4004]]],[[[28.0408,43.4572],[28.0326,43.456],[28.0302,43.4647],[28.0408,43.4572]]],[[[27.7644,43.5904],[27.7625,43.5866],[27.7514,43.5894],[27.7644,43.5904]]],[[[28.5425,43.8731],[28.5514,43.8706],[28.5505,43.8685],[28.5425,43.8731]]],[[[28.6176,43.9748],[28.6334,43.9742],[28.6248,43.9799],[28.6407,43.976],[28.621,43.9682],[28.6176,43.9748]]],[[[27.6981,44.0488],[27.7042,44.0505],[27.7134,44.0406],[27.6981,44.0488]]],[[[27.5568,44.0656],[27.5572,44.0792],[27.5723,44.0821],[27.5568,44.0656]]],[[[27.5245,44.0876],[27.5318,44.1047],[27.5455,44.0966],[27.5245,44.0876]]],[[[27.7928,44.1048],[27.7982,44.1136],[27.8028,44.1095],[27.7928,44.1048]]],[[[28.4753,44.1878],[28.4943,44.1838],[28.4918,44.1687],[28.4753,44.1878]]],[[[28.4868,44.2021],[28.4955,44.2014],[28.4837,44.1925],[28.4868,44.2021]]],[[[28.0442,44.2131],[28.0416,44.2256],[28.0464,44.2247],[28.0442,44.2131]]],[[[28.4826,44.2347],[28.4625,44.2326],[28.4869,44.2458],[28.4826,44.2347]]],[[[27.982,44.2518],[27.9876,44.2399],[27.986,44.2386],[27.982,44.2518]]],[[[27.9934,44.2475],[27.9959,44.2596],[28.0103,44.2559],[27.9934,44.2475]]],[[[28.3148,44.2538],[28.3045,44.2544],[28.3047,44.2577],[28.3148,44.2538]]],[[[28.311,44.2658],[28.2884,44.257],[28.311,44.2774],[28.325,44.2757],[28.325,44.2567],[28.311,44.2658]]],[[[28.1718,44.2712],[28.1615,44.2717],[28.1616,44.2757],[28.1718,44.2712]]],[[[28.5079,44.2873],[28.5157,44.2864],[28.5052,44.2688],[28.5079,44.2873]]],[[[28.1813,44.2682],[28.1744,44.2762],[28.2432,44.286],[28.1813,44.2682]]],[[[28.0169,44.3353],[28.0189,44.3391],[28.0215,44.322],[28.0169,44.3353]]],[[[28.4828,44.3417],[28.4835,44.3365],[28.4493,44.3419],[28.4828,44.3417]]],[[[28.048,44.3354],[28.0432,44.3461],[28.0534,44.3486],[28.048,44.3354]]],[[[27.8019,44.3782],[27.8054,44.3743],[27.8022,44.3716],[27.8019,44.3782]]],[[[28.2946,44.4007],[28.3094,44.4091],[28.2978,44.4009],[28.2946,44.4007]]],[[[28.2211,44.5145],[28.1986,44.5102],[28.1956,44.5232],[28.2211,44.5145]]],[[[28.1824,44.5384],[28.1888,44.534],[28.1847,44.5321],[28.1794,44.5427],[28.1824,44.5384]]],[[[28.1826,44.5415],[28.1837,44.5459],[28.1921,44.5437],[28.1826,44.5415]]],[[[28.0035,44.5535],[28.0097,44.559],[28.0034,44.5398],[28.0035,44.5535]]],[[[28.0542,44.5684],[28.0788,44.5648],[28.0785,44.5481],[28.0537,44.5493],[28.0542,44.5684]]],[[[28.2795,44.6215],[28.2873,44.623],[28.2935,44.6132],[28.2795,44.6215]]],[[[27.9908,44.6739],[27.996,44.664],[27.9947,44.6635],[27.9908,44.6739]]],[[[27.9562,44.6739],[27.9674,44.6664],[27.9593,44.6671],[27.9562,44.6739]]],[[[27.5605,44.6943],[27.553,44.6947],[27.5602,44.7012],[27.5605,44.6943]]],[[[27.7128,44.8583],[27.7136,44.8733],[27.7299,44.8722],[27.7128,44.8583]]],[[[27.6787,44.8959],[27.7029,44.8967],[27.7017,44.8879],[27.6787,44.8959]]],[[[27.6511,44.9677],[27.6363,44.9719],[27.6399,44.9775],[27.6511,44.9677]]],[[[29.0065,45.051],[29.0063,45.049],[28.9965,45.0483],[29.0065,45.051]]],[[[28.2231,45.1475],[28.2132,45.152],[28.2176,45.1537],[28.2231,45.1475]]],[[[27.9269,45.2036],[27.9164,45.2086],[27.921,45.2129],[27.9269,45.2036]]],[[[27.6625,45.22],[27.6633,45.2122],[27.64,45.2059],[27.6625,45.22]]],[[[28.4287,45.2243],[28.4353,45.2214],[28.4308,45.2157],[28.4287,45.2243]]],[[[28.4111,45.2403],[28.4,45.2397],[28.4011,45.2419],[28.4111,45.2403]]],[[[27.7934,45.2485],[27.7923,45.2525],[27.8003,45.2541],[27.7934,45.2485]]],[[[27.9206,45.257],[27.9251,45.2586],[27.9273,45.2548],[27.9206,45.257]]],[[[28.4706,45.2459],[28.4657,45.2615],[28.5012,45.2684],[28.4706,45.2459]]],[[[27.7947,45.2616],[27.7955,45.2572],[27.7844,45.2545],[27.7947,45.2616]]],[[[27.8519,45.2849],[27.8751,45.2862],[27.8723,45.2778],[27.8519,45.2849]]],[[[28.0563,45.3308],[28.07,45.3236],[28.0544,45.3139],[28.0563,45.3308]]],[[[27.9383,45.4236],[27.9313,45.4407],[27.9392,45.4399],[27.9383,45.4236]]],[[[27.9855,45.4626],[27.9989,45.448],[27.9941,45.4681],[28.0018,45.4535],[28.0018,45.4467],[27.9954,45.4466],[27.9855,45.4626]]],[[[27.9055,45.4877],[27.9071,45.4796],[27.8965,45.4794],[27.9055,45.4877]]],[[[28.0459,45.6468],[28.0486,45.6491],[28.0558,45.6386],[28.0459,45.6468]]],[[[27.4877,45.6552],[27.4838,45.6709],[27.4931,45.671],[27.4877,45.6552]]],[[[27.5047,45.7647],[27.511,45.7653],[27.5134,45.7553],[27.5047,45.7647]]],[[[27.939,45.8313],[27.9488,45.8194],[27.9435,45.8158],[27.939,45.8313]]],[[[27.8288,45.8643],[27.8298,45.8747],[27.8368,45.8608],[27.8288,45.8643]]],[[[27.7844,45.9068],[27.7877,45.8969],[27.7847,45.8968],[27.7844,45.9068]]],[[[27.7573,45.9255],[27.7629,45.9266],[27.7646,45.923],[27.7573,45.9255]]],[[[27.8956,45.9192],[27.8878,45.9195],[27.8858,45.9251],[27.8956,45.9192]]],[[[27.6764,46.0908],[27.6911,46.0897],[27.6866,46.0868],[27.6764,46.0908]]],[[[27.8836,46.1069],[27.8871,46.1124],[27.8902,46.1057],[27.8836,46.1069]]],[[[27.5292,46.108],[27.5121,46.1263],[27.5334,46.1245],[27.5292,46.108]]],[[[27.7966,46.199],[27.7844,46.2019],[27.7844,46.203],[27.7966,46.199]]],[[[27.5865,46.2058],[27.59,46.2163],[27.6055,46.2033],[27.5865,46.2058]]],[[[27.6408,46.2352],[27.6352,46.2433],[27.6518,46.2349],[27.6408,46.2352]]],[[[27.9084,46.3159],[27.916,46.313],[27.9116,46.3095],[27.9084,46.3159]]],[[[27.5887,46.3264],[27.5819,46.3208],[27.5881,46.3421],[27.5975,46.3428],[27.5887,46.3264]]],[[[27.6168,46.3512],[27.6015,46.3549],[27.5954,46.3942],[27.6168,46.3512]]],[[[27.4871,46.4444],[27.4912,46.4524],[27.497,46.439],[27.4871,46.4444]]],[[[27.5939,46.4623],[27.596,46.4519],[27.5843,46.4731],[27.5939,46.4623]]],[[[27.8076,46.4735],[27.799,46.4712],[27.797,46.4775],[27.8076,46.4735]]],[[[27.6509,46.472],[27.6444,46.4799],[27.6603,46.4751],[27.6509,46.472]]],[[[27.5173,46.4928],[27.525,46.4932],[27.5249,46.4886],[27.5173,46.4928]]],[[[27.8792,46.4976],[27.8784,46.4897],[27.8677,46.5035],[27.8712,46.513],[27.8792,46.4976]]],[[[27.7325,46.518],[27.7296,46.5241],[27.7653,46.5104],[27.7325,46.518]]],[[[27.7752,46.5408],[27.7654,46.5447],[27.7772,46.5435],[27.7752,46.5408]]],[[[27.8088,46.5557],[27.8149,46.5575],[27.8292,46.5207],[27.8088,46.5557]]],[[[27.9881,46.5456],[27.9915,46.5477],[27.9971,46.5361],[27.9881,46.5456]]],[[[27.8573,46.5472],[27.871,46.541],[27.8687,46.5388],[27.8573,46.5472]]],[[[28.1468,46.5617],[28.1438,46.5553],[28.1385,46.558],[28.1468,46.5617]]],[[[27.7259,46.5543],[27.7208,46.5596],[27.7343,46.5668],[27.7259,46.5543]]],[[[28.0645,46.5814],[28.0731,46.5825],[28.076,46.5759],[28.0645,46.5814]]],[[[27.7842,46.5796],[27.7899,46.5956],[27.8059,46.5856],[27.7842,46.5796]]],[[[27.8042,46.5911],[27.8019,46.5981],[27.809,46.5955],[27.8042,46.5911]]],[[[27.7572,46.6218],[27.7617,46.6156],[27.7499,46.6222],[27.7572,46.6218]]],[[[27.7581,46.6221],[27.7495,46.6259],[27.7563,46.627],[27.7581,46.6221]]],[[[27.6849,46.634],[27.6819,46.64],[27.6936,46.6276],[27.6849,46.634]]],[[[27.9887,46.6555],[27.997,46.6495],[27.9881,46.6437],[27.9887,46.6555]]],[[[27.7867,46.6708],[27.7645,46.6792],[27.7753,46.6846],[27.7867,46.6708]]],[[[27.8326,46.6825],[27.8228,46.6943],[27.8279,46.6923],[27.8326,46.6825]]],[[[27.5343,46.7077],[27.53,46.7069],[27.5317,46.7152],[27.544,46.7148],[27.5343,46.7077]]],[[[27.6819,46.7129],[27.6792,46.7063],[27.6703,46.7232],[27.6819,46.7129]]],[[[27.4848,46.7353],[27.5002,46.7366],[27.4956,46.7355],[27.4848,46.7353]]],[[[27.9766,46.7328],[27.9747,46.7396],[27.9814,46.7407],[27.9766,46.7328]]],[[[27.6806,46.7325],[27.6765,46.742],[27.6914,46.7377],[27.6806,46.7325]]],[[[27.5502,46.7409],[27.5479,46.7424],[27.5621,46.7397],[27.5502,46.7409]]],[[[27.8768,46.7512],[27.8708,46.7579],[27.8869,46.7577],[27.8768,46.7512]]],[[[27.863,46.7467],[27.86,46.7422],[27.8514,46.7677],[27.863,46.7467]]],[[[27.7948,46.7693],[27.7916,46.7794],[27.7954,46.7807],[27.7948,46.7693]]],[[[27.5132,46.7812],[27.5086,46.7714],[27.5042,46.772],[27.5097,46.7828],[27.5243,46.7782],[27.5132,46.7812]]],[[[27.6548,46.7778],[27.6625,46.7897],[27.6633,46.7871],[27.6548,46.7778]]],[[[27.6742,46.7941],[27.683,46.7878],[27.6714,46.7876],[27.6742,46.7941]]],[[[27.8983,46.7882],[27.8951,46.7913],[27.9023,46.7939],[27.8983,46.7882]]],[[[27.8732,46.7891],[27.875,46.7847],[27.8569,46.8003],[27.8732,46.7891]]],[[[27.8085,46.8011],[27.7982,46.7872],[27.8023,46.7947],[27.8085,46.8011]]],[[[28.0823,46.8165],[28.0756,46.8236],[28.095,46.8218],[28.0823,46.8165]]],[[[27.9846,46.8383],[27.9871,46.8332],[27.9806,46.8309],[27.9846,46.8383]]],[[[27.6167,46.8609],[27.6238,46.8561],[27.6193,46.8519],[27.6167,46.8609]]],[[[27.9889,46.8561],[27.9875,46.8612],[27.993,46.8673],[27.9889,46.8561]]],[[[27.5495,46.8581],[27.5487,46.8575],[27.5423,46.8737],[27.5495,46.8581]]],[[[27.7965,46.8618],[27.7824,46.8727],[27.801,46.8726],[27.7965,46.8618]]],[[[27.8467,46.868],[27.8477,46.8767],[27.8546,46.8726],[27.8467,46.868]]],[[[27.7229,46.8839],[27.7291,46.8808],[27.7232,46.8789],[27.7229,46.8839]]],[[[27.833,46.8856],[27.8342,46.8796],[27.829,46.8778],[27.833,46.8856]]],[[[27.855,46.8849],[27.8585,46.8802],[27.8521,46.8796],[27.855,46.8849]]],[[[27.5231,46.9012],[27.516,46.9022],[27.5154,46.914],[27.5231,46.9012]]],[[[27.7286,46.9094],[27.7321,46.9026],[27.7224,46.9136],[27.7286,46.9094]]],[[[27.6032,46.9167],[27.605,46.9202],[27.6092,46.9181],[27.6032,46.9167]]],[[[27.848,46.9234],[27.8602,46.9213],[27.86,46.9191],[27.848,46.9234]]],[[[27.5371,46.9322],[27.5408,46.921],[27.5299,46.9274],[27.5371,46.9322]]],[[[27.5464,46.9285],[27.5387,46.9319],[27.5472,46.9306],[27.5464,46.9285]]],[[[27.8184,46.9347],[27.8276,46.937],[27.8223,46.933],[27.8184,46.9347]]],[[[27.8568,46.9417],[27.8599,46.9395],[27.8585,46.9352],[27.8491,46.9332],[27.8417,46.9338],[27.8568,46.9417]]],[[[27.9505,46.9436],[27.9477,46.949],[27.9588,46.9494],[27.9505,46.9436]]],[[[27.6897,46.9556],[27.6984,46.966],[27.6992,46.9541],[27.6897,46.9556]]],[[[27.9086,46.9576],[27.9012,46.9657],[27.9186,46.9631],[27.9086,46.9576]]],[[[27.7638,46.9659],[27.7598,46.9721],[27.7843,46.9617],[27.7638,46.9659]]],[[[27.9194,46.9729],[27.9286,46.9658],[27.9242,46.9642],[27.9194,46.9729]]],[[[27.9331,46.9769],[27.9389,46.9697],[27.9341,46.9669],[27.9331,46.9769]]],[[[27.6344,46.9751],[27.6345,46.9786],[27.6415,46.9729],[27.6344,46.9751]]],[[[27.7592,46.9731],[27.7457,46.977],[27.7494,46.9788],[27.7592,46.9731]]],[[[27.8686,46.9785],[27.8706,46.9831],[27.8827,46.9771],[27.8686,46.9785]]],[[[27.7801,46.9855],[27.7735,46.9909],[27.7861,46.9862],[27.7801,46.9855]]],[[[27.8521,46.9838],[27.8391,46.9908],[27.8583,47.0013],[27.8521,46.9838]]],[[[27.8609,46.999],[27.866,47.004],[27.8675,47.0039],[27.8609,46.999]]],[[[27.7771,46.9965],[27.7764,47.0022],[27.7849,46.9985],[27.7771,46.9965]]],[[[27.9018,46.9978],[27.9021,47.0027],[27.9186,46.999],[27.9018,46.9978]]],[[[27.791,47.0021],[27.7826,47.0098],[27.7948,47.0119],[27.791,47.0021]]],[[[27.8151,47.0114],[27.8152,46.9953],[27.8134,47.0184],[27.8315,47.0153],[27.8151,47.0114]]],[[[27.8972,47.0101],[27.9004,47.0072],[27.878,47.0169],[27.8972,47.0101]]],[[[27.5147,47.0167],[27.509,47.0233],[27.5253,47.0275],[27.5147,47.0167]]],[[[27.7618,47.0238],[27.7569,47.0258],[27.7639,47.0285],[27.7618,47.0238]]],[[[27.8189,47.0372],[27.8281,47.0415],[27.8276,47.0356],[27.8189,47.0372]]],[[[27.7543,47.0627],[27.7417,47.0575],[27.756,47.0687],[27.7543,47.0627]]],[[[27.7849,47.0629],[27.7884,47.0737],[27.7923,47.0708],[27.7849,47.0629]]],[[[27.7571,47.0714],[27.7473,47.0712],[27.7556,47.0866],[27.7571,47.0714]]],[[[27.7939,47.0694],[27.7817,47.0829],[27.7955,47.0866],[27.7939,47.0694]]],[[[27.6294,47.0831],[27.6183,47.088],[27.6327,47.0886],[27.6294,47.0831]]],[[[27.5867,47.09],[27.5847,47.0971],[27.5909,47.0994],[27.5867,47.09]]],[[[27.628,47.0917],[27.6201,47.095],[27.6256,47.1017],[27.628,47.0917]]],[[[27.602,47.0982],[27.5996,47.1071],[27.6038,47.1081],[27.602,47.0982]]],[[[27.4875,47.1159],[27.491,47.12],[27.4985,47.1133],[27.4875,47.1159]]],[[[27.5449,47.1182],[27.5276,47.1211],[27.5403,47.1339],[27.5449,47.1182]]],[[[27.6382,47.129],[27.6392,47.1307],[27.645,47.1306],[27.6382,47.129]]],[[[27.6,47.1363],[27.6106,47.1326],[27.5898,47.1233],[27.6,47.1363]]],[[[27.5453,47.1492],[27.5501,47.151],[27.5667,47.1377],[27.5453,47.1492]]],[[[27.5908,47.1915],[27.5793,47.2037],[27.5907,47.199],[27.5908,47.1915]]],[[[27.4894,47.2686],[27.4933,47.2832],[27.5055,47.274],[27.4894,47.2686]]],[[[27.5375,47.2825],[27.5423,47.2754],[27.5328,47.2739],[27.5375,47.2825]]],[[[27.5053,47.3615],[27.4806,47.3796],[27.4837,47.3791],[27.5053,47.3615]]]]}}
]
}
